Isletme_Adi,Telefon,Sektor
UZMAN DİYETİSYEN EMİNENUR KULDAŞ SAĞLIKLI BESLENME VE YAŞAM MERKEZİ,+905368428959,Diyetisyen
Diyetisyen Esma Bulut,+905421351215,Diyetisyen
Diyetisyen Burcak Cubukcu,+905385101305,Diyetisyen
Diyetisyen Tutku Dilay Hayta Beslenme ve Diyet Danışmanlığı Merkezi - Göktürk Diyetisyen,+905072374030,Diyetisyen
Diyetisyen Ayşe Aydın,+905533132810,Diyetisyen
DİYETİSYEN İREM ÇOHADAR PİLATES STUDIO,+905362818088,Diyetisyen
Dr. Diyetisyen Müge Güzey Akansel Beslenme Danışmanlığı,+905325097690,Diyetisyen
Uzman Diyetisyen Aybüke Bayrak Gökrem,+905385496650,Diyetisyen
Diyetisyen Banu Doğanlar,+905372510383,Diyetisyen
Diyetisyen Azmi Yılmaz,+905468607723,Diyetisyen
"Uzman Diyetisyen Selvi Akman Bülbül Sürdürülebilir, Sağlıklı Beslenme Danışmanlığı",+905536464740,Diyetisyen
Uzman Diyetisyen Duygu Çetin Yeni Beslenme ve Diyet Danışmanlığı Merkezi,+905444111224,Diyetisyen
Diyetisyen Yunus Kapar,+905434291313,Diyetisyen
Uzman Diyetisyen Davut ŞEN,+905526934414,Diyetisyen
Diyetisyen Reyhan Nur Diyet Kliniği 2,+905309215086,Diyetisyen
Diyetisyen İrem EFE Beslenme ve Diyet Danışmanlığı,+905432856150,Diyetisyen
Diyetisyen amine ayşe aydın,+905556985313,Diyetisyen
Diyetisyen Rabia TANRIVERDİ GEYİK-SULTANGAZİ,+905397364940,Diyetisyen
Diyetisyen Beyza Karakurt,+902126493666,Diyetisyen
DİYETİSYEN ELİF IRMAK BESLENME VE DANIŞMANLIK MERKEZİ,+905355875940,Psikolog / Terapist
Vie Fit Pilates Studio ve Diyetisyen Hizmeti,+905332038651,Diyetisyen
"Fizyoterapist, Diyetisyen İsmail CERRAH",+905419703550,Psikolog / Terapist
Başakşehir Uzman Diyetisyen Rabia Aslan Turan,+905073390299,Diyetisyen
Uzman Diyetisyen Nursel Eroğlu,+905551566762,Diyetisyen
Uzman Diyetisyen Zeynep Yoldaş Seçkin,+905345209170,Diyetisyen
Diyetisyen Esranur Uzun Beslenme ve Diyet Danışmanlığı Merkezi,+905387230595,Diyetisyen
Diyetisyen Elif Derya Cinisli,+902124445544,Diyetisyen
Uzman Diyetisyen Nevin Tipi,+905438227843,Diyetisyen
Diyetisyen Dilara Karaca - Online Diyet Uzmanı,+905536694373,Diyetisyen
DİYETİSYEN ELİF EYÜPOĞLU,+905352518118,Diyetisyen
Diyetisyen Gülçin ışık,+905541613030,Diyetisyen
Uzman Diyetisyen Şükran Demir - Özel Sağlık Meslek Hizmet Birimi,+905308810660,Diyetisyen
Diyetisyen Meral Tansu Ayışık,+905063811888,Diyetisyen
Diyetisyen Mete ÖK İstanbul'da Online Beslenme Uzmanı,+905300428282,Diyetisyen
Diyetisyen Derya Akça,+905346342542,Diyetisyen
DİYETİSYEN ELİF ÖNER - İstanbul Diyet Kliniği,+905525681528,Diyetisyen
Uzman Diyetisyen Hazal Kaya,+905362136281,Diyetisyen
Diyetisyen Kübra Nur Kılıçer,+905340659797,Diyetisyen
Mesut Ertüzün Pt Studio,+905301593853,Diğer (Sağlık & Bakım)
Uzm. Diyetisyen Nuray Boral Özkurt,+905377165903,Diyetisyen
Dyt. Cansu Köstak,+905350388684,Diyetisyen
Diyetisyen Büşra Sungur Beslenme ve Diyet Danışmanlığı,+905550579676,Diyetisyen
Uzman Diyetisyen Miray Elmalı,+905540226040,Diyetisyen
Uzman Diyetisyen Eda Hatice Bolat,+905445057547,Diyetisyen
Sibel Baysal Beslenme Ve Danismanlik Merkezi,+905425443448,Psikolog / Terapist
Diyetisyen Ayşe Nur Ceyhan Beslenme ve Diyet Danışmanlık Merkezi,+905525644738,Psikolog / Terapist
Uzman Diyetisyen Esma Koç,+905323909702,Diyetisyen
Diyetisyen Buse Nur Ulusoy,+905310244000,Diyetisyen
"Diyetisyen Dr. Hande Seven Avuk- Bebek, Çocuk ve Ergen Beslenmesi",+905349602778,Diyetisyen
Diyetisyen Seren Mavzer,+905334091670,Diyetisyen
Diyetisyen Elif Bozyel,+905326861111,Diyetisyen
İstanbul Diyetisyen | Uzman Diyetisyen Tuğba Yaprak,+905078409714,Diyetisyen
Diyetisyen Nur Şahin Başakşehir Diyetisyen,+905427789601,Diyetisyen
Diyetisyen Beril Uzundere Beslenme ve Diyet Danışmanlık Merkezi,+905312764340,Psikolog / Terapist
Diyetisyen Zeliha Arslan Başaran,+905551899575,Diyetisyen
Doktor Diyetisyen Ezgi Sakar Beslenme ve Diyet Danışmanlık,+905359750095,Psikolog / Terapist
Diyetisyen Tuba Çengel Beslenme ve Diyet Danışmanlığı Merkezi,+905558806914,Diyetisyen
İstanbul Diyetisyen | Diyetisyen Yeliz Yılmaz,+905333634650,Diyetisyen
DİYETİSYEN AYSU YAĞCI - Sultangazi,+905320620318,Diyetisyen
Diyetisyen Asuman Demir Zaman,+905013028170,Diyetisyen
Diyetisyen Kübra Yıldız Beslenme Ve Diyet Danışmanlık Merkezi,+905378346445,Psikolog / Terapist
Diyetisyen Neslihan Albayrak,+905308624684,Diyetisyen
Diyetisyen Elif Aslan Beslenme Ve Diyet Danışmanlık Merkezi,+905309125359,Psikolog / Terapist
Diyetisyen Emine Genç Kırmaç,+902129126561,Diyetisyen
Diyetisyen Büşra Dinç,+905376697061,Diyetisyen
Diyetisyen Esma Nur Güzel,+905366733277,Diyetisyen
Diyetisyen Berfin Yeva Demirciyan - Yeva Living,+905073993320,Diyetisyen
Diyetisyen Alev Erkan Özdemir Beslenme ve Diyet Danışmanlığı,+905074390664,Diyetisyen
House Fit Clinic - Göktürk Şubesi,+905386991348,Kuaför / Berber
DİYETİSYEN Hatice Yıldırım,+905332737746,Diyetisyen
Happ,+902166064277,Diğer (Sağlık & Bakım)
Diyetisyen Ümran Ayvaz,+905059756818,Diyetisyen
Diyetisyen Ali Dereli,+902129702181,Diyetisyen
Diyetisyen Feyza Koçhan,+905369294727,Diyetisyen
Diyetisyen Tuba Aydın,+905347797944,Diyetisyen
Diyetisyen Betül Korkmaz,+905537023680,Diyetisyen
Diyetisyen Eylül Uzun,+905321372567,Diyetisyen
Diyetisyen Merve İlker,+902123226333,Diyetisyen
Diyetisyen Ayşegül ÇAY İNAN,+905451043982,Diyetisyen
Diyetisyen Ezgi Değirmenci,+902129126367,Diyetisyen
Sultangazi - Diyetisyen Fatmanur Demir,+905333097724,Diyetisyen
Uzman Diyetisyen Hilal Konak Beslenme ve Diyet Danışmanlığı Merkezi,+905331980245,Diyetisyen
Roof Wellness Studio,+905392076630,Pilates / Yoga
İstanbul Diyetisyen Gözde Özkan - Online Diyet,+905372388906,Diyetisyen
"Dyt. Fehime Arı, Diyetisyen",+905448608488,Diyetisyen
Clinic Medya,+905378577253,Güzellik Salonu
Diyetisyen Şeymanur Yıldız Özel Sağlık Meslek Hizmet Birimi,+905401090034,Diyetisyen
Diyetisyen Buket Akgül,+905536110882,Diyetisyen
Uzman Diyetisyen Ebru ÇAĞIL,+905061983333,Diyetisyen
Diyetisyen Betül Demir Beslenme ve Sağlıklı Yaşam Merkezi,+905321579895,Diyetisyen
Uzman Diyetisyen Nagihan ÖZKAL GÜNDOĞDU,+902125970830,Diyetisyen
Diyetisyen İrem Okay,+905333484736,Diyetisyen
Uzman Diyetisyen Fatma Kahraman Gök / Online Diyetisyen,+905557222907,Diyetisyen
Diyetisyen Tuba Turkut,+905379618862,Diyetisyen
Diyetisyen Rabia Aydın Beslenme ve Diyet Danışmanlık Merkezi,+905434524482,Psikolog / Terapist
GopDiyet Diyet ve Reformer Pilates Stüdyosu,+905448695000,Diyetisyen
Uzman Diyetisyen İlayda Umut Diyet Stüdyosu,+905416255958,Diyetisyen
Diyetisyen Bahar Yılmaz,+905075261075,Diyetisyen
Diyetisyen Zeynep Taşbaşı Deviren,+905442436613,Diyetisyen
Diyetisyen Aleyna Şahin Beslenme Eğitimi ve Andulasyon Terapi Merkezi,+905423219908,Psikolog / Terapist
Uzman Diyetisyen Ceren GAZİ,+908502888277,Diyetisyen
Dr. Dyt. Ezgi Sakar,+908508113553,Diyetisyen
Gaziosmanpaşa - Diyetisyen Hatice Üründü,+905011423337,Diyetisyen
Uzman Diyetisyen Sena GENÇ,+905384177724,Diyetisyen
Dyt. Ayça Güzel,+902125780953,Diyetisyen
BERADİYET BESLENME VE DİYET DANIŞMANLIK MERKEZİ,+905466796000,Psikolog / Terapist
Diyetisyen Aslı Ortakçı,+908508113904,Diyetisyen
NeşeliDiyet Sağlikli Beslenme Danışmanlıği Esin KARADAĞ,+905538205786,Diyetisyen
Diyetisyen Feyza SASA,+905462739238,Diyetisyen
A.K.A Diyet Beslenme Ve Diyet Danışmanlığı,+902125816731,Diyetisyen
Vega Diyet Pilates,+905321580377,Diyetisyen
Beslenme ve Diyet Uzmanı Yaren Gökmen Yaz,+905350418524,Diyetisyen
Dilay Pilates Salonu,+905367955387,Pilates / Yoga
Moonlight Pilates Studio Eyüpsultan,+905423237620,Pilates / Yoga
FizyoLua Pilates ve Fizyoterapi | Göktürk Pilates |,+905393916831,Psikolog / Terapist
Figo pilates,+905065062023,Pilates / Yoga
Nova Pilates Veysel Karani,+905444437176,Pilates / Yoga
bella pilates studio,+905369423936,Pilates / Yoga
D2S Pilates Studio Eyüpsultan,+905422053182,Pilates / Yoga
Hom Wellness Club Göktürk,+902123223363,Pilates / Yoga
Studio Pilates By Çağrı Genç,+905400164040,Pilates / Yoga
Fizyotime Pilates Yeşilpınar,+905059380199,Pilates / Yoga
Mat Life Pilates Studio,+905380441207,Pilates / Yoga
Soul Pilates Yeşilpınar,+905517151528,Pilates / Yoga
Pilates Salonu,+905345856815,Pilates / Yoga
Bloom Body Pilates Stüdyo,+905458777294,Pilates / Yoga
Pera Reformer Pilates,+905436096590,Pilates / Yoga
Re-Form Pilates,+905320570331,Pilates / Yoga
Alina Pilates,+905325184281,Pilates / Yoga
Shine Pilates Eyüpsultan,+905449203758,Pilates / Yoga
Reformer by Gymstop,+902129639060,Pilates / Yoga
SHE PİLATES GÖKTÜRK,+905443591150,Pilates / Yoga
Fizyohesna Sağlıklı Yaşam Merkezi,+905403089992,Diğer (Sağlık & Bakım)
Studio S-Fit,+905015536876,Kuaför / Berber
Bal Pilates,+905411091224,Pilates / Yoga
NOZ Göktürk,+905052962669,Pilates / Yoga
FYA Pilates & Yoga Studio,+905323890392,Pilates / Yoga
Pilates Baraka,+905394079090,Pilates / Yoga
Göktürk Pilates | Filiz Pilates | Eyüp Pilates | Kemerburgaz Pilates,+905319176830,Pilates / Yoga
Mayisel Five Pilates Studio,+905431269816,Pilates / Yoga
Wellness Pilates Merkezi,+905070207737,Pilates / Yoga
GYMSTOP Eyüp Park,+902125601113,Kuaför / Berber
Beam Pilates,+905367707696,Pilates / Yoga
Fitamine Göktürk,+905404052500,Kuaför / Berber
MACStudio Göktürk,+908505327000,Kuaför / Berber
Studio Triple,+902122396079,Kuaför / Berber
Upgrade Studio Kemerburgaz,+905335236233,Kuaför / Berber
Kolektif Fitness,+905352145353,Kuaför / Berber
Gymplus,+905537315161,Kuaför / Berber
Esperanza Sport Club,+905403608080,Kuaför / Berber
house of move yoga merkezi,+905324496500,Pilates / Yoga
Naz Beauty,+905459575999,Güzellik Salonu
Nureste Güzellik Fatih,+902124172017,Güzellik Salonu
"Alena Güzellik İstanbul – Kaş, Kirpik, G5 Masaj & Cilt Bakımı",+905353438265,Güzellik Salonu
DOLU DOLU GÜZELLİK SALONU | FATİH LAZER EPİLASYON | FATİH CİLT BAKIMI,+905389256602,Güzellik Salonu
As Güzellik Salonu,+902125342476,Güzellik Salonu
Aslı Güzellik (مركز أصالة للصحة والجمال),+905527418830,Güzellik Salonu
IFG İstanbul Fatih Güzellik Salonu,+905380201103,Güzellik Salonu
Mira Güzellik Merkezi Fatih,+905320631222,Güzellik Salonu
Euphoria Beauty Center,+905461612147,Güzellik Salonu
Asya Beauty Lazer Epilasyon Ve Estetik Çapa,+905536396772,Güzellik Salonu
Şule Duyan Beauty Clinic - Hydrafacial / Medical Aesthetic / Laser Hair Removal,+905309962282,Güzellik Salonu
KA BAYAN GÜZELLİK SALONU,+905369430832,Güzellik Salonu
Magic Hand Güzellik Merkezi - Coiffeur,+905422422748,Güzellik Salonu
Ecemed Fatih Güzellik Merkezi,+905444999739,Güzellik Salonu
Hülya Güzellik Salonu,+902126357453,Güzellik Salonu
Bedriye İpçi-Kadın Bakım Sanatı,+902126350502,Güzellik Salonu
Pelikan güzellik merkezi,+905324886467,Güzellik Salonu
Arden beauty,+902126353955,Güzellik Salonu
Hyam Beauty,+905411155567,Güzellik Salonu
Yeşim Demir Güzellik Salonu,+902125348697,Güzellik Salonu
Esma Sevgin Beauty Academy,+905307939059,Güzellik Salonu
Ladylegant Beauty Salon,+905375623448,Güzellik Salonu
Fgs güzellik salonu,+902126310035,Güzellik Salonu
Arya Beauty & Esthetic,+905491835004,Güzellik Salonu
Memories Beauty Center,+905466604333,Güzellik Salonu
ESTEJADE GÜZELLİK SALONU,+905418162008,Güzellik Salonu
By_ilaydabeauty,+905352908484,Güzellik Salonu
Burcu Güzellik Salonu,+905319615161,Güzellik Salonu
Mek Güzellik Salonu,+905321784266,Güzellik Salonu
Madam Dania | Güzellik Salonu | صالون مدام دانيه,+905555567688,Güzellik Salonu
Stil Kuaför ve Güzellik Salonu,+905327892445,Güzellik Salonu
Trend Bayan Kuaförü,+902125877615,Kuaför / Berber
Diva Kuaför,+902126315878,Kuaför / Berber
صالون زمرد,+905550370056,Güzellik Salonu
CYK Güzellik Salonu,+905411015020,Güzellik Salonu
Zaradis beauty findikzade,+905379456214,Diş Kliniği
Hayrunnisa Saç & Türban Tasarım,+902125319243,Kuaför / Berber
Bay Bayan Kuaförü,+905380133013,Kuaför / Berber
Kuaför Betül Çetin çapa,+902125861592,Kuaför / Berber
Milano Güzellik Salonu,+905301228802,Güzellik Salonu
HÜLYA KUAFÖR,+905411213442,Güzellik Salonu
Elif Kaçan Bayan Kuaförü,+905399622085,Kuaför / Berber
Edda kuaför,+905367290770,Kuaför / Berber
AŞKIN SAÇ TASARIM,+902125891013,Kuaför / Berber
Oscar Kuaför,+902125333311,Kuaför / Berber
Lounge Glory Bay Bayan Güzellik Salonu,+902125342333,Güzellik Salonu
Best man kuaför,+905319657973,Kuaför / Berber
SalooN DENİZ,+905543032193,Güzellik Salonu
Nirvana For Men,+905530858281,Kuaför / Berber
Salon İhsan,+905392697040,Kuaför / Berber
Sultan Erkek Kuaförü by Enes Hair Man Design Style Hairdresser,+905368865289,Kuaför / Berber
ESTEEUROPE,+902126350313,Güzellik Salonu
Shine Club Erkek Güzellik Merkezi,+905309219561,Güzellik Salonu
Hasan Kuaför,+902125238592,Güzellik Salonu
Kuaför Mansur,+905336228691,Kuaför / Berber
Sami güzellik salonu,+905353396885,Güzellik Salonu
Kuaför Ramazan Elaldı,+905353400743,Kuaför / Berber
ŞİMŞİR TARAK KUAFÖRÜ,+905446600161,Kuaför / Berber
صالون انس Anas Berberi,+905373340530,Kuaför / Berber
Hüsniye Estetik Epilasyon,+905337081552,Güzellik Salonu
Style İstanbul Kuaför,+902125148125,Kuaför / Berber
Paris Bayan Kuaförü Fatih/ Protez Tırnak / İpek kirpik / Saç Kaynak,+902125823676,Güzellik Salonu
Citrine Beauty Studio İstanbul,+902125308199,Güzellik Salonu
Ecemed Fındıkzade Güzellik Merkezi,+905444477765,Güzellik Salonu
A plus güzellik ve kuaför salonu,+905327643406,Güzellik Salonu
İnter Serkan Özkanlı,+905357422376,Kuaför / Berber
"GENÇLER COİFFEUR, MR_EROL 💇‍♀️",+905332359162,Kuaför / Berber
Lider Kuaför,+902125344391,Kuaför / Berber
Kuaför Ayşegül,+902126218527,Kuaför / Berber
Kenan Kuaför ve Güzellik Salonu (Bay/Bayan/Solarium),+902125328865,Güzellik Salonu
Fatih Erkek Kuaförü / Kıztaşı,+905355207850,Kuaför / Berber
Levent Eren Bayan Coiffeur,+905309539989,Kuaför / Berber
SALON İBRAHİM BAYAN KUAFÖRÜ WOMEN HAİRDRESSER,+905369587415,Kuaför / Berber
Kuaför Vahide-Zafer,+905388837246,Kuaför / Berber
Kuaför Fatih,+902125884351,Kuaför / Berber
"Nisanur Fatih Saç Türban Nisanur Kuaför | Gelin Başı | Profesyonel Gelin Kuaförü, Tesettürlü Gelin Başı",+902125319242,Kuaför / Berber
Zeki Kuaför,+905378446468,Kuaför / Berber
ATALAY Kuaförü | Atalay Dereçiçeği,+905359287242,Kuaför / Berber
Fatih Bayan Kuaförü,+902124251886,Kuaför / Berber
Battal Bayan Kuaförü,+902125324408,Kuaför / Berber
''MEF'' art design kuaför,+905397129020,Kuaför / Berber
SIRKECI BAYAN KUAFORU FANTASTlC,+905337254044,Kuaför / Berber
Fatih Kuaför,+902163160882,Kuaför / Berber
Kuaför Fatih & Selçuk,+905304929991,Kuaför / Berber
Talham Barber Shop,+905449780754,Kuaför / Berber
Kuaför fatih alımcı,+905349470019,Kuaför / Berber
VIP İstanbul Kuaför,+905423420101,Kuaför / Berber
Beauty Salons Women Hairdresser Salon Sevgi,+905344897403,Güzellik Salonu
Serap Kuaför,+905323476266,Kuaför / Berber
COIFFEUR KUAFÖR ozan aşın,+905358146488,Kuaför / Berber
San Kuaför Sultanahmet,+905532557309,Kuaför / Berber
Gloria Kuaför & Güzellik Merkezi By Ahmet Çelik,+905369508727,Güzellik Salonu
Ferdi keyvani,+905362350901,Kuaför / Berber
Monalisabaybayankuaforu,+905321637944,Kuaför / Berber
Kuaför Fatih,+905356832725,Kuaför / Berber
Salon Ibo Erkek Kuaförü İstanbul,+905372034080,Kuaför / Berber
Alper Damdelen Hairdresser Hair Extensions İstanbul,+905074500027,Kuaför / Berber
Mümtaz Men hair Dresser,+905354217381,Kuaför / Berber
Villa Por Kuaför Salonu,+905445326755,Kuaför / Berber
Yeliz Bayan Kuaförü,+905068902567,Kuaför / Berber
Unicorn Hair Design İstanbul,+905415011858,Kuaför / Berber
Salvador Dali Bay Bayan Kuaförü,+905323496076,Kuaför / Berber
Mehmet Emin TOKMAN Kuaför/Berber,+905376730648,Kuaför / Berber
Fatih Çapan Saç Tasarım,+902122740670,Kuaför / Berber
fatih ileri hair salon,+902122570909,Kuaför / Berber
Damat Erkek kuaförü,+905423791236,Kuaför / Berber
Barber Fatih Men's Hair Design,+905317678437,Kuaför / Berber
BARBERSHOP OZAN FRİSUER man and momen,+905465436044,Kuaför / Berber
Sanat Bayan Kuaförü,+902125850745,Kuaför / Berber
Kuaför Fatih,+905343818934,Kuaför / Berber
Fatih Kaya,+905352179828,Kuaför / Berber
Hülya Kuaför,+902125213030,Kuaför / Berber
Fatih Saç Tasarım,+902124424104,Kuaför / Berber
Mypassionkuafor,+905326768421,Kuaför / Berber
Coiffeur Ada,+902125302286,Kuaför / Berber
By Mehmet tutkum bayan kuaförü,+905353788801,Kuaför / Berber
Bay Kuaför Fatih,+905324413282,Kuaför / Berber
By Sami Kuaför,+902125868258,Kuaför / Berber
Paris Nova Beauty Center,+905365780362,Güzellik Salonu
Salon white/ Man Women Coiffeur / Hairdresser,+905448008262,Kuaför / Berber
Yakup ķuaför,+902125863914,Kuaför / Berber
Golden Fingers Saç Tasarım,+902125867404,Kuaför / Berber
fındıkzade kuaför,+905364239441,Kuaför / Berber
Fatih Özhan Hair Studio,+905468460201,Kuaför / Berber
ENJ Kuaför,+905378566931,Kuaför / Berber
Salon Emre barber shop,+905343297717,Kuaför / Berber
Değişim Kuaför,+905369780505,Kuaför / Berber
Marbella Kuaför,+902126332034,Güzellik Salonu
Moda erkek kuaför,+905353159252,Kuaför / Berber
Mr Doğan kuaför,+905357705614,Kuaför / Berber
FerA Beauty House,+905072278992,Güzellik Salonu
Kuaför GÖKSU,+905387002514,Kuaför / Berber
CHANEL BAYAN KUAFÖRÜ,+905352212836,Kuaför / Berber
Coiffeur Fatih,+905414002868,Kuaför / Berber
Kuaför Fatih,+905376891462,Kuaför / Berber
Fatih Kuaför erkek Salonu,+905462963179,Kuaför / Berber
Bahar Eyüp Bayan Kuaförü,+902126332414,Kuaför / Berber
FatihFerhat Kuaför,+902126786979,Kuaför / Berber
Kuaför Cevat,+902125344758,Kuaför / Berber
Ekip Bay Bayan Kuaförü,+902125223066,Kuaför / Berber
BARBER KLAS NEVZAT TAŞ,+905523993428,Kuaför / Berber
FASHİON İSTANBUL COİFFEUR,+905301517228,Kuaför / Berber
Kuaför Şükrü,+902125860034,Kuaför / Berber
Men Women Coiffeur,+905362130491,Kuaför / Berber
Nurcan Çakır Hair Studio,+905394732778,Kuaför / Berber
FATİH TUNÇEL KADIN KUAFÖRÜ,+905302383023,Kuaför / Berber
Man and Women Haırdresser,+905316140410,Kuaför / Berber
ZAZA HAIR DRESSER,+905491423421,Kuaför / Berber
Hair Design ( Man&Women),+905520052463,Kuaför / Berber
Sultanahmet Barber,+905396670802,Kuaför / Berber
Saloon-degrade,+905531699854,Kuaför / Berber
Formen Erkek Kuaförü,+905359533871,Kuaför / Berber
Vip Saloon /Kuaför/hairdresser/Fatih,+905060442623,Kuaför / Berber
Melike Saracer Coiffeur,+905319128623,Kuaför / Berber
"Galata No5 Beauty, Hairdresser & Cosmetic Store",+905398401120,Güzellik Salonu
Mir İstanbul Berber ve Kuaför Salonu Malzemeleri,+905327665557,Kuaför / Berber
Kuaför Musa,+905326105578,Kuaför / Berber
Adem Erkek Kuaförü Barber Shop,+905383701986,Kuaför / Berber
Epistore Men Erkek Güzellik Salonu,+905524666787,Güzellik Salonu
Derma Sağlık Estetik Merkezi,+902125319044,Güzellik Salonu
Haseki Estetik ve Güzellik Merkezi,+905053334093,Güzellik Salonu
Este Çapa,+905493242272,Güzellik Salonu
Estederma Beauty Studio,+905050260617,Güzellik Salonu
By Rahime Yıldırım Güzellik Salonu,+902125244536,Güzellik Salonu
Estetique İstanbul Klinik,+905513613434,Güzellik Salonu
AK GÜZELLİK MERKEZI,+905301481880,Güzellik Salonu
Barancan Vip Estetik ve Güzellik Merkezi,+902125293288,Güzellik Salonu
Sıla Premium Beauty&Cosmetic,+905069720800,Güzellik Salonu
Juve Beauty Center,+905416080049,Güzellik Salonu
Nilüfer Bakır Beauty Center,+905535134758,Güzellik Salonu
Als Selin kuaför ve Güzellik Salonu,+905319360393,Güzellik Salonu
Fatih Psikolog-Erguvan Psikoloji,+905511765285,Psikolog / Terapist
Fatih Psikolog- Amor Psikolojik Danışmanlık,+905465563963,Psikolog / Terapist
Fatih Psikolog / Uzman Psikolog Çiğdem Gezici,+905350576720,Psikolog / Terapist
BİLGE PSİKOLOJİ,+905051102553,Psikolog / Terapist
İstanbul Psikoloji,+902125311771,Psikolog / Terapist
Uzman Klinik Psikolog Sena Ceren Parmaksız,+905511765284,Psikolog / Terapist
Uzman Klinik Psikolog Betül Sena Parmaksız,+905070018776,Psikolog / Terapist
İyi Gün Rehberlik ve Psikolojik Danışma Merkezi,+905365291018,Psikolog / Terapist
Moleküler Psikoloji Eğitim ve Danışmanlık Fatih/Çapa,+905333203682,Psikolog / Terapist
Fatih Psikolog,+905307161230,Psikolog / Terapist
İstanbul Çocuk Ergen Psikoloğu,+905344711705,Psikolog / Terapist
"Uzm. Kln. Psk. Ayşe Nezahat Olgun, Olgun Psikoloji",+905324912779,Psikolog / Terapist
SEES Psikoloji,+905334158565,Psikolog / Terapist
Klinik Psikolog Dr.Fatih Dane,+905443740100,Psikolog / Terapist
Genç Psikoloji,+905325980832,Psikolog / Terapist
Uzm.Psikolog Tuğba Demiröz,+905053729319,Psikolog / Terapist
Psk. Gizem Şener Oflezer,+905066192210,Psikolog / Terapist
Psk. Nurcan Acat,+908508119059,Psikolog / Terapist
Long Danışmanlık,+905394821294,Psikolog / Terapist
Psk. Bayram Ayaz,+905528075699,Psikolog / Terapist
Uzm.Klinik Psikolog Ömer Demir,+905447754621,Psikolog / Terapist
"Psk. Eylül Baykara, Psikoloji",+908503338344,Psikolog / Terapist
İstanbul Psikolog Merkezi,+905340339370,Psikolog / Terapist
Uzman Klinik Psikolog Şeyma Ünal,+905411716100,Psikolog / Terapist
Paradoks Kişisel Gelişim Ve Eğitim Merkezi,+902126320834,Psikolog / Terapist
"Fatih Psikolog - Çocuk, Ergen, Yetişkin, Çift ve Aile Terapisi",+905350511780,Psikolog / Terapist
Dr. Saffet ABANOZ,+902125850670,Diğer (Sağlık & Bakım)
Uzm. Psk. Dan. Gönül Akın,+908504334146,Psikolog / Terapist
Psk. Zeynep Gence,+908504746296,Psikolog / Terapist
Klinik Psikolog Elif Nur Bostancı | Ümraniye Psikolog ÖSMHB,+905436481560,Psikolog / Terapist
Uzman Klinik Psikolog Berkay Ateş,+905316685064,Psikolog / Terapist
Psikolog Hatip Ekinci,+908508113834,Psikolog / Terapist
Novo Psikoloji - Psikolojik Danışmanlık ve Eğitim,+905335066269,Psikolog / Terapist
"Uzm. Kl. Psk. Gülbeyaz İnalı, Psikoloji",+905556985419,Psikolog / Terapist
Psikolog Ayfer Coşkun,+905384530761,Psikolog / Terapist
Psk. Dan. Zehra Gür,+908508116117,Psikolog / Terapist
Sina Clinic Psikolojik Danışmanlık Merkezi,+905308415313,Psikolog / Terapist
Uzman Klinik Psikolog Büşra Güzel,+905384778082,Psikolog / Terapist
Prof. Dr. Kayıhan Aydoymuş,+902126333233,Psikolog / Terapist
Psikolog Aleyna Güneri,+908508113481,Psikolog / Terapist
Arnavutköy Uzman Psikolog Yasemin Albaş,+902129126410,Psikolog / Terapist
"NİFA PSİKOLOJİ DANIŞMANLIK, DİL KONUŞMA VE EĞİTİM / FATİH PSİKOLOG / Uzm. Psk. Ümran Özkul",+902129163416,Psikolog / Terapist
Enneagram Eğitim ve Danışmanlık,+905435406443,Psikolog / Terapist
İstanbul Psikolog İrem Uzuncaova,+908504333995,Psikolog / Terapist
Beylikdüzü Uzman Klinik Psikolog Elif Demirci Çağlar,+905375628653,Psikolog / Terapist
Psikedu Psikoloji,+905543797641,Psikolog / Terapist
İstanbul Uzm. Kl. Psikolog Fahriye Nasirzade,+905365580580,Psikolog / Terapist
Uzman Fizyoterapist Öznur Çam,+905468748658,Psikolog / Terapist
İstanbul Psikolog - Uzm. Klnk Psikolog Ece Tınmazoğlu,+905324437341,Psikolog / Terapist
İyi Hisset Psikoloji,+908503026918,Psikolog / Terapist
Klinik Psikolog Ahmet Aytaş,+905454402621,Psikolog / Terapist
Güngören Merter Psikolog,+905453709880,Psikolog / Terapist
Kartela Psikoloji,+905012002510,Psikolog / Terapist
fatihdentclinic,+905070905872,Diş Kliniği
CeDent Ağız ve Diş Sağlığı Polikliniği | Fatih | 7/24 Açık,+902125304848,Diş Kliniği
Dent Akdeniz Şifa Ağız Ve Diş Sağlığı Polikliniği,+902126353560,Diş Kliniği
Dentaneva Ağız ve Diş Sağlığı Polikliniği Fatih,+905321760642,Diş Kliniği
Diş Hekimi Adnan Altundağ (ADA SMILE STUDIO),+905372385084,Diş Kliniği
Fatih Dent - Fatih ONUR,+902126320675,Diş Kliniği
Dental Clinic - Klinik 34 Ağız ve Diş Polikliniği,+905461491062,Diş Kliniği
Diş Hekimi Birol Şahin | Nöbetçi Diş Hekimi,+905326157769,Diş Kliniği
Özel Dentema Ağız Ve Diş Sağlığı Polikliniği,+902126357131,Diş Kliniği
Omer Istanbul Dental Clinic Turkey,+905528403434,Diş Kliniği
Diş hekimi Ahmed OSMAN/Dentist \طبيب الأسنان أحمد عثمان,+905454643417,Diş Kliniği
Diş Hekimi NUREDDIN ATAY,+902125236569,Diş Kliniği
Fetih Dent Ağız ve Diş Sağlığı Polikliniği,+905550550814,Diş Kliniği
Günaydın Ağız ve Diş Sağlığı Polikliniği,+905526612152,Diş Kliniği
Özel Çapa Ortodonti Diş Polikliniği,+902125872424,Diş Kliniği
Diş Hekimi Mustafa Avcı,+902125316360,Diş Kliniği
Özel Dent İst Ağız Ve Diş Sağlığı Poliklinik,+902125314206,Diş Kliniği
Diş Hekimi Volkan TURAN,+905302551595,Diş Kliniği
Diş Hekimi M.Fatih Kaya & Diş Hekimi Ömer Caner Kaya,+902125328065,Diş Kliniği
Özel Çapa Diş,+905558920285,Diş Kliniği
Periodent Dental Clinic,+905546858968,Diş Kliniği
DİŞ HEKİMİ GÜLDEN MUT,+902126218911,Diş Kliniği
Güneş Ağız Ve Diş Sağlığı Polikliniği,+905324666144,Diş Kliniği
Smile Design Istanbul,+905385970159,Diş Kliniği
RO Dental Clinic,+905421210347,Diş Kliniği
Orient Dental Clinic,+905075738275,Diş Kliniği
YAKUT ÖZEL AĞIZ VE DİŞ SAĞLIĞI POLİKİNLİĞİ,+905527772020,Diş Kliniği
DİŞ HEKİMİ BAHADIR BEYAZID ÖZBAY,+902125230803,Diş Kliniği
Özel diş hekimi,+905526866955,Diş Kliniği
Diş Hekimi Sabit Korkmazel,+902125857558,Diş Kliniği
Dişhekimi Dr. Nilgün Arat Cabıoğlu,+902125317224,Diş Kliniği
Diş Hekimi Müge Özarı,+902125292914,Diş Kliniği
LaVaneers,+905319508522,Diş Kliniği
Diş Hekimi İbrahim Hepdarcan,+902126333333,Diş Kliniği
Global White Clinic - Diş Hekimi Hüseyin Mustafa,+905055409603,Diş Kliniği
Dr. Hüseyin Özkan,+902125291520,Diş Kliniği
Diş Hekimi Adem Seven,+902125216935,Diş Kliniği
Diş Hekimi,+905302934058,Diş Kliniği
Dt. Muhammet Serif,+905323805496,Diş Kliniği
DİŞ HEKİMİ Sevgi YILDIZ,+902126327638,Diş Kliniği
Diş Hekimi Mehmet Öner,+902125855861,Diş Kliniği
Marvel Dental Clinic,+905541381443,Diş Kliniği
Diş Hekimi Ayhan Öztürk,+902125267172,Diş Kliniği
İstanbul İmplant Klinik,+902125860152,Diş Kliniği
Diş Hekimi Firuzan Çemberci,+905326244102,Diş Kliniği
FTIH MEDICAL CENTER / ISTANBUL,+905464222272,Diş Kliniği
Diş Hekimi Güneş Salih Yavuzcan,+902125185081,Diş Kliniği
Dr. Rifaat Hussein,+905528666669,Diş Kliniği
Monreve Dental Clinic,+905427473639,Diş Kliniği
ATAMER Ağız ve Diş Sağlığı Polikliniği,+905013245500,Diş Kliniği
Dr. Omar Bashar & Dr. Lina Obaid - Cosmetic and Implant Dentistry,+905063650756,Diş Kliniği
Dent Akdeniz Şifa Ağız Diş Sağlığı polikliniği,+905306377307,Diş Kliniği
Dr. Ghaith Kazkaz عيادة د.غيث كزكز,+905056001992,Diş Kliniği
Diş Hekimi Nurcan Kurucu,+902126215825,Diş Kliniği
Airbrush İstanbul Dövme Boyası ve dövme malzemeleri Toptan Satış,+905334568420,Dövme & Piercing
TATTOO RaW fatih aksaray,+905433343654,Dövme & Piercing
By.Sansar TATTOO & PİERCİNG,+905318861569,Dövme & Piercing
TATTOO Piercing/Fatih aksaray,+905078585334,Dövme & Piercing
TATTOO HARME YAKO,+905050070016,Dövme & Piercing
tattooramiz,+905074019694,Dövme & Piercing
Tattoo Istanbul Pro,+905317953085,Dövme & Piercing
Tattoo Art NOx,+905550624289,Dövme & Piercing
Tunart Tattoo & Aley Piercing,+905388341340,Dövme & Piercing
MEHMETT TATTOO STUDİO,+905541372619,Dövme & Piercing
Osiris Tattoo Studio,+905416956234,Dövme & Piercing
TATTOO PİERCİNG STUDİO,+905456032236,Dövme & Piercing
TURA TATTOO,+905379398574,Dövme & Piercing
Asmar For Tattoo Studio,+905397171340,Dövme & Piercing
Fatih Serdaroğlu Medikal Dövme & Saç Pigmentasyonu & Tattoo,+905339209926,Dövme & Piercing
Clamber Tattoo,+905309597595,Dövme & Piercing
Medusa Takı | Toptan Geçici Dövme | Yarı Kalıcı Dövme,+905531707131,Dövme & Piercing
RZ TATTOO,+905531426914,Dövme & Piercing
TattooMix,+905323200702,Dövme & Piercing
Chill Ink Tattoo Piercing,+905307297912,Dövme & Piercing
Kufki Tattoo,+905323717239,Dövme & Piercing
Rick Tattoo,+905446979375,Dövme & Piercing
Shadows Tattoo Piercing,+905323950463,Dövme & Piercing
Tatto İkarus Art Studio,+905336132945,Dövme & Piercing
TATTOO ÖZGÜR BAYRAKTAR Sultanbeyli Dövme Stüdyosu,+905340811989,Dövme & Piercing
Medcezir Tattoo,+905433991010,Dövme & Piercing
cazgır tattoo,+905386808163,Dövme & Piercing
Harmony Tattoo,+905535947509,Dövme & Piercing
PİERCİNG TAKIŞIK,+905302899343,Dövme & Piercing
Lukez Tattoo Piercing,+905331345747,Dövme & Piercing
Aytuğ Tattoo Caddebostan | Tattoo & Piercing,+905058765398,Dövme & Piercing
Grimm Tattoo Istanbul,+902122936142,Dövme & Piercing
Tattoo Ömür,+905359629883,Dövme & Piercing
Piercing,+905454935004,Dövme & Piercing
Beylikdüzü Dövme Stüdyosu | TattooTime Istanbul,+905325508212,Dövme & Piercing
AYTUĞ TATTOO TUZLA | Dövme & Piercing,+905011425398,Dövme & Piercing
İstanbul Tattoo İnk,+905011163334,Dövme & Piercing
TATTOO NIRVANA,+905350191853,Dövme & Piercing
SAKORA BARBER & TATTOO,+905352192432,Dövme & Piercing
Tattoo Pan and Piercing,+905388333511,Dövme & Piercing
Fudo Tattoo & Piercing Studio,+905393855577,Dövme & Piercing
Kadıköy Body Art | Dövme & Piercing Stüdyosu,+905306692580,Dövme & Piercing
Önder Sılver & Piercing,+902125114926,Dövme & Piercing
Bellum Tattoo & Piercing,+905330337000,Dövme & Piercing
Karmil Bijuteri,+902125194525,Dövme & Piercing
Dragọn Tattọọ,+902122927470,Dövme & Piercing
Tattoo Brothers Dövme & Piercing,+905323546726,Dövme & Piercing
Babylon Tattoo,+905346262398,Dövme & Piercing
GUJU Tattoo,+905326747412,Dövme & Piercing
Cleopatra INK Tattoo & Piercing Suadiye Studio,+905325290216,Dövme & Piercing
Dreamer Tattoo & Piercing,+905077398956,Dövme & Piercing
Redwolf Tattoo,+905055715829,Dövme & Piercing
Fm 46 Band Toptan Piercing,+905320616646,Dövme & Piercing
İnk Station Tattoo gallery •Tattoo & Piercing studio,+905321753134,Dövme & Piercing
Golden Arrow Tattoo Piercing Studio,+905324400885,Dövme & Piercing
Odabaşı Tattoo,+905343940071,Dövme & Piercing
GOLDEN ARROW TATTOO SUPPLY,+905411912035,Dövme & Piercing
Yakamoz Tattoo Ve Piercing,+905324155153,Dövme & Piercing
Throne Art Tattoo Factory,+905357643837,Dövme & Piercing
Paşa tattoo,+905355916606,Dövme & Piercing
Cleopatra INK Tattoo & Piercing Bahçeşehir Studio,+905068273434,Dövme & Piercing
Fine Line Tattoo Shop,+902122343449,Dövme & Piercing
pouya tattoo,+905399254045,Dövme & Piercing
Aytuğ Tattoo Beşiktaş | Tattoo & Piercing,+905067705398,Dövme & Piercing
Ruj Tattoo Nişantaşı,+905325957572,Dövme & Piercing
Tattoo Studio-Amazon Dövme,+905323868930,Dövme & Piercing
Coıffeur Tattoo Gültekin Serkan,+905384317357,Dövme & Piercing
penguin tattoo,+900212622646,Dövme & Piercing
Diyetisyen Nur Efşan Şentürk,+905535584069,Diyetisyen
Diyetisyen Nursemin Yitgin Sağlıklı Yaşam Merkezi,+905340789900,Diyetisyen
Diyetisyen Nurbahar Yıldız Beslenme Danışmanlığı | Fatih Diyetisyen,+905306380448,Diyetisyen
Diyetisyen Sümeyye Özer,+905338168310,Diyetisyen
Diyetisyen ZEYNEP ALTUNCU,+908504744794,Diyetisyen
Diyetisyen Latif Fatih Avcı,+905521225203,Diyetisyen
Beslenme danışmanı ( Fatih bölgesi),+905325552084,Diyetisyen
Diyetisyen Samed TAŞKIN Beslenme ve Diyet Danışmanlığı,+905541492990,Diyetisyen
Doktor Diyetisyen Ali Fatih Babal Beslenme ve Diyet Danışmanlığı,+905377224651,Diyetisyen
Terapista Sağlıklı Yaşam Merkezi,+905303425257,Psikolog / Terapist
AY BESLENME VE DİYET DANIŞMANLIĞI,+905069263717,Diyetisyen
Diyetisyen Simge ADIGÜZEL,+905457475502,Diyetisyen
DİYET-Î ÂLÂ BESLENME DANIŞMANLIK MERKEZİ / Uzman Diyetisyen Aleyna Nur Sağır,+905393322727,Psikolog / Terapist
Nutrition İstanbul,+905492220222,Diyetisyen
Uzman Diyetisyen Gamze Durman - Beylikdüzü Beykent,+905331534765,Diyetisyen
Diyetisyen Emre Uzun Bağdat Caddesi,+902163029508,Diyetisyen
Ebrulidiyet,+905426825259,Diyetisyen
Fındıkzade Beslenme ve Dinç Yaşam Kulübü,+905327134086,Diyetisyen
Diyetisyen F Merve Kalelioğlu Çiftci/Merve Diyet Beslenme Danışma Merkezi,+905339359014,Diyetisyen
Uzm. Diyetisyen Fatih Süleyman Kaya - Elazığ Diyetisyen,+905530213737,Diyetisyen
Florya Beslenme ve Diyet Danışmanlığı(Diyetisyen Gökhan ÇELİK),+905399829379,Diyetisyen
DİYETİSYEN ÖZGE TOY,+905536382691,Diyetisyen
Diyetisyen İrem Akdemir Beslenme Danışmanlık Merkezi,+905528090639,Psikolog / Terapist
Diyetisyen Kübra Yazıcı,+905397893551,Diyetisyen
Müjde Sağlıklı Yaşam Merkezi,+905335027030,Diyetisyen
AFdiet Clinic Online Diyet Merkezi,+905531738185,Diyetisyen
Beslenme ve Diyet Uzmanı Hale Taşgın,+908508118886,Diyetisyen
B-FİT ÇAPA KADINLARIN SPOR VE YAŞAM MERKEZİ,+905380408352,Kuaför / Berber
Diyetisyen Ezgi ER,+905307858365,Diyetisyen
Eat Clean Turkey Beslenme ve Danışmanlık,+905070161234,Psikolog / Terapist
Jaguar fitness,+905380277109,Kuaför / Berber
Fitslim Spor Merkezi/FINDIKZADE,+902125860109,Kuaför / Berber
Şahin Ergin,+905399403826,Kuaför / Berber
DİYETİSYEN ŞİRİN SEVAT,+905366283040,Diyetisyen
Diyetisyen Elif KIR GENÇ,+905059152501,Diyetisyen
Diyetisyen Aleyna Canbaz,+905524525917,Diyetisyen
Diyetisyen Fatma Hilal Boduroğlu,+905395474242,Diyetisyen
Ayvansaray Spor Merkezi,+902124531453,Kuaför / Berber
Çapa Pilates - NYM Pilates Studio,+905385162333,Pilates / Yoga
Glow pilates,+905333779751,Pilates / Yoga
Kadınlara Özel Reformer Pilates | Fatih,+905522453971,Pilates / Yoga
EleventyLife Pilates,+905347767842,Pilates / Yoga
MİFİT FATİH PİLATES,+905443403119,Pilates / Yoga
Nokta Pilates Studıo,+905350220112,Pilates / Yoga
River Pilates,+905345850867,Pilates / Yoga
Med Move GYM Fitness | Spor Salonu | Pilates,+908508026518,Fizyoterapi
Fitpower & Pilates,+902125856894,Pilates / Yoga
Miyav Pilates,+905414223944,Pilates / Yoga
R-Form Fitness Center,+902125305954,Kuaför / Berber
Balat Pilates Studio (Re.born Pilates Studio),+905452120169,Pilates / Yoga
Flamingo GYM Fındıkzade,+902126332366,Kuaför / Berber
MatGym & Pilates,+905347485858,Pilates / Yoga
Fizyoterapist Havva Nur Kandil Özel Sağlık Meslek Hizmet Birimi,+905521650625,Psikolog / Terapist
Atlas Spor Salonu,+905392342494,Kuaför / Berber
"Çapa Pilates-FizyoDemir-Fındıkzade,Pilates,Fizyo Terapist,Numaraları,İletişim,",+905379933818,Psikolog / Terapist
Proactivium Spor Salonu,+908508380848,Kuaför / Berber
FLY34 STUDIO,+905439475773,Kuaför / Berber
POWER GYM,+905352351253,Kuaför / Berber
Şevket Biçer Champion spor salonu Kocamustafapaşa,+902125880621,Kuaför / Berber
FIT'S CLUB PAŞA KADINLARA ÖZEL SPOR SALONU,+905441762894,Kuaför / Berber
YOGA ACADEMY FINDIKZADE,+905307812788,Pilates / Yoga
Pro Fizyoterapi Fizik Tedavi Fatih Çapa Topkapı Fizyoterapist Physical Therapy Physiotherapy Çapa Pilates,+902129091575,Psikolog / Terapist
Erlife Güzellik Salonu,+905456220034,Güzellik Salonu
Gaziosmanpaşa Estemol Güzellik Salonu,+905432150542,Güzellik Salonu
Esthetiqal Güzellik Merkezi,+905367777676,Güzellik Salonu
Özge Oğuz Beauty,+902124181072,Güzellik Salonu
Elita Life Güzellik Salonu Gaziosmanpaşa,+905526420293,Güzellik Salonu
Enza Güzellik Merkezi Gaziosmanpaşa,+905077053692,Güzellik Salonu
Sevda Eren Beauty Studio,+905521690202,Güzellik Salonu
Talento Güzellik,+905536409097,Güzellik Salonu
ERAY KUAFÖR VE GÜZELLİK SALONU,+902125647434,Güzellik Salonu
Tuğba Avcı Güzellik Merkezi,+905301846013,Güzellik Salonu
Arzu acar kuaför ve güzellik salonu,+902124181993,Güzellik Salonu
Epi-Mer Güzellik Salonu,+902126164935,Güzellik Salonu
Cemile Güzellik ve Makyaj Salonu,+905434956212,Güzellik Salonu
Serap Şahin Beauty Center,+905514187565,Güzellik Salonu
Este Keyff Güzellik,+905350408261,Güzellik Salonu
Miyo Life Güzellik Hizmetleri,+905523423353,Güzellik Salonu
HİCRAN GÜZELLİK,+905441404034,Güzellik Salonu
M3 Kuaför Ve Güzellik Salonu,+902126150565,Güzellik Salonu
Beautée Than More | Tem Avrupa,+905373687632,Güzellik Salonu
Pera Estetik I Cilt Bakımı I Saç Şekillendirme I Zayıflama I Bölgesel İncelme I Protez Tırnak I Manikür I Pedikür,+905558040262,Güzellik Salonu
ENA GÜZELLİK&KUAFÖR,+905396316187,Güzellik Salonu
Mia Güzellik Salonu,+905352764714,Güzellik Salonu
ERİZA GÜZELLİK SALONU,+905456188044,Güzellik Salonu
Sanem Gözde Beauty,+905369529999,Güzellik Salonu
ELSE GÜZELLİK & ESTETİK,+905318507081,Güzellik Salonu
Duru Güzellik Merkezi,+902126149906,Güzellik Salonu
C Plus Güzellik Salonu - Gaziosmanpaşa Protez Tırnak,+905537884708,Güzellik Salonu
Salon Losh Kuaför Güzellik,+905551454599,Güzellik Salonu
M2kuaför renklendirme ve mikro kaynak(Gaziosmanpaşa) Bayrampaşa,+902126491790,Kuaför / Berber
İKİBAY Saç Tasarım Atölyesi,+905382485763,Kuaför / Berber
Afet Rahmanova Güzellik Merkezi,+905438421918,Güzellik Salonu
Doğa Güzellik Salonu,+902126165404,Güzellik Salonu
Zeynep Güzellik Salonu,+902126180807,Güzellik Salonu
Esmyworld Güzellik Merkezi,+905385416441,Güzellik Salonu
Nois Nail Art - Protez Tırnak - Lazer Epilasyon - Cilt Bakımı - Kalıcı Oje - Microblading,+905308989558,Güzellik Salonu
Breeze Güzellik Merkezi,+902128039393,Güzellik Salonu
Kuaför Oytun ÇALLILAR,+905301525695,Kuaför / Berber
İstanbul Beauty By Sevilay Dursun,+902126184585,Güzellik Salonu
Gamzenur Protez Tırnak&Beauty,+905510051591,Güzellik Salonu
Aris İstanbul Estetik & Güzellik,+902125459293,Güzellik Salonu
Zeynep Aslan Kuaför ve Güzellik Salonu,+905333193489,Güzellik Salonu
Nurdan Şahin Saç Tasarım & Güzellik Salonu,+902126180183,Güzellik Salonu
NOIR KÜÇÜKKÖY,+905319890659,Kuaför / Berber
Legend Kuaför,+905369449648,Kuaför / Berber
Mor Life Güzellik Salonu,+902124795818,Güzellik Salonu
ÖZGÜ Güzellik Salonu,+902125380055,Güzellik Salonu
Merkez Kuaför,+905327908439,Kuaför / Berber
Lady Life Center,+905424304296,Güzellik Salonu
Daniela,+905382910440,Kuaför / Berber
FARUK SÖNMEZ Erkek Kuaförü,+902126492728,Kuaför / Berber
Beauty Check İstanbul,+905330527747,Güzellik Salonu
Salon Fethan Demirtaş Erkek Kuaförü,+905384474789,Kuaför / Berber
Daça Bayan Kuaförü,+902124795720,Kuaför / Berber
Podyum Güzellik & Solaryum Merkezi,+905446219932,Güzellik Salonu
Ünlü Eller Coiffeur,+905074063201,Kuaför / Berber
Evita Güzellik Merkezi,+902124798336,Güzellik Salonu
Ayten Velioğlu,+902126493327,Güzellik Salonu
Esthetiqal Güzellik Bayrampaşa,+905324908777,Güzellik Salonu
Jasmine Güzellik Küçükköy,+905376774646,Güzellik Salonu
HK Saç tasarım,+905522586161,Kuaför / Berber
Melike Adıgüzel Bayrampaşa,+905449339044,Güzellik Salonu
Chris Güzellik,+902124776666,Güzellik Salonu
Nevens beauty Güzellik,+905304987500,Güzellik Salonu
Caner Aras Saç Tasarım Uzmanlığı,+902126499799,Kuaför / Berber
Pınar Karahan Beauty,+905551454461,Güzellik Salonu
Altin Makas Bayan Güzellik Salonu,+902125387895,Güzellik Salonu
Çelenk Kuaför,+905398354245,Kuaför / Berber
İnsta kuaför,+905527847575,Kuaför / Berber
Kuaför İbrahim,+905316047020,Kuaför / Berber
ÖMER SÖKMEN HAİR DESİGNER,+905528672304,Kuaför / Berber
Kuaför Özkan Saç Tasarım ve Bakım Salonu,+905050282739,Kuaför / Berber
Esin kuaför,+905368549192,Kuaför / Berber
BEYZANUR ÖZEN NAİL STUDIO,+905541585134,Güzellik Salonu
Ck Kuaför cihan gaziosmanpaşa,+905433257297,Kuaför / Berber
HMAK GÜZELLİK MERKEZİ,+905545142727,Güzellik Salonu
Filiz Bayan Kuaförü,+902125369884,Kuaför / Berber
Salon Emir,+905326581284,Kuaför / Berber
Life Art Saç Tasarım Mehmet,+905359602222,Kuaför / Berber
Daça Bayan Kuaförü,+905319557050,Kuaför / Berber
Kadir coşkun hair& protez saç,+905334613792,Güzellik Salonu
AS HAIR HOUSE,+902126161669,Kuaför / Berber
Salon Cihan Kuaför Saç Kaynak Merkezi,+902124970198,Kuaför / Berber
Rk Bayan Kuaförü & Kemal Yıldız,+905308835670,Kuaför / Berber
MURAT ÇOLAK hair salon,+905345222112,Kuaför / Berber
Altıntaş bayan Kuaför,+905333847810,Kuaför / Berber
YK Hair Make-Up,+905345423877,Güzellik Salonu
Ekol Bayan Kuaförü,+905369638516,Kuaför / Berber
ESDORA KUAFÖR,+905334059952,Kuaför / Berber
Dilamed Gaziosmanpaşa,+905448146261,Kuaför / Berber
Naturel Saç Tasarim,+905468721626,Kuaför / Berber
Hakan Kuaför,+905354354004,Kuaför / Berber
Eser Kuaför,+905517452834,Kuaför / Berber
AMOREE BEAUTY,+902124170747,Güzellik Salonu
Çiğdem Kuaför,+902125817406,Kuaför / Berber
HAIR ART (Hair Art) erkek kuaförü murat polat,+905363045088,Kuaför / Berber
Alçko Kuaför,+902124181966,Kuaför / Berber
LİDER KUAFÖR,+905416176631,Kuaför / Berber
Nisa Bayan Kuaförü,+902128039715,Kuaför / Berber
Simay SARIKAYA Hair & Makeup Studio,+905366061108,Güzellik Salonu
Uğur bayan kuaförü,+902124790501,Kuaför / Berber
Venezia Okan Balkanlı Coiffeur Men & Women,+905385484480,Kuaför / Berber
Güneş Saç Kaynak,+905443610381,Kuaför / Berber
Red Hair,+902126184941,Kuaför / Berber
Adem Erkek Kuaförü,+905356257777,Kuaför / Berber
Saloon Tuğçe Bayan Kuaförü,+902126154725,Kuaför / Berber
Mass Kuaför Salih Kurt,+902125645434,Kuaför / Berber
C & C Erkek Kuaförü,+905312476295,Kuaför / Berber
SALON DENİZ BAYAN KUAFÖRÜ,+905300614699,Kuaför / Berber
Gül Kuaför,+902126189900,Kuaför / Berber
Seyhun Erkek Kuaförü,+905365506510,Kuaför / Berber
Kar Elmas Bayan Kuaförü,+905364397855,Kuaför / Berber
Kadınca Kuaför,+905324042564,Kuaför / Berber
DUYGU KUAFÖR,+905342229034,Kuaför / Berber
Ares Kuaför,+905374163575,Kuaför / Berber
FERHAT TAŞAN HAİR ARTİST,+905401573456,Kuaför / Berber
Salon Avrupa,+902124180608,Kuaför / Berber
Gm hair,+905384985400,Kuaför / Berber
Funda Coiffeur,+905442541553,Kuaför / Berber
Kuafor Mine,+905312265083,Güzellik Salonu
SAÇSANAT ERKEK SAÇ TASARIM,+905358151025,Kuaför / Berber
KARMEN KUAFÖR,+905364524455,Kuaför / Berber
Star bayan kuaförü,+905343305340,Kuaför / Berber
Burak Kuaför Küçükköy,+905374921437,Kuaför / Berber
Gazi Yetkin Kuaför Salonu,+905362625812,Kuaför / Berber
A Plus Bayan Kuaförü,+902125780371,Kuaför / Berber
HollyWood Bayan Kuaför,+905466909059,Kuaför / Berber
Nasip Kuaför Küçükköy,+905448839329,Kuaför / Berber
Mine Kuaför,+902125359373,Kuaför / Berber
kuaför ömer,+905079305668,Kuaför / Berber
Sönmez Bayan Kuaförü,+902125358232,Kuaför / Berber
MÇ Bayan Kuaförü,+902126498414,Kuaför / Berber
EWA SALON,+902126097101,Kuaför / Berber
salon mabella,+905434488948,Kuaför / Berber
Kuaför Elif,+905386111958,Kuaför / Berber
Kuaför Recep,+905367892115,Kuaför / Berber
Gözde Kuaförü,+905546382802,Kuaför / Berber
Viva 90 Bayan Kuaförü,+902125649635,Kuaför / Berber
Kuaför isa,+905543188484,Kuaför / Berber
Salon Tuğba,+905465090712,Kuaför / Berber
The Pet Kuaför Pet Shop (Gaziosmanpaşa),+905454716765,Kuaför / Berber
PERADERM GÜZELLİK,+905350276088,Güzellik Salonu
Estetik İncim Gaziosmanpaşa Ağız ve Diş Sağlığı Polikliniği-DT Engin ASLAN ve Ekibi,+905530527317,Diş Kliniği
Pınar Seda Sayan güzellik dünyası,+902126265626,Güzellik Salonu
Neva Klinik | Estetik Merkezi,+905306856112,Güzellik Salonu
Esteluxx Estetik Gaziosmanpaşa,+905540106156,Güzellik Salonu
VICTOR ESTETİK,+905414963605,Güzellik Salonu
H&H Solarium Güzellik Merkezi,+905306425544,Güzellik Salonu
Lena Estetik ve Güzellik Salonu,+905368166952,Güzellik Salonu
Op. Dr. Mehmet Solmaz,+905334642292,Güzellik Salonu
Qeen Lazer Estetik Guzellik Salonu,+905558017110,Güzellik Salonu
Estelance,+905451491824,Güzellik Salonu
Ebisah Güzellik Merkezi,+905309505046,Güzellik Salonu
Melis Reşitoğlu Beauty & Hair Gallery,+902125816454,Güzellik Salonu
Asya Nail Art & Beauty,+905426060961,Güzellik Salonu
Op.Dr.Mecd Atif Cezairlioğlu,+905303186724,Güzellik Salonu
Medroyal Estetik Fulya,+905424764656,Güzellik Salonu
Mehmet Ceber Clinic,+905467769042,Diğer (Sağlık & Bakım)
SELDA AYDIN BEAUTY CENTER,+905523066944,Güzellik Salonu
hayat clinic,+905551089000,Güzellik Salonu
Nazlı Akkaş Estetik ve Güzellik Merkezi,+905451771747,Güzellik Salonu
Lavia Güzellik Merkezi,+905462741304,Güzellik Salonu
Charm Nails Güzellik ve Bakım,+905536989181,Güzellik Salonu
Op. Dr. Paşa Dağıstanlı,+905010908605,Güzellik Salonu
Raksana Beauty,+905333033425,Güzellik Salonu
DENİZ GÜZELLİK MERKEZİ,+905523323499,Güzellik Salonu
Safir Estetik,+905530189978,Güzellik Salonu
British Aesthetic Clinic,+902124187468,Güzellik Salonu
Mani Nail Protez Tırnak / İstanbul nail extension,+905331201767,Güzellik Salonu
Medwyse,+905013527270,Güzellik Salonu
Need Estetik Clinic Health Tourism,+902127066005,Güzellik Salonu
"Estetik Tıp, Cerrahi ve Kozmetoloji Merkezi",+902126240005,Güzellik Salonu
Op. Dr. M. Mustafa Aydınol,+905447720772,Güzellik Salonu
Therapia Psikoloji Gaziosmanpaşa,+905415635975,Psikolog / Terapist
Empati Psikoloji I Gaziosmanpaşa -Bayrampaşa - Eyüp- Esenler Psikolog,+905528796171,Psikolog / Terapist
Defne Psikolojik Danışmanlık - Klinik Psikolog Buse Alamış Karlı,+905336939686,Psikolog / Terapist
Uzman Psikolog Özge Akçay - Persona Psikolojik Danışmanlık Merkezi,+905511864241,Psikolog / Terapist
Armoni Psikolojik Danışmanlık Merkezi - Uzman Klinik Psikolog Eda MALKAV,+905550990501,Psikolog / Terapist
Uzman Psikolog Nuray Şahin,+905437377725,Psikolog / Terapist
TeraHayat Danışmanlık,+905364462527,Psikolog / Terapist
Psikolog Sümeyye Ceylan Çeliktekin,+905059788850,Psikolog / Terapist
Klinik Psikolog Gülnur Sancak,+905512181582,Psikolog / Terapist
Uzman Psikolog Şeyma İZMİTLİ,+905054480012,Psikolog / Terapist
Psikolog Beyzanur Karaman,+905456095825,Psikolog / Terapist
Vagus Psikoloji / Uzman Klinik Psikolog İrem Merve Birdal Ok,+905521539595,Psikolog / Terapist
Klinik Psikolog FIRAT KOLYİĞİT,+905462817441,Psikolog / Terapist
Adel Danışmanlık,+905520014988,Psikolog / Terapist
Klinik Psikolog Ayşe Sena Sarıdoğan Öztürk,+908508113502,Psikolog / Terapist
Uzman Klinik Psikolog Büşra Sezgi AKIN,+905382628483,Psikolog / Terapist
Uzm. Klinik Psikolog Muhammed Usluca - İstanbul Psikolog,+905313024100,Psikolog / Terapist
Nefes Danışmanlık,+902125782010,Psikolog / Terapist
Gaziosmanpaşa Aile Danışmanlik ve Eğıtım Merkezi,+902124793519,Psikolog / Terapist
Monstera Psikoloji,+905403252020,Psikolog / Terapist
Psikolojik İyi Oluş Akademisi/Uzm.Klinik Psikolog Çiğdem YILDIZ,+905363993465,Psikolog / Terapist
Bir Aile Psikolojik Danışmanlık Merkezi,+902125381040,Psikolog / Terapist
Uzman Klinik Psikolog Esma Karakaş,+905382242105,Psikolog / Terapist
Uzman Psikolog Duygu Bakır,+905461151611,Psikolog / Terapist
Uzman Klinik Psikolog | Alen Rasinlic,+905451438535,Psikolog / Terapist
Klinik Psikolog İlyada İskenderoğlu - Özel Sağlık Meslek Hizmet Birimi,+905386619486,Psikolog / Terapist
Psikolog / Oyun Terapisti Sibel Acar,+905373911644,Psikolog / Terapist
Uzm. Kl. Psk. Esra Battal,+908508117857,Psikolog / Terapist
Gaziosmanpaşa Psikolog Uzman Psikolog Esra Kılınç Yıldırım,+905346829553,Psikolog / Terapist
Klinik Psikolog Tuba Senay Yazaroğlu Teker,+905415183989,Psikolog / Terapist
Psikolog Özkan Karakaş,+905528622335,Psikolog / Terapist
Psikolog Neslihan Öztürk,+905532028490,Psikolog / Terapist
Uzm. Dr. Burak Berber,+908508110558,Kuaför / Berber
Uzm.Psikolog Yadigar AKTAŞ KILIÇVURAN,+905357747934,Psikolog / Terapist
Psikolog Elifnur Çimen Güngör,+905451381410,Psikolog / Terapist
Rojda Gümüş,+908503330388,Psikolog / Terapist
Psikolog Lamia Topal & Lamia Danışmanlık,+905342393270,Psikolog / Terapist
Uzm. Psikolog Başak Kalkan Yamak,+905358262203,Psikolog / Terapist
"Çocuk ve Ergen Danışmanlığı, Yetişkin Danışmanlığı, Psikolog, MOXO Dikkat Testi, Uzman Psikolog Ayşegül CAN",+905347256831,Psikolog / Terapist
afk Eğitim ve Psikolojik Danışmanlık,+908508119063,Psikolog / Terapist
Psikolog Merve Güçlü,+902129126471,Psikolog / Terapist
Çocuk ve Genç Psikiyatristi Uzm. Dr. Hozan Saatçıoğlu,+905304767147,Psikolog / Terapist
Klinik Psikolog Okan Kurtuluş | İstanbul Psikolog,+905539095338,Psikolog / Terapist
İyiki Psikoloji - Gönül İNDİBAY,+905348337056,Psikolog / Terapist
Klinik Psikolog Süleyman Emin Derya,+905521886171,Psikolog / Terapist
Psk. Mustafa Vurer,+908508117739,Psikolog / Terapist
Küçükköy Ağız Ve Diş Sağlığı Polikliniği,+905340536700,Diş Kliniği
DENTORIA Ağız ve Diş Sağlığı Polikliniği,+902126145555,Diş Kliniği
Özel İstanbul Ağız Ve Diş Sağlığı Polikliniği,+902125641616,Diş Kliniği
Nöbetçi Dişçi Gaziosmanpaşa | Özbudent Ağız ve Diş Sağlığı Polikliniği,+902129098880,Diş Kliniği
Dentista Ağız ve Diş Sağlığı Polikliniği,+905530526648,Diş Kliniği
Özel Dental Center Ağız ve Diş Sağlığı Polikliniği,+902125336825,Diş Kliniği
Özel Gaziosmanpaşa Ağız ve Diş Sağlığı Polikliniği,+905498581000,Diş Kliniği
CLİNİC 500 - Diş Kliniği - Özel Ağız ve Diş Sağlığı Polikliniği,+905447903005,Diş Kliniği
AB Diş Ağız ve Diş Sağlığı Polikliniği,+902124177744,Diş Kliniği
DentX Küçükköy Ağız ve Diş Sağlığı Polikliniği,+902126505924,Diş Kliniği
Yıldıztabya Ağız ve Diş Sağlığı Polikliniği ( gaziosmanpaşa diş/ zirkonyum/ implant/ çocuk diş/lamine),+905014888080,Diş Kliniği
Gopdent Ağız Ve Diş Sağlığı Polikliniği,+902125816666,Diş Kliniği
Bilgün Ağız Ve Diş Sağlığı Polikliniği,+905530661399,Diş Kliniği
Diş Hekimi Hamza Keskin,+905533335530,Diş Kliniği
DEVRENT Ağız ve Diş Sağlığı Polikliniği,+902125641838,Diş Kliniği
Seçkin Ağız Ve Diş Sağlığı Polikliniği | Gaziosmanpaşa Diş Klinikleri,+902125785757,Diş Kliniği
Mavi Dent Ağız ve Diş Polikliniği,+902126176710,Diş Kliniği
KAR TANESİ AĞIZ VE DİŞ SAĞLIĞI POLİKLİNİĞİ,+905400603030,Diş Kliniği
Özel Ark Ağız ve Diş Sağlığı Polikliniği,+902126189791,Diş Kliniği
Diş Hekimi Türkan Uz,+902126156015,Diş Kliniği
Özel Sedef Ağız ve Diş Sağlığı Polikliniği,+905318527889,Diş Kliniği
3A Dental Klinik,+902124176845,Diş Kliniği
Özel Avrupa İnci Ağız ve Diş Sağlığı Polikliniği,+902124794500,Diş Kliniği
Diş hekimi Zeynep Nur Köprülü,+905308634330,Diş Kliniği
Mars Küçükköy ağız ve diş sağlığı polikliniğii,+902128038180,Diş Kliniği
ÖZEL NATURADENT AĞIZ VE DİŞ SAĞLIĞI POLİKLİNİĞİ,+902125359530,Diş Kliniği
Smart Smile Dent,+905465564829,Diş Kliniği
İnci Evim Ağız ve Diş Sağlığı Polikliniği,+905055844752,Diş Kliniği
ADEN AĞIZ VE DİŞ SAĞLIĞI MERKEZİ,+905309923144,Diş Kliniği
Özel Seyit Ağız ve Diş Sağlığı Polikliniği,+902124797976,Diş Kliniği
Özel Yıldıztabya Şenay Ağız ve Diş Sağlığı polikliniği,+902126148800,Diş Kliniği
Diş Hekimi Önder Çalışkan,+902126175151,Diş Kliniği
Özel Işıl Ağız ve Diş Sağlığı Polikliniği,+905301303505,Diş Kliniği
Diş Hekimi Özgül Deveci,+902126165841,Diş Kliniği
Diş Hekimi Kemal Ömür,+902126157776,Diş Kliniği
Dentista Kids Çocuk ve Dijital Ortodonti Diş Polikliniği,+905510102205,Diş Kliniği
İrem Erol Ağız ve Diş Sağlığı Polikliniği,+905317242259,Diş Kliniği
Diş Hekimi Tolga Şen,+905332532282,Diş Kliniği
Diş Hekimi Özlem Işıklı,+902124180603,Diş Kliniği
Göraldent Ağız ve Diş Sağlığı Beşyüzevler,+902126494215,Diş Kliniği
Elif Yılmaz Cinik Dental Clinic,+905332645510,Diş Kliniği
EMİN AĞIZ VE DİŞ SAĞLIĞI POLİKLİNİĞİ,+905543866596,Diş Kliniği
Dentapical Ağız ve Diş,+902126157015,Diş Kliniği
Dr. Ahmet Cem Gül,+902126507407,Diş Kliniği
Dişhekimi Haşim Erden,+902125376279,Diş Kliniği
ÖZEL ELİTAŞ AĞIZ VE DİŞ SAĞLIĞI POLİKLİNİĞİ,+905322235626,Diş Kliniği
Diş Hekimi Yüksel Üzel,+902125354660,Diş Kliniği
Citydent Istanbul Dental Clinic,+902122384672,Diş Kliniği
DİŞ HEKİMİ Suat ÇOLAK,+902125384614,Diş Kliniği
Özel Negün Ağız ve Diş Sağlığı Polikliniği,+905392397221,Diş Kliniği
Özel Çetin Altın ağız ve diş sağlığı,+902125635580,Diş Kliniği
Diş Hekimi Yağız Can Batuk,+905426105243,Diş Kliniği
Diş Hekimi Emrah Çuçanlar,+905354310910,Diş Kliniği
Diş Hekimi Sinan FIKRETOĞLU,+902125370500,Diş Kliniği
Diş Hekimi Dt.Meral Dayan Gayhan,+905333162736,Diş Kliniği
Özel Çetin Altın Ağız ve Diş Sağlığı Polikliğini,+902125635581,Diş Kliniği
Diş Hekimi Remziye Meriç,+902125818928,Diş Kliniği
Alve Dent Clinic,+905469123934,Diş Kliniği
Özel Dent Venera Ağız ve Diş Sağlığı Polikliniği,+905540146065,Diş Kliniği
Diş Hekimi Necmettin Çınar İMPLANT ÇEKİM KANAL,+905423941258,Diş Kliniği
Dt. Turan Bayat,+908508119064,Diş Kliniği
DiŞ HEKİMİ VİLDAN ARDA,+905387967199,Diş Kliniği
Diş Hekimi Hüsmen Ayan,+902126151618,Diş Kliniği
Diş Hekimi Murat Papak,+902125451188,Diş Kliniği
Diş Hekimi Özkan Bayar,+902126183652,Diş Kliniği
Diş Hekimi Nehire Rodoplu,+902124774282,Diş Kliniği
Fuego Tattoo Studio,+905306384089,Dövme & Piercing
Hasret Tattoo,+905316608638,Dövme & Piercing
Tattoo Piercing Dövme Sİlme Sütüdyosu,+905303971336,Dövme & Piercing
Bayrampaşa Eyüp Eyüpsultan,+905316945010,Dövme & Piercing
Art Work Tattoo & Pıercing Studio,+905377412716,Dövme & Piercing
Cat Tattoo Studio Gaziosmanpaşa,+905354334765,Dövme & Piercing
LONELİGHT STUDİO,+905337398244,Dövme & Piercing
HA ink Tattoo Studio,+905380133388,Dövme & Piercing
Ateşyakan Tattoo,+905355623555,Dövme & Piercing
Tattoosun Studio,+905369248789,Dövme & Piercing
Stone tattoo,+905369413970,Dövme & Piercing
YLD TATTOO STUDİO,+905344079503,Dövme & Piercing
Eddy_tattoo,+905316995064,Dövme & Piercing
Tattoo Piercing Dövme Stüdyosu Sultangazi,+905372782504,Dövme & Piercing
Hera İnk Tattoo & Hera Beauty,+905318952468,Dövme & Piercing
Sedat Demir Tattoo,+905010622424,Dövme & Piercing
Tattoo JV,+902125361659,Dövme & Piercing
Loca Pilates Studio,+905521035815,Pilates / Yoga
Shine Pilates Studio,+905529364118,Pilates / Yoga
Body Flex Pilates Studio,+905327310491,Pilates / Yoga
360Thera,+905424154461,Pilates / Yoga
ELPİ PİLATES,+905407710907,Pilates / Yoga
Ellavie Pilates Studio,+905078188851,Pilates / Yoga
3.14 Pilates By Burcu Erdoğan,+905439312756,Pilates / Yoga
Fitness Time Club,+902124153536,Kuaför / Berber
Sportss Life,+902124168590,Kuaför / Berber
Infinity GYM,+902126603248,Kuaför / Berber
"FİZYOSEN Manuel Terapi, Pilates, Fizyoterapi",+905432097011,Psikolog / Terapist
Şampiyon Spor Center,+902125470570,Kuaför / Berber
Euphoria Boss - Spor Salonu,+905356255060,Kuaför / Berber
GYMFIT OLIVIUM,+905314347361,Kuaför / Berber
Slim Ladies,+902126797946,Kuaför / Berber
Akyüz Spor Salonu,+905075850861,Kuaför / Berber
Bodyline Spor Salonu,+902125107280,Kuaför / Berber
Zeytinburnu Tatlı Spor Kulübü,+905372683578,Kuaför / Berber
Noma Healthness,+905335271937,Diğer (Sağlık & Bakım)
GKK Spor Kulübü,+905343425462,Kuaför / Berber
Zeytinburnu Fitpoint Spor merkezi,+905343939699,Kuaför / Berber
Cihan Spor Kulübü,+905556342375,Kuaför / Berber
FizyoVirtus,+905373893176,Fizyoterapi
Öyküm Kardaş Beauty&Body Center,+905348868032,Pilates / Yoga
Prime Fit Pilates Stüdyosu,+905318332167,Pilates / Yoga
İncirli - Prime Fitness,+902125575050,Kuaför / Berber
Fours Pilates Studio Bakırköy,+905534262815,Pilates / Yoga
Suzanne online ders,+905459578543,Pilates / Yoga
Fizyotime Pilates Gaziosmanpaşa,+905331435888,Pilates / Yoga
Unique Pilates Studio,+905344694365,Pilates / Yoga
Berfin Hükenek Pilates Stüdyosu,+905423024922,Pilates / Yoga
Meral Pilates Stüdyo,+905375006746,Pilates / Yoga
Selin Soytürk Pilates,+905367385307,Pilates / Yoga
Utopia Fitness Club Gaziosmanpaşa,+908503052829,Kuaför / Berber
Hilal Mercan Pilates,+905457864679,Pilates / Yoga
Zehra Aksoy Pilates Studio,+905520180071,Pilates / Yoga
Bi-pilates,+905523583030,Pilates / Yoga
Positive Pilates,+905072875936,Pilates / Yoga
PlayStüdyo Gaziosmanpaşa | Kadınlara Özel Spor Salonu,+902124325000,Kuaför / Berber
Via Fit Pilates Studio,+905458344437,Pilates / Yoga
Alev Spor Studio,+905308760481,Kuaför / Berber
Gaziosmanpaşa B-fit kadınların spor ve yaşam merkezi,+902124970234,Kuaför / Berber
Fitwomen Bayanlara Özel Spor ve Sağlıklı Yaşam Merkezi,+902126497397,Kuaför / Berber
Black Fit Sport Club,+905436627292,Kuaför / Berber
Bigbanggym Küçükköy Spor Salonu & Fitness,+905513859085,Kuaför / Berber
Change Tıme Fıtness,+902124970777,Kuaför / Berber
Z-FİT,+902126163497,Kuaför / Berber
Fit Station Küçükköy,+905515112528,Kuaför / Berber
Numberone 1 Sport Club,+902125355853,Kuaför / Berber
W.S.K.U. Spor Center,+905393976142,Kuaför / Berber
Fit Yoga (Sıcak/Hot Yoga) Stüdyosu,+905330167312,Pilates / Yoga
Fitwomen Bayanlara Özel Spor ve Sağlıklı Yaşam Merkezi,+905322165766,Kuaför / Berber
Number One Health Life,+902125366144,Kuaför / Berber
AYDIN SPOR KULÜBÜ,+902126170909,Kuaför / Berber
prenses bayan spor salonu,+902124861084,Kuaför / Berber
HK Fitness Muscle Boss,+905368567282,Kuaför / Berber
Salon Fahrettin Gökçen,+902125544096,Kuaför / Berber
Beren Sayan Güzellik Dünyası,+905356273367,Güzellik Salonu
Glow Face Güzellik Salonu,+905384781839,Güzellik Salonu
Ruken Ertaş Güzellik Salonu by RK Güzellik & Epilasyon - Güngören,+905011084636,Güzellik Salonu
Fidan Kılıç Güzellik salonu,+905424736732,Güzellik Salonu
Bluna güzellik salonu,+902126427764,Güzellik Salonu
SG Estetik,+905359225909,Güzellik Salonu
MERLİSA BEAUTY,+905540104104,Güzellik Salonu
Gold Güzellik salonu,+905455064707,Güzellik Salonu
Pınar Altındağ Beauty Center,+905303962992,Güzellik Salonu
Yüksel Tanşu,+902126438713,Kuaför / Berber
Venüs Kuaför & Güzellik Merkezi,+902126447592,Güzellik Salonu
Yaren Peker Beauty,+905315953744,Güzellik Salonu
Salon XL - Güngören Bayan Kuaförü,+905057595559,Kuaför / Berber
BİROL KLC BAY BAYAN GÜZELLİK SALONU,+905316122144,Güzellik Salonu
SALOON HAN-ZADE - Güngören,+905348838195,Güzellik Salonu
Estimam Güzellik Salonu,+902124621780,Güzellik Salonu
Bues beauty,+905427931812,Güzellik Salonu
Salon Ferdi & Enes,+902125070343,Kuaför / Berber
BLONDLAB hair studio,+902125059551,Kuaför / Berber
Sevim Güzellik Salonu,+905325529147,Güzellik Salonu
ENTAY BAYAN KUAFÖRÜ - MERTER,+902125578810,Güzellik Salonu
Sarp Saç Tasarım,+905437487277,Kuaför / Berber
Bayan Kuaför ve Güzellik Salonu,+905322957549,Güzellik Salonu
Nexus Estetik Polikliniği,+905372763989,Güzellik Salonu
Nev istanbul güzellik ve bakım Vip Güngören şubesi Lale BİRDAL,+905320139304,Güzellik Salonu
Yasemin & Eminenur Bayan Kuaförü,+905343133959,Güzellik Salonu
Yıldırım Kuaför,+902125756650,Kuaför / Berber
AHMET TUNCAY KAYA,+902125020284,Kuaför / Berber
Salon By Musa Kuaför,+905423731052,Kuaför / Berber
Hatice Kaşık Bayan Kuaförü ve Güzellik Salonu,+902125559369,Güzellik Salonu
Günay Kuaför ve Güzellik Salonu (Salon Günay),+905526969655,Güzellik Salonu
Canan ve Arslan güzellik merkezi,+905326279135,Güzellik Salonu
ALİ ERKAN CUT&COLOR,+905319429192,Kuaför / Berber
Belinay kuaför &güzellik,+905308833693,Güzellik Salonu
Duygu Es Beauty,+902125050085,Güzellik Salonu
Bella Bayan Kuaförü,+902126430210,Kuaför / Berber
Estecool Güngören,+905304037825,Güzellik Salonu
Yalçın Kuaför Salonu,+902124334253,Kuaför / Berber
R&T Kuaför,+905464383304,Kuaför / Berber
Saloon Vidos,+905368813441,Kuaför / Berber
SALON AYSUN BAYAN KUAFÖR & SAÇ TASARIM,+902125068289,Kuaför / Berber
Aylin Kuaför,+902125548872,Kuaför / Berber
AS Bayan Kuaförü,+905397692624,Kuaför / Berber
Salon Azize Hair Design,+902126443257,Kuaför / Berber
"Esthetic Clinicall Merkez - Güzellik Merkezi, Cilt Bakımı, Bölgesel İncelme",+905052521336,Güzellik Salonu
İxir Güzellik Salonu,+902125624191,Güzellik Salonu
Turkuaz Kuaför Salonu,+905331700903,Kuaför / Berber
Sezgin Kuaför,+905435018782,Kuaför / Berber
Kuaför Vildan,+902126106365,Kuaför / Berber
MAMİ ERKEK KUAFÖR SALONU,+905396104700,Kuaför / Berber
Melis Bayan Kuaförü,+902124828773,Kuaför / Berber
Fonte Extension Güzellik Merkezi,+905412844145,Güzellik Salonu
Naturel Erkek Kuaförü,+905362836515,Kuaför / Berber
Saloon Erdem,+905362858380,Kuaför / Berber
Güngören Kadir Kuaför,+905353449483,Kuaför / Berber
SametBudak_kuafor,+905412607627,Kuaför / Berber
Mehmet varol kuaför,+905305810965,Kuaför / Berber
Angel,+905352658898,Kuaför / Berber
Beril Güzellik Salonu,+905055963017,Güzellik Salonu
siyah inci barber shop güngören,+905316770001,Kuaför / Berber
Kuaför Yılmaz Şükran,+905359764653,Kuaför / Berber
Fit Station Güngören,+905335159080,Kuaför / Berber
Ruveyda Güzellik Salonu,+905368588473,Güzellik Salonu
Özel Öz Huzur Estetik Merkezi,+902126450347,Güzellik Salonu
Yıldızca Beauty - Güngören Güzellik Merkezi,+905324292180,Güzellik Salonu
Güngören Bayan Kuaförü,+905313325320,Kuaför / Berber
Mena Pilates,+905322251694,Pilates / Yoga
Studıo Love Pilates & Wellness,+905358175996,Pilates / Yoga
BeLine Pilates Studio,+905376982329,Pilates / Yoga
ALEYNA AYYILDIZ PİLATES,+905394968585,Pilates / Yoga
Aura Sports Club,+905318295111,Pilates / Yoga
Studio Yeniköy,+905010273709,Pilates / Yoga
Upsitemotion Sariyer Pilates Studio,+905342020775,Pilates / Yoga
Maslak Pilates,+905541913705,Pilates / Yoga
Fizyogülse-Pilates,+905468955786,Pilates / Yoga
Studio11 Pilates - Personal Training,+905067145844,Pilates / Yoga
FitlabGYM,+905524367960,Kuaför / Berber
Ay Pilates,+902122026561,Pilates / Yoga
Mora Pilates,+902122234441,Pilates / Yoga
TD Pilates,+905446214502,Pilates / Yoga
METpilates Stüdyo,+905307115689,Pilates / Yoga
BÜES Pilates Studio,+905541917281,Pilates / Yoga
The Cove Pilates,+902122771122,Pilates / Yoga
Dina Good Life Pilates Studio,+905339201418,Pilates / Yoga
MEC Pilates Studio,+905339729115,Pilates / Yoga
Studio Pilates Azra,+902122629832,Pilates / Yoga
Zed's Studio,+905380911320,Pilates / Yoga
Suzi 's Pilates Studio,+905382375795,Pilates / Yoga
Strong Spine Pilates Studio,+905539660160,Pilates / Yoga
Karma Yoga & Pilates Studio,+905312848185,Pilates / Yoga
Pilates Space,+902122624044,Pilates / Yoga
Villa Fit Plus,+905321612030,Kuaför / Berber
Pilates 360,+902123232344,Pilates / Yoga
Mu Pilates,+905322027998,Pilates / Yoga
UBA BOXİNG ACADEMY | Sarıyer Boks | Reformer Pilates | Kick Boks | Personal Trainer,+905541124953,Pilates / Yoga
Hermes Studio,+905424450000,Kuaför / Berber
"Stylelife Pilates, Hamak Yoga, 4DPro, Kuvvet / Zekeriyaköy / Ormanada",+902122015444,Pilates / Yoga
Torch Pilates & Personal Training Studio,+905302618607,Pilates / Yoga
Soul and Body Personal Training,+905495460365,Kuaför / Berber
Professional Pilates Studios,+902122773885,Pilates / Yoga
Atofit Spor Salonu,+905332044988,Kuaför / Berber
Jova Pilates Studio Zekeriyaköy,+905333693994,Pilates / Yoga
Reformfit Personal Training,+905332211503,Kuaför / Berber
Zt Spor Stüdyosu,+905352489225,Kuaför / Berber
Gym Station Pilates & Personal Training Studio,+905375500202,Pilates / Yoga
Studio 919,+905418828410,Kuaför / Berber
Back To Fit,+905316542515,Kuaför / Berber
Matchbox Fitness,+905326120511,Kuaför / Berber
Levent Reformer,+902122782025,Pilates / Yoga
Relife Sports Club,+905316166869,Kuaför / Berber
IPF Klinik Pilates Stüdyo İstinye,+902122781155,Pilates / Yoga
PlayStüdyo Levent | Kadınlara Özel Spor Salonu,+905398897529,Kuaför / Berber
Bfit,+902122236444,Kuaför / Berber
EnFit Pilates&Fitness,+905323401050,Pilates / Yoga
Max Challenge Fitness,+902122897953,Kuaför / Berber
KahramanFit,+905358868015,Kuaför / Berber
İTÜ Spor Salonu,+902122853408,Kuaför / Berber
Semahat Arsel Spor Salonu,+902123383055,Kuaför / Berber
Fight Park,+905373619867,Kuaför / Berber
THEPIT Maslak,+905334066030,Kuaför / Berber
Holi sports club,+905378553189,Kuaför / Berber
Stylelife Pilates-4.Levent Aletli Pilates Stüdyo,+902122645155,Pilates / Yoga
Fight Club Academy,+902123420073,Kuaför / Berber
BOB GYM Zekeriyaköy,+902122015344,Kuaför / Berber
Thor Gym Personal Training Studio,+905557527888,Kuaför / Berber
Stylelife Pilates Mecidiyeköy,+902122661347,Pilates / Yoga
SportsAndMore Personal Training Studio,+905325940984,Kuaför / Berber
Soft Fizyoterapi ve Sağlıklı Yaşam Merkezi,+905455547638,Psikolog / Terapist
Tips Pilates,+905422993488,Pilates / Yoga
The Gym Private - Tarabya,+902122622872,Kuaför / Berber
Aletya Yoga & Pilates Studio,+905332658905,Pilates / Yoga
sarıyer fitness bodybuilding,+905555984744,Kuaför / Berber
Bulls Gym Sarıyer,+905348202509,Kuaför / Berber
SarFit Poligon Spor Tesisleri,+902123384158,Kuaför / Berber
AURA PİLATES YENİKÖY,+902122232400,Pilates / Yoga
Ece Güven Fizyoterapi ve Egzersiz Danışma Merkezi,+905317358182,Psikolog / Terapist
Corezone Maslak Studio,+902128018502,Kuaför / Berber
endorfit by Seval,+905349119212,Kuaför / Berber
Sariyer Spor Kulübü Eyüp Odabaşı Yönetim Binası,+902122420927,Kuaför / Berber
SuperSlow Zone Zekeriyaköy,+902122029500,Kuaför / Berber
StudioCome2me,+905071485058,Kuaför / Berber
NOYA PİLATES,+905312598661,Pilates / Yoga
İbrahim Anli Fight Club Zekeriyaköy,+905398791994,Kuaför / Berber
Diamond bayan kuaförü,+905396056699,Kuaför / Berber
Nuray Bayan Kuaförü,+905358152188,Kuaför / Berber
Hasan Sönmez Hair Design & Beauty ELİTE,+905320647942,Güzellik Salonu
SALON MELEĞİM,+905531644306,Kuaför / Berber
Salon Nizam Bayan Kuaförü,+905316972226,Kuaför / Berber
Haydar Hızar Saç Tasarım,+902125055106,Kuaför / Berber
By Kadir Gülöz Bayan Kuaförü,+902125579438,Kuaför / Berber
My style kuafor,+902125542025,Kuaför / Berber
Rıdvan Özçelik Academi,+905465413034,Kuaför / Berber
Saloon As Magic,+902126441310,Kuaför / Berber
Mürsel Bayan Kuaförü,+905352449269,Kuaför / Berber
Kemal Bozz Kuaför,+905355243606,Kuaför / Berber
Ecrin Bayan Kuaförü,+902126420027,Kuaför / Berber
Emre Söyler hair master erkek kuaförü,+905309764029,Kuaför / Berber
Selçuk Hair Design Studio,+905415743758,Kuaför / Berber
Gülsevim Bayan Kuaförü,+902125530192,Kuaför / Berber
Rose Kuaför,+902125045630,Kuaför / Berber
Mini bayan kuaförü,+905426820892,Güzellik Salonu
Nispet Bayan Kuaförü,+905419710652,Kuaför / Berber
Kuaför Edip,+905453981030,Kuaför / Berber
Kuatek Penuar Berber Önlüğü Tekstili Ltd. Şti.,+905380964455,Kuaför / Berber
Pınar Bayan Kuaförü,+905316559508,Kuaför / Berber
Kılıç Saç Tasarım,+905448441466,Kuaför / Berber
Kuaför Ayhan & Celal,+902125577619,Kuaför / Berber
Salon İlhan Saç Tasarım,+905383008314,Kuaför / Berber
Saloon Anatolıa,+905377888362,Kuaför / Berber
Enes Erkek Kuaförü,+905316904946,Kuaför / Berber
Educ Salon,+905357330775,Kuaför / Berber
Emre Erkek Kuaförü,+905378847501,Kuaför / Berber
Berber İsmail,+905332113312,Kuaför / Berber
Kuaför Marjinal,+905077093830,Kuaför / Berber
Fatih Erkek Kuaförü,+905356089819,Kuaför / Berber
By Uras Erkek Kuaförü,+905315087583,Kuaför / Berber
KESTİR HAİR DESİGN,+905539040404,Kuaför / Berber
Cengiz Erkek Kuaförü,+905356878056,Kuaför / Berber
Sönmez Bayan Kuaförü,+905357450898,Kuaför / Berber
Recep Erkek Kuaförü,+905442422651,Kuaför / Berber
ENGİN ERKEK KUAFÖRÜ,+905333396925,Kuaför / Berber
Star Kuaför,+905068958201,Kuaför / Berber
Hanımeli Kuaför Salonu,+905436872779,Kuaför / Berber
Erkek Kuaförü Salon Q7,+905397638896,Kuaför / Berber
Kuaför Keoss,+905336493610,Kuaför / Berber
Salon Stil Erkek Kuaförü,+905335765278,Kuaför / Berber
Blue Moon Estetik ve Güzellik Merkezi,+902126772234,Güzellik Salonu
Lazeres Estetik ve Güzellik Merkezi,+905307863444,Güzellik Salonu
Galata HC Güzellik Salonu,+905422086387,Güzellik Salonu
Starliçe Güzellik Salonu,+902125086696,Güzellik Salonu
Mila Estetik,+905353449000,Güzellik Salonu
Kuantum sağlık ve güzellik,+905067640202,Güzellik Salonu
Sonay Öztan Gökhan,+905454507141,Diş Kliniği
Nexus güzellik merkezi haznedar,+902125047755,Güzellik Salonu
Saloon Hayal Kuaför Güzellik salonu,+902127277717,Güzellik Salonu
Annabella VİP Güzellik Salonu SİLİVRİ,+905013230404,Güzellik Salonu
Silivri Güzellik Alfa By Burcu,+905424825461,Güzellik Salonu
Beste Akkoç Güzellik Merkezi,+905011238730,Güzellik Salonu
Dilan Polat Silivri,+905307060259,Güzellik Salonu
Mina Aydın Güzellik Salonu,+905330533452,Güzellik Salonu
"Zeynep Yıldız Güzellik Salonu & Ağda, Cilt ve Tırnak Bakımı",+905417738189,Güzellik Salonu
Emel'ce Güzellik merkezi,+905384456738,Güzellik Salonu
Aysel Baydar Güzellik Salonu,+905331922037,Güzellik Salonu
Gülender Güzellik Salonu,+905338900544,Güzellik Salonu
Vip İstanbul güzellik merkezi,+902127273500,Güzellik Salonu
Rose Candy Silivri,+905307060269,Güzellik Salonu
Silivri Nebahat Aksakal Güzellik Merkezi,+905541662646,Güzellik Salonu
Has Güzellik Salonu,+905054510488,Güzellik Salonu
Güzelliğin Adresi,+905321355760,Güzellik Salonu
Senorita Silivri Şubesi,+902127285054,Güzellik Salonu
Özben Yavuz Güzellik Salonu,+902127280804,Güzellik Salonu
Zodyak Shine,+905551890384,Güzellik Salonu
Silivri beauty secret güzellik merkezi,+905447876903,Güzellik Salonu
Neslim Güngen Silivri,+905421480234,Güzellik Salonu
Lamia Turan Beauty,+905538112909,Güzellik Salonu
Vip İstanbul Güzellik Silivri,+905438992687,Güzellik Salonu
Senem Atakul GÜZELLİK & BAKIM,+905423493931,Güzellik Salonu
İNCİ GÜZELLİK MERKEZİ SİLİVRİ,+905352726929,Güzellik Salonu
Well Beauty Center,+905523331388,Güzellik Salonu
Ayten Yener Güzellik Salonu,+905452411408,Güzellik Salonu
Şevval Naz Güzellik Atölyesi,+905531716046,Güzellik Salonu
Bengü Güzellik & Akademi,+905374169393,Güzellik Salonu
Silivri Saç Kaynak Merkezi,+905383793700,Kuaför / Berber
Eylül yıldırım estetik,+902127273002,Güzellik Salonu
Nihal Nail Art & Beauty Silivri,+905077413238,Güzellik Salonu
Well Life Güzellik Merkezi,+905421380938,Güzellik Salonu
Oxalis güzellik merkezi,+905424034108,Güzellik Salonu
Tırnak Dünyası,+905367861030,Güzellik Salonu
Alminayla Makyaj&Güzellik,+905061180643,Güzellik Salonu
Hair Life Güzellik Salonu,+902127283993,Güzellik Salonu
Huriye Kıvılcım Kuaför ve Güzellik Salonu,+902127272008,Güzellik Salonu
Dorapella Güzellik Salonu,+905377150098,Güzellik Salonu
Sun House Solarium Silivri,+905454739258,Güzellik Salonu
Silivri Saç Kaynak Merkezi,+905428961156,Kuaför / Berber
Estetia Güzellik Salonu,+905533210842,Güzellik Salonu
Silivri Cadde Bayan Kuaför,+905373437618,Kuaför / Berber
Aysel Kuaför ve Güzellik Salonu,+902127278053,Güzellik Salonu
Esin Alaz Beauty Studio,+905435560936,Güzellik Salonu
Boutiq Spa & Masaj,+905400634000,Diğer (Sağlık & Bakım)
Silivri Melisa Kuaför Merkez,+902127289621,Kuaför / Berber
Duruderm Silivri Güzellik Merkezi,+905533936043,Güzellik Salonu
Silivri Eylemce Bayan Kuaför,+905541961756,Kuaför / Berber
ESTİLO KUAFÖR,+905443348279,Kuaför / Berber
Kuaför iskender,+905375633184,Güzellik Salonu
Silivri Almina Kuaför,+905072157924,Kuaför / Berber
Güney Bayan Kuaför ü Güzellik Salonu SİLİVRİ,+905435661987,Güzellik Salonu
Özlem ferah güzellik salonu,+905421688765,Güzellik Salonu
Eda Güzellik Salonu,+905393803536,Güzellik Salonu
Reyhan özaydın güzellik salonu silivri,+905536492532,Güzellik Salonu
Silivri Lazer Epilasyon,+905325481473,Güzellik Salonu
Cansın Kuaför,+902127285227,Kuaför / Berber
Venüs Bayan Kuaförü Silivri,+902127283760,Kuaför / Berber
Naz Kuaför,+902127288088,Güzellik Salonu
Elit Bayan Kuaförü,+902127284404,Güzellik Salonu
Alina Melek Beauty Salon,+905411853874,Güzellik Salonu
ESER KARAGÖZ Bayan Kuaförü,+905319133610,Kuaför / Berber
Silivri Protez Tırnak Deep Nail Studio,+905525101708,Güzellik Salonu
Ekol Bayan Kuaförü ve Güzellik Merkezi,+902128016142,Güzellik Salonu
GR KUAFÖR,+905453770292,Kuaför / Berber
Gülden Akar VIP,+905428037610,Güzellik Salonu
kuaför mehmet makas,+905445843458,Kuaför / Berber
Feride Kuaför Silivri,+905466755393,Kuaför / Berber
Uzm. Dr. Sibel Duysak | Klinik & Kozmetik Dermatoloji | Silivri,+905308695145,Diğer (Sağlık & Bakım)
Saloonerdinç,+902127271988,Kuaför / Berber
Huriye Kıvılcım Browvana Şubesi,+905393503719,Güzellik Salonu
Melek Yıldız Bayan Kuaförü,+905400083400,Kuaför / Berber
Op. Dr. Eser Ağar Muayenehanesi,+902127286361,Diğer (Sağlık & Bakım)
Academi-a Güzellik Merkezi,+905369946885,Güzellik Salonu
Stars Bayan Kuaförü Silivri,+905055363305,Kuaför / Berber
Nuray Erol Güzellik Salonu,+905344649414,Güzellik Salonu
VERA KUAFÖR,+905339694716,Kuaför / Berber
mukhaircenter saç simülasyon merkezi silivri,+905427434545,Kuaför / Berber
Eksa Kuaför,+902127278544,Güzellik Salonu
Dante Psikoloji,+905356757060,Psikolog / Terapist
Uzm. Klinik Psikolog Didem Koçoğlu,+905312810464,Psikolog / Terapist
MRA Psikoloji,+905312437828,Psikolog / Terapist
SOYDAN AKADEMİ (Ergoterapi Hareket eğitimi Dil ve konuşma terapisi ) / Güngören,+905306616201,Psikolog / Terapist
Psikolog,+905535007592,Psikolog / Terapist
Psikolog/Aile Danışmanı Mert Kılıç,+905348149796,Psikolog / Terapist
Çocuk ve Ergen Psikiyatristi Uzm. Dr. Sümeyra Güngören,+905066806590,Psikolog / Terapist
Psikoloji Bakırköy Danışmanlık Merkezi,+905321750454,Psikolog / Terapist
Psikolojik danışmanlık Diyar Durucan,+905444269921,Psikolog / Terapist
Klinik Psikolog Burak Can Göncü,+908504744692,Psikolog / Terapist
Nüha Psikoloji,+905465635460,Psikolog / Terapist
Psikolog Büşra Kulüp,+905438182048,Psikolog / Terapist
Çadem Psikoloji,+905453503400,Psikolog / Terapist
Uzman Psikolog Ozan Erdem Canak,+905300900639,Psikolog / Terapist
Doksan Psikoloji,+905302456990,Psikolog / Terapist
Klinik Psikolog Gamze Ozan,+905514377607,Psikolog / Terapist
ÇADEM Psikoloji,+905413423484,Psikolog / Terapist
Neurovia Nöropsikiyatri,+902126219090,Psikolog / Terapist
Uzman Klinik Psikolog Pınar Yıldırım - Bağdat Caddesi İstanbul Online Psikolog,+905433833612,Psikolog / Terapist
Klinik Psikolog Revşan Yağızer,+905531884744,Psikolog / Terapist
Uzm. Psk. Gamze Terzi,+908508117568,Psikolog / Terapist
Online Psikoterapi,+905368968046,Psikolog / Terapist
Uzm. Dr. Esra Atasoy Subaşı - Çocuk ve Ergen Psikiyatristi,+905441745515,Psikolog / Terapist
Çocuk Psikoloğu İstanbul,+905444400880,Psikolog / Terapist
Florya/Yeşilköy Psikolog Merkezi | Yetişkin ve Ergen Terapisi,+905514232610,Psikolog / Terapist
Psikolog Suzan Onur,+905359534155,Psikolog / Terapist
Klinik Psikolog Nur Güngör – Kurtköy / Pendik,+905317654666,Psikolog / Terapist
Avrupa Psikoloji,+905304200376,Psikolog / Terapist
Dr. Sultan Özcanlı Şahin,+902125025160,Diş Kliniği
Klinik Psikolog Bahar Kaya - Bakırköy Psikolog,+905359126745,Psikolog / Terapist
"Zeynep ÖNGÖREN, Klinik Psikolog ve Çocuk Gelişimi Uzmanı (çift yandal)",+905421541888,Psikolog / Terapist
"Kurtköy Psikolog | Umut Terapi Danışmanlık Merkezi | Çocuk, Aile ve Çift Terapisi",+905525563434,Psikolog / Terapist
Yüzleşme Danışmanlık,+905334880600,Psikolog / Terapist
Psikolog Mahmut Altındere,+905431263301,Psikolog / Terapist
Klinik Psikolog Şeyma Koçak,+905370571131,Psikolog / Terapist
Livora Coaching | Yaşam Koçu & Uzman Klinik Psikolog,+905541077305,Psikolog / Terapist
Anez Psikolojik Danışmanlık Merkezi,+905456189221,Psikolog / Terapist
Psikolojik Danışman Enbiya Memişoğlu - Bakırköy,+905374912261,Psikolog / Terapist
Prizma Psikoloji,+905011451404,Psikolog / Terapist
Uzman Psikolog Hatice ACAR,+905396044032,Psikolog / Terapist
Zeytinburnu Psikolog,+905432393440,Psikolog / Terapist
Klinik Psikolog Erva Dündar,+905325888590,Psikolog / Terapist
Uzman Klinik Psikolog Sinem Civa Akdaş,+905541649708,Psikolog / Terapist
Psikolojik Danışman Betül Özpamukcu,+905515734505,Psikolog / Terapist
Psikolog Muhammed Can Düşünür,+905418237442,Psikolog / Terapist
Ömer Yurtsever,+905416418441,Psikolog / Terapist
Divan Psikoloji Kids,+905323899740,Psikolog / Terapist
Uzm. Klinik Psikolog Esra Göksoy,+905303217648,Psikolog / Terapist
Uzman Klinik Psikolog Gökçe TOLUÇ,+908504304623,Psikolog / Terapist
Psikolog Merve Nur Taman,+908508118868,Psikolog / Terapist
Dahaiyiyim,+902129099964,Psikolog / Terapist
Klinik Psikolog Dilan Er,+905418114352,Psikolog / Terapist
Küre Psikoloji - Bakırköy,+905456724116,Psikolog / Terapist
Çadem Psikoloji,+902126980600,Psikolog / Terapist
MODA KUAFÖR,+905449269949,Kuaför / Berber
Gülhan Bayan kuaförü,+905366451703,Kuaför / Berber
Jaklin Bayan Kuaförü,+902127275717,Kuaför / Berber
Sunflower Bay&Bayan Kuaför/Berber,+905353559732,Kuaför / Berber
ZEHRA ÇİNTAY Bayan Kuaför,+905529170012,Kuaför / Berber
KEREM TANIŞ HAİR ARTİST ERKEK KUAFÖRÜ SİLİVRİ,+905449618479,Kuaför / Berber
Diva Bayan Kuaförü,+905426463815,Kuaför / Berber
Salon Trend Silivri,+905350153279,Kuaför / Berber
Defne Bayan Kuaför,+905342333995,Kuaför / Berber
Salon Oruç,+905345693336,Kuaför / Berber
Silivri Erkek Kuaförü,+905434191021,Kuaför / Berber
Rs Bayan Kuaförü,+905538465254,Kuaför / Berber
Halit,+905398498393,Kuaför / Berber
Iz Kuaför,+902127288003,Kuaför / Berber
İsmail Bayan Kuaförü,+905454079666,Kuaför / Berber
Gümüşyaka Birsen Saç Tasarım,+905443319981,Kuaför / Berber
Büşra & Bahar kuaför,+902127271730,Kuaför / Berber
CK BAYAN KUAFÖRÜ,+905462081848,Kuaför / Berber
SİLİVRİ BERBER --SALON ZAFER TOSUN--,+905379170922,Kuaför / Berber
By Özkan Erkek Kuaförü,+905377820945,Kuaför / Berber
Paris kuaför,+905511371828,Kuaför / Berber
EC BAYAN KUAFÖRÜ SİLİVRİ,+905343341555,Güzellik Salonu
KUAFÖR Elegance Silivri,+905326812016,Kuaför / Berber
Best Kuaför Salonu,+902127279739,Kuaför / Berber
M Pet Kuaför Silivri,+905458803566,Kuaför / Berber
YAKUP AKÇİN HAIR DESIGN,+905418731443,Kuaför / Berber
Salon Ozi,+905365176493,Kuaför / Berber
Berber Serkan,+905337194564,Kuaför / Berber
Yeliz Nalçakan Saç Kaynak Merkezi,+905426204498,Güzellik Salonu
Silivri Eksa Nuray kuaför,+905365106157,Kuaför / Berber
Rıdvan Cera Bayan Kuaförü,+902127270955,Kuaför / Berber
Hakan özmert hair studio,+905302639177,Kuaför / Berber
BK kuaför silivri,+905353531724,Kuaför / Berber
Silivri Kuaför A,+902127360150,Kuaför / Berber
KARDEŞLER KUAFÖR,+905370436010,Kuaför / Berber
GÖKÇEL ERKEK KUAFÖRÜ,+905398975778,Kuaför / Berber
M.TEKÇİ ERKEK KUAFÖRÜ VE BAKIM SALONU,+905305762170,Kuaför / Berber
KUAFÖR EVA,+905307050035,Kuaför / Berber
Serhat Serkan Erkek Kuaförü,+905454901054,Kuaför / Berber
İdris Erkek Kuaförü,+905348465590,Kuaför / Berber
KUAFÖR ÖZLEM UMUÇ,+905525927449,Kuaför / Berber
ERKEK KUAFÖRÜ HASAN,+902127274927,Kuaför / Berber
Salon Aşkın Aydin,+905427462113,Kuaför / Berber
Silivri Aydın Erkek kuaförü,+905346978858,Kuaför / Berber
C&K Erkek Kuafor,+905514082601,Kuaför / Berber
MUSA GÜNEŞ FOVARİ ERKEK KUAFÖRÜ,+905427870886,Kuaför / Berber
Moonlight salon,+905315016443,Güzellik Salonu
Salon Sanat Kuaför,+905307303429,Kuaför / Berber
Silivri Hayat erkek kuaförü,+905319129759,Kuaför / Berber
S & M Bayan Kuaförü,+905343657215,Kuaför / Berber
O7,+905435720170,Kuaför / Berber
Müzeyyen Pet Kuaför Coiffeur,+905339314429,Kuaför / Berber
Silivri Pet Kuaför - Pawty House,+905362532384,Kuaför / Berber
Diş Hekimi Fadıl Ilgın Aslı Ilgın,+902125563609,Diş Kliniği
Güngören Ağız Ve Diş Sağlığı Merkezi,+902125563636,Diş Kliniği
Özel Tekin ağız ve diş sağlığı polikliniği,+905337151520,Diş Kliniği
Özel Efe Ağız Ve Diş Sağlığı Polikliniği,+905537131934,Diş Kliniği
Arven Diş Ağız Ve Diş Sağlığı Polikliniği,+902125666671,Diş Kliniği
Denta Marmara Ağız ve Diş Sağlığı Polikliniği,+905441143030,Diş Kliniği
Özel Meltem Ağız ve Diş Sağlığı Polikliniği | Haznedar şubesi,+905337414241,Diş Kliniği
BVD Ağız ve Diş Sağlığı Polikliniği,+905016060123,Diş Kliniği
Özel Yılmazlar Ağız Ve Diş Sağlığı Polikliniği,+902125561517,Diş Kliniği
Dr Nalan ERDOĞAN AKDEMİR,+902126443501,Diş Kliniği
Özel Yılmazlar Ağız ve Diş Sağlığı Polikliniği,+905076996362,Diş Kliniği
Diş Hekimi Çağatay ve Yasemin Sözer,+905352783160,Diş Kliniği
Dr tekin diş kliniği,+905456337112,Diş Kliniği
Diş Hekimi Erhan Gürsoy,+902125061999,Diş Kliniği
Diş Hekimi Sebahattin Can,+902126426508,Diş Kliniği
Diş Hekimi Pelin Can,+902125628585,Diş Kliniği
Diş Hekimi Kadir Toktaş,+905537072225,Diş Kliniği
ESDENTA Diş Hekimi Ervin Umer ve Sevdiye Umer,+905301333486,Diş Kliniği
Diş Hekimi M. Tarkan Şahin,+902125399130,Diş Kliniği
Ayazma Ağız ve Diş Sağlığı Polikliniği | Esenler Diş Klinikleri | Yakındaki Diş Hekimi,+905313455141,Diş Kliniği
Özel Ümit Ağız ve Diş Sağlığı Polikliniği,+902124353327,Diş Kliniği
Diş Hekimi Ferhat Ramazani,+905313082545,Diş Kliniği
Dr. Bedir Bülent Ülgen,+905324022228,Diş Kliniği
Diş Hekimi Nida Öztürk,+902125564511,Diş Kliniği
Özel Enesdent Ağız ve Diş Sağlığı Polikliniği,+902125063288,Diş Kliniği
T.C. Sağlık Bakanlığı Esenler Bülent Doğanlar Ağız ve Diş Sağlığı Polikliniği,+902125087771,Diş Kliniği
Diş Hekimi Turgut Çatar,+905324682834,Diş Kliniği
Özel Meltem Ağız ve Diş Sağlığı Polikliniği | Bahçelievler Şubesi,+905327860222,Diş Kliniği
Alldent Ağız ve Diş Sağlığı Polikliniği Bahçelievler,+902126775647,Diş Kliniği
Diş Hekimi Gülbahar Karadağ,+902125574621,Diş Kliniği
Diş Hekimi Çiğdem Yaman,+902125531636,Diş Kliniği
Diş Hekimi Şeyda Ersoy,+902125559321,Diş Kliniği
Diş Hekimi Belgin Safran,+902125043737,Diş Kliniği
Bahçelievler Ağız ve Diş Sağlığı Merkezi,+902124415312,Diş Kliniği
Dr. Yılmaz Tanrıbuyurdu,+902126433101,Diş Kliniği
Loyalty Tattoo Piercing Studio,+905451387458,Dövme & Piercing
XL Tattoo Studio,+905307295101,Dövme & Piercing
ALLSTAR TATTOO,+905013383511,Dövme & Piercing
db Tattoo İnk Studio ( Dövmeci Doğan ),+905331623030,Dövme & Piercing
Proof İnks'z,+905053751492,Dövme & Piercing
İsmail inci tatto,+905520250571,Dövme & Piercing
Ağaçkakan Tattoo,+905331907391,Dövme & Piercing
INFINITY İnk Tattoo,+905340721446,Dövme & Piercing
Blvck Tattoosz,+905551949996,Dövme & Piercing
Çınar Tattoo,+905372631546,Dövme & Piercing
RS TATTOO,+905071294229,Dövme & Piercing
Merve Özkan Tattoo Piercing Studio,+905425778837,Dövme & Piercing
Tattoo Ünal Mestan Dövme,+905384383442,Dövme & Piercing
Ömür Tattoo,+905366049998,Dövme & Piercing
Erman Çakmak Tattoo Studıo,+905538502344,Dövme & Piercing
Tattoo Engin Akın,+905379503439,Dövme & Piercing
Raziel Tattoo,+905522553187,Dövme & Piercing
Tattooevcim,+905387316159,Dövme & Piercing
BATU TATTOO,+902125699448,Dövme & Piercing
Nova Ink Tattoo & Piercing Studio,+905358833089,Dövme & Piercing
EmreAkınTattoo,+905389519324,Dövme & Piercing
Papyon Tattoo studio,+905423620387,Dövme & Piercing
Infernus Tattoo Studio,+905075644055,Dövme & Piercing
"Ganja tattoo Sefaköy, Dövme ve Piercing Stüdyosu",+905304883493,Dövme & Piercing
Tattoo Time,+905330504460,Dövme & Piercing
Tattoo Studio Ertugrul Yılmaz,+905344023328,Dövme & Piercing
Cv Tattoo & Piercing,+905340107003,Dövme & Piercing
Satirus Tattoo Bakırköy,+905541218581,Dövme & Piercing
Alfa Tattoo Piercing,+905060230344,Dövme & Piercing
Cleopatra INK Tattoo & Piercing Bakırköy Studio,+905011351088,Dövme & Piercing
Vagon Art Tattoo - Piercing,+905332646021,Dövme & Piercing
Yer6 Tatto & esenler dövmeci,+905304064178,Dövme & Piercing
Güneşli The Woman Tattoo & Piercing,+905303033115,Dövme & Piercing
Efe Fuat Tattooz,+905314082925,Dövme & Piercing
Tattoo.byserkan,+905435471165,Dövme & Piercing
TATTOOCASA-Şirinevler,+905444266860,Dövme & Piercing
Magical Ink - Dövme ve Piercing Stüdyosu,+905313833493,Dövme & Piercing
Nur Şahinkaya Tattoo & Piercing,+905352252097,Dövme & Piercing
Pasaj Tattoo Piercing Salonu,+905076444660,Dövme & Piercing
Gozde Tattoo Piercing,+905455474762,Dövme & Piercing
95 tattoo,+905312535487,Dövme & Piercing
Tattoo Art. Timuçin Dövme Stüdyosu,+905340203838,Dövme & Piercing
Dynamic Tattoo - Sefaköy Dövme Ve Piercing Stüdyosu,+905423933405,Dövme & Piercing
Cizik Tattoo Studio,+905541254436,Dövme & Piercing
Kings Tattoo & Barber Shop,+905312904633,Dövme & Piercing
Korsan Tatto Studio,+905385864963,Dövme & Piercing
Nail&Tattoo Studio by TUNCA,+905454711243,Dövme & Piercing
Tattoo By Ulash,+905557295564,Dövme & Piercing
Şah Tattoo & Piercing,+905330539771,Dövme & Piercing
Forever Tattoo Piercing,+905359715855,Dövme & Piercing
PRİMATİVE İNK SEFAKÖY DÖVME STÜDYOSU,+905324900454,Dövme & Piercing
Magic Hand Dövme Stüdyosu Dövmeci Taner,+902125433049,Dövme & Piercing
Tattoo Master Bakırköy,+905416325790,Dövme & Piercing
inka tattoo piercing,+905325473745,Dövme & Piercing
No:9 Dövme Stüdyosu - Yenibosna,+905061115146,Dövme & Piercing
96 Tattoo Studio,+905462640830,Dövme & Piercing
GG Tattoo,+905530331903,Dövme & Piercing
Bosphorus Ink Tattoo and Piercing,+905451310734,Dövme & Piercing
Matmazel Tattoo Piercing,+905459495950,Dövme & Piercing
Lizbon Tattoo Bakırköy,+905353000855,Dövme & Piercing
"Goldenlines tattoo,Tattoo Sefaköy , Dövme ve Piercing Stüdyosu",+905422798865,Dövme & Piercing
tattoo,+905433830599,Dövme & Piercing
Run Rabbit Tattoo,+905336787488,Dövme & Piercing
Atelier Luna I Tattoo Studio,+905312031344,Dövme & Piercing
Deniz Yapar Tattoo,+905304142778,Dövme & Piercing
Tattoo Z,+905414698487,Dövme & Piercing
EkinoksTattoo,+905318945499,Dövme & Piercing
Pandora Tattoo Bakırköy,+905307110462,Dövme & Piercing
BLAC Tattoo & Piercing,+905350553226,Dövme & Piercing
DUMAN.INK TATTOO STUDIO,+905051109423,Dövme & Piercing
Aytuğ Tattoo Bakırköy | Tattoo & Piercing,+905466885398,Dövme & Piercing
y'İNKyang Tattoo Gallery,+905528746044,Dövme & Piercing
İstanbul Art Pit Tattoo,+905326235151,Dövme & Piercing
Artisan Tattoo Studio | Emrah Okuroğlu,+905530208581,Dövme & Piercing
zeytinburnu tattoo piercing,+905309595041,Dövme & Piercing
Bosphorus Ink Tattoo and Piercing Pendik,+905521840734,Dövme & Piercing
Bezo tattoo & piercing,+905300369140,Dövme & Piercing
Horoz Tattoo,+902126608882,Dövme & Piercing
MK Nail Studio / Esenler Protez Tırnak & Esenler Dövme,+905393247228,Dövme & Piercing
AmediX Tattoo,+905325144923,Dövme & Piercing
Utopia Tattoo Home,+905523045219,Dövme & Piercing
Karma Tattoo Ink,+905439436282,Dövme & Piercing
Redline Tattoo Bakırköy,+905011425545,Dövme & Piercing
Elite ST Tattoo Piercing,+905370501960,Dövme & Piercing
Goldshadow tattoo,+905356817045,Dövme & Piercing
TATTOO BY CENK,+905464357106,Dövme & Piercing
Diyetisyen Gülnur Kuran,+908508116870,Diyetisyen
Diyetisyen Ahsen İrem Kurtuluş - MediForm Beslenme ve Diyet Danışmanlık Merkezi,+905304264881,Psikolog / Terapist
Diyetisyen Sultan Çelik - Diyet ve Beslenme Uzmanı,+902125557965,Diyetisyen
Uzman Diyetisyen Nurcan Öztemir,+905462045226,Diyetisyen
Diyetisyen Bahtınur Yılmaz Gürel,+905319305561,Diyetisyen
Diyetisyen Dilan Aydoğan Yamak,+905422287148,Diyetisyen
Diyetisyen Hilal Genç,+905058540398,Diyetisyen
Uzman Diyetisyen Ümmühan Uçar,+905388153602,Diyetisyen
Uzman Diyetisyen Göksu Boz,+908504744611,Diyetisyen
Uzman Diyetisyen Müzda IRMAK-İstanbul,+905059995959,Diyetisyen
Misisistanbul Beauty,+905011213434,Güzellik Salonu
Eylül Yıldırım Güzellik Merkezi,+905324354457,Güzellik Salonu
Özel Silivri Ağız ve Diş Sağlığı Polikliniği,+905304346642,Diş Kliniği
Eflatun Pilates - Bayanlara özel pilates ve spor salonu / Güngören şubesi,+908503041082,Pilates / Yoga
Güngören Pilates Salonu - Bayanlara Özel Birebir Ders,+905335128003,Pilates / Yoga
STUDIO PUNTO PILATES,+905446230907,Pilates / Yoga
THE PİLATESİUM STUDIO - BETÜL KOCACIK,+905541348578,Pilates / Yoga
ZERO PİLATES STÜDYO,+905322449376,Pilates / Yoga
Merter pilates,+905354300597,Pilates / Yoga
Cleopatra Pilates,+905369340000,Pilates / Yoga
Slim Fitness Center - Güngören - Merter - Bahçelievler EMS | Fitness | Kilo Verme | Kardiyo | Kas Kütlesi | Özel Antreman,+902125577546,Kuaför / Berber
Que Fitness Club,+905458174692,Kuaför / Berber
PowerGym,+902125560021,Kuaför / Berber
SPARTA CLUB BAY-BAYAN SPOR SALONU,+905413380881,Kuaför / Berber
GYM ZONE CORNER,+902125040272,Kuaför / Berber
Masist Spor Salonu,+902124623064,Kuaför / Berber
A-Kar Spor Merkezi,+902124340055,Kuaför / Berber
Vitality Wellness Spa & Fitness Salonu,+905302561868,Psikolog / Terapist
Missfit Pilates Studio,+902126444022,Pilates / Yoga
ProFit Haznedar,+902125565059,Kuaför / Berber
Rox Fitness & Swimming pool,+905305471093,Kuaför / Berber
Thor Gym Fitness Center & Supplement Store,+905334373206,Kuaför / Berber
Swordfit Sports Club,+905054452865,Kuaför / Berber
Dynamic Pilates Bahçelievler,+905324375099,Pilates / Yoga
Elif Eken Marmara Psikolojik Danışmanlık Merkezi,+905443563543,Psikolog / Terapist
Klinik Psikolog Begüm Uçman Dönmez- silivri psikolog,+905350555687,Psikolog / Terapist
Silivri Psikolog Müge Adalı,+905434631880,Psikolog / Terapist
Silivri Çocuk Psikoloğu - Psikolog Zehra Yıldız,+905446274856,Psikolog / Terapist
Klinik Psikolog Eda DEMİRAY- Ren Psikoloji,+905422511232,Psikolog / Terapist
Silivri Junior Psychology,+905432148947,Psikolog / Terapist
Silivri Psikolog Dilruba TURAL,+905011404825,Psikolog / Terapist
Silivri Dem Psikolojik Danışmanlık Merkezi,+905459236500,Psikolog / Terapist
Çocuk Psikoloğu Tuana Yılmaz,+905434432511,Psikolog / Terapist
UZM. KLİN. PSK. EZGİ GÜNEŞ,+905416431127,Psikolog / Terapist
Dönüşüm Danışmanlık Merkezi,+905342154278,Psikolog / Terapist
Psikolog Derya Arslan,+908508115218,Psikolog / Terapist
Klinik Psikolog Sedanur Duran / Lotus Psikolojik Danışmanlık Merkezi,+905444779745,Psikolog / Terapist
Klinik Psikolog Münevver Büşra Nair,+905464301376,Psikolog / Terapist
Klinik Psikolog Gül Nihal Özçelik,+905347907673,Psikolog / Terapist
Uzm. Klinik Psikolog Melike ÖZTÜRK ÇAPKIN,+905302489120,Psikolog / Terapist
PİA TERAPİ,+902127289293,Psikolog / Terapist
Silivri Klinik Psikolog Buse Elibol,+905448628668,Psikolog / Terapist
Oyuncu Çocuk Psikoloji | Uzm. Psikolojik Danışman Zerrin Köse Can,+905431178141,Psikolog / Terapist
Silviri Psikolog Hilâl Yıldızlar,+905422569817,Psikolog / Terapist
Heppi,+905451082999,Psikolog / Terapist
Uzman Klinik Psikolog İzlem Seçil Sarı,+905347643545,Psikolog / Terapist
Atafizyo,+905325652942,Diğer (Sağlık & Bakım)
Nova danışmanlık merkezi,+905452415184,Psikolog / Terapist
Diş Hekimi Göknil Hande Uzun,+905421188127,Diş Kliniği
Klinik Psikolog Uzman Kaan Üçyıldız,+905421240635,Psikolog / Terapist
R'form Sağlıklı Yaşam ve Diyetisyen,+905366884830,Diyetisyen
Parlak Hayat Psikoloji - Klinik Psikolog Sümeyye Arslan,+905415533121,Psikolog / Terapist
Klinik Psikolog Başak Yavuzarslan,+905327878993,Psikolog / Terapist
Uzm. Klinik Psikolog Merve Keleş Ozgan,+905309305046,Psikolog / Terapist
Uzman Klinik Psikolog/ Aile Danışmanı Ve Çift Terapisti Esra Sayın,+905386503217,Psikolog / Terapist
"Bakırköy Psikolog-Psikolog RABİA ACAR-Bakırköy Psikolog Randevu,Aile ve Çift Terapisi,Yetişkin Psikolog,Bireysel Psikolog,",+905467303265,Psikolog / Terapist
DİYETİSYEN MERVE KÖKSAL,+905526386871,Diyetisyen
Uzman Diyetisyen Ahu Özvar Kuzu,+908504747915,Diyetisyen
DİŞ HEKİMİ HASAN BABAOĞLU,+905409672323,Diş Kliniği
Dental Implant Clinic A Plus,+902124000013,Diş Kliniği
Özel RUMELİ Ağız ve Diş Sağlığı Polikliniği,+905455709602,Diş Kliniği
Özel Hazal Ağız ve Diş Sağlığı Polikliniği,+905300535026,Diş Kliniği
Mustafa Kurtbeyoğlu Diş Kliniği,+905312325231,Diş Kliniği
Diş Hekimi Tuncay DÜNDAR,+905055455427,Diş Kliniği
Diş Hekimi Ertaç Örsmen,+902127318480,Diş Kliniği
Diş hekimi Sarp Fırat-Aydın -Ümit Çakmak,+905424192220,Diş Kliniği
DT.MURAT SARIKAYA DENTAL CLINIC,+905540189833,Diş Kliniği
Büyükçekmece ağız ve diş sağlığı merkezi Selimpaşa Diş Tedavi Ve Protez Merkezi,+902127318255,Diş Kliniği
Silivri Diş Hekimi Dr. Öğrt.üyesi Alpaslan Demireğen,+902127284369,Diş Kliniği
Dr. Atilla İşcan,+902127273846,Diş Kliniği
Dr. Başak Gökçe Tuncay,+902127285379,Diş Kliniği
Dişhekimi Osman Kekeç,+905527373161,Diş Kliniği
Diş Hekimi Ayla UFAK,+902127271296,Diş Kliniği
Dt. Yeşim Turan - Silivri Diş Doktoru,+905527327490,Diş Kliniği
Sercan Tattoo House,+905389415598,Dövme & Piercing
Silivri Keskin Tattoo & Piercing,+905550013162,Dövme & Piercing
silivri dövme stüdyosu,+905465921648,Dövme & Piercing
Berat Kaan Çakır Tattoo Studio,+905372202234,Dövme & Piercing
ALP TATTOO,+905332528616,Dövme & Piercing
CASPER TATTOO,+905318130097,Dövme & Piercing
Kaan Bozkurt Tattoo Studio,+905352110672,Dövme & Piercing
Yağmur İrem Beauty Studio,+905367613086,Güzellik Salonu
Medicamine Beauty,+905520000020,Güzellik Salonu
Beauty Date,+905397460361,Güzellik Salonu
Glam By Berfu,+905301391222,Güzellik Salonu
Sinem kuaför ve güzellik salonu,+905349406739,Güzellik Salonu
Pera Beauty Studio,+905327772880,Güzellik Salonu
salon sevim,+902129092585,Güzellik Salonu
Best Beauty Kuaför,+905079147360,Güzellik Salonu
Elis Kuaför ve Güzellik Salonu,+905468168726,Güzellik Salonu
Başak Kaya Beauty,+905322199769,Güzellik Salonu
Yasemin Taş Beauty Güzellik Salonu,+905303497611,Güzellik Salonu
Yasemin Güzellik & Kuaför Salonu | Kağıthane Güzellik Merkezi,+905053103023,Güzellik Salonu
G&Glife Güzellik,+905457857773,Güzellik Salonu
D'emel Beauty,+905413380592,Güzellik Salonu
Tülay Genç Güzellik Salonu,+905454405840,Güzellik Salonu
MHN GÜZELLİK & BAKIM HİZMETLERİ- GÜLTEPE / LEVENT,+905522841133,Güzellik Salonu
ÖZGE TEOMAN GÜZELLİK,+905458367366,Güzellik Salonu
Ayla Şeker Güzellik Salonu,+905469572594,Güzellik Salonu
Sayannova Güzellik Salonu 4. Levent,+902123246804,Güzellik Salonu
Burcu Özcan Güzellik Salonu,+902123250080,Güzellik Salonu
Nurdan Nazlı Güzellik Salonu,+905444500550,Güzellik Salonu
By Özlem Yılmaztürk Beauty Studio,+905077086656,Güzellik Salonu
Sibella Bayan Kuaförü,+905389840771,Kuaför / Berber
Sema Alpgan Beauty,+905079950010,Güzellik Salonu
Glow Up Beauty by İrem,+905402022424,Güzellik Salonu
The Beauty Pro,+905404825252,Güzellik Salonu
Sisters Guzellik Salonu,+905422718508,Güzellik Salonu
Yargıcı Kuaför ve Güzellik Salonu,+902123259912,Güzellik Salonu
Yeni Dünya Güzellik Salonu Kağıthane,+902122836505,Güzellik Salonu
Elif Subaşı GÜZELLİK SALONU,+905535915817,Güzellik Salonu
ECE GÜZELLİK SALONU,+905536475888,Güzellik Salonu
New Gold Diamond Güzellik Merkezi (Özel Poliklinik Üstü),+905424126350,Güzellik Salonu
Gülay yeşil hair and makeup studio,+905352350588,Güzellik Salonu
Rose Candy Güzellik Merkezi Kağıthane,+905317163444,Güzellik Salonu
ELİF&TUĞBA BAYAN KUAFÖRÜ,+905458061886,Kuaför / Berber
By Makass Erkek Kuaförü/Berberi & Solarium Salonu Hamidiye Kağıthane İstanbul,+905316586464,Kuaför / Berber
Sevim Alan Kağıthane,+905011257558,Güzellik Salonu
Engin Polat For Men Kağıthane,+905317413400,Güzellik Salonu
Salon İnci,+905305763628,Güzellik Salonu
SİBEL BALCI Kuaför \ Güzellik \ Bakım,+905305142939,Güzellik Salonu
Yazgülü Deniz Güzellik Merkezi,+905462495837,Güzellik Salonu
Den Estetik,+902122247912,Güzellik Salonu
Elit Kuaför,+905387024202,Kuaför / Berber
Aymira Koçaklı Kağıthane,+905010015088,Güzellik Salonu
Vision Kuaför,+902123259900,Kuaför / Berber
KUAFÖR YUSUF,+905525962064,Kuaför / Berber
Erdal Şahin,+902122240744,Kuaför / Berber
The Good Nail’s,+905421082724,Güzellik Salonu
Ali Naz,+902123217179,Kuaför / Berber
Sır Güzellik,+902122227816,Güzellik Salonu
Divinia Güzellik Merkezi - Mecidiyeköy,+902123566191,Güzellik Salonu
Selma Kuaför Ve Güzellik Salonu,+902122321960,Güzellik Salonu
Birdem Alkan Güzellik Merkezi,+905372072529,Güzellik Salonu
Özgül Volkan Kuaför,+905366972288,Güzellik Salonu
Dilek Kuaför,+905334765277,Kuaför / Berber
Ali bacak hair studio,+902128013577,Kuaför / Berber
Özlem güzellik salonu,+905412575808,Güzellik Salonu
Melisa Bayan Kuaförü Kağıthane,+902122949959,Kuaför / Berber
Yaşar Cevizli Kuaför Güzellik Solaryum,+902122803119,Güzellik Salonu
Memo Erkek Kuaförü,+905388440995,Kuaför / Berber
İdris Erkek kuaförü çeliktepe suadiye cadesi no5 kâğıthane istanbul,+905367003076,Kuaför / Berber
Elegance kuaför (Kağıthane),+902122945850,Kuaför / Berber
Gizem Kuaför,+902122838306,Kuaför / Berber
PUKKA GÜZELLİK,+905305549580,Güzellik Salonu
AHMET BÜLBÜL Coiffure,+905454035207,Kuaför / Berber
Alesta Pilates Studio Kağıthane,+905323405942,Pilates / Yoga
Mira Kuaför,+905422195400,Kuaför / Berber
Mine Birinci beauty,+902122123182,Güzellik Salonu
Yeni Genç Kuaför,+905322877084,Kuaför / Berber
Altın Makas Bayan Kuaförü,+902122780915,Kuaför / Berber
By Jeylo Beauty,+905527441836,Güzellik Salonu
Şekil Erkek Kuaförü,+905367091405,Kuaför / Berber
Visage Bay & Bayan Kuaför,+902124278230,Kuaför / Berber
Aysi Güzellik Kağıthane,+905302649787,Güzellik Salonu
No:28 kuaför,+902122218157,Kuaför / Berber
Bella Kuaför by halim,+905384286034,Kuaför / Berber
Mec Hair Design,+902122849133,Kuaför / Berber
SALON CAN AVCI,+905383406119,Kuaför / Berber
Sena Bayan Kuaförü,+905551759999,Kuaför / Berber
Glamour Kuaför,+905396021728,Kuaför / Berber
Model Bayan Kuaförü,+902122956155,Kuaför / Berber
BB Hair Studio Kuaför,+905365637864,Kuaför / Berber
Olivia Kuaför,+905380611487,Güzellik Salonu
Flower Kuaför,+905334396700,Kuaför / Berber
Kuaför Hatice ve güzellik salonu,+905367445734,Güzellik Salonu
FATİH BAŞDEMİR hair studio,+902122202099,Kuaför / Berber
Ekin Bayan Kuaförü,+905418022484,Kuaför / Berber
Anatolia Bayan Kuaförü,+905380946090,Kuaför / Berber
Emir Hair Styling - Kuaför,+905453088019,Kuaför / Berber
Proteam Kuaför,+905325039681,Kuaför / Berber
Bayan Kuaförü Murat/beril,+905321628002,Kuaför / Berber
Salon Global,+902122840643,Kuaför / Berber
Boutique Coiffeur Ve Güzellik,+902128062996,Güzellik Salonu
REMIND Hair Art,+902128432188,Kuaför / Berber
SALON EKİP Bayan Kuaforu,+902122958191,Kuaför / Berber
KEMAL YILDIZ SAÇ TASARIM FOR MAN,+905449267078,Kuaför / Berber
A Plus Kuaför-Seyrantepe,+902122836295,Kuaför / Berber
DK Bayan Kuaförü,+902123215837,Kuaför / Berber
Aşiyan Bayan Kuaförü,+905372269194,Kuaför / Berber
Ersin Kuaför,+905353979810,Kuaför / Berber
SALON BERENİZ BAYAN KUAFÖRÜ,+905396941299,Kuaför / Berber
Avşar kuaför SELÇUK AVŞAR,+902122834618,Kuaför / Berber
Muzaffer Uslu Kuaför,+902129161626,Kuaför / Berber
Neşe Bayan Kuaförü,+902122944818,Kuaför / Berber
Salon Selçuk & Gülşen,+902122213841,Kuaför / Berber
Salon İstanbul Saç Tasarım,+905071273131,Kuaför / Berber
Kuaför Sahra,+905325147874,Kuaför / Berber
Hatice Kuaför,+905058106294,Kuaför / Berber
Kuaför Eylül,+902122647915,Kuaför / Berber
Kuafor İbrahim Akkoç,+905358470711,Kuaför / Berber
Serdar Kuafor,+902122786660,Kuaför / Berber
KUAFÖR RK KORDON VADİSTANBUL,+905443404400,Diş Kliniği
Bayan Kuaförü Serkan Kılıç,+905355222950,Kuaför / Berber
Kuaför hikmet,+905333048024,Kuaför / Berber
DİVA KUAFÖR MK’s,+902122949345,Kuaför / Berber
Diva Kuaför Erhan Şafak,+902122949493,Kuaför / Berber
pelin kuaför,+905439704970,Kuaför / Berber
Star Bayan Kuaför,+905382472786,Kuaför / Berber
BAYBER Erkek kuaförü,+905453497996,Kuaför / Berber
Enes Cihad Gürbüz Hair Studio,+905374860931,Kuaför / Berber
VEGA PLUS & BAYAN KUAFÖRÜ,+905363039635,Kuaför / Berber
Dodo Kuaför Okmeydanı,+902123209037,Kuaför / Berber
Kuaför Vedat,+902122249400,Kuaför / Berber
Sarıoğlu Erkek Kuaförü,+905386709089,Kuaför / Berber
DAVUT KUAFÖR,+905362096364,Güzellik Salonu
Emine Kuaför,+905362381176,Kuaför / Berber
Melek kuaför Gültepe,+905050332960,Kuaför / Berber
Derya Kuaför,+902122944767,Kuaför / Berber
Mutlu Erkek Kuaförü,+902122700073,Kuaför / Berber
Nedim Kuaför,+905462245595,Kuaför / Berber
Senin Kuaför,+902122792940,Kuaför / Berber
Arzu Erkek Kuaför,+902122474012,Kuaför / Berber
Bozlak Erkek Kuaförü,+905444753004,Kuaför / Berber
Misi Beauty & Hair,+902123214771,Güzellik Salonu
Barış Hair Doctor,+905302234160,Kuaför / Berber
Güneş Ark Istanbul Make-up & Hair Studio,+905319187872,Güzellik Salonu
Kuaför Şevket,+905353138490,Kuaför / Berber
Bayan kuaför,+902122941211,Kuaför / Berber
Mek Hair,+905398216718,Kuaför / Berber
Türkmenler Erkek Kuaförü,+902122838576,Kuaför / Berber
ERİNAN ESTETİK ve DENT,+905308598744,Diş Kliniği
Özel Levent DNZ Polikliniği | Lazer Epilasyon | Medikal Estetik,+908504422369,Güzellik Salonu
SİA GÜZELLİK MERKEZİ SEVDA POLAT,+905527052157,Güzellik Salonu
Mediora Levent | Lazer Epilasyon & Estetik,+905317074525,Güzellik Salonu
Sıla Düzenli Beauty,+905387761758,Güzellik Salonu
Dr. Eren Ünal Muayenehanesi,+905431431000,Diğer (Sağlık & Bakım)
Rosinna,+905359334234,Güzellik Salonu
Merve Aratemur Beauty,+905526465817,Güzellik Salonu
MAK Beauty,+905531721599,Güzellik Salonu
CLİNİKOB GÜZELLİK MERKEZİ,+905538997607,Güzellik Salonu
Dr. Şule Şakrak Beauty Clinic /Sculptura / عيادة البوتوكس في اسطنبول/ Nucleofill/ SıvıYüzGerme/ MineralDolgu/ VeganDolgu,+905413703845,Güzellik Salonu
Gravity Clinic,+905447924666,Diş Kliniği
Op. Dr. Tamer Şakrak | Burun Estetiği | Göğüs Estetiği | Annelik Estetiği | Vaser Liposuction | Dolgu | Botoks,+905413783845,Güzellik Salonu
Estenox Clinic,+905336629000,Güzellik Salonu
Sun's Medikal Estetik Güzellik Solaryum,+902122836146,Güzellik Salonu
NFC ESTETİK,+905345604040,Güzellik Salonu
Reina Güzellik Solarıum - Levent,+905324495950,Güzellik Salonu
Özel ESTet Ağız ve Diş Sağlığı Polikliniği,+902122830156,Diş Kliniği
Gamze Beauty,+905535973888,Güzellik Salonu
Estetik Yapı,+902123214898,Güzellik Salonu
Nada GÖKALP Güzellik ve Estetik Merkezi,+905364022455,Güzellik Salonu
DR. Muhammet Enes Taşkın Clinic,+905349461973,Diğer (Sağlık & Bakım)
Meser Estetik,+905303454979,Güzellik Salonu
Dr. Jale Özdemir,+905373589023,Güzellik Salonu
AVİCENNA GÜLTEPE LAZER EPİLASYON BİRİMİ,+905522841140,Güzellik Salonu
Fırat Health Clinic,+905423045304,Güzellik Salonu
Kızlık Zarı Dikimi - Kürtaj - Vajina Daraltma - Genital Estetik - Genital Siğil Tedavisi,+902129635040,Güzellik Salonu
Aygül Güzellik Merkezi,+902125452020,Güzellik Salonu
Ersoy Medikal Estetik,+902122826878,Güzellik Salonu
Liva Care,+905453137732,Diğer (Sağlık & Bakım)
Melis Yayıl Beauty One,+905320683282,Güzellik Salonu
Ay Güzellik Merkezi,+905314626084,Güzellik Salonu
İlayda Beauty,+905337242309,Güzellik Salonu
Jawahair Clinic مركز جواهر,+905376615432,Kuaför / Berber
Mars Çağlayan (Kenan Gültekin Ağız ve Diş Sağlığı Polikliniği),+902122340525,Diş Kliniği
Well Off Grace Health Group,+905322299355,Diğer (Sağlık & Bakım)
Turk Estetic,+908503046000,Güzellik Salonu
Armağan Ağız ve Diş Sağlığı Polikliniği,+905444753232,Diş Kliniği
Crown Health Group,+905426498774,Güzellik Salonu
Diyetisyen Müge Bayat Sarıbaş - Beslenme ve Andulasyon Terapi Merkezi,+905452884410,Psikolog / Terapist
Silivri Diyetisyen Pelin BULGURCUOĞLU,+905427252703,Diyetisyen
Diyetisyen Tuğçem Baştarcan,+905375032224,Diyetisyen
Diyetisyen Özgenur Kurt - Beslenme ve Diyet Danışmanlığı,+908508116094,Diyetisyen
Uzman Diyetisyen Abbas Görkem Altınkök Sağlıklı Beslenme ve Diyet Danışmanlığı,+902127270207,Diyetisyen
Diyetisyen Melisa Demir,+908504749106,Diyetisyen
Şevval Koçdemir Beslenme Ve Diyet Danışmanlık Merkezi,+905079997605,Psikolog / Terapist
Diyetisyen İlksen Akdoğan İresar,+905445402484,Diyetisyen
Uzman Diyetisyen Melis Özkök Balcı,+905427278834,Diyetisyen
Diyetisyen Şevkiye Çavuşoğlu,+905011283887,Diyetisyen
Diyetisyen Firuze Usta,+905319175105,Diyetisyen
Aktif Yaşam Merkezi Silivri,+905395040351,Diyetisyen
YAREN YAVUZ BESLENME VE DİYET DANIŞMALIK MERKEZİ,+905380508293,Diyetisyen
Gökçe Gürsel Sürdürülebilir Beslenme Danışmanlığı,+905331608516,Diyetisyen
Diyetisyen Seda Nur Çıray,+905010367944,Diyetisyen
Diyetisyen Şevval Akbaşak,+905340417406,Diyetisyen
Ulya Psikoloji Merkezi,+905419115819,Psikolog / Terapist
Kağıthane Psikolog Beyza Büşra Erol,+905015717144,Psikolog / Terapist
Kağıthane Psikolog,+905326323117,Psikolog / Terapist
Klinik Psikolog Ceren Açıkgöz - CA Psikoloji Merkezi,+905320697007,Psikolog / Terapist
İstanbul Psikolog Onur CANSIZ - EMDR Terapisi - Çift Terapi - Evlilik Terapisi - Şema Terapisi- Çocuk Psikoloğu,+905530522098,Psikolog / Terapist
Edu Plus Psikolojik Danışmanlık,+905314647871,Psikolog / Terapist
Psikolog/Psychologist Muhammed Cihad Işık,+905319191789,Psikolog / Terapist
Psikolog Mina Kartal,+905304837075,Psikolog / Terapist
Psikolog Gülşah Yağar,+905342387881,Psikolog / Terapist
Işık Psikiyatri Kliniği,+905332804289,Psikolog / Terapist
Uzman Klinik Psikolog Selin Kaplan,+905530151540,Psikolog / Terapist
Psikolog Kamber Kaya,+905419095849,Psikolog / Terapist
Psikolog Betül KARA,+905453608026,Psikolog / Terapist
Piya Psikoloji,+905055223162,Psikolog / Terapist
Psikolog Ali Eren Yıldız,+905398600313,Psikolog / Terapist
Kağıthane Çocuk Psikoloğu,+905324597834,Psikolog / Terapist
Vadi İstanbul Psikolog Betül Bulut,+905078128159,Psikolog / Terapist
Psikolog Özlem KUMEK,+905347240445,Psikolog / Terapist
Psikolog Emel Buru,+905392005953,Psikolog / Terapist
Klinik Psikolog Hande Özkol,+905434540303,Psikolog / Terapist
Psikolog Seher Tamanlı,+905444805276,Psikolog / Terapist
Uzm. Kl. Psk. İlayda Kardelen Ersever,+905346033627,Psikolog / Terapist
Psikolog Hatice Küçükgüldal,+905379393388,Psikolog / Terapist
Psikolog Burcu Demirel,+905424950095,Psikolog / Terapist
Psikolog İklim Zeynep Kesgin,+905536780589,Psikolog / Terapist
Psikolog Serhat Çevik,+905533458355,Psikolog / Terapist
Uzm. Psk.Merve Uyar,+908504334276,Psikolog / Terapist
Psikolog Melike Kılıç,+905468742210,Psikolog / Terapist
Klinik Psikolog Mervenur Erdöl,+908504740399,Psikolog / Terapist
Aktif Psikoloji Akademisi,+905554602252,Psikolog / Terapist
Psikolog Umut Yıldız,+905392094106,Psikolog / Terapist
"Psikohelp- istanbul psikolog, türkiye, şişli psikolog, beşiktaş - Online psikolog, yüz yüze - online terapi",+905419638987,Psikolog / Terapist
Uzman Klinik Psikolog Nisa Nur Baykar,+905070479996,Psikolog / Terapist
Klinik Psk. İrem Erdinç,+905448822826,Diğer (Sağlık & Bakım)
Kağıthane - 4. Levent - Psikolog Cihat BÖLÜKBAŞI,+905523229111,Psikolog / Terapist
Psikolog Kerim Yeşim,+905531055407,Psikolog / Terapist
Klinik Psikolog Melisa Yener,+905455049360,Psikolog / Terapist
Psikolog Şulenur Özkan,+905363288611,Psikolog / Terapist
Psikolog Ali Türkden,+905393485266,Psikolog / Terapist
Fizyoterapist Zeynep Şit,+905324246260,Psikolog / Terapist
Beylikdüzü- Çocuk ve Yetişkin Psikolog/ Klinik Psk. Gamze Demir,+905316094918,Psikolog / Terapist
Psk. Selin Kalabaş,+905064699395,Psikolog / Terapist
Klinik Psikolog Mervenur Çelik,+905455113926,Psikolog / Terapist
Özge Özkalay- İstanbul Psikolog,+905300530881,Psikolog / Terapist
Yeşilay Danışmanlık Merkezi (YEDAM) İstanbul - Kağıthane,+902122470376,Psikolog / Terapist
Psikolog Harun Demir,+905413701912,Psikolog / Terapist
Terapist Psikolog Büşra Yurtsever,+905422733190,Psikolog / Terapist
Klinik Psikolog Cansu Varol | Şişli Psikolog | Beşiktaş Psikolog,+905304030590,Psikolog / Terapist
Delfi Psikoloji,+905354670577,Psikolog / Terapist
Fizyohaus Pilates Studio,+905339582862,Pilates / Yoga
Klinik Psikolog Halil İbrahim Yalçın,+905510058045,Psikolog / Terapist
Psikolog Cenk Özen,+908504742790,Psikolog / Terapist
Uzman Klinik Psikolog Merve Karagöz,+905523703167,Psikolog / Terapist
Psikolog Sevdegül Girgin,+905421753903,Psikolog / Terapist
Psikolog Adem Demirkan,+905536622112,Psikolog / Terapist
Dent Akpınar Ağız ve Diş Sağlığı Polikliniği,+902128235230,Diş Kliniği
Diş Levent Ağız Ve Diş Sağlığı Polikliniği,+902126162323,Diş Kliniği
Gürses Dental Kağıthane Ağız ve Diş Sağlığı Polikliniği,+905070214243,Diş Kliniği
Uzeldent Ağız ve Diş Sağlığı Polikliniği,+905322547735,Diş Kliniği
Dent 50 clinic,+905523956737,Diş Kliniği
Mars ağız ve diş sağlığı polikliniği,+902122948081,Diş Kliniği
Özel Dentafit Ağız ve Diş Sağlığı Polikliniği,+902128431305,Diş Kliniği
Özel Deniz Yiğit Ağız Ve Diş Sağlığı Polikliniği,+902122797907,Diş Kliniği
Özel Çağlayan Ağız Ve Diş Sağlığı Polikliniği | Kâğıthane Diş,+905527938490,Diş Kliniği
White Dent Ağız Ve Diş Sağlığı Polikliniği,+902122225500,Diş Kliniği
Özel DentaLoft Ağız ve Diş Sağlığı Polikliniği,+902125555638,Diş Kliniği
Gaia Dental Clinic,+905439169520,Diş Kliniği
Klinik 212 Ağız ve Diş Sağlığı Polikliniği,+905408120212,Diş Kliniği
Elma Ağız ve Diş Sağlığı Polikliniği (KAĞITHANE),+905308753711,Diş Kliniği
Heradent Ağız ve Diş Sağlığı Polikliniği,+905333005343,Diş Kliniği
Kağıthane Ortodontist Uzm. Dr. Çınar Gaffari,+905301588030,Diş Kliniği
Paldiş Ağız ve Diş Sağlığı Polikliniği,+905335620444,Diş Kliniği
Özel Yeditepe Ağız ve Diş Sağlığı Kliniği,+902122816287,Diş Kliniği
Özel Deltadiş Ağız ve Diş Sağlığı Polikliniği,+902128904040,Diş Kliniği
Dent Hekim Kağıthane,+902124054120,Diş Kliniği
ÖZEL GÜLTEPE AĞIZ VE DİŞ SAĞLIĞI POLİKLİNİĞİ,+902123249922,Diş Kliniği
Özel Livadent Ağız ve Diş Sağlığı Polikliniği,+902123241176,Diş Kliniği
Hospitaprime Clinic | Jaw Surgery | Zygomatic Implants | Veneers | Dental Clinic in Istanbul | Zaga Center Istanbul,+905418558995,Diş Kliniği
Tan Ağız ve Diş Sağlığı Kliniği,+902122943814,Diş Kliniği
Diş Hekimi Sema Demir Semerci,+902122951010,Diş Kliniği
"Oral Dent İstanbul İmplant, Zirkonyum, Porselen, Lamina Nöbetçi Diş Kliniği",+905324381303,Diş Kliniği
Özel Dent Araz Ağız ve Diş Sağlığı Polikliniği,+905526001255,Diş Kliniği
Prestij Ağız ve Diş Sağlığı Polikliniği,+905071909392,Diş Kliniği
ÖRNEK AĞIZ VE DİŞ SAĞLIĞI POLİKLİNİĞİ,+902122207172,Diş Kliniği
Spark Smile Ağız ve Diş Sağlığı Polikliniği,+905418285283,Diş Kliniği
Diş Hekimi Özlem Selçuk Kaya,+905441440050,Diş Kliniği
Diş Hekimi Şafak Kantekin,+905511583377,Diş Kliniği
Diş Hekimi Erdem Bulut Dur,+905462832444,Diş Kliniği
Diş Hekimi Gamze Coşar,+902122793639,Diş Kliniği
Dentaneva Dental Clinic,+902125852626,Diş Kliniği
Global Ağız Diş Sağlığı Global Group Clinic,+905492450040,Diş Kliniği
LİVORA AĞIZ VE DİŞ SAĞLIĞI,+905423959801,Diş Kliniği
DentaWista Clinic,+905070808888,Diş Kliniği
Porte Ağız ve Diş Sağlığı Polikliniği,+905312824648,Diş Kliniği
Diş Hekimi,+902123257239,Diş Kliniği
Clean Dent Ağız ve Diş Sağlığı Polikliniği,+905462770542,Diş Kliniği
Diş Hekimi Fatma Betül Ateş,+902123244995,Diş Kliniği
SENA AĞIZ VE DİŞ SAĞLIĞI POLİKLİNİĞİ,+902122831255,Diş Kliniği
Kağıthane Ortodonti Uzm Hatice Kübra Eren,+905400051110,Diş Kliniği
Diş Kemik Grefti Tedavisi Bonesmile Kemik Grefti Ameliyatı İstanbul,+905538810421,Diş Kliniği
AİLEM DENTAL Ağız ve Diş Sağlığı Polikliniği,+905323094353,Diş Kliniği
Özel Orka Ağız ve Diş Sağlığı Polikliniği,+905304693134,Diş Kliniği
Diş Hekimi Fatma Türel,+902122328196,Diş Kliniği
Dis Hekimi Halil Yağız Çavdar,+902122956637,Diş Kliniği
MarmaraSmile Dental Clinic - Hollywood Smile & Cosmetic Dentistry,+908508855455,Diş Kliniği
Diş Hekimi Hilal Ercan,+905452820223,Diş Kliniği
Inci Diş Clinic,+905447904166,Diş Kliniği
DİŞ HEKİMİ FATMA PEHLİVAN ÇAKMAKÇI,+902122830202,Diş Kliniği
Diş Hekimi Temel Yılmaz,+902123240037,Diş Kliniği
Diş Hekimi Ayhan Deniz,+902122245628,Diş Kliniği
Diş Hekimi Günay Baş,+902123256486,Diş Kliniği
Urban Dental Clinic - Maslak,+902122903290,Diş Kliniği
Dişkekimi Günay Uslu,+902122839332,Diş Kliniği
Levent Diş - Özel Levent Ağız Ve Diş Sağlığı Polikliniği,+902123259250,Diş Kliniği
Diş Hekimi,+902122303896,Diş Kliniği
"ALTAN KLİNİK | DİŞ HEKİMİ FİKRET ALTAN | İmplant, Zirkonyum, Gülüş Tasarımı, Diş Beyazlatma, Estetik Diş | Maslak İSTANBUL",+905423122441,Diş Kliniği
24 Saat Açık Dişçi İstanbul,+905398579202,Diş Kliniği
Diş Hekimi Mehmet Kahraman,+902122682939,Diş Kliniği
ÖZEL ADENT Ağız ve Diş Sağlığı,+905303157412,Diş Kliniği
Diş Hekimi Erol Uzun,+905322446476,Diş Kliniği
Özel Hp Ağız ve Diş Sağlığı Polikliniği,+902128779809,Diş Kliniği
Özel Şişli Alman Ağız ve Diş Sağlığı Polikliniği by Megadentist,+902122348090,Diş Kliniği
Diş Hekimi İsmail Çınar,+902122805417,Diş Kliniği
Vadident Ağız ve Diş Sağlığı Merkezi,+902128018267,Diş Kliniği
Diş Hekimi K. Ahmet Danıska,+902122683743,Diş Kliniği
Elithair | Dr. Balwi Hair Transplant Turkey,+905520003000,Kuaför / Berber
Dr. Hatice Kübra Bayrak Keçoğlu,+902122699994,Diş Kliniği
Dishekimi Kenan Gültekin,+905064574433,Diş Kliniği
HOUSEVET ® | Veteriner Polikliniği • 7/24 ACİL • Kağıthane •,+902122781100,Veteriner
Dr. Bülent Türkücü,+902123202353,Diğer (Sağlık & Bakım)
Diş Hekimi Hasan Türüdü,+902122791682,Diş Kliniği
Primaxa Clinic,+905550734000,Kuaför / Berber
Diş Hekimi Mükremin Emirhan Algül,+902122645458,Diş Kliniği
Diş Hekimi Semih Gürbüz,+902122696549,Diş Kliniği
Soho Dental Clinic – All on X & Dental Implant Center,+905434568080,Diş Kliniği
Dentlotus Ağız ve Diş Sağlığı Polikliniği | Sişli Diş,+905424640965,Diş Kliniği
Uzman Diş Hekimi Ata Nisa KANYILMAZ,+905058282216,Diş Kliniği
Alabasta Clinic,+905063145811,Diş Kliniği
CİVCİV TATTOO,+905414572311,Dövme & Piercing
İstanbul tattoo,+905335180400,Dövme & Piercing
UMUTKCTATS,+905372115168,Dövme & Piercing
Tattoo Park Studio,+905424590699,Dövme & Piercing
Parlayan Dövme Silme,+905441205461,Dövme & Piercing
Cleopatra INK Tattoo & Piercing Kanyon Studio,+905331541734,Dövme & Piercing
Studio Blackart Mecidiyeköy Tattoo Piercing Studio,+905067657658,Dövme & Piercing
B.BALANCE Pilates/Studio,+905376173988,Pilates / Yoga
Avangarde Pilates Salonu,+905335193974,Pilates / Yoga
PlayStüdyo Silivri | Kadınlara Özel Spor Salonu,+902125183949,Kuaför / Berber
Diyetisyen Kübra Doğan Beslenme ve Diyet Danışmanlığı,+905534302662,Diyetisyen
Diyetisyen Zeynep Genç,+908508117396,Diyetisyen
Diyetisyen Betül Aksoy,+905526055706,Diyetisyen
Diyetisyen Şevval Arslan Beslenme ve Danışmanlık Merkezi,+905411360280,Psikolog / Terapist
Uzman Diyetisyen Şeyma KILINÇ,+905448688083,Diyetisyen
Uzm Diyetisyen Ahmet Sessiz,+905424912625,Diyetisyen
Diyetisyen Elif Yıldız,+905382324017,Diyetisyen
Diyetisyen Aleyna Yılmaz Beslenme & Diyet Danışmanlığı Merkezi,+905539021288,Diyetisyen
Diyetisyen Gizem Akyüz,+905536826808,Diyetisyen
Diyetisyen Cansu Demirbağ Altun Beslenme Danışmanlığı,+905511636408,Diyetisyen
Diyetisyen Gaye Türemen,+905423926098,Diyetisyen
Diyetisyen Elif Akca,+905442771409,Diyetisyen
Diyetisyen İlkehan Ayşe Gümüş,+905060982734,Diyetisyen
Diyetisyen Yaşam Koçu Yeşim Özden,+902122783533,Diyetisyen
Dyt. Aydın Kırışık,+902122840708,Diyetisyen
Diyetisyen Nebahat Demirel,+905309441998,Diyetisyen
Fizyoterapist Kağıthane,+905383257187,Psikolog / Terapist
Diyetisyen Şeyma Ece Somun,+905548940958,Diyetisyen
Moonlight Pilates Studio Kağıthane,+905527328997,Pilates / Yoga
Sevindik Aktif Yaşam Merkezi (şişli_ maltepe,+905347638146,Diyetisyen
Uzman diyetisyen İbrahim Sami Turan (Diyetisyenist),+905465961010,Diyetisyen
Habit Sağlıklı Gıda,+902129003300,Diğer (Sağlık & Bakım)
Health Station Pilates,+905456766306,Pilates / Yoga
Halkalı Diyetisyen Gizem Çalışkan Akgül Beslenme ve Diyet Danışmanlığı Merkezi,+905348563421,Diyetisyen
Yıldız Beslenme Kulübü,+905453093594,Diyetisyen
Dyt. İkra ÖZCAN,+905435674169,Diyetisyen
Çeliktepe Evde Sağlıklı Yaşam Ve Fizik Tedavi Kliniği,+905524011099,Fizyoterapi
Sava Clinic,+905461004447,Diğer (Sağlık & Bakım)
Diyetisyen & Pilates Eğitmeni Merve Sinem Kaptan,+905356457542,Diyetisyen
Dr. Dyt. Gülen Ecem Kalkan,+905069981941,Diyetisyen
"Dyt. Yıldız Tilbe Topçuoğlu, Diyetisyen",+905300656762,Diyetisyen
Deniz Şafak,+905302380686,Diyetisyen
Diyetisyen Zehra Yazıcı,+905380205292,Diyetisyen
Diyetisyen Liva Yüksel,+905330304308,Diyetisyen
Pilates By Demet,+905428335772,Pilates / Yoga
Diyetisyen Hande Aras,+908504746121,Diyetisyen
Diyetisyen Güler Engin,+905442133717,Diyetisyen
Halkalı Atakent Diyetisyen Şeyda Tuğbay Diyet ve Beslenme Danışmanlığı,+905536370782,Diyetisyen
Maabella beauty,+905308895649,Güzellik Salonu
"His Beauty Sultangazi Lazer Epilasyon, Cilt Bakımı , Kalıcı Makyaj ve Güzellik Merkezi",+905357929736,Güzellik Salonu
Ezgi Aslan Güzellik Salonu,+905345493757,Güzellik Salonu
Ünlü Güzellik Salonu,+905058499260,Güzellik Salonu
Marjinal Güzellik Salonu,+905458351821,Güzellik Salonu
Epipia Güzellik Salonu – Sultangazi Lazer Epilasyon,+905550593034,Güzellik Salonu
Hayel Güzellik salonu,+905616116621,Güzellik Salonu
Chris Güzellik merkezi,+902124759961,Güzellik Salonu
Işık Koca Güzellik Merkezi,+905549575700,Güzellik Salonu
EGES GÜZELLİK SALONU,+905332122539,Güzellik Salonu
Sayannova Güzellik Salonu Sultangazi,+902125940204,Güzellik Salonu
Karen Güzellik Salonu,+905332532708,Güzellik Salonu
SİTRİN GÜZELLİK,+905453320161,Güzellik Salonu
Estepink Estetik ve Güzellik,+905314812526,Güzellik Salonu
Zehra çelik güzelik salonu,+905068155858,Güzellik Salonu
Duygu Savaş Güzellik Estetik,+905302328625,Güzellik Salonu
ALİN ARAS GÜZELLİK SALONU,+905415361152,Güzellik Salonu
Derya Durusu Güzellik Salonu,+905331301224,Güzellik Salonu
Estederm Beauty 2,+905415503208,Güzellik Salonu
LENA GÜZELLİK SALONU,+905309379352,Güzellik Salonu
Hatice Çelik Güzellik Salonu,+905467946513,Güzellik Salonu
Lidya Lina güzellik salonu,+905522910529,Güzellik Salonu
Rain's Güzellik & Estetik Merkezi,+905550903757,Güzellik Salonu
BERFİN TOPÇU GÜZELLİK SALONU,+905520197477,Güzellik Salonu
"Alebra Beauty - Lazer Epilasyon, Cilt Bakımı, Kirpik Lifting, Kalıcı Makyaj, Manikür Pedikür",+905337216271,Güzellik Salonu
NTC Güzellik Salonu,+905455178261,Güzellik Salonu
Glow up güzellik merkezi,+905520898168,Güzellik Salonu
Pure Beauty,+905524056252,Güzellik Salonu
sima istanbul güzellik merkezi,+905336214030,Güzellik Salonu
SEMT BAYAN KUAFÖRÜ,+902126190661,Kuaför / Berber
Thelorin woman & man hair beauty guzellik salonu,+905464707839,Güzellik Salonu
CANSIN Bayan kuaförü,+905334208370,Kuaför / Berber
SEDA GÜZELLİK SALONU ( HABiBLER ),+905457928886,Güzellik Salonu
Nis Kuaför,+902124757553,Kuaför / Berber
Şevin Bayan Kuaförü,+905340676804,Kuaför / Berber
Tuba Kaya Türban Tasarım & Kalıcı Makyaj,+905069066952,Güzellik Salonu
MT Bayan Kuaförü,+902125367844,Kuaför / Berber
Arsev Güzellik Salonu,+905316263234,Güzellik Salonu
Poz Güzellik Salonu,+905010110260,Güzellik Salonu
Real Face Güzellik Salonu,+905455343131,Güzellik Salonu
PINAR DOĞAN GÜZELLİK SALONU KUAFÖR,+905305676139,Güzellik Salonu
Elif Beauty Güzellik Merkezi,+905376457116,Güzellik Salonu
Porsor guzellik merkezi ve bayan kuaför salonu,+905319587325,Güzellik Salonu
Seher Ural Güzellik Salonu,+902126195619,Güzellik Salonu
Kuaför Sinan Köstekci,+905323501319,Kuaför / Berber
SİNEM DOĞAN GÜZELLİK SALONU,+905535962049,Güzellik Salonu
Cansu saç tasarım ve güzellik salonu,+905442493554,Güzellik Salonu
Naz güzellik sevgi özgül,+905534120185,Güzellik Salonu
Eda Güzellik Salonu,+905376542611,Güzellik Salonu
OLUŞUM PROTEZ SAÇ,+905541569937,Güzellik Salonu
Ada Güzellik Salonu,+905451504282,Güzellik Salonu
Salon Derya,+905376225554,Kuaför / Berber
NOLM SPA,+902127411400,Diğer (Sağlık & Bakım)
İstanbul Sultangazi - Moonlight Erkek Kuaförü,+905432684803,Kuaför / Berber
ŞÜKRAN HOLİSTİK GÜZELLİK MERKEZİ,+905303785297,Güzellik Salonu
Lady Nada Güzellik Merkezi,+905452791637,Güzellik Salonu
Kuaför AYŞE TEMUR,+905539493423,Kuaför / Berber
Liv Güzellik Salonu,+905322155497,Güzellik Salonu
SALON SİSTER'S,+905382869704,Kuaför / Berber
Fatoş Bayan Kuaförü,+905342560244,Kuaför / Berber
Pride Beauty Güzellik Salonu,+905467730309,Güzellik Salonu
"S C Bayan Kuaförü & Moda evi (Semra, Cemal)",+902125947594,Kuaför / Berber
VK KUAFÖR,+905301586005,Güzellik Salonu
Glamora güzellik salonu,+905416125597,Güzellik Salonu
Erkek Kuaförü Abdullah Kavalcı,+905539340010,Kuaför / Berber
SALON ZİYA,+905352110053,Kuaför / Berber
Sebahat dursun modaevi güzellik salonu,+905394980812,Güzellik Salonu
Emine Akyüz Güzellik Salonu,+905423265664,Güzellik Salonu
Yiğit Kuaför,+905382964398,Kuaför / Berber
Relax Spor Kulübü - Sultangazi,+905356920091,Kuaför / Berber
Mirabel Danışmanlık & Güzellik,+902126264400,Psikolog / Terapist
Flash Erkek Kuaförü,+905446471033,Kuaför / Berber
aras lazer,+902126196792,Güzellik Salonu
Kuaför Hasan Tilaver,+905317426190,Kuaför / Berber
Cansın Kuaför Ve Saç Tasarım Gazi mahallesi,+905545461378,Kuaför / Berber
Ada Kuaför,+902126062417,Kuaför / Berber
Ni Kuaför,+905360319870,Kuaför / Berber
kuaför elif güzellik salonu,+905418837151,Güzellik Salonu
Rojbin & Gülşah Kuaför & Güzellik Salonu,+905318942869,Güzellik Salonu
23 Pilates Studio,+905466867539,Pilates / Yoga
Studio 19 Pilates Kağıthane,+905334912386,Pilates / Yoga
Yolo Pilates Studio,+905373032096,Pilates / Yoga
YD Pilates Studio Kağıthane,+905411889020,Pilates / Yoga
Stay Fit Pilates Kağıthane,+905324064024,Pilates / Yoga
studio trio pilates,+905396758782,Pilates / Yoga
Büşra Doğan Pilates Studio,+905432527525,Pilates / Yoga
Cove Coffee&Pilates,+905362861419,Pilates / Yoga
Moonlight Pilates Studio Çağlayan,+905350831538,Pilates / Yoga
iD Pilates Stüdyo,+905319807689,Pilates / Yoga
Fizyo Nola Pilates,+905428458220,Pilates / Yoga
Mia Pilates Studio,+905316634275,Pilates / Yoga
İlker Can Fitness & Pilates Studio,+905539414633,Pilates / Yoga
Cansu Aydın Pilates Vadi İstanbul,+905325908225,Pilates / Yoga
Matias Pilates,+905324023991,Pilates / Yoga
ZEO PİLATES,+905524368606,Pilates / Yoga
Suna Pilates Stüdyo,+905443034087,Pilates / Yoga
Nena Pilates,+905300448006,Pilates / Yoga
Mir Pilates,+905385200417,Pilates / Yoga
Seyrantepe Spor Kulübü,+905363377195,Kuaför / Berber
Mavi Sports Fitness Club,+905545358989,Kuaför / Berber
gdfitbody,+905322880972,Kuaför / Berber
Yayla Fitness Club,+905301570889,Kuaför / Berber
TheSprinnt Levent,+905316618212,Kuaför / Berber
Survivor Fitness,+905382791988,Kuaför / Berber
The Peak Training,+905325914650,Kuaför / Berber
ARMY34 Personal Trainer - PT GYM FİTNESS,+902122828234,Kuaför / Berber
GYM BOX SPOR SALONU,+905353356356,Kuaför / Berber
Fizyo Corner Fizyoterapi ve Pilates,+905333258728,Psikolog / Terapist
Uniq Studio Vadi,+905558388113,Kuaför / Berber
EVREN FIGHT CLUB,+905321377539,Kuaför / Berber
KAYROTERAPİ OMURGA MERKEZİ-CHİROPRACTİC CENTER,+905412547505,Psikolog / Terapist
Abdullah Kaya Spor KulÜBÜ,+905364932123,Kuaför / Berber
Miel Spa Kordon İstanbul,+905302986608,Diğer (Sağlık & Bakım)
Star Gym,+902122699436,Kuaför / Berber
Start Spor Merkezi,+902122467270,Kuaför / Berber
Rocky Fitness Center & Protein Shop,+905449682328,Kuaför / Berber
Acrofit Sports Academy,+905373995396,Diğer (Sağlık & Bakım)
KILIÇ TAEKWONDO SPOR KÜLÜBÜ,+905434510526,Kuaför / Berber
İstanbul Pomem Parkur (Ankara Parkur ),+905452461453,Kuaför / Berber
Karataş Spor Merkezi,+902122110512,Kuaför / Berber
PlayStüdyo Çağlayan | Kadınlara Özel Spor Salonu,+902122218000,Kuaför / Berber
Senfit Pilates Kağıthane,+905068202626,Pilates / Yoga
pilatestudio33,+905378180877,Pilates / Yoga
Story Fit Pilates Stüdyosu,+905363960891,Pilates / Yoga
KAĞITHANE MOMENT EXERCISE PILATES & CORRECTIVE EXERCISE,+905465846579,Pilates / Yoga
SEYRANTEPE WELLNESSPORT FİTNESS PİLATES STUDİO,+905394530444,Pilates / Yoga
Vadi Wellness BootCamp Studio & SPA,+905322019324,Kuaför / Berber
Purify,+905321762746,Pilates / Yoga
Senfit Spor Salonu,+902122941193,Kuaför / Berber
Fitforce,+905437802402,Kuaför / Berber
SB GYM,+905304639470,Kuaför / Berber
Atilla Sümer Personal Training - Kağıthane Şubesi,+905528513070,Kuaför / Berber
MAT Sports Club Health & Life,+902123216062,Kuaför / Berber
Core & More Studio,+905356861565,Kuaför / Berber
B-fit 4 Levent,+905365634445,Kuaför / Berber
Link GYM Club,+902128122254,Kuaför / Berber
Workout GYM Çağlayan,+905313808192,Kuaför / Berber
FIT Sports,+905551709920,Kuaför / Berber
MOD Sports & Pool,+902128924434,Kuaför / Berber
Salon İstanbul,+905350556581,Kuaför / Berber
Kuaför FIRAT BOZKURT,+905078707203,Kuaför / Berber
B&Y HAIR STUDIO,+905366462413,Kuaför / Berber
Shine Beauty Bayan Kuaförü,+905421613994,Güzellik Salonu
SALON MELİKE,+905536437334,Kuaför / Berber
Gökçe Günbeyi Kuaför,+905453430861,Güzellik Salonu
METİN kuaför,+905335772435,Kuaför / Berber
İlknur Yüksel Kuaför,+905388187894,Kuaför / Berber
Büşra tosun bayan kuaförü,+905337626119,Kuaför / Berber
Yağmur Bayan Kuaförü - Hülya Domruk,+902126062393,Kuaför / Berber
NATUREL KUAFÖR,+905392380711,Kuaför / Berber
Burcu Bayan Kuaförü,+905447378347,Kuaför / Berber
KOZAN KUAFÖR,+905533273438,Kuaför / Berber
Espina Bayan Kuaförü,+905380581490,Kuaför / Berber
Oscar Kuaför,+905416504665,Kuaför / Berber
İmaj Bayan Kuaförü,+905334912223,Kuaför / Berber
TREND ERKEK KUAFÖRÜ,+905443308341,Kuaför / Berber
Zeynep bayan kuaförü,+902126198518,Kuaför / Berber
Dilek damla makeup coiffeur,+905446603906,Güzellik Salonu
Gün Işığı Bayan Kuaförü (Sebile Gün),+902125947540,Kuaför / Berber
Salon Makas,+905314214834,Kuaför / Berber
Salon Tutkum İstanbul,+905435123605,Kuaför / Berber
Kuaför vahap,+905324059969,Kuaför / Berber
Kemal Cekem Hair Artist,+905330913352,Kuaför / Berber
Yağmur Bayan Kuaförü,+905442620544,Kuaför / Berber
Salon Avrupa,+902124755766,Kuaför / Berber
Salon Selçuk,+905353143729,Kuaför / Berber
Bilal Erkek Kuaförü,+905459759925,Kuaför / Berber
Leyla Kuaför,+905553621323,Kuaför / Berber
Nişantaşı Bayan Kuaförü,+905394636433,Kuaför / Berber
ECRİN CLASS ERKEK KUAFÖRÜ,+905343755763,Kuaför / Berber
Fenomen Kuaför,+905367024628,Kuaför / Berber
C&C KUAFÖR,+905397664062,Kuaför / Berber
MEN'S WORLD İSTANBUL BERBER,+905395296939,Kuaför / Berber
Kadir Erkek Kuaför,+905448073422,Kuaför / Berber
Kuaför İbo,+905352041363,Kuaför / Berber
TEKBİR ERKEK KUAFÖRÜ,+905324964537,Kuaför / Berber
Bahattin Berber,+905306370474,Kuaför / Berber
Leyla bayan kuaförü,+905379427913,Kuaför / Berber
Bereket Kuaför Salonu,+905387940732,Kuaför / Berber
GOLD HAIR KUAFOR SALONU,+905050148457,Kuaför / Berber
İstanbul Gelinlik Abiye & Bayan Kuaför,+905075411444,Kuaför / Berber
İlyas Erkek Kuaförü,+905384023664,Kuaför / Berber
Kuaför ahmet,+905519594968,Kuaför / Berber
Kuaför Mehreb,+902123664748,Kuaför / Berber
Mert Erkek Kuaförü,+905350788634,Kuaför / Berber
Yakamoz Bayan Kuaförü,+902126197165,Kuaför / Berber
Yeliz Okatan Kuaför,+905397846771,Kuaför / Berber
Modern Erkek Kuaförü,+905395663236,Kuaför / Berber
Salon Erbay,+905375032661,Kuaför / Berber
Elizan Kuaför,+905419563955,Kuaför / Berber
Kuaför vedat,+905386808314,Kuaför / Berber
Aya Güzellik Salonu,+905538770030,Güzellik Salonu
724 Güzellik Merkezi,+905353234408,Güzellik Salonu
ALİZE GÜZELLİK MERKEZİ,+905536151447,Güzellik Salonu
İnnovation Küçükçekmece Güzellik Merkezi,+905421939492,Güzellik Salonu
Dilek Sarıçiçek Güzellik Merkezi,+905412949090,Güzellik Salonu
Ada guzellik salonu,+905395215704,Güzellik Salonu
DivaForm,+902125990032,Güzellik Salonu
THE 5 Beauty | Halkalı Atakent güzellik merkezi | Protez tırnak Nail art | İpek kirpik | Kaş | Cilt bakımı | Lazer epilasyon,+905524737275,Güzellik Salonu
Enza Güzellik Merkezi Küçükçekmece,+905465943416,Güzellik Salonu
İsmi Güzellik,+905302617640,Güzellik Salonu
Zehra & Beauty,+905469395228,Güzellik Salonu
Nazlı dağ beauty,+905354939877,Güzellik Salonu
THE BEAUTY ROOM Ç&O,+905464358818,Güzellik Salonu
Merve Sabah Beauty | Sefaköy Protez Tırnak | Lazer Epilasyon | Cilt Bakımı | Microblading | İpek Kirpik,+905334532019,Güzellik Salonu
ROSSO Sefaköy VİP Güzellik Merkezi,+905323065604,Güzellik Salonu
Sibel Beauty Center,+905538988939,Güzellik Salonu
My Angels Güzellik Salonu,+905418861018,Güzellik Salonu
Zeynep akduruk Beauty studio,+905418558939,Güzellik Salonu
B&B Güzellik Salonu,+905011012526,Güzellik Salonu
Küçükçekmece Esse Life,+905010660634,Güzellik Salonu
Lusiva Güzellik,+905427461142,Güzellik Salonu
FATMA ALBAYRAK GÜZELLİK MERKEZİ,+905323746025,Güzellik Salonu
Ebruli Beauty Center,+902126969227,Güzellik Salonu
Mislina Sefaköy Güzellik Salonu,+905424805461,Güzellik Salonu
BETÜL BİNGÖL GÜZELLİK SALONU HALKALI,+902127774440,Güzellik Salonu
Esra Gencer Beauty,+905400993449,Güzellik Salonu
Nil Güzellik Merkezi,+905075070407,Güzellik Salonu
Neşe Oymak - Sefaköy Protez Tırnak | Güzellik Merkezi | İpek Kirpik,+905334146393,Güzellik Salonu
Pelin Boyraz Beauty & Academy,+905411321222,Güzellik Salonu
Melike Adıgüzel Sefaköy Şubesi,+905459364909,Güzellik Salonu
Valermus Beauty & SPA,+905438420211,Güzellik Salonu
Büşra Bahadır Kuaför,+905376372409,Kuaför / Berber
Clinef Beauty Estetik Güzellik Salonu,+902125351356,Güzellik Salonu
Sonay Beauty Center,+905330366030,Güzellik Salonu
Elif Özkan Beauty,+905414873917,Güzellik Salonu
Mukka Beauty & HairMakeup,+905336714039,Güzellik Salonu
Derya Aslan Güzellik Salonu Halkalı,+905523342950,Güzellik Salonu
Pamuk Çiğdem Gürbüz Güzellik Salonu I Gelin Makyajı I Make up I Saç Tasarımı I Kına ve Nişan Hazırlıkları,+905325409645,Güzellik Salonu
Lavi Güzellik,+905421087058,Güzellik Salonu
Si Lamaze güzellik salonu,+905078046008,Güzellik Salonu
FG Beauty & Lazer | Halkalı Atakent,+905397949595,Güzellik Salonu
Deniz Bayraktar Beauty,+905071895050,Güzellik Salonu
One Nails & Lashes,+905421379620,Güzellik Salonu
Viva bayan kuaförü (sefaköy),+902125410343,Kuaför / Berber
Bella Beauty 19 Women & Men Güzellik Merkezi | Küçükçekmece ( Erkek Berberi & Bayan Kuaförü ),+905336163066,Güzellik Salonu
KubraYilmaz Beauty,+905303155194,Güzellik Salonu
EG& Beauty Güzellik Kuaför,+905522056062,Güzellik Salonu
Revilux Güzellik,+905010807645,Güzellik Salonu
SALOON EDA,+905436790437,Güzellik Salonu
Baha Güzellik Salonları Sefaköy Torkam,+905333193476,Güzellik Salonu
Dilek Durmuş Güzellik Merkezi,+905011121314,Güzellik Salonu
Locca Hair Studio cennet,+902125800508,Kuaför / Berber
Epila Güzellik Salonu,+902125413186,Güzellik Salonu
ŞENAY ÖNAL GÜZELLİK SALONU,+905302943477,Güzellik Salonu
Yıldız Güzellik,+905305693405,Güzellik Salonu
Cosmo Plus Güzellik Salonu,+905393360282,Güzellik Salonu
Shinest Estetik,+905073780303,Güzellik Salonu
Özel Neslim Güngen Polikliniği,+905320612922,Güzellik Salonu
Derma Point,+905415982829,Güzellik Salonu
Şevket Gürkan Kuaför,+902126985858,Kuaför / Berber
Salon Sibel,+905347898056,Güzellik Salonu
SARIYILDIZ BEAUTY CENTER,+905434502634,Güzellik Salonu
AYMİRA KOÇAKLI HALKALI,+905514711961,Güzellik Salonu
Bayan kuaförü,+902126964741,Kuaför / Berber
Salon Sevinç,+905319933697,Güzellik Salonu
GAMZE AĞDA&GÜZELLİK SALONU,+905356659466,Güzellik Salonu
Atelier PENA,+905313257514,Güzellik Salonu
AVRUPA SAÇ TASARIM VE GÜZELLİK SALONU,+905326732166,Güzellik Salonu
La Loca Güzellik Salonu,+905451021213,Güzellik Salonu
Pretty Women Kuaför,+905302415390,Güzellik Salonu
Vois Kuaför,+902124252176,Kuaför / Berber
ERDEM AKBOYUN BAYAN KUAFÖRÜ,+905350229763,Kuaför / Berber
Angel’s Güzellik Merkezi & Kuaför,+905323381016,Güzellik Salonu
Aşkın Ulusan kuaför,+905416194354,Kuaför / Berber
Salonist Bay - Bayan Kuaförü,+902125480478,Kuaför / Berber
Atakent Bayan Kuaförü,+905345994595,Kuaför / Berber
My.hairstudio Atakent Bayan Kuaförü,+905070343976,Kuaför / Berber
BOSS BAY BAYAN KUAFÖR ATAKENT,+905367946383,Güzellik Salonu
Salon Kırık Ayna,+902125808974,Kuaför / Berber
Murat Hair Studio,+905466132160,Kuaför / Berber
Salon Veysel bayan kuaförü,+905522728474,Kuaför / Berber
Eç Bayan Kuaförü Emrah Çalışkan,+902129997736,Kuaför / Berber
THE BLACK MOSS,+902126960350,Kuaför / Berber
kuaför sefer kayıp,+902125806240,Kuaför / Berber
HAIRSAN Kuaför,+905327101147,Kuaför / Berber
Hacer Ekinci bay Bayan Kuaför,+905444758451,Kuaför / Berber
Ozan İlhan Hair Stüdyo,+905310210112,Kuaför / Berber
Beyhan Kuaför / Sibeya Hairdesign,+905369247741,Kuaför / Berber
Özcan sancarbarlaz kuaför,+905436661227,Kuaför / Berber
Can Ceyhun Kuaför,+905350788931,Kuaför / Berber
Öznur kuaför & güzellik salonu,+905550793319,Güzellik Salonu
orhan soylu bay bayan kuaförü saç kaynak merkezi,+902124706022,Kuaför / Berber
CKN SAÇ TASARIM,+905494555013,Kuaför / Berber
EE Kuaför,+905411203673,Kuaför / Berber
Melisa bay & bayan kuaför Nail art,+905072978177,Güzellik Salonu
Burcu Bozkır Beauty,+902124244151,Güzellik Salonu
N&B SAÇ TASARIM,+905453802251,Kuaför / Berber
BEYHAN ÇALIŞKAN BAYAN KUAFÖRÜ,+905326571217,Kuaför / Berber
Arm Bayan Kuaförü,+905333595991,Kuaför / Berber
Tuen Kuaför & Güzellik - Halkalı,+905068275602,Güzellik Salonu
RAS KUAFÖR ATAKENT BAY BAYAN,+905404656534,Kuaför / Berber
Ahenk Kuaför Salonu,+905347210074,Kuaför / Berber
Dejavu Saloon Bayan Kuaförü,+905333873758,Kuaför / Berber
Newold Hair Design,+902125412400,Kuaför / Berber
Umut Oral Hair Studio,+905368198280,Kuaför / Berber
Esin Kuaför,+902125400254,Kuaför / Berber
ED BAYAN KUAFÖRÜ,+905419216262,Kuaför / Berber
Dilek Bayan Kuaförü,+902126985182,Kuaför / Berber
Saççım Yasemin,+902125988799,Kuaför / Berber
Salon Express Hair & Makeup,+902126963636,Güzellik Salonu
"Tara Academy kuaför, güzellik salonu (eğitim)",+905300811143,Güzellik Salonu
Grisa Güzellik Salonu,+902125921551,Güzellik Salonu
Bz Hair Dresser Bay Bayan Kuaförü ELİTE WORLD GRAND HOTEL BASIN EKSPRES,+905079486233,Kuaför / Berber
Ada Kuaför,+902124251528,Kuaför / Berber
BAHRİ TAŞDEMİR BARBER’S CLUB,+905454373914,Kuaför / Berber
Yasin Birtane Erkek Kuaför & Hair Stylist,+905432993439,Kuaför / Berber
Salon Süheyla Gelinlik Moda Evi ve Bayan Kuaförü,+905313859998,Kuaför / Berber
"Tayfun Aslan Hair Design - Berber, Erkek Kuaförü -",+905347183425,Kuaför / Berber
Hairport Kuaför,+902126979852,Kuaför / Berber
Ahmet AKSU - Bay & Bayan Kuaför,+902128138619,Kuaför / Berber
Bilgen Kuaför,+902125992809,Kuaför / Berber
Kuaför Taner,+905374240410,Kuaför / Berber
Kuaför Hayri Başar - Bay Bayan Kuaför,+902127779680,Kuaför / Berber
Bayan Kuaförü Erol,+902125403231,Kuaför / Berber
Salon Ferro,+905449709493,Güzellik Salonu
Avrupa konutları 4 kuaför salon ali çimen Bay bayan kuförü,+902128127707,Kuaför / Berber
EMAY KUAFÖR,+905075433275,Kuaför / Berber
İxir Bayan Kuaförü ve Güzellik Salonu,+905302278994,Güzellik Salonu
EFOR Erkek Kuaför & Solarıum Salonu,+902125995109,Kuaför / Berber
kibele kuaför,+902124260927,Kuaför / Berber
MARKAS ERKEK KUAFÖR,+902125416014,Kuaför / Berber
Efor Kuaför 2,+902125404121,Kuaför / Berber
Yüksel Bayan Kuaförü,+902126241998,Kuaför / Berber
Güven demir saç tasarım,+905387443247,Kuaför / Berber
Değisim Erkek Kuaförü,+905326951671,Kuaför / Berber
Salon Tria Kuaför Atakent Halkalı,+902128037584,Güzellik Salonu
By Özgen Bayan Kuaförü,+905349633691,Kuaför / Berber
Kuaför Şener,+902125415322,Kuaför / Berber
BY TOLU HAİR MAFİA,+905318612796,Kuaför / Berber
KUAFÖR OSMAN ÇENGEL,+905365526939,Kuaför / Berber
Kuaför Emre İşleyen,+905367117516,Kuaför / Berber
Recep Kuaför,+905344671895,Kuaför / Berber
Aymira Koçaklı Vip Kanarya Güzellik ve Kuaför Salonu,+905514900209,Güzellik Salonu
Mustafa aydın hair studio,+905308744005,Kuaför / Berber
Liz Bayan Kuaförü MERKEZ ŞUBE İNÖNÜ,+905312639675,Kuaför / Berber
Cadde 24 kuaför,+902128090443,Kuaför / Berber
Yasemin Kuaför,+902125807259,Kuaför / Berber
Cennet Pet Kuaför,+905369704000,Kuaför / Berber
Kuaför Selcan Tapari,+905467920405,Kuaför / Berber
Oskar Kuaför,+902125982717,Kuaför / Berber
Pati pet kuaförü,+905462193464,Kuaför / Berber
İstanbul Pet Kuaför ATAKENT PET KUAFÖR - İstanbul Anestezisiz Kedi Tıraşı - İstanbul Köpek Tıraşı,+905435795077,Kuaför / Berber
Saloon İstanbul,+905534485844,Kuaför / Berber
K&K Bayan Kuaförü,+905436002883,Kuaför / Berber
Mihriban Bayan Kuaförü,+902124258266,Kuaför / Berber
Bay Bora Erkek Kuaförü,+905372170536,Kuaför / Berber
Elif Yılmaz Ay Kuaför Salonu,+902126246678,Güzellik Salonu
Salon Deluxe Erkek kuaförü,+905547976008,Kuaför / Berber
Saloon King by murat erkek kuaförü,+905448483944,Kuaför / Berber
HAİR CLUB,+902125995721,Kuaför / Berber
Seon Erkek Kuaförü,+902124255575,Kuaför / Berber
Boss Erkek Kuaförü,+905434192220,Kuaför / Berber
LİFE KUAFÖR SOYAK-ATAKENT,+902126981123,Kuaför / Berber
Resul Tabu Erkek Kuaförü & Saç Atölyesi,+905359116681,Kuaför / Berber
Kuaför Selma,+905304906006,Kuaför / Berber
Arda Erkek Kuaförü,+905309585458,Kuaför / Berber
Ekip Bayan Kuaförü,+905342426882,Kuaför / Berber
Gökhan Erkek Kuaförü Sefaköy,+905316848876,Kuaför / Berber
Atakent kuaför,+905398942067,Kuaför / Berber
Deniz Kuaför,+905414233730,Kuaför / Berber
Özden Bayan Kuaförü,+905312313889,Kuaför / Berber
Estherian Clinic,+905441699000,Güzellik Salonu
Özgün Estetik | Halkalı Atakent Estetik ve Güzellik Merkezi | Medikal Estetik Merkezi,+905535163357,Güzellik Salonu
EP Health & Beauty,+905525078300,Güzellik Salonu
Nuremir Estetik & Güzellik Merkezi,+905526735773,Güzellik Salonu
Şeri Life Beauty Center Sefaköy - 2,+905053983430,Güzellik Salonu
Parle Beauty Atakent,+905326796252,Güzellik Salonu
İLKE ESTETİK,+905461425200,Güzellik Salonu
Pırlanta Güzellik Merkezi,+905422122549,Güzellik Salonu
PrimeAura Güzellik ve Spa Merkezi,+905309799424,Güzellik Salonu
Ciel Güzellik Salonu,+905446705617,Güzellik Salonu
Şeri Life Beauty Center Sefaköy,+905011023534,Güzellik Salonu
Pırlanta Güzellik Salonu İnönü,+905301225798,Güzellik Salonu
Neslim Güngen Florya Güzellik Merkezi,+905322438203,Güzellik Salonu
Lux Güzellik,+905322879843,Güzellik Salonu
M.Ç güzellik,+902124957270,Güzellik Salonu
Roys Plus Beauty,+905050373334,Güzellik Salonu
Lucita Güzellik,+905451366988,Güzellik Salonu
Gamze Taflan Beauty Palace,+905466471352,Güzellik Salonu
Rabia Dilber Güzellik Ve Estetik Merkezi,+905436932763,Güzellik Salonu
Promed Clinic,+905444165169,Güzellik Salonu
Beau&You,+905367727775,Güzellik Salonu
Nora Estetik ve Güzellik Merkezi,+902125400304,Güzellik Salonu
Narinay güzellik merkezi,+905012169040,Güzellik Salonu
Sultan Güzellik,+905461608540,Güzellik Salonu
Sue Güzellik,+905324599842,Güzellik Salonu
Dr. Tülay Kadıoğlu I Mezoterapi I Dudak Dolgusu I Burun Dolgusu I Botoks İstanbul,+905417203232,Psikolog / Terapist
Es Aesthetic Clinic,+905335191034,Güzellik Salonu
Laves Güzellik Salonu,+905309235043,Güzellik Salonu
Atakent Derma Güzellik Merkezi,+905073822726,Güzellik Salonu
Dr. Cengizhan Ekizceli,+905059529867,Güzellik Salonu
Mavya Güzellik merkezi,+905469783477,Güzellik Salonu
Burcu Aydın Beauty,+905389650512,Güzellik Salonu
Buse Topcuoglu Güzellik,+905373404337,Güzellik Salonu
Dr. Güven Çeçe Medikal Estetik,+905326881959,Güzellik Salonu
Elenora Güzellik Salonu,+905431780288,Güzellik Salonu
Özel A+ Plus Estetik Ağız ve Diş Sağlığı Polikliniği,+902126249171,Diş Kliniği
Charms Beauty - Botoks Dolgu Mezoterapi,+905314080250,Psikolog / Terapist
Miyo Life Sefaköy Güzellik Merkezi,+905526803353,Güzellik Salonu
Erva güzellik salonu sefaköy,+905468570020,Güzellik Salonu
Korulife Estetik,+905398400090,Güzellik Salonu
Argana Güzellik Merkezi,+905527711111,Güzellik Salonu
Berceste Estetik Ve Güzellik Merkezi,+905494007201,Güzellik Salonu
Sortie Güzellik Merkezi,+905421701170,Güzellik Salonu
Florya Estetik,+905411343502,Güzellik Salonu
Sefaköy Protez Tırnak - MRV BEAUTY,+905435273746,Güzellik Salonu
Dr. Murat Irmak,+905421883034,Diğer (Sağlık & Bakım)
Uzm. Dr. Arda Yapar,+908504748567,Güzellik Salonu
Lotus Estetik &Güzellik Merkezi,+902125982828,Güzellik Salonu
Elegancia Clinic,+905310846864,Kuaför / Berber
Berna Beauty Protez Tırnak,+905315165470,Güzellik Salonu
Halkalı Güzellik Merkezi,+902127064565,Güzellik Salonu
Minel Clinic,+905491492101,Güzellik Salonu
Emsal Doğan Halkalı,+905538094726,Güzellik Salonu
Gözde Estetik,+902128128088,Güzellik Salonu
Mabe CLINIC,+905333434034,Diğer (Sağlık & Bakım)
Hatice Yıldız Nail Studio,+905382439638,Güzellik Salonu
Nur Babayeva Güzellik,+905300688004,Güzellik Salonu
Elmira Güzellik Merkezi,+905395575005,Güzellik Salonu
Pink Nail Studio | Halkalı Atakent | Protez Tırnak ve İpek Kirpik,+905452558047,Güzellik Salonu
Halkalı Ayak Bakım Merkezi | Podoloji,+905011449912,Diğer (Sağlık & Bakım)
GAMZE GÜZELLİK MERKEZİ EGE YAKASI,+905520406664,Güzellik Salonu
Ozon Sağlık Ozon Tedavi Merkezi,+905326250710,Diğer (Sağlık & Bakım)
AS NAİLART STUDİO,+905322060223,Güzellik Salonu
Nimera Güzellik,+905461294020,Güzellik Salonu
Naturel Güzellik Merkezi,+905522786875,Güzellik Salonu
Lacasa H&B Güzellik ve Bakım Merkezi,+905491303455,Güzellik Salonu
DERMAWORLD GÜZELLİK MERKEZİ,+905312352586,Güzellik Salonu
Lenis Güzellik Estetik,+905307810434,Güzellik Salonu
Ayşe Estetik Güzellik,+905446767665,Güzellik Salonu
hairmapsclinic,+905393904225,Güzellik Salonu
İstanbul Polli Sultangazi Şubesi,+905436066808,Güzellik Salonu
Q LİFE ESTETİK VE GÜZELLİK,+905333732433,Güzellik Salonu
RK GÜZELLİK MERKEZİ,+905550755452,Güzellik Salonu
V estetik diş,+905528250596,Diş Kliniği
Psikolog Cihat Yetan,+905510031112,Psikolog / Terapist
Küçükçekmece Psikolog | Esra Kalincik,+905372362107,Psikolog / Terapist
Klinik Psikolog - Elif SAĞLAM,+905323720268,Psikolog / Terapist
Klinik Psikolog / Psikoterapist Samet ÇOBAN,+905387144116,Psikolog / Terapist
Moss Psikoloji Danışmanlık Merkezi,+905412477507,Psikolog / Terapist
Çapa Psikoloji,+905510839610,Psikolog / Terapist
Uzm. Klinik Psikolog Zeynep Feyza Uçan/Halkalı Psikolog,+905415328187,Psikolog / Terapist
Küçükçekmece Psikolog | Psikolog Berfin Yıldız,+905392713406,Psikolog / Terapist
Vita Akademi,+905354928130,Psikolog / Terapist
Uzm.Klinik Psikolog Baran KAYA | Halkalı Psikolog | Depresyon ve kaygı bozuklukları | Bireysel Psikoterapi | Atakent Psikolog,+905355163770,Psikolog / Terapist
Uzman Klinik Psikolog Rojin Yazıcıoğlu,+905433624532,Psikolog / Terapist
Halkalı Psikolog / Uzm. Psk. Kübra Demirci,+905372634154,Psikolog / Terapist
Uzm. Klinik Psikolog Elif Güşta AYDIN,+905303678753,Psikolog / Terapist
Uzman Psikolog Nagihan Ergün-İstanbul Psikolog,+905349265614,Psikolog / Terapist
Klinik Psikolog Rüya Dilara Yıldırım,+905336390095,Psikolog / Terapist
Uzm. Klinik Psikolog Özkan Yolasığmazoğlu,+905333915048,Psikolog / Terapist
Uzman Psikolojik Danışman Pınar Gülmüş Gürsu / Online Psikolojik Danışmanlık,+905059164035,Psikolog / Terapist
"Uzman Psikolog Gamze Köse (EMDR Terapisi, Çocuk - Ergen- Yetişkin- Çift Psikoloğu, wisc-4 zeka testi, moxo, Halkalı Psikolog",+905451237289,Psikolog / Terapist
Ayka Psikoloji Merkezi - Klinik Psikolog Aylin Kaşko,+905442583959,Psikolog / Terapist
Psikolog Nergis Efe | Aile Danışmanlığı ve Bütüncül Terapi Merkezi,+905393136747,Psikolog / Terapist
Psikolog Ezgi Bağcı,+905511973165,Psikolog / Terapist
Klinik Psikolog & EMDR ve Aile Terapisti Kübra AL,+905309763646,Psikolog / Terapist
Klinik Psikolog Tülay İrfanoglu,+905421188786,Psikolog / Terapist
Uzman Psikolojik Danışman Büşra Ayaydın,+905456756800,Psikolog / Terapist
Devin Psikoloji ve Eğitim,+905373779571,Psikolog / Terapist
Klinik Psikolog Senanur Çetinkaya Şenlik,+905312525346,Psikolog / Terapist
Klinik Psikolog Bilge Açıkgöz,+905327165477,Psikolog / Terapist
Klinik Psikolog Süleyman Akdemir,+905461213030,Psikolog / Terapist
Uzm.Klinik Psikolog Gül Billur Gençer Açıkel,+905317197377,Psikolog / Terapist
Bayrampaşa Psikolog - Yetişkin Ergen Çocuk Çift ve Aile Danışmanlığı,+905396129003,Psikolog / Terapist
Berrak psikoloji danışmanlık merkezi HALKALI,+905467913412,Psikolog / Terapist
Nesa Dil - Konuşma Danışmanlık Merkezi,+905444462641,Psikolog / Terapist
Uzm. Kl. Psk. Engin Deniz,+902129126469,Psikolog / Terapist
Psk. Cemile Özsoy,+908504744613,Psikolog / Terapist
Mor psikoloji,+905308574779,Psikolog / Terapist
Ateş Psikolojik Danışmanlık ve Yaşam Merkezi,+905403163434,Psikolog / Terapist
Uzm. Klinik Psikolog Berfin Cihan,+905447638829,Psikolog / Terapist
Uzman Psikolog Ahmet AL & EMDR - BDT - Aile ve İlişki Danışmanı,+905434493403,Psikolog / Terapist
Prof. Dr. Psk. Dan. Ragıp Özyürek,+908504334079,Psikolog / Terapist
Halkalı Psikolog / Psikolog Gamze Adsay,+905357333416,Psikolog / Terapist
"Klinik Psikolog Uğur Can Çelik , Bakırköy Psikolog, Bahçelievler Psikolog, Küçükçekmece Psikolog, Zeytinburnu Psikolog",+905461030115,Psikolog / Terapist
Çocuk Psikiyatri Uzmanı Dr. Şule Koçaş,+905461405002,Psikolog / Terapist
Klinik Psikolog Sergen Akbay,+905063222526,Psikolog / Terapist
Uzman Klinik Psikolog İlknur Çopuroğlu,+905394301300,Psikolog / Terapist
Klinik Psk.Tuğçe Zeybek,+905541965441,Psikolog / Terapist
"Uzm. Klinik Psikolog Işılay Sarvan , Psikenue, Beylikdüzü İstanbul",+905530091379,Psikolog / Terapist
Uzman Psikolog Neriman Zyulkyar Halim,+902127064080,Psikolog / Terapist
Psikolog Gizem Kirşan,+905558837636,Psikolog / Terapist
Uzman Psikolog Kübra ZENGİN,+905349587055,Psikolog / Terapist
Uzman Psikolog Pınar Topçu,+905389475363,Psikolog / Terapist
"Uzm. Kl. Psk. Beyza Bayram Eski, Psikoloji",+905372293760,Psikolog / Terapist
Uzm. Psk. Adem Güneşdoğdu,+902129126397,Psikolog / Terapist
Klinik Psikolog Büşra Aysan Özel Sağlık Hizmet Birimi,+905413930809,Psikolog / Terapist
Klinik Psikolog Aybige Üstüner,+908504745174,Psikolog / Terapist
Online Terapi | Uzman Klinik Psikolog Umut Yılmaz,+905064842116,Psikolog / Terapist
Psk. Rengin Erdal,+908504744162,Psikolog / Terapist
Monad Psikolojik Danışmanlık ve Eğitim Merkezi,+905528601921,Psikolog / Terapist
Uzm. Kl. Psk. Sena Güllük,+902125700610,Psikolog / Terapist
"Uzm. Kl. Psk. Esra Karakoyun Çalışkan, Psikoloji",+905546137133,Psikolog / Terapist
Face Psikoloji Klinik,+902129555590,Diğer (Sağlık & Bakım)
Uzman Psk. Sinem Yaprak,+905335270997,Psikolog / Terapist
Psikolog&Aile Danışmanı Ömür Nur Sonuşen Aykut,+905372721830,Psikolog / Terapist
Klinik Psikolog Melis Çekiç Güllüoğlu,+905354326953,Psikolog / Terapist
"Uzm. Dr. Özden Örs, Çocuk ve Ergen Psikiyatrisi",+905013303173,Psikolog / Terapist
Terapi Yaşam Özel Eğitim ve Rehabilitasyon Merkezi,+902124588787,Psikolog / Terapist
Uzman Klinik Psikolog Huriye Çevik,+905348203595,Psikolog / Terapist
Uzman Klinik Psikolog Eda Öztürk,+905525365446,Psikolog / Terapist
E&S Enneagram Psikoloji Danışmanlık,+905372129348,Psikolog / Terapist
Duygun Psikoloji,+905545181216,Psikolog / Terapist
atakent psikoloji nuray kanmaz,+905537069702,Psikolog / Terapist
Uzm. Dr. Handan KILINÇ - Çocuk Sağlığı ve Hastalıkları Uzmanı,+905448137722,Diğer (Sağlık & Bakım)
Uzm. Klinik Psk. Ali Özsoylu,+905419054933,Psikolog / Terapist
Sanem Akkurt,+905466585356,Psikolog / Terapist
Genç Bilge Eğitim & Danışmanlık,+905300660276,Psikolog / Terapist
Klinik Psikolog Raife Doğan Ercan Sultangazi,+905523166671,Psikolog / Terapist
Denge Psikolojik Yaşam Merkezi -Sultangazi Psikolog,+905358311471,Psikolog / Terapist
Hedef Yaşam Psikoloji Danışmanlık merkezi,+905331951776,Psikolog / Terapist
İyice Hisset Psikolojik Danışmanlık Merkezi,+905372662557,Psikolog / Terapist
İstanbul Aile Danışmanlık Ve Eğitim Merkezi,+902124593434,Psikolog / Terapist
Uzman Klinik Psikolog Esra Alpaydın,+905419302988,Psikolog / Terapist
Psikoterapist Samet Bayram,+905432854751,Psikolog / Terapist
Psikolog Vahide Asal,+905325940802,Psikolog / Terapist
Arnavutköy Klinik Psikolog Onur Elkin,+905533340373,Psikolog / Terapist
Uz. Psikolog Alanur Özalp,+902122920949,Psikolog / Terapist
Arnavutköy Psikolog Elif Nur Kıran,+905393897478,Psikolog / Terapist
Perseus Psikoloji Danışmanlık Merkezi,+905055331993,Psikolog / Terapist
Klinik Psikolog Tuğba PALA,+905553063037,Psikolog / Terapist
Cevher psikoloji / İstanbul Ofisi,+905077672810,Psikolog / Terapist
Bütüncül Psikoloji Danışmanlık Merkezi,+905522034308,Psikolog / Terapist
Özel Dükel Ağız Ve Diş Sağlığı Polikliniği,+902126508055,Diş Kliniği
Kanarya Ağız ve Diş Sağlığı Polikliniği,+905524489428,Diş Kliniği
Mehmet Salih Doğala - 7/24 Açık Diş Clinic (Küçükçekmece Nöbetçi Dişçi),+905374668494,Diş Kliniği
DentAslan ağız ve diş sağlığı polikliniği,+905331638495,Diş Kliniği
Klinik Artı Ağız ve Diş Sağlığı Polikliniği,+902125414541,Diş Kliniği
Neva Ağız ve Diş Sağlığı Polikliniği,+905525928850,Diş Kliniği
Özel Öztürk Klinik Ağız ve Diş Sağlığı Polikliniği,+905053400000,Diş Kliniği
Master Dent Clinic - Ağız ve Diş Sağlığı Polikliniği,+905059236112,Diş Kliniği
Dental Corner Ağız ve Diş Sağlığı Polikliniği Atakent,+905076449669,Diş Kliniği
Zirkondent Ağız ve Diş Sağlığı Polikliniği,+902124720080,Diş Kliniği
Dişhanı Ağız Ve Diş Sağlığı Polikliniği,+902125404240,Diş Kliniği
MİS KLİNİK,+902129220022,Diş Kliniği
Dentspace Ağız ve Diş Sağlığı Poliklinik IKüçükçekmece Dişçi |küçükçekmece diş kliniği,+902125806357,Diş Kliniği
"Dental Implants Turkey: Lema Clinic | All on Dental Clinic Istanbul Turkey​ | Best Hollywood Smile Reviews, Best Turkey Teeth",+905322336148,Diş Kliniği
Klinik Turkuaz Ağız ve Diş Sağlığı Polikliniği,+905374704343,Diş Kliniği
LİVDENT Ağız ve Diş Sağlığı Polikliniği,+902124957210,Diş Kliniği
Özel Natürel Ağız Ve Diş Sağlığı Polikliniği,+905304339897,Diş Kliniği
Diş 360 Ağız ve Diş Sağlığı Polikliniği,+902125480360,Diş Kliniği
"Ertendiş Ağız ve Diş Sağlığı Polikliniği - Halkalı, Küçükmece",+902124952020,Diş Kliniği
Skydent Ağız Ve Diş Sağlığı Merkezi,+902125400724,Diş Kliniği
Özel Dentaylin Ağız ve Diş Sağlığı Polikliniği,+905333173227,Diş Kliniği
Korudent Ağız ve Diş Sağlığı Polikliniği,+902125403434,Diş Kliniği
ACE Klinik Ağız ve Diş Sağlığı Polikliniği,+902127415110,Diş Kliniği
B.E.R.A. Ağız ve Diş Sağlığı Polikliniği,+905408747334,Diş Kliniği
Halkalı Kristaldiş Ağız ve Diş Sağlığı Polikliniği,+902129231347,Diş Kliniği
LAV DİŞ Ağız ve Diş Sağlığı Polikliniği,+905325432354,Diş Kliniği
Özel Baran Ağız ve Diş Sağlığı Polikliniği,+905471044747,Diş Kliniği
Diş Ve Diş Özel Ağız Ve Diş Sağlığı Polikliniği,+902126242473,Diş Kliniği
Yaprak Dent - Özel Yaprak Ağız ve Diş Sağlığı Polikliniği Atakent Halkalı,+902126959797,Diş Kliniği
A plus Estetik Beşyol Ağız ve Diş Sağlığı Polikliniği,+905469033627,Diş Kliniği
Diş Hekimi Vahide Başaran Köseoğlu,+902124243818,Diş Kliniği
Diş Hekimi Sertaç Kızılkaya İmplant ve Estetik Diş Kliniği İstanbul,+905493474347,Diş Kliniği
Özel Veteran Ağız ve Diş Sağlığı Polikliniği,+902128307061,Diş Kliniği
AFK Ağız ve Diş Sağlığı Polikliniği / Diş Kliniği,+902126986054,Diş Kliniği
Atasoy Ağız Ve Diş Sağlığı Polikliniği,+902125416509,Diş Kliniği
Özel Beyaz Diş Ağız ve Diş Sağlığı Polikliniği,+902128439995,Diş Kliniği
DentiZen Nahiddin Tumani Diş Kliniği,+905010910303,Diş Kliniği
Özel Cennet ağız ve diş sağlığı polikliniği,+902125804444,Diş Kliniği
Diş Hekimi Billur Bahçevan,+902125074961,Diş Kliniği
Diş Hekimi Osman Berat Hamurcu,+905057371360,Diş Kliniği
Dt. Ali Elmas,+902125487549,Diş Kliniği
T.C. Sağlık Bakanlığı Yeşilova Diş Tedavi ve Protez Merkezi,+902125920033,Diş Kliniği
Diş Hekimi Aytaç Hasan Mustafa,+902126010104,Diş Kliniği
Zeynebiye Ağız Ve Diş Sağlığı Polikliniği,+902124713198,Diş Kliniği
O Ağız ve Diş Sağlığı Polikliniği,+905537944344,Diş Kliniği
Diş Hekimi Suat Yılmaz,+902125920953,Diş Kliniği
Mavi Gülüş Ağız Ve Diş Sağlığı Polikliniği,+905319915466,Diş Kliniği
Zara Ağız ve Diş Sağlığı Polikliniği,+905346287089,Diş Kliniği
Hanege Dent | Dt Halil İbrahim Hanege | Küçükçekmece Dişçi,+905015615954,Diş Kliniği
Özel Guditem Diş Sağlığı Polikliniği,+902124257225,Diş Kliniği
BMC Ağız ve Diş Sağlığı Polikliniği,+905464133475,Diş Kliniği
Diş Hekimi Dt. Serap Bozteke,+905303924109,Diş Kliniği
Estherian Dental Clinic,+902129990960,Diş Kliniği
elit ağız ve diş sağlığı polikliniği sefaköy,+902126012203,Diş Kliniği
Denthall Ağız ve Diş Sağlığı Polikliniği,+902124710088,Diş Kliniği
Özel Halkalı Modern Diş Ağız ve Diş Sağlığı Polikliniği,+905434050693,Diş Kliniği
UD Ağız ve Diş Sağlığı Polikliniği,+905461325234,Diş Kliniği
Özel Like Smile Turkey Ağız Ve Diş Polikliniği,+905366440330,Diş Kliniği
5M dent özel Ağız ve diş Sağlığı Polikliniği,+905078079625,Diş Kliniği
DentRealist Ağız ve Diş Sağlığı Kliniği,+905411383867,Diş Kliniği
Diş Hekimi Şeyda Temizel (Özmen) diş hekimi Oğuz temizel,+902126960089,Diş Kliniği
Diş Hekimi Niyazi Doğancanlı,+902125998486,Diş Kliniği
Diş Hekimi Alperen Aydın,+905432121032,Diş Kliniği
Nefclinic,+905337394947,Diş Kliniği
Point Dental Clinic,+905334401091,Diş Kliniği
"Dt. Deniz Ayman, Diş Hekimi",+905526555951,Diş Kliniği
Predent Ağız Ve Diş Sağlığı Polikliniği,+902124241750,Diş Kliniği
Diş Hekimi Mustafa Koçak,+902125805325,Diş Kliniği
Diş Hekimi Ramazan Kılıç,+908504747746,Diş Kliniği
Merkez Polikliniği,+902125920356,Diş Kliniği
Çocuk Diş Hekimi Betül Güney,+905394340347,Diş Kliniği
Özel B.T Diş Ağız ve Diş Sağlığı Polikliniği,+905073055804,Diş Kliniği
Diş Hekimi Hasretnur Koca,+905301002498,Diş Kliniği
Hatice Özel Şevelli,+902126974725,Diş Kliniği
Dişhekimi Gökçen Kuruoğlu,+905305449865,Diş Kliniği
Estelion Medical Center,+905303091306,Diş Kliniği
Ortodonti Uzmanı Dr. Mert TOPBAŞI,+905526034030,Diş Kliniği
Cennet Diş Hekimi Yusuf YILMAZ Acil 7/24,+905346727623,Diş Kliniği
MYG Clinic,+905538894144,Diş Kliniği
Medico Clinic,+905526630630,Diş Kliniği
Diş Hekimi Murat Sahip,+905357386015,Diş Kliniği
Diş Hekimi Taner Çokbaş,+902124760707,Diş Kliniği
Diş Hekimleri C.C Ağız ve Diş Sağlığı Polikliniği,+905015763161,Diş Kliniği
Diş Hekimi Güler Gültekin - Diş Hekimi Utku Meriç Okçu Diş Muayenehanesi,+905445949681,Diş Kliniği
Dr. MAT Dental Clinic,+905348995085,Diş Kliniği
Recep Üstün,+902125941275,Diş Kliniği
Gazi Mahallesi Diş Hekimi Onur Kaya,+905324416098,Diş Kliniği
Diş Hekimi Arzu TEK,+905449702050,Diş Kliniği
Diş Hekimi Davut Şems,+905326652343,Diş Kliniği
Diş Hekimi Cavit Aydın,+902124753327,Diş Kliniği
Vetica Clinic,+905461075000,Diş Kliniği
Diş Hekimi Dr. Tanzer Husman,+902125942233,Diş Kliniği
Titanium Clinic Istanbul,+905387154211,Güzellik Salonu
ÖZEL FLY AĞIZ VE DİŞ SAĞLIĞI POLİKLİNİĞİ,+905548206515,Diş Kliniği
Diş Hekimi Hayriye Yıldıran,+902125942744,Diş Kliniği
Avrupa Sağlık Ağız Ve Diş Sağlığı Polikliniği,+902126403838,Diş Kliniği
Diş hekimi Şaban Yıldırım,+902124758613,Diş Kliniği
7/24 ACİL NÖBETÇİ PATİGAZİ VETERİNER KLİNİĞİ,+905451945702,Veteriner
Abdullah Hanefioğlu,+902124757774,Diş Kliniği
Türkiye Dental | Dental Implant | Hollywood Smile,+908503075307,Diş Kliniği
EDK Ağız ve Diş Sağlığı Polikliniği,+902128133949,Diş Kliniği
Esnan Ağız ve Diş Sağlığı Merkezi - Sultangazi Şubesi,+902126673535,Diş Kliniği
Sahra Dent Ağız ve Diş Sağlığı Polikliniği,+905551070060,Diş Kliniği
Hausdent Ağız ve Diş Sağlığı Polikliniği,+905548800599,Diş Kliniği
Özel Vetica Ağız ve Diş Sağlığı Polikliniği,+905318881333,Diş Kliniği
Tülmen Ağız ve Diş Sağlığı Polikliniği,+905013772562,Diş Kliniği
Özel 3B Dent Ağız ve Diş Sağlığı Polikliniği,+902127836312,Diş Kliniği
Cebeci Ağız ve Diş Sağlığı Polikliniği,+902124757580,Diş Kliniği
Sultangazi Mebadent Ağız ve Diş Sağlığı Polikliniği,+905064935963,Diş Kliniği
Özel 50. Yıl Ağız Ve Diş Sağlığı Polikliniği,+902126676281,Diş Kliniği
Mebadent Gazi Ağız ve Diş Sağlığı Polikliniği,+905050456600,Diş Kliniği
Üsküplü Dental Clinic Bayrampaşa,+905441354181,Diş Kliniği
Diş hekimi Muhammed Nur AYANOĞLU,+908508116651,Diş Kliniği
ÖZEL HABİBLER ALPHAN SAĞLIK,+905465644774,Diğer (Sağlık & Bakım)
Özel Dentinist Ağız Ve Diş Sağlığı Polikliniği,+902124764545,Diş Kliniği
Parıltı Ağız Ve Diş Sağlığı Polikliniği,+902126673232,Diş Kliniği
Sultangazi Diş Kliniği DentRoute - Ağız ve Diş Sağlığı Polikliniği,+902126673767,Diş Kliniği
Entegre Ağız ve Diş Sağlığı Polikliniği,+905014441010,Diş Kliniği
Diş hekimi Mehmet Türk muayenehanesi,+905073988082,Diş Kliniği
Ekşi Diş Klinik | Diş Hekimi Emre Ekşi | Diş Hekimi Simge Ekşi,+905541849377,Diş Kliniği
ÖZEL PİYA AĞIZ VE DİŞ SAĞLIĞI POLİKLİNİĞİ,+905427465600,Diş Kliniği
Diş Hekimi Mehmet Beyhan,+905076420012,Diş Kliniği
"Temadent Diş Kliniği, Gazi Mahallesi",+902126502255,Diş Kliniği
Özel Yeni Yaşam Ağız ve Diş Sağlığı Polikliniği,+905538417173,Diş Kliniği
Arslan tattoo,+905427483929,Dövme & Piercing
Gürkan Duman Tattoo Dövme & Piercing,+905531042722,Dövme & Piercing
Cennet Dövme Stüdyosu,+905323932114,Dövme & Piercing
Berkoink Tattoo,+905332561418,Dövme & Piercing
Ceku Tattoo,+905414524248,Dövme & Piercing
Pulse Tattoo,+905304773699,Dövme & Piercing
Raen Tattoo,+905364770034,Dövme & Piercing
RecNot Tattoo,+905442654119,Dövme & Piercing
Dövmeci,+905432311393,Dövme & Piercing
Neat Atelier,+905497703453,Dövme & Piercing
Tattoo Piercing kemal aslan,+905455699497,Dövme & Piercing
Black Tattoo,+905319870785,Dövme & Piercing
Ganja tattoo,+905300975083,Dövme & Piercing
Goldfinch Tattoo Studio,+905378368120,Dövme & Piercing
Tattoo Studio,+905433542284,Dövme & Piercing
Mast Tattoo Türkiye,+905421909182,Dövme & Piercing
Roger Tattoo,+905387798489,Dövme & Piercing
Tattoo Muzo,+905444752731,Dövme & Piercing
Noa Tattoo & Piercing Studio,+905330982348,Dövme & Piercing
Artelme tattoo and art studio (dövme),+905524712445,Dövme & Piercing
Tattoo incir,+905373839322,Dövme & Piercing
Noyanink Tattoo,+905325203476,Dövme & Piercing
Grim Ink Tattoo Studio,+905397302308,Dövme & Piercing
Berkan Tattoo,+905304340814,Dövme & Piercing
Borg Tatto Studio,+905300843909,Dövme & Piercing
Cherry Tattoo & Piercing Studio,+905523746014,Dövme & Piercing
Arsen Tattoo,+905357845366,Dövme & Piercing
BLACK OWL TATTOO,+905389792656,Dövme & Piercing
Rose Tattoo,+905316784734,Dövme & Piercing
ARAGON TATTOO PİERCİNG RESİM VE SANAT,+901638926950,Dövme & Piercing
Real Tattoo,+905412146864,Dövme & Piercing
Makara Tattoo,+905010078139,Dövme & Piercing
Oha Art Studio,+905461550062,Dövme & Piercing
ADE tattoo studio,+905304921082,Dövme & Piercing
Hammer Tattoo,+905417102424,Dövme & Piercing
Blackout tattoo studyo,+905322464486,Dövme & Piercing
Burn Ink Tattoo & Piercing,+905518481413,Dövme & Piercing
hs.tattoo.piercing,+905316659983,Dövme & Piercing
LAST ROMANCE TATTOO & PİERCİNG,+905455276919,Dövme & Piercing
Nyx Tattoo,+905520208227,Dövme & Piercing
Tattoo king,+905370534438,Dövme & Piercing
Realist Tattoo Pierceng Stüdio,+905443606627,Dövme & Piercing
Gazi mahallesi dövmeci aliyildirim,+905382609451,Dövme & Piercing
Tattoo Art Lalo,+905394041806,Dövme & Piercing
Black street tattoo stüdio,+905510191756,Dövme & Piercing
Beylikdüzü dövmeci R.I.P TATTOO PIERCING ARTCEM BEYLİKDÜZÜ,+905387471063,Dövme & Piercing
TATTOO HERA,+905388727813,Dövme & Piercing
S6. Tattoo,+905524548829,Dövme & Piercing
Uğur Polat Tattoo Studio,+905308955056,Dövme & Piercing
Janus Tattoo Beylikdüzü | Dövme Stüdyosu,+905417205113,Dövme & Piercing
Tattoo Home Seyhun Erden,+905385043149,Dövme & Piercing
Tattoo Houze,+905350572534,Dövme & Piercing
Uzman Diyetisyen Buse Akduman,+905538810111,Diyetisyen
Küçükçekmece Diyetisyen| Uzman Diyetisyen Büşra Saldıran,+905465564424,Diyetisyen
Diyetisyen Miray YAĞMUR Sağlıklı Yaşam & Beslenme Danışmanlığı,+905386169200,Diyetisyen
Uzman Diyetisyen Şevval Beyza Kulaksız Beslenme Danışmanlık Merkezi / Torkam Diyetisyen,+905350509702,Psikolog / Terapist
Halkalı Diyetisyen Özlem Guguk Alaca Sağlıklı Beslenme ve Diyet Danışmanlığı Merkezi,+905398440380,Diyetisyen
Diyetisyen Esin Aydın Çetinkaya Sağlıklı Beslenme ve Diyet Merkezi,+905072403746,Diyetisyen
Halkalı Diyetisyen Büşra Morkoç Sağlıklı Beslenme ve Diyet Danışmanlığı Merkezi,+905398546948,Diyetisyen
Diyetisyen Yeşim İşler - Torkam Diyetisyen - Sefaköy Diyetisyen,+905518319753,Diyetisyen
Diyetisyen Şevval Memiş Sağlıklı Beslenme ve Diyet Danışmanlığı - Küçükçekmece / Yenibosna / Bakırköy Diyetisyen,+905317458982,Diyetisyen
Akdeniz Diyet Beslenme Danışmanlığı Merkezi Dyt. Aslıhan ÜNAL,+905330296810,Diyetisyen
Uzman Diyetisyen Cansel Önbey Sağlıklı Yaşam ve Andulasyon Merkezi,+905318845482,Diyetisyen
Uzman Diyetisyen Batuhan CANARSLAN Sağlıklı Beslenme Ve Andülasyon Terapi Merkezi,+905326596050,Psikolog / Terapist
Diyetisyen Yusuf Gül- Beslenme ve Diyet Danışmanlığı Merkezi,+905433434938,Diyetisyen
Diyetisyen Edanur Teksöz,+908504748132,Diyetisyen
Sefaköy Diyetisyen Pelinsu Koza Beslenme Danışmanlığı - Andulasyon & Ems,+905342810656,Diyetisyen
Diyetisyen Yeşim Bildik,+905067350613,Diyetisyen
"Uzman Diyetisyen Tuğçe Çiçek, PNİ Terapisti, Fonksiyonel Tıp Diyetisyeni",+908504742313,Psikolog / Terapist
Diyetisyen Gizem Özölmez,+905315100480,Diyetisyen
Uzman Diyetisyen Melisa Usul Beslenme ve Diyet Danışmanlığı,+905308892367,Diyetisyen
Halkalı Uzman Diyetisyen Sevinç Yılmazer,+905379201876,Diyetisyen
Diyetisyen Aycan Düzgün Müdüroğlu,+905319554120,Diyetisyen
Diyetisyenin Mutfağı Atakent - Uzman Diyetisyen Gamze Karslı Eroğlu,+905300305353,Diyetisyen
Diyetisyen Şeyma Gülşen Oral Beslenme ve Diyet Danışmanlık Merkezi,+908504747366,Psikolog / Terapist
Diyetisyen Buse Sepin - Halkalı/Atakent,+905308707897,Diyetisyen
Halkalı Diyetisyen Ömer Mor,+905377626851,Diyetisyen
Diyetisyen Gaye Avikgül,+902124240115,Diyetisyen
Uzman Diyetisyen Ege Ramadanoğlu,+908504744725,Diyetisyen
Diyetisyen Deniz Odacılar Beslenme ve Diyet Danışmanlığı,+905442440218,Diyetisyen
HERBALİFE SEFAKÖY,+905368469705,Diyetisyen
Diyetisyen ve Beslenme Uzmanı Beril Selcen Yıldız,+905536195060,Diyetisyen
Uzm. Diyetisyen Serenay Yüksel,+905307292929,Diyetisyen
Diyetisyen Beyza Nur Alaca Aydın,+905451300840,Diyetisyen
Dyt. Miray Doğan,+908504749042,Diyetisyen
Diyetisyen Gamze Çakaloğlu,+905445172208,Diyetisyen
Halkalı Uzman Diyetisyen Pınar Akbudak,+905416342229,Diyetisyen
Diyetisyen Selin Söz,+905469034938,Diyetisyen
Herbalife Sefaköy Aktif Yaşam Merkezi,+905356859615,Diyetisyen
Diyetisyen Dilan Özarslan,+905455109553,Diyetisyen
Diyetisyen Esra Dandin,+905442079919,Diyetisyen
Emre Koyunlu Beslenme ve Diyet Danışma,+902125808175,Diyetisyen
Diyetisyen Elif Tükenmez Beslenme ve Diyet Danışmanlığı Merkezi-Klinik/Reformer Pilates,+905455446993,Diyetisyen
Diyetisyen Kardeşler,+905356029012,Diyetisyen
Diyetisyen Beyza Karkın Beslenme ve Diyet Danışmanlığı,+905521229968,Diyetisyen
FİZYO & NUTRİTİON,+905363655929,Psikolog / Terapist
Ataköy Diyetisyen Hacer Eksin,+908504742556,Diyetisyen
Diyetisyen Gökçe Kitiz,+908504742699,Diyetisyen
Zayıflama merkezi,+905365235995,Diyetisyen
Tuba Karabaş Beslenme ve Diyet Danışmanlık Merkezi,+908504744747,Psikolog / Terapist
Pilates Team Atakent,+905300231241,Pilates / Yoga
VK Pilates Studio,+905015425141,Pilates / Yoga
FlexForm Pilates Studio,+905458450210,Pilates / Yoga
Lotus Pilates Studio,+905380148347,Pilates / Yoga
Seven Pilates Studio,+905550793797,Pilates / Yoga
Pilatesra Pilates Salonu,+905368267442,Pilates / Yoga
NOVA PİLATES REFORMER STUDİO,+905538322304,Pilates / Yoga
Zeta Pilates,+905535580962,Pilates / Yoga
SEMA ÜNVER PİLATES STUDIO,+905414791664,Pilates / Yoga
Base Pilates,+905411816842,Pilates / Yoga
Muscle Club Pilates,+905451394035,Pilates / Yoga
Dengeli Nesiller Pilates,+905431630708,Pilates / Yoga
DİVAFORM PILATES,+905364511931,Pilates / Yoga
Dokuz Üç Çeyrek Pilates,+905421802726,Pilates / Yoga
Aydan Taş Pilates,+905548457929,Pilates / Yoga
Klinik Pilates Studyo,+905340622096,Pilates / Yoga
Core Aura Pilates,+905335112601,Pilates / Yoga
Juno Pilates Studyo,+905326590392,Pilates / Yoga
OKSİJEN PİLATES STÜDYOSU,+905459805525,Pilates / Yoga
Moon Pilates,+905422650930,Pilates / Yoga
Aylin pilates studyo,+905305836717,Pilates / Yoga
Forever Pilates,+905545991202,Pilates / Yoga
G&A Fizyo Pilates,+905385134293,Pilates / Yoga
Şeyda Kaya Pilates,+905551648420,Pilates / Yoga
LIFE LINE SPORTS CENTER,+902125404255,Kuaför / Berber
Fizmedterapi Klinik Pilates Medikal Spor,+902125988808,Psikolog / Terapist
Vlada Pilates Studio,+905428212535,Pilates / Yoga
Fizyobu Fizyoterapi ve Egzersiz Danışmanlık Merkezi,+905372656699,Psikolog / Terapist
Vina Pilates,+905330269400,Pilates / Yoga
Ata club house pilates,+905543829620,Pilates / Yoga
Lifetime Pilates,+905551922373,Pilates / Yoga
IF WELL PILATES,+905345528858,Pilates / Yoga
Fizyo-M Egzersiz Danışmanlık Merkezi,+905454439607,Psikolog / Terapist
Bia Life Studio,+905331447888,Pilates / Yoga
Kozovic Pilates,+905525323496,Pilates / Yoga
AND Pilates Studio,+905305208696,Pilates / Yoga
M.R.Pilates By Aynur,+905343545422,Pilates / Yoga
Iron Pilates,+905349713119,Pilates / Yoga
Stüdyo Reformer Pilates,+905309106368,Pilates / Yoga
INVICTUS Pilates & Sporcu Gelişim Merkezi,+905449143108,Pilates / Yoga
Bodyist Pilates ve Fizyoterapi Danışma Merkezi,+905449567079,Psikolog / Terapist
Sunrise Pilates Studio,+905077039257,Pilates / Yoga
Muscle Up Club,+902125999433,Kuaför / Berber
Art Fitness Halkalı,+902128717738,Kuaför / Berber
Atakent Hareket Atölyesi,+905374706334,Pilates / Yoga
PUMP HOUSE FITNESS,+905456768980,Kuaför / Berber
GRAB PILATES STUDIO,+902124728142,Pilates / Yoga
TheSprinnt Sefaköy,+905380303430,Kuaför / Berber
Think Fit Pilates,+905524691051,Pilates / Yoga
Fizyoterapist Burcu Zehra Sivri Al,+905065051995,Psikolog / Terapist
Peak&Deep Pilates Studio,+905444608189,Pilates / Yoga
Fitamine Küçükçekmece,+902124162222,Kuaför / Berber
Full FIT Spor Merkezi,+905536835683,Kuaför / Berber
Noxis GYM,+905314546397,Kuaför / Berber
Sprint Fitness -Solaryum,+905056464214,Kuaför / Berber
BLACKBOXGYM,+905334363462,Kuaför / Berber
Color Moon Pilates,+905309660480,Pilates / Yoga
BARS GYM Sports Club,+905525797102,Kuaför / Berber
Solar Fit,+905443427272,Kuaför / Berber
Pırlanta PLATES SALONU,+905013370231,Güzellik Salonu
Fizyolin Helin Çeçen,+905373567499,Pilates / Yoga
Rhegion Fight Club,+905444126944,Kuaför / Berber
BB EMS PİLATES,+905325607626,Pilates / Yoga
ŞanaStudioPilates,+905055832573,Pilates / Yoga
COREFİT ACADEMY,+905424952265,Kuaför / Berber
NOİ Kültür Pilates Stüdyo,+905448449440,Pilates / Yoga
Q GYM & SPA WELLNESS CLUB ATAKENT,+908503407496,Kuaför / Berber
JiBody,+905468642525,Kuaför / Berber
BONA FİDE FİZYOTERAPİ ve PILATES,+905343229651,Psikolog / Terapist
Fit Station Halkalı,+905543909079,Kuaför / Berber
Aslan Pt Studio,+905316910776,Diğer (Sağlık & Bakım)
Fitness Life,+902124700159,Kuaför / Berber
Myocard Personel Training Studio,+905522077176,Kuaför / Berber
FizyoSel Fizik Tedavi Ve Danışmanlık Merkezi,+905307415660,Psikolog / Terapist
SPORCITY FITNESS & SPA,+905334163036,Kuaför / Berber
Terapisen Sağlıklı Yaşam Merkezi,+905521672212,Psikolog / Terapist
Pro Gold Gym,+902124944543,Diğer (Sağlık & Bakım)
Theramila Fizyoterapi ve Danışmanlık Merkezi,+905446816052,Psikolog / Terapist
Yin Yang Sağlıklı Yaşam Merkezi,+905313939397,Diğer (Sağlık & Bakım)
Sushumna Yoga & Pilates & Bioenerji Merkezi,+905393264042,Pilates / Yoga
LIVWELL SAĞLIKLI YAŞAM MERKEZİ,+905438725128,Diğer (Sağlık & Bakım)
Aktif Spor Merkezi,+902125410200,Kuaför / Berber
ADALI SPOR KULÜBÜ,+905379726419,Kuaför / Berber
Lion fitness,+905525390276,Kuaför / Berber
FiZYODORA Fizyoterapi ve Danışmanlık Merkezi,+905457990091,Psikolog / Terapist
"Fizyoterapist Elif Oğuz | Halkalı Fizik Tedavi Merkezi, Reformer Pilates, Manuel Terapi",+905369984955,Psikolog / Terapist
Debut Fit Club,+902126972000,Kuaför / Berber
York Athletic Club,+905331234989,Kuaför / Berber
Gimnasio Fitness,+902126010031,Kuaför / Berber
Magia Sağlıklı Yaşam,+905426244298,Diğer (Sağlık & Bakım)
KÜÇÜKÇEKMECE GENÇLİK VE SPOR MÜDÜRLÜĞÜ HALKALI SPOR SALONU,+902126989544,Kuaför / Berber
Flextime pilates studio,+905416556262,Pilates / Yoga
liya pilates,+905050376048,Pilates / Yoga
B-fit Sultangazi Kadınların Spor ve Yaşam Merkezi,+902126682333,Kuaför / Berber
Steel Pilates Fizyoterapi danışmanlık merkezi,+905522112865,Psikolog / Terapist
Vita Form Pilates Studio,+905454997776,Pilates / Yoga
Always Fight Pilates/Kickboks Studio,+905374430286,Pilates / Yoga
Melisa Artıç Pilates Studio,+905318913137,Pilates / Yoga
Özge Gelir Pilates Stüdyo,+905375592405,Pilates / Yoga
Zems Training Studio,+905326699367,Kuaför / Berber
Sultangazi Pilates Salonu,+905333604543,Pilates / Yoga
Green Fit House,+902125941992,Kuaför / Berber
Fit Station Sultangazi,+905325129588,Kuaför / Berber
Relax GYM Woman,+905323797009,Kuaför / Berber
EVOFİT,+905350215318,Kuaför / Berber
Next Step Pilates,+905308811246,Pilates / Yoga
Natural Spor Salonu,+905335920110,Kuaför / Berber
Fizyo Harmony Egzersiz Danışmanlık Merkezi,+905316259918,Psikolog / Terapist
FizyoCadde Pilates ve Fizyoterapi Danışmanlık Merkezi,+905402613012,Psikolog / Terapist
FİZYOTERAPİST AYŞE NUR ERTÜRK ÖZEL SAĞLIK MESLEK HİZMET BİRİMİ,+905077800840,Psikolog / Terapist
Relax Gym Habipler - Habipler spor salonu,+905384131009,Kuaför / Berber
Power Life Fitness,+905468877295,Kuaför / Berber
Maxx Fitness,+905353283861,Kuaför / Berber
GYM HALL,+905318747024,Kuaför / Berber
Rahmi pusat spor kulübü,+905349330330,Kuaför / Berber
GLADİATOR FİTNESS,+905075318392,Kuaför / Berber
Enes Yayla Fight Club | Kickboks & Muaythai Sultangazi,+905520154042,Kuaför / Berber
Sultangazi hedef taekwondo spor kulubu (H.T.S.K),+905349294258,Kuaför / Berber
Beauty Art Güzellik,+905321583901,Güzellik Salonu
Natural Güzellik Salonu,+905321567037,Güzellik Salonu
Roos Davin Güzellik Salonu,+902122960058,Güzellik Salonu
La Ville Güzellik Salonu,+905528945550,Güzellik Salonu
Cherry Güzellik Merkezi | Cilt Bakımı | Epilasyon | Kalıcı Oje,+902122963436,Güzellik Salonu
Beauty Marina Estetik,+902122250905,Güzellik Salonu
BB Life Güzellik,+905521510880,Güzellik Salonu
SOMSA GÜZELLİK ( AĞDA/KAŞ DIZAYN )SALONU,+905335155819,Güzellik Salonu
Güzellik Care island İstanbul,+905322306068,Güzellik Salonu
Dream Moon Beauty - Güzellik Merkezi,+905382166085,Güzellik Salonu
Beauty Club İstanbul - Cilt Bakımı - Lazer Epilasyon- İğneli Epilasyon - Bölgesel Zayıflama ve Selülit,+905366118636,Güzellik Salonu
Sirius Estetik ve Güzellik Merkezi,+902122119913,Güzellik Salonu
Eli Beauty Güzellik Merkezi,+905374001457,Güzellik Salonu
Clinika Estetik ve Güzellik Merkezi,+902122244452,Güzellik Salonu
Belle femme istanbul,+905431820641,Güzellik Salonu
Ilyana Güzellik Merkezi,+905413410091,Güzellik Salonu
"Nişantaşı’nda kaliteli hizmet, hijyen ve profesyonellikle öne çıkan güzellik salonu: Leyla İnanır farkıyla.",+905525670000,Güzellik Salonu
Rose Moon Güzellik Merkezi,+905307700887,Güzellik Salonu
Lily's Beauty Studio Lilys | Güzellik Salonu | Bölgesel Zayıflama | Vücut Sıkılaştırma | Cilt Bakımı | Epilasyon,+905451024412,Güzellik Salonu
Gül Nihan Beauty Güzellik Merkezi,+905516424982,Güzellik Salonu
MOON QUEEN İSTANBUL,+905334218704,Güzellik Salonu
Neka Güzellik Salonu,+902122301320,Güzellik Salonu
Gürsema Güzellik Bakım,+905319498353,Güzellik Salonu
Aslıhan Özdemir - Nişantaşı - Microblading - Cilt Bakımı - İpek Kirpik - Protez Tırnak - Lazer Epilasyon - Şişli,+905536559587,Güzellik Salonu
ŞERİBAN YILDIZ GÜZELLİK VE BAKIM,+905363996966,Güzellik Salonu
Divine Beauty Salon,+905345670091,Güzellik Salonu
Nisa Güzellik Salonu,+905426221838,Güzellik Salonu
Elita Life Güzellik Salonu,+905443814828,Güzellik Salonu
ÖZLEM YILDIZ & GÜZELLİK,+905384690873,Güzellik Salonu
ALTINGüzellik,+905334154141,Güzellik Salonu
Arist Estetik-Lazer Epilasyon-Microblading Kıl Tekniği-Bbglow-İğneli Epilasyon,+905334626243,Güzellik Salonu
Citymed Güzellik Salonu & Cilt Bakım ve Epilasyon Merkezi,+905316297022,Güzellik Salonu
EsteticDerm Clinic Istanbul,+905384824585,Güzellik Salonu
Sevda Ergen Güzellik Salonu,+905367300666,Güzellik Salonu
Este Sea,+902122133306,Güzellik Salonu
Golden Bee Güzellik Merkezi,+905342049696,Güzellik Salonu
Aika Nail Hair Studio,+905325124788,Güzellik Salonu
EsteMagic Nişantaşı,+905373687629,Güzellik Salonu
Fatoş Eken Güzellik & Bakım,+905386497378,Güzellik Salonu
Yeşimin güzellik atölyesi,+905075370203,Güzellik Salonu
Derman Uysal Beauty,+905421128440,Güzellik Salonu
Heda Güzellik,+905063540275,Güzellik Salonu
Esteasil Estetik ve Güzellik Merkezi,+905537849943,Güzellik Salonu
Glory Güzellik Salonu - Nişantaşı Güzellik Merkezi,+905446196803,Güzellik Salonu
Lara Beauty Spa Salon şişli,+905011007171,Güzellik Salonu
Nazlı Manikür Pedikür Ağda Salonu,+905306772578,Güzellik Salonu
HAIR TOWER KUAFOR GÜZELLİK SALONU,+905554476640,Güzellik Salonu
Avrupa Güzellik Ve Estetik,+902122307374,Güzellik Salonu
Teke Güzellik Salonu,+902122253287,Güzellik Salonu
Relax Estetik ve Güzellik Merkezi,+902122300831,Güzellik Salonu
Zehra Nur Beauty - Nişantaşı Güzellik Merkezi,+905306804884,Güzellik Salonu
Daisy By Mine Kuaför ve Güzellik Salonu,+902122884201,Güzellik Salonu
Jansel Güzellik Salonu,+905527526735,Güzellik Salonu
Çiçek Karakoç Brows&Beauty Studıo,+905303004954,Güzellik Salonu
Therapure Güzellik ve Bakım,+902122311977,Güzellik Salonu
7 Bomonti Kuaför ve Güzellik Merkezi,+905304477277,Güzellik Salonu
nil'S Guzellik Salonu (Mecidiyeköy),+905057474497,Güzellik Salonu
Tilia Plus Güzellik Salonu Mecidiyeköy Lazer Epilasyon Bölgesel Zayıflama Cilt Bakımı,+905375950545,Güzellik Salonu
Emrah Yalçın Saç Tasarım & Güzellik Salonu,+902123560749,Güzellik Salonu
Metin Akay Emshape Şişli,+905367428551,Güzellik Salonu
Hülya Palaz Güzellik Salonu,+905013280329,Güzellik Salonu
Aytemer Şişli Masaj ve Güzellik Salonu,+905372750505,Güzellik Salonu
İpek Güzellik Salonu & Saç Tasarımı,+902122383787,Güzellik Salonu
Davinci Beauty Güzellik Salonu,+905441004016,Güzellik Salonu
CRASSULA GÜZELLIK SALONU,+905054989280,Güzellik Salonu
Berillife Güzellik Salonu,+902122171702,Güzellik Salonu
Este Rose Güzellik Merkezi,+902122966731,Güzellik Salonu
Enza Güzellik Merkezi Şişli,+905426560334,Güzellik Salonu
İmaj kuaför Salonu,+902122310980,Güzellik Salonu
Buse Genç Güzellik Stüdyosu Şişli,+905416343922,Güzellik Salonu
Medis Estetik ve Güzellik Merkezi,+902122881111,Diş Kliniği
Durubomonti,+902122314340,Güzellik Salonu
MERVE YILMAZ GÜZELLİK SALONU,+905376283121,Güzellik Salonu
Katanella Güzellik Salonu,+902122314775,Güzellik Salonu
Değişim Güzellik Nişantaşı,+902122913668,Güzellik Salonu
Özde Demirbilek Güzellik Salonu | Nişantaşı Epilasyon Merkezi | İğneli Epilasyon | Lazer Epilasyon |,+902122474532,Güzellik Salonu
Class-e Kuaför,+902122308409,Kuaför / Berber
Katerina Beauty Center Güzellik Salonu,+905527521311,Güzellik Salonu
B&B güzellik ve estetik,+905555660206,Güzellik Salonu
Dr.Lida Çiteli | Dolgu Botox | Baby Face Beauty | Lipoliz | Lazer Epilasyon | Cilt Bakımı,+902122333078,Güzellik Salonu
Işıltı Güzellik Salonu,+905319101854,Güzellik Salonu
AJasmin Beauty by Aliona Onofrei Güzellik Salonu,+905301861448,Güzellik Salonu
BROSS HAIR SALON,+902122335000,Kuaför / Berber
Vizyon Kuaför,+902122476715,Kuaför / Berber
Tırnak Vadi Nişantaşı,+905533290206,Güzellik Salonu
Novita Güzellik Salonu,+902122190400,Güzellik Salonu
7 Nişantaşı Kuaför Ve Güzellik Merkezi,+905379118397,Güzellik Salonu
NURİ YILDIZ HAİR STUDİO,+905327884742,Kuaför / Berber
Lilibeauty Güzellik Merkezi,+905300943515,Güzellik Salonu
Minalya Güzellik Gurusu Nişantaşı,+905332040187,Güzellik Salonu
Mirabel Estetik ve Güzellik Salonu,+905336109122,Güzellik Salonu
DEST HAIR BOMONTİ (berber),+905362585434,Kuaför / Berber
Epifirst - Nişantaşı İğneli Epilasyon,+905344107084,Güzellik Salonu
Nazmiş guzellik salonu,+905378943909,Güzellik Salonu
Infiniti güzellik salonu,+902122314767,Güzellik Salonu
DNage Güzellik Nişantaşı,+905320122058,Güzellik Salonu
AŞKIM KUAFÖR SALONU/ FATMA DÜZGÜN,+905522403762,Kuaför / Berber
Nigar Kuaför Ve Güzellik Salonu,+902122242411,Güzellik Salonu
Dodo Kuaför Halide Edip,+905303332488,Kuaför / Berber
İstClin Güzellik Salonu,+905425999596,Güzellik Salonu
Aylin Güzellik Salonu,+905443244152,Güzellik Salonu
MUA Güzellik Salonu,+905356990099,Güzellik Salonu
Yasemin Miras Beauty Salon - Şişli Lazer,+902122415550,Güzellik Salonu
Güldeniz Odabaş Güzellik Merkezi - Şişli,+905395760317,Güzellik Salonu
V-Line Estetik,+905459075092,Güzellik Salonu
Züleyha Ayata Güzellik Salonu Nişantaşı,+905313233102,Güzellik Salonu
Mila Ossiris Güzellik Salonu,+905375297004,Güzellik Salonu
Şiva kuaför,+905395844939,Kuaför / Berber
İrem Kavak Beauty | Güzellik Salonu,+905057653458,Güzellik Salonu
Nisa Melis Bayan Kuaförü & Güzellik Salonu,+902122105556,Güzellik Salonu
Bomonti KUAFÖR HASAN GÜNERİ,+902122339555,Kuaför / Berber
Selma Keleş Güzellik Salonu,+905301014150,Güzellik Salonu
AURA GÜZELLİK STUDIO,+905395882074,Güzellik Salonu
kuaforİST,+905325746904,Kuaför / Berber
Hakan kuaför,+902122190214,Kuaför / Berber
Kuaför Şişli,+902122336280,Kuaför / Berber
Osmanbey bayan kuaförü,+905323764934,Kuaför / Berber
Es bayan kuaförü şişli saç kaynak merkezi 400 m yakınında,+905069185875,Kuaför / Berber
AkınKuaför,+902122472384,Kuaför / Berber
34 HAIR PRO COIFFEUR&BEAUTY,+905302073426,Güzellik Salonu
Tunç Kuaför Bayan Kuaförü Gülbağ 24 saat açık şişli mecidiyeköy gece açık,+905312853443,Kuaför / Berber
Cemal Şahin Beauty Salon,+905326471250,Güzellik Salonu
Kuaför Necla Şişli (Hairdresser),+905362966790,Kuaför / Berber
Almila Çoşkun Kuaför,+905322630392,Kuaför / Berber
KUAFÖR MUHARREM (BAY/BAYAN) GÜZELLİK MERKEZİ,+905378237235,Güzellik Salonu
Legend Kuaför Şişi,+902122326138,Kuaför / Berber
KASSEL KUAFÖR HAİR EXTENSİONS İSTANBUL,+905356817009,Kuaför / Berber
Je t'aime bayan kuaförü,+905369730044,Kuaför / Berber
Şişli bayan kuaförü,+905078521475,Kuaför / Berber
La casa de Istanbul,+905392646574,Kuaför / Berber
İlkay boz hair studio,+905366557943,Kuaför / Berber
Hair Gangsta,+905435356672,Kuaför / Berber
Me & Med Kuaför Salonu,+902122212615,Kuaför / Berber
Kaizen Nişantaşı Hairdressing,+905333728635,Kuaför / Berber
Bross Kuaför Nişantaşı,+905374893250,Kuaför / Berber
ÖnerHairDesign,+902122135246,Kuaför / Berber
Saim Kuaför,+902122412974,Kuaför / Berber
Coıffure Artisan Nişantaşı,+905412692565,Kuaför / Berber
Hair Mess Pangaltı,+902122305574,Kuaför / Berber
Magic Hands,+902122195686,Kuaför / Berber
Salon RELAX,+905397305306,Kuaför / Berber
Icon Haır,+902122252566,Kuaför / Berber
D.or Hair Studio | Kuaför | Balyaj - Röfle - Ombre - Sombre - Brushlight - Fön - Kesim - Keratin,+905396396838,Kuaför / Berber
Salon AHMET ÖZKAN,+905316620642,Kuaför / Berber
BEST BAYAN KUAFÖRÜ,+905327633651,Kuaför / Berber
San Kuaför Nişantaşı,+905455544556,Kuaför / Berber
EVREN BİLİCİ GÜZELLİK & SOLARYUM MERKEZİ,+902122310971,Güzellik Salonu
Ema's Kuaför,+902122136379,Güzellik Salonu
Brush,+902122343736,Kuaför / Berber
SALİH BAYAN KUAFÖRÜ,+905362435294,Kuaför / Berber
HAŞİM TURGUT HAİR CUT-EN YAKIN KUAFÖR-ŞİŞLİ MECİDİYEKÖY,+905353525147,Kuaför / Berber
Arda Timur bayan kuaför hair profesyonel,+905553656184,Kuaför / Berber
آرایشگاه ایرانی,+905372902394,Kuaför / Berber
Trendy Coıffure,+902122467689,Kuaför / Berber
Fresh Coiffure Nisantaşı,+902122343332,Kuaför / Berber
A S Bayan Kuaförü,+902122341778,Kuaför / Berber
ALPATROS BARBERS,+905388117868,Kuaför / Berber
SHOW BAYAN KUAFÖR / MECİDİYEKÖY,+905305557641,Kuaför / Berber
Ümit & Güngör Kuaför Salonu,+902122474823,Kuaför / Berber
Rumeli Kuaför,+902123430204,Kuaför / Berber
SWell Hair Protez Saç ve Gerçek Saç Peruk Merkezi Şişli - Hair Replacement - Medical Wigs,+902122401080,Kuaför / Berber
Enakuaförşişli,+902122341319,Kuaför / Berber
permali salon,+902122171610,Kuaför / Berber
Kuaför Ali Durmuş,+902122349691,Kuaför / Berber
Kuaför Erdoğan,+902122257300,Kuaför / Berber
Vey's Güzellık Salonu,+902122310682,Güzellik Salonu
Salon Ahmet Barbers,+905418833120,Kuaför / Berber
The Most Nişantaşı,+902122244124,Kuaför / Berber
| YELİZ MERİÇ KUAFÖR VE GÜZELLİK,+902123474996,Güzellik Salonu
Essential Kuafor Şişli,+905415540460,Kuaför / Berber
BarbersTown Erkek Kuaförü Şişli Mecidiyeköy İstanbul,+908507035884,Kuaför / Berber
Kuaför Kokoş,+902122349921,Kuaför / Berber
SALON B&B Barbershop,+905362160596,Kuaför / Berber
The best kuaför nişantaşı by Mücahit Savuk,+905427726232,Kuaför / Berber
KUAFÖR AYHAN,+905323453387,Kuaför / Berber
Beba Kuaför,+905380807660,Kuaför / Berber
Tolga Atlı Hair Studio,+902126399393,Kuaför / Berber
Akın Akça Hair Atelier,+905378136904,Kuaför / Berber
Şişli Şaban Erkek Kuaförü,+905358808503,Kuaför / Berber
Impressive Hair Lounge | Nişantaşı Hair Studio,+905452171534,Kuaför / Berber
Lal Kuaför,+905356774436,Kuaför / Berber
Mirage Beauty Salon,+905466226202,Güzellik Salonu
Ersin Köse | Örgü Kaynak Needle Kaynak Hair Extension Afrika Örgüsü Afro Dalgası Box Braids,+905383605751,Kuaför / Berber
LOOK UP HAIR STUDIO & MAKEUP,+902122743494,Güzellik Salonu
SALON AYNA (Kadın Kuaför Salonu),+905326857804,Güzellik Salonu
MESUT GÜRDAL HAİR DESİGN,+902122961293,Kuaför / Berber
Salon B•R Barber,+905325819337,Kuaför / Berber
Art Kuaför,+905353605366,Kuaför / Berber
YUSUF BEYAZTAS HAIR SALON UNISEX,+905074707535,Kuaför / Berber
BONİTA KUAFÖR,+902122552500,Kuaför / Berber
Şükrü Biçeroğlu Kuaför | Şişli Halide Edip,+905359732002,Kuaför / Berber
studiomkkuaför,+905427770070,Kuaför / Berber
DMC Kuaför,+902123208880,Kuaför / Berber
Who Hair House,+905344802216,Kuaför / Berber
Skandal Hair Studio,+902122327765,Kuaför / Berber
Hakan Kuaför,+905356460118,Kuaför / Berber
Cesur Şahman Bayan Kuaförü,+902123470963,Kuaför / Berber
Box kuaför,+905317428742,Kuaför / Berber
Arzum Kuaför,+902122331956,Kuaför / Berber
Kemal Çağlı Kuaför,+905316729454,Kuaför / Berber
"Sabit Akkaya Hair Stylist, Fairmont Quasar",+905494247405,Kuaför / Berber
ÇAKMAK Erkek Kuaförü,+905496052014,Kuaför / Berber
Melisa Kuaför,+902122253311,Kuaför / Berber
Royal Kuafor ahmet sevinç,+905383750588,Kuaför / Berber
Next Coiffeur Nişantaşı,+905346344445,Kuaför / Berber
Salon Sema Kuaför,+902122105104,Güzellik Salonu
MY Kuaför,+902129692118,Kuaför / Berber
Şişli Erkek Kuaförü Salon Sanat,+902122309162,Kuaför / Berber
Coşkun Ayaksız Hair Palace Nişantaşı,+905310313673,Kuaför / Berber
Yaşar Ay Nişantaşı,+905316057385,Kuaför / Berber
Figaro Kuaför,+902122476977,Kuaför / Berber
Rupa İstanbul,+905344424255,Kuaför / Berber
Ese Kuaför,+902123432953,Kuaför / Berber
Margot Güzellik Merkezi,+905050773060,Güzellik Salonu
MABELLE GÜZELLİK SALONU,+905300500191,Güzellik Salonu
Axiss Güzellik Ve Bakım Salonu,+902122186418,Güzellik Salonu
First Lady Güzellik Merkezi,+902122182222,Güzellik Salonu
BECCA GÜZELLİK MERKEZİ,+905455420444,Güzellik Salonu
Güneş Beauty,+905011930591,Güzellik Salonu
Glam Beauty Studio,+905314801530,Güzellik Salonu
Tuğba Eker Beauty Studio,+905425925707,Güzellik Salonu
Nigar beauty center sariyer(güzellik salonu),+905537647878,Güzellik Salonu
Enjoy Güzellik,+905331452901,Güzellik Salonu
"Beauty Room Tarabya – Cilt Bakımı, Lazer Epilasyon & Bölgesel Zayıflama | Sarıyer",+905304981723,Güzellik Salonu
Mila Beauty,+905352865457,Güzellik Salonu
HaticeErgin Bay&bayan Güzellik Salonu,+908503080748,Güzellik Salonu
Berrin Erdem Güzellik & Akademi,+902122186470,Güzellik Salonu
Kuaför ve Güzellik Pınar Özbek Beauty,+902128921843,Güzellik Salonu
Elçin Yıldız,+905372299655,Güzellik Salonu
Mercan'S Kuaför ve Güzellik Salonu,+902122426913,Güzellik Salonu
Sarıyer Lazer Epilasyon | Epiland Lazer Epilasyon ve Güzellik Merkezi,+905335721768,Güzellik Salonu
Sedef Tuncer Beauty,+905333719656,Güzellik Salonu
Four Scissors Bay ve Bayan Güzellik Merkezi,+902122851991,Güzellik Salonu
Belizza Güzellik Salonu,+902122719863,Güzellik Salonu
Mask Güzellik Salonu,+902122713502,Güzellik Salonu
Sarıyer Kaş Tasarım,+905347139947,Kuaför / Berber
Damla Beauty Sarıyer,+905529465495,Güzellik Salonu
HENA GÜZELLİK MERKEZİ,+902122235959,Güzellik Salonu
DUE BEAUTY GÜZELLİK SALONU,+905421473739,Güzellik Salonu
LiLa’S Beauty,+905451377516,Güzellik Salonu
MBA Beauty,+905375231449,Güzellik Salonu
Zeynep Bağdatlı Güzellik Merkezi,+905337339230,Güzellik Salonu
Beauty bang,+905433176003,Güzellik Salonu
SEDA BEAUTY CENTER,+905421891453,Güzellik Salonu
Olcay Club Güzellik Estetik Saç Tasarım,+902122234798,Güzellik Salonu
Gamze Dinçol beauty,+905399475985,Güzellik Salonu
Alezda Beauty Center,+905518790001,Güzellik Salonu
HAIR PORT,+902125327678,Kuaför / Berber
MY CHOİCE Beauty Center VADİSTANBUL,+905557476747,Diş Kliniği
Salon Tarakçı,+902122186222,Kuaför / Berber
SEBA KUAFÖR- SARIYER ZEKERİYAKÖY,+902123410203,Kuaför / Berber
Ayşıl Kuaför & Solaryum Salonu,+902122714312,Kuaför / Berber
Hs Saloon kuaför,+902123423343,Kuaför / Berber
Berber SALİH,+905356591734,Kuaför / Berber
Ayhan Bozkurt,+905374609842,Kuaför / Berber
Naturel Güzellik Salonu,+902122026536,Güzellik Salonu
İmaj Kuaför,+905443517019,Kuaför / Berber
Samyeli Bayan Kuaförü,+902122715079,Kuaför / Berber
Divan Kuaför Alya Evleri,+902123412341,Kuaför / Berber
Şenol Kuaför Salonu,+905526742828,Kuaför / Berber
Divan Kuaför,+902123383035,Kuaför / Berber
M/Ş KUAFÖR,+905343538870,Kuaför / Berber
Armağan Meridyen Güzellik,+905324700984,Güzellik Salonu
Odessa Kuaför Sarıyer,+902123423585,Kuaför / Berber
Bej Hair Studio (Sarıyer),+902122716190,Kuaför / Berber
ROZIÉ Nail & Beauty,+905052098686,Güzellik Salonu
ŞAHİN KUAFÖR,+905462728728,Kuaför / Berber
Star Beauty,+905314039446,Güzellik Salonu
Kuaför Hair Planet,+902122232938,Güzellik Salonu
Salon Pasha,+902122712463,Kuaför / Berber
Odessa Kuaför ve Güzellik Merkezi,+902122990459,Güzellik Salonu
Gökmen Erkek Kuaförü,+902122184383,Kuaför / Berber
Komşu Kuaför,+902122421194,Kuaför / Berber
Kuaför Mesut,+902122429210,Kuaför / Berber
Kaşi hair repair studio,+905374551144,Kuaför / Berber
Kuaför Engin,+905325529181,Kuaför / Berber
Altın Tarak,+902122426027,Kuaför / Berber
Ness Hair Design,+902122186624,Kuaför / Berber
Pelinsu Bayan Kuaförü,+902122186909,Kuaför / Berber
Sindoma Kuaför,+902163235792,Güzellik Salonu
Hayat Kuaför,+902122422700,Kuaför / Berber
Paniz Beauty Studio | Maslak,+905394172929,Güzellik Salonu
Melike Nilgün Kuaför,+905316101370,Kuaför / Berber
Şenol Çamcı Hair Design,+905434933138,Kuaför / Berber
ZORBA ERKEK KUAFÖRÜ,+905358448989,Kuaför / Berber
Saloon Sach,+905395713424,Kuaför / Berber
Berçindar Erkek ve Çocuk Kuaförü,+902122715929,Kuaför / Berber
Nazlı Deniz ESTETİK,+905453356547,Güzellik Salonu
Salon Birgül,+902122186466,Kuaför / Berber
Kuaför Gökmen,+905447710943,Kuaför / Berber
ENİS KUAFÖR,+905378279525,Kuaför / Berber
Kuvars nail spa,+902123423175,Güzellik Salonu
Mask By Aysun Güngör,+905321517615,Güzellik Salonu
-Serpil Küçükelçi Kuaför Salonu,+902122996660,Kuaför / Berber
NA-ME KUAFÖR SALONU,+902122264044,Kuaför / Berber
M&K Kuaför Salonu,+902122777737,Kuaför / Berber
No40 Saç Güzellik,+902123424500,Güzellik Salonu
Metamorfoz Kuaför,+902122029341,Kuaför / Berber
Sarıyer Piercing,+905362601909,Dövme & Piercing
Health Eterna,+905365408102,Güzellik Salonu
Palmiye Kuaför,+902122713546,Kuaför / Berber
HDS Kuaför,+902122029889,Kuaför / Berber
Zekeriyaköy Kandilci Sokak No:30b Sarıyer/İstanbul,+902123421596,Kuaför / Berber
yelizcegüzelliksarıyer,+905392551911,Güzellik Salonu
Dr.Erkin Çekiçkıran Medikal Estetik Dolgu Botoks Dudak dolgusu Çene dolgusu Filler-Botox-Lips Filler-Aesthetic Doctor,+905545514331,Güzellik Salonu
Estetic Clinic,+905338134297,Güzellik Salonu
EstetikLand,+902122573434,Güzellik Salonu
"Op.Dr.Cihan Uçar Estetik Cerrahi Meme, Yüz ve Karın Estetiği",+902123470700,Güzellik Salonu
Mercy Estetik,+902122127078,Güzellik Salonu
Nefertiti Klinik,+905441053334,Güzellik Salonu
V Klinik - Medikal Estetik Kliniği,+905417600821,Güzellik Salonu
Green Güzellik,+905432151522,Güzellik Salonu
Babucçu Estetik Merkezi,+905492343443,Güzellik Salonu
Aesthetic Manager,+902122152278,Güzellik Salonu
Venice Clinic İstanbul,+905058098149,Güzellik Salonu
"Dr. Nedim Yıldız Clinic İstanbul (Botox, Dudak Dolgusu, Full Face, Jawline, Mezoterapi, Botoks, Çene Dolgusu, Işık Dolgusu)",+905453857212,Psikolog / Terapist
Real Estetik | Estetik Operasyonlar | Diş Estetiği | Saç Estetiği,+905439751255,Diş Kliniği
Marmara Estetik ve Güzellik Merkezi,+902122164666,Güzellik Salonu
Dermedikal | Şişli Dolgu | Botox | Yüz Gençleştirme | Medikal Estetik,+905334537888,Güzellik Salonu
MEHRY Estetik ve Güzellik Merkezi,+905447901090,Güzellik Salonu
Burcu Ürge Aesthetic,+905437170797,Güzellik Salonu
Laviva Güzellik Merkezi,+902122121296,Güzellik Salonu
Eticlinic Estetik ve Güzellik Merkezi,+905325418900,Güzellik Salonu
MediAvrupa Estetik / Burun Estetiği / Meme Estetiği / Popo Estetiği (BBL) /Liposuction/ Karın Germe/ MOMMY MAKEOVER/,+902129931436,Güzellik Salonu
Estevien Clinic Int.,+905333838866,Güzellik Salonu
Sema Estetik,+905302671851,Güzellik Salonu
Göz Altı Işık Dolgusu | Dudak Dolgusu | Botox Dermal Klinik | Uzm.Dr. Filiz Altıoğlu,+905051040801,Diğer (Sağlık & Bakım)
TAŞ Estetik Cerrahi Kliniği,+905434563693,Güzellik Salonu
Tact Clinic Estetik ve Güzellik Merkezi,+905523484808,Güzellik Salonu
İnnovation Mecidiyeköy Güzellik Merkezi,+905415439380,Güzellik Salonu
BBL Turkey | Rhinoplasty Istanbul | Mommy Make Over Turkey | Retouch Body Clinic,+905427385452,Güzellik Salonu
M.H Health,+905330553570,Güzellik Salonu
Este Lazer Epilasyon Merkezi,+905323721491,Güzellik Salonu
İstanbul Estetik ve Saç Merkezi / İstanbul Aesthetic and Hair Center,+905467223546,Güzellik Salonu
Estetikce,+905331414131,Güzellik Salonu
EsteMilano | Este Milano | Lazer Epilasyon | Soğuk Lipoliz | Cilt Bakımı | Kalıcı makyaj,+905522958085,Güzellik Salonu
Yes Klinik,+905514465366,Diğer (Sağlık & Bakım)
Hair Transplant - Holiday Estetic - Best Hair Transplantation İstanbul,+905421422921,Kuaför / Berber
Violet Estetik ve Saç Ekimi,+905372673747,Güzellik Salonu
Dr.Tamer Küçük Medikal Estetik Klinik,+905525190202,Güzellik Salonu
Klinik Bomonti Diş Kliniği-Şişli Estetik Diş Hekimi-Premium Dental Clinic Istanbul,+905387766446,Diş Kliniği
Mecidiyeköy Erkek Lazer Epilasyon,+905325728575,Güzellik Salonu
Marge Güzellik,+908502411010,Güzellik Salonu
Alya Güzellik Nail stüdyo,+902122912310,Güzellik Salonu
Op.Dr.Murat Koçyiğit Klinik,+905411422272,Diğer (Sağlık & Bakım)
Form Klinik Medikal Estetik - Sağlıklı Yaşam ve Güzellik Merkezi,+902122248684,Güzellik Salonu
SeldaHairCenter,+905535899189,Kuaför / Berber
Op. Dr. Alp Aslan Kliniği,+905336653501,Güzellik Salonu
BUZ LAZER KİANA GUZELLİK,+905530654261,Güzellik Salonu
SELİNAY GÜZELLİK,+905344763973,Güzellik Salonu
EWASEES EPİLATİON CENTER,+905333794507,Güzellik Salonu
Rejuvent Klinik - Medikal Estetik - Lazer Epilasyon,+905495608050,Güzellik Salonu
Elida Güzellik,+905053121314,Güzellik Salonu
Savran Klinik Estetik Merkezi | Karın Germe - Liposuction - Meme Büyütme,+905312986389,Güzellik Salonu
Estetica Istanbul,+902162125001,Güzellik Salonu
Este Cerrahi,+902124410808,Güzellik Salonu
Clinicland İstanbul,+905306658197,Güzellik Salonu
AhSeN Beauty,+905335023789,Güzellik Salonu
Ventus Güzellik Merkezi,+902122666661,Güzellik Salonu
Dermaist Clinic,+905325575789,Güzellik Salonu
Beautytime Güzellik Merkezi,+902122314858,Güzellik Salonu
Pia Beauty,+905555548440,Güzellik Salonu
Esaderm,+902122320583,Güzellik Salonu
Saç Nakil Merkezi - Saç Ekim Uzmanı Zeynep Günel,+905445815638,Güzellik Salonu
Eurest Estetik Cerrahi,+902123475554,Güzellik Salonu
Doku Clinic,+905551400404,Güzellik Salonu
Time Estetik,+905418062287,Güzellik Salonu
Dental Estetik,+905426693066,Diş Kliniği
EVA Beauty Center,+905369360420,Güzellik Salonu
NG Klinik,+905013291488,Güzellik Salonu
Dr. Muhammed Davud CLİNİC- İstanbul,+905454661000,Diğer (Sağlık & Bakım)
Hilal Estetik,+905321706852,Güzellik Salonu
Doctorium Clinic,+905431042523,Güzellik Salonu
Uzman Klinik Psikolog Ezgi Uygun Darama,+905321360394,Psikolog / Terapist
Şişli Klinik Psikolog Ercan Taş,+905057651797,Psikolog / Terapist
Uzman Klinik Psikolog Eyüp Durmaz Şişli Aile Terapi Nişantaşı Psikolog Nişantaşı Psikolog Önerisi Şişli Psikolog,+905444971764,Psikolog / Terapist
Modern Psikoloji Merkezi,+905462067484,Psikolog / Terapist
Nişantaşı Dünya Danışmanlık ve Psikoloji Merkezi | Nişantaşı Psikolog,+905318808448,Psikolog / Terapist
Selman Yetkin | klinik psikolog | şişli psikolog | nişantaşı psikolog,+905067890130,Psikolog / Terapist
İstanbul Şişli Klinik Psikolog Dolunay Zümrüt Çetin Bireysel Terapi İlişki Depresyon,+905425936758,Psikolog / Terapist
Psikolog Damla Akpınar - İstanbul Psikolog - Şişli / Levent EMDR,+905379271650,Psikolog / Terapist
Roots Psikoloji,+905421808195,Psikolog / Terapist
Uzman Klinik Psikolog İlknur Üner,+905453084600,Psikolog / Terapist
Psikolog Ümit KILIÇLIOĞLU,+905364816044,Psikolog / Terapist
İstanbul - Nişantaşı Psikolog - Dr. Klinik Psikolog Burak Okci,+905326166605,Psikolog / Terapist
Saya Psikolojik Danışmanlık ve Eğitim Merkezi,+905452724314,Psikolog / Terapist
Klinik Psikolog İbrahim Özcanlı,+905347290226,Psikolog / Terapist
Şişli Psikolog - Özne Terapi Aile Danışma Merkezi-Şişli Psikolog Randevu-Çocuk Psikolog-Biresyel Terapi-Yetişkin Psikolog,+905321362112,Psikolog / Terapist
Klinik Psikolog (Dr) Mehmet Başkak,+905428989602,Psikolog / Terapist
Şişli Uzman Klinik Psikolog Mustafa Özay,+905066119878,Psikolog / Terapist
Uzman Klinik Psikolog Burbuçe Ağdaş - Nişantaşı,+905545878678,Psikolog / Terapist
Şişli Psikolog/Uzman Klinik Psikolog Özge Şiran,+905066901106,Psikolog / Terapist
Klinik Psikolog Sedanur Güzelce | Şişli psikolog | Şişli çocuk psikoloğu | Psikolog Şişli,+905316055669,Psikolog / Terapist
Uzman Psikolojik Danışman & Psikolog Aydın Deniz Yüce,+905466337813,Psikolog / Terapist
Uzman Klinik Psikolog Özkan Yiğit | Bireysel Terapi ve Çift Terapisi,+905319377954,Psikolog / Terapist
Uzm Kl. Psk. Mesut Batur,+905413234723,Psikolog / Terapist
Rafi Balıkçı Danışmanlık,+905550803384,Psikolog / Terapist
Uzman Psikolog Figen Yurdakul,+905372219086,Psikolog / Terapist
Psikolog Sezgin Akkurt,+905364897179,Psikolog / Terapist
Uzman Klinik Psikolog Ecem Demirel,+905354671570,Psikolog / Terapist
Psikolog Merve Belikırık,+905074809985,Psikolog / Terapist
Bude Danışmanlık Merkezi,+902122962830,Psikolog / Terapist
Klinik Psikolog Erkam Ünal,+905537039796,Psikolog / Terapist
Psikolog Gizem PEKCAN,+905321727799,Psikolog / Terapist
Uzman Klinik Psikolog Merve Ekşi,+905301515730,Psikolog / Terapist
An Psikoloji,+905303994330,Psikolog / Terapist
PSiKOLiUM DANIŞMANLIK ve Koçluk Merkezi Nişantaşı Psikolog & Nişantaşı Pedagog,+905533152505,Psikolog / Terapist
"Psikolog Nuray Aydoğmuş | Nişantaşı, Şişli, Levent, Beşiktaş",+905465860706,Psikolog / Terapist
Şişli Psikoloji Psikoterapi Merkezi,+905306660400,Psikolog / Terapist
Mental Ofis / Paylaşımlı Psikolog Ofisi,+902122401908,Psikolog / Terapist
Mondo Psikoloji,+905300204274,Psikolog / Terapist
Uzman Klinik Psikolog Nursel Kaba,+905061312625,Psikolog / Terapist
Uzman Klinik Psikolog Büşra Akdemir,+905415051914,Psikolog / Terapist
Uzm.Klinik Psikolog Meltem Demir,+905432289099,Psikolog / Terapist
Uzm. Psk. Melis Çelik,+905301587997,Psikolog / Terapist
Psikolog Tuğçe Yılmaz,+905317948477,Psikolog / Terapist
Şişli Psikolog Betül KINA,+905367404004,Psikolog / Terapist
Nişantaşı Klinik Psikolog Burcu Koray Psikomood Terapi Merkezi,+905385445154,Psikolog / Terapist
Korto Danışmanlık - Nişantaşı,+902122470770,Psikolog / Terapist
MOLA PSİKOLOJİ DANIŞMANLIK SAN. VE TİC. LTD. ŞTİ.,+902122489790,Psikolog / Terapist
Psikolog Zeynep Dikdüş,+905445298441,Psikolog / Terapist
Uzm. Psk. Dan. Şuayip Kütük,+908508113155,Psikolog / Terapist
persona psikoloji,+905331564118,Psikolog / Terapist
Uzman Klinik Psikolog Hakan Akman,+905426970202,Psikolog / Terapist
Sentia Psikoloji,+905330247806,Psikolog / Terapist
Şişli Psikolog- Yetişkin Psikolojik Danışmanlık Elif Aydın,+905442504075,Psikolog / Terapist
Evo Psikoloji,+905326919298,Psikolog / Terapist
Nişantaşı Psikoloji,+902122324072,Psikolog / Terapist
Psikolog Muhammed ERGÜVAN,+905458047263,Psikolog / Terapist
Psikoloji Akademisi,+902123432575,Psikolog / Terapist
"Online Terapi| İstanbul Online Psikolog| Levent, Sarıyer, Nişantaşı |Turkish Online therapy |Türkische Online-Therapie |",+905523470020,Psikolog / Terapist
Süreç Psikoloji,+905066910345,Psikolog / Terapist
İstanbul Aile Terapisti,+905050961109,Psikolog / Terapist
Klinik Psikolog Yağız Karataşoğlu,+905524004637,Psikolog / Terapist
"Çift Terapisti & Klinik Psikolog Dr. Sevilay Abudaram | Şişli, Nişantaşı",+905322298477,Psikolog / Terapist
Psikolog Narek Karasu ( Şişli ),+905318941018,Psikolog / Terapist
"Klinik Psikolog Dr. Ercüment Doğan, Ph.D. - EMDR Avrupa Akredite Terapisti",+905325742578,Psikolog / Terapist
Uzman Psikolog Meleknur Alevcan I Nişantaşı,+908504740297,Psikolog / Terapist
Klinik Psikolog Dr. Çiğdem Koşe,+905386789077,Psikolog / Terapist
Uzman Klinik Psikolog Arzu Ünal,+908504740114,Psikolog / Terapist
Klinik Psikolog Cansu Sevimli,+905541199770,Psikolog / Terapist
Uzman Psikolog Deryal Yüksel,+905421707329,Psikolog / Terapist
İlişki Terapistim |Şişli Psikolog-Psikolog Randevu-Tavsiye Edilen Psikolog-Çift Psikolog,+905551573810,Psikolog / Terapist
Nişantaşı Uzman Psikolog Betül Aydınaydoğdu,+905343390430,Psikolog / Terapist
Suna BAYRAM,+902124874308,Psikolog / Terapist
Psikolog Öykü Turhan,+905065842245,Psikolog / Terapist
İstanbul Çocuk Psikiyatri Merkezi,+902122990023,Psikolog / Terapist
Dr. Mualla Oktay,+902122328907,Psikolog / Terapist
Klinik Psikolog Bengü Keskin Cottrell,+902122306460,Psikolog / Terapist
Nişantaşı Psikolog | Bimar Psikoloji,+905342410109,Psikolog / Terapist
Uzm. Psk. Melis TAŞ İstanbul Psikolog,+908504742718,Psikolog / Terapist
Klinik Psikolog Sümeyye Sürenoğlu Engin,+905075572232,Psikolog / Terapist
Diyetisyen Psikolog Betül Tamboğa,+905458528895,Psikolog / Terapist
Psikolog N. Elif Karatarla - Online Yüz Yüze Danışmanlık,+905313671999,Psikolog / Terapist
Smilegroup Diş Kliniği Şişli,+902122962374,Diş Kliniği
MebaDent Şişli Ağız Ve Diş Sağlığı Polikliniği,+905073186600,Diş Kliniği
Dentakay Dental Clinic,+905415008008,Diş Kliniği
Klinik İstanbul Ağız ve Diş Sağlığı Polikliniği,+905442162060,Diş Kliniği
Klinik No1 Ağız ve diş sağlığı polikliniği,+905525430001,Diş Kliniği
Klinik Postmodern,+905315515473,Diş Kliniği
Özel Güneydent Ağız ve Diş Sağlığı Polikliniği -Dt Zuhal Oygur | Dental Clinic Istanbul | Zirconium Veneers | Implant,+902122303347,Diş Kliniği
Acil diş klinik 7/24 Diş Hekimi Büşra Tekin,+905548919106,Diş Kliniği
The Dent Clinic | Diş Hekimi Utku Türkkölesi,+905448433368,Diş Kliniği
Diş Hekimi Kadir Emir Töyer | 24 SAAT AÇIK NÖBETÇİ DİŞ KLİNİĞİ,+905464637792,Diş Kliniği
Diş Hekimi Dilber Hacıoğlu,+905352003390,Diş Kliniği
Ender ILKER & Alper ILKER Nişantaşı - Uzman Diş hekimi & Estetik Diş Hekimi,+902122240000,Diş Kliniği
Dentacell Ağız Ve Diş Sağlığı Polikliniği,+902122884992,Diş Kliniği
Diş Hekimi Samed Çakıroğlu,+905331363895,Diş Kliniği
Laviva Clinic: Smile & Dental Trip in Istanbul,+905310249737,Diş Kliniği
Allianoi Ağız ve Diş Sağlığı Kliniği Nişantaşı,+902122333903,Diş Kliniği
Cadde Kurtuluş Ağız ve Diş Sağlığı Polikliniği,+905302772319,Diş Kliniği
Melodi Dental - Nişantaşı Ağız ve Diş Sağlığı Merkezi,+902122302333,Diş Kliniği
Cosmodent Ağız Ve Diş Sağlığı Kliniği,+902122911515,Diş Kliniği
Diş Hekimi Dr. Burcu Şahin,+905323945677,Diş Kliniği
Dr. Ahmet Zirek - Estetik Diş Kliniği (drzirek),+905059999724,Diş Kliniği
Özel Model Ağız ve Diş Sağlığı Kliniği,+905447668779,Diş Kliniği
Dentfix Dental Clinic in istanbul Turkey,+905304172338,Diş Kliniği
Apex Dental Clinic,+905057437271,Diş Kliniği
Hausdent Ağız ve Diş Sağlığı Polikliniği,+902122242210,Diş Kliniği
Klinik Nişantaşı,+905522473335,Diş Kliniği
Diş Kliniği - Dental Clinic,+905388859675,Diş Kliniği
CREADENTA AĞIZ ve DİŞ SAĞLIĞI POLİKLİNİĞİ,+905334295814,Diş Kliniği
DentNis Nişantaşı İmplant & Estetik Diş Kliniği - Estetik Diş Hekimi Dr. Abdulkadir Narin,+902122460903,Diş Kliniği
Nişantaşı İmplant Ve Estetik Diş Tedavi Merkezi,+905050228448,Diş Kliniği
Dr. Hakan Dönmez Diş Hekimliği ve Ortodonti Kliniği,+902122196361,Diş Kliniği
Özel Hekimoğlu ağız ve diş sağlığı polikliniği,+905324822245,Diş Kliniği
D&K BOMONTİ AĞIZ VE DİŞ SAĞLIĞI - Dr.Dt. Hakan KÜLAHCI / Dr.Dt. Merve DEMİR,+905449598806,Diş Kliniği
Bilen Clinic,+905422010530,Diş Kliniği
Parla Clinic Nişantaşı,+905527469799,Diş Kliniği
Nişantaşı İmplant Tedavisi - Utkan Clinic Aesthetic,+905303797209,Diş Kliniği
The Loft Clinic - Nişantaşı Diş Kliniği,+905411004243,Diş Kliniği
Dent Ni̇şantaşi Ağız ve Diş Sağlığı Polikliniği,+905303018006,Diş Kliniği
Style Dental Clinic,+905425305261,Diş Kliniği
Özel Harbiye Ağız ve Diş Sağlığı Polikliniği,+902122475825,Diş Kliniği
Dt. Can TOKMAN Diş Hekimi,+905325741999,Diş Kliniği
Klinika Diş Kliniği,+905327125156,Diş Kliniği
Şengel Klinik Bomonti,+905335674026,Diş Kliniği
Dr. Burak Büyüktürk- Dent B&B Diş Kliniği Nişantaşı Diş Estetik ve İmplant Merkezi,+902122303070,Diş Kliniği
Tanfer Klinik,+902122414463,Diş Kliniği
Dent Blue International Dental Clinic,+905339780463,Diş Kliniği
Clinic EGO,+908503074646,Diş Kliniği
Yıldız Titiz | Diş Hekimi,+905559737123,Diş Kliniği
Diş Hekimi Ali Furkan Metin | Nöbetçi Diş Kliniği,+905412501642,Diş Kliniği
Ayal Dental Clinic,+905453133380,Diş Kliniği
Diş Hekimi / Özgür Baydemir,+905423134693,Diş Kliniği
Dt Yeliz Sezer Diş Kliniği,+902122301009,Diş Kliniği
Dr. Cem Baysal | Dental Clinic Turkey | 33 Years Of Experience,+905322845431,Diş Kliniği
Diş Hekimi Deniz İkbal İlhan,+905324939691,Diş Kliniği
Wonders Dental Clinic,+905010075153,Diş Kliniği
Smile Design Dental Clinic / Dr. Barış Kurtuluş & Dr. Başak Kurtuluş Turanlı,+902129737743,Diş Kliniği
Çakır Klinik - Diş Hekimi Akın Çakır,+905469356296,Diş Kliniği
Dr.Dt.Arman Duraduryan,+905301324248,Diş Kliniği
Prof. Dr. Ömer Kutay İmplant & Estetik Diş Kliniği,+902122313292,Diş Kliniği
Mujde Ozgen Clinic,+905322299584,Diğer (Sağlık & Bakım)
Nish Art Dental Klinik,+905336808587,Diş Kliniği
Dr. Özgür Bultan,+902122349996,Diş Kliniği
DENTA LUMOS SMILE FACTORY,+905058977408,Diş Kliniği
NEW SMİLE DENT,+902122417080,Diş Kliniği
Dental Ezel | Premium Dental Clinic Istanbul,+905475500101,Diş Kliniği
Universal Dent Clinics,+902123434990,Diş Kliniği
Dentavenue Ağız ve Diş Sağlığı Polikliniği,+902122460043,Diş Kliniği
Gülşah Durmaz,+902122336388,Diş Kliniği
Nişantaşı Ortodonti ve Estetik Diş Hekimliği Kliniği,+902122406939,Diş Kliniği
Diş Hekimi Çağrı Altuntaş,+902129697630,Diş Kliniği
Centerdent Ortodonti ve Estetik Diş Polikliniği,+902125717070,Diş Kliniği
Uzm. Dr. Arten Dyrmishi Dental Clinic - Çene Cerrahisi Uzmani & Estetik Dis Hekimligi,+905066348122,Diş Kliniği
Katre Hair Studio,+902122993020,Kuaför / Berber
MODE KUAFÖR,+902122865999,Kuaför / Berber
ORHAN DEMİR HAIR SALON,+902122239529,Kuaför / Berber
Salon isstinye,+902122771890,Güzellik Salonu
Kuaför Aytun,+902122777774,Kuaför / Berber
ByHarunkuafor,+905326260008,Kuaför / Berber
SALON POİNT 33,+905375973141,Kuaför / Berber
Orhan Açıkgöz Hair Salon,+902122239959,Kuaför / Berber
Loft & For Your Beauty,+905322883734,Güzellik Salonu
Tarabya affectionhairsalon Kadın & Erkek Kuaförü,+902122995811,Kuaför / Berber
Hair World Nurettin Ataş,+902122712728,Kuaför / Berber
E&Y BAYAN KUAFÖRÜ GUZELLİK SALONU,+905415087858,Güzellik Salonu
4A Kuafor,+902122238499,Kuaför / Berber
Pınar Kuaför,+905355754111,Kuaför / Berber
Ekip Zekeriyaöy,+902122028989,Kuaför / Berber
Yalı Kuaför,+902122622309,Güzellik Salonu
MM BAHÇECİK TARABYA,+902123456310,Kuaför / Berber
MM Bahçecik - Zekeriyaköy,+905421000440,Kuaför / Berber
Semali Kuaför,+902122623792,Kuaför / Berber
MASLAK KUAFÖR N:O1 PLAZA,+905319840019,Kuaför / Berber
Mehmet Tatlı - 1453 Maslak,+902128017525,Kuaför / Berber
GÖKHAN AVCI HAIR STYLIST,+902122261798,Kuaför / Berber
Zek Kuaför,+902122027599,Kuaför / Berber
D&A HAİR STUDİO SARIYER,+905412499899,Kuaför / Berber
Eftelya Bayan Kuaförü,+902122185380,Kuaför / Berber
MEHMET TATLI KUAFÖR,+902123231708,Kuaför / Berber
Alev bayan kuaförü,+902122230264,Kuaför / Berber
Yeşim Kuaför,+902122898595,Kuaför / Berber
Zekeriyaköy Bayan Kuaförü,+905367171099,Kuaför / Berber
Fön Kuaför,+902122999777,Kuaför / Berber
Kuaför Oktay - Bekir,+905428431165,Kuaför / Berber
Sarıyer Pet kuafor,+905302532730,Kuaför / Berber
Berber Mehmet,+905346772987,Kuaför / Berber
Erkek Kuaförü Salon Erkan,+905425202365,Kuaför / Berber
Zek Kuaför,+902128301070,Kuaför / Berber
Saç tasarım Yasin,+905348156549,Kuaför / Berber
Kuaför neco,+905377061980,Kuaför / Berber
By kuş berber tarabya,+905327410669,Kuaför / Berber
Fenomen Erkek Kuaförü,+905398904369,Kuaför / Berber
Cengiz Çelikkaya,+902122186886,Kuaför / Berber
C. P. Kuaför ve Saç Kaynak Merkezi,+902122186211,Kuaför / Berber
Kuaför Bülent,+905368569767,Kuaför / Berber
Estetik Merkezi,+905424184808,Güzellik Salonu
Neşe Derici Estetik ve Bakım Merkezi,+905348824080,Güzellik Salonu
OLCAY Kozmetik Estetik Medikal,+902122235338,Güzellik Salonu
Novita Estetik Merkezi,+902122849703,Güzellik Salonu
Psikonesans,+905538628482,Psikolog / Terapist
Uzman Klinik Psikolog Esra Toprak - Sarıyer,+905447959694,Psikolog / Terapist
Uzman Klinik Psikolog Eda Yılmaz | Tarabya – Bireysel & Çift,+905301716892,Psikolog / Terapist
Sarıyer Psikolog,+905325580340,Psikolog / Terapist
Uzman Klinik Psikolog Bedriye Dayanç,+905523866827,Psikolog / Terapist
Lumi Psikoloji - Psikolog Ece Demirci,+905411414909,Psikolog / Terapist
Klinik Psikolog Elçin Akdeniz,+905416919190,Psikolog / Terapist
Uzman Klinik Psikolog: Hande Zeynep Savaş,+905398928900,Psikolog / Terapist
Verte Psikoloji,+905424955313,Psikolog / Terapist
"Uzm. Psk. İpek Yarbaşı Açıkalın, Psikoloji",+902122230669,Psikolog / Terapist
Uzman Klinik Psikolog Elif Çelik,+905301083223,Psikolog / Terapist
Ena Therapia Psikoterapi - Uzm.Klinik Psikolog Esin Nur Akyıldız,+902122792202,Psikolog / Terapist
Psikolog Selin Tunç,+908504743626,Psikolog / Terapist
Klinik Psikolog Karen Levi | Maslak,+905493659080,Psikolog / Terapist
Uzm. Klinik Psikolog Didem Çeçen,+905533772527,Psikolog / Terapist
Uzm. Kl. Psk. Çağlanur Nacaroğlu,+902129126496,Psikolog / Terapist
Mind+More,+905365142222,Psikolog / Terapist
Uzman Psikolog Aslı Karasaç,+905326904991,Psikolog / Terapist
Selma Öner Hemşirelik hizmeti(özel yeniköy sağlık kabini),+902122992061,Diğer (Sağlık & Bakım)
Uzm. Klinik psikolog Hande Uysal,+905379488194,Psikolog / Terapist
Psikolog Zeynep Eren,+905334708587,Psikolog / Terapist
Clinick Psikolojik Danışmanlık Merkezi,+905431571440,Psikolog / Terapist
Klinik Psikolog Çiğdem Yazıcı,+905310835003,Psikolog / Terapist
Derya Öztürk Danışmanlık Merkezi,+902122787148,Psikolog / Terapist
Mod Psikoloji,+905303905999,Psikolog / Terapist
Uzman Psikolog Gonca Ercegil,+905337710115,Psikolog / Terapist
Psikolog Melda Civelek,+905383288396,Psikolog / Terapist
Uzman Klinik Psikolog Tuğçe Peker,+905323833092,Psikolog / Terapist
İnci Özkoray Öğrenme Merkezi,+905321325920,Psikolog / Terapist
Psk.Alara Çağlar,+905301006550,Psikolog / Terapist
Kardy Letter Club,+905466415518,Psikolog / Terapist
Tattoo By Şafak,+905535815815,Dövme & Piercing
Bomonti Art Studio,+905433684338,Dövme & Piercing
Cest La Vie Tattoo & Piercing,+905526810227,Dövme & Piercing
LUMOS ART ATELİER TATTOO&PİERCİNG,+905063087815,Dövme & Piercing
Studio tattoo vera,+905304328994,Dövme & Piercing
DovmeciEmre Tattoo & Piercing Şişli,+905300438321,Dövme & Piercing
Tattoo Berz,+905538842826,Dövme & Piercing
BOO INK Tattoo Studio & Piercing Shop,+905356126420,Dövme & Piercing
Şişlide dövmeci mecidiyeköy dövmeci piercing,+905438066861,Dövme & Piercing
Huit Tattoo & Piercing Studio,+905342743909,Dövme & Piercing
Random Tattoo Osmanbey Şişli,+905312060310,Dövme & Piercing
Oktay Sümer Tattoo,+905400832003,Dövme & Piercing
Tattooworld,+905362234238,Dövme & Piercing
Magicline Dövme Stüdyo,+905349899008,Dövme & Piercing
Firatattoo Dövme Stüdyo,+905464016839,Dövme & Piercing
Şişli Dövmeci Tattoo Casper Profesyonel Stüdyo,+905072975737,Dövme & Piercing
DEEP MARK TATTOO,+905456633010,Dövme & Piercing
House of WAW | Tattoo & Piercing,+905451944141,Dövme & Piercing
Gökhan Arslan Tattoo & Piercing,+905364064903,Dövme & Piercing
Tattoom Art Gallery,+905325036662,Dövme & Piercing
BaharGo Tattoo & Piercing,+905360739985,Dövme & Piercing
Bavaria Ink İstanbul,+905518170334,Dövme & Piercing
Nişantaşı Tattoo Shop,+905380386568,Dövme & Piercing
407 Art Collection,+905497179761,Dövme & Piercing
INK UP TATTOO,+905318396697,Dövme & Piercing
Sullen İstanbul Dövme Stüdyosu,+905078107669,Dövme & Piercing
tattoo mayk murat,+905340103234,Dövme & Piercing
Yasin Demirci Dövme Stüdyosu,+905539836801,Dövme & Piercing
SOKAK TATTOO,+905353404971,Dövme & Piercing
Yasin Yener Tattoo Studio,+905413707742,Dövme & Piercing
Inklude Tattoo Studio,+905331386881,Dövme & Piercing
Cilek_tattoo,+905523972980,Dövme & Piercing
DOVMECIMERTPASA,+905366477978,Dövme & Piercing
Black INK Tattoo,+905411099417,Dövme & Piercing
Balon Circle,+902129932087,Dövme & Piercing
Golden Ink Studio | Tattoo & Piercing,+905343856909,Dövme & Piercing
Z&B TATTOO STUDIO,+905373838287,Dövme & Piercing
DovmeciBul,+902128033194,Dövme & Piercing
Tatt-Too Much Gallery,+905459664038,Dövme & Piercing
Kwantum Tattoo Gallery,+905370217707,Dövme & Piercing
Queen Ink Tattoo Studio,+905073406159,Dövme & Piercing
TATTOO AND BARBER SHOP,+905465919214,Dövme & Piercing
Doğanlar,+902122334169,Dövme & Piercing
HArt tattoo,+905527146666,Dövme & Piercing
TATTOOFF İSTANBUL DÖVME SİLME,+905325087011,Dövme & Piercing
Memories Tattoo Art,+905372745073,Dövme & Piercing
CRAFT INK TATTOO STUDIO,+905431931372,Dövme & Piercing
Fuadbayrakdar,+905455508550,Dövme & Piercing
Esen Kızıldağ Studio,+905349330725,Güzellik Salonu
Pembotattoo,+905358350955,Dövme & Piercing
Kaleloooo Tattoos,+905360228007,Dövme & Piercing
Saturn Tattoo,+905446958534,Dövme & Piercing
Ortaköy Tattoo Club,+905352311724,Dövme & Piercing
Goldtattoo,+905423666964,Dövme & Piercing
Mikaçu Tattoo,+905078274654,Dövme & Piercing
Deniz Tattooer,+905455466724,Dövme & Piercing
2nd Skin Tattoo & Piercing Turkey,+902122330011,Dövme & Piercing
mecidiyeköy.pilates stüdyo,+905058913030,Pilates / Yoga
Şişli Pilates Reformer Stüdyo( Em Sports ),+905314575693,Pilates / Yoga
Stylelife Şişli Pilates Merkezi,+902122661345,Pilates / Yoga
Mood Pilates,+905324184919,Pilates / Yoga
Moonlight Pilates Studio Mecidiyeköy,+905431720698,Pilates / Yoga
REFLEX GYM / Şişli,+905303293189,Pilates / Yoga
Moonlight Pilates Studio Osmanbey,+905394300698,Pilates / Yoga
Studio 8 Bomonti Pilates,+905459141828,Pilates / Yoga
Now pilates,+905359669665,Pilates / Yoga
Fizorya Reformer Pilates Stüdyo | Mecidiyeköy,+905079372434,Pilates / Yoga
TAPS Pilates Mecidiyeköy,+905427674806,Pilates / Yoga
Happy Athletic Pilates,+905325605826,Pilates / Yoga
FitUp Pilates - Aletli Pilates Salonu,+902122120016,Pilates / Yoga
Green Life Pilates,+905466460662,Pilates / Yoga
Vega Beam Pilates Nişantaşı,+905432613184,Pilates / Yoga
Pera Pilates,+905323082626,Pilates / Yoga
Fizyosel Pilates,+905336331664,Pilates / Yoga
Libra Pilates Studio,+905393315051,Pilates / Yoga
FizyoMarin | Aletli Pilates & Omurga Sağlığı,+905454254559,Pilates / Yoga
Alchemy Pilates,+905382464439,Pilates / Yoga
Monti Pilates & Pt Studio,+905441666671,Pilates / Yoga
CoreLab Pilates Studio,+902122740008,Pilates / Yoga
V'Seras Pilates Studio,+905350616428,Pilates / Yoga
Batı Pilates & PT Studio,+905462284526,Pilates / Yoga
Bounce Pilates,+905380927177,Pilates / Yoga
Pilates istanbul,+905050284737,Pilates / Yoga
Cadı Pilates Sağlıklı Yaşam Merkezi,+905366965343,Pilates / Yoga
The Pilates Club,+905455611676,Pilates / Yoga
Sirius Fonksiyonel & Pilates,+905309033818,Pilates / Yoga
Sprint Pilates - Mecidiyeköy Pilates,+902122750605,Pilates / Yoga
Technofit Fitness Pilates,+905312053888,Pilates / Yoga
PilaTwist Pilates Studio,+905312312975,Pilates / Yoga
Force Pilates,+905074243638,Pilates / Yoga
Chill Pilates Stüdyo & Akademi,+905523552033,Pilates / Yoga
Diya Pilates Studio,+905074488918,Pilates / Yoga
Hype Bomonti Studio,+905320578397,Kuaför / Berber
Burcus Pilates House,+905337455695,Pilates / Yoga
Levent Pilates İstanbul,+905534748433,Pilates / Yoga
Nişantaşı.fit Pilates Merkezi,+905444153556,Pilates / Yoga
Plus Fitness Club,+905326261631,Kuaför / Berber
Nişantaşı a² Pilates,+905461840241,Pilates / Yoga
Number One Bomonti Pilates & Atletik Performans,+905309077101,Pilates / Yoga
Melis Türkkan Fizyoterapi ve Pilates,+905352282206,Psikolog / Terapist
SkochFit Pilates | Mecidiyeköy,+905054179661,Pilates / Yoga
My way Pilates,+905468964686,Pilates / Yoga
Duru Pilates Studio,+905538720725,Pilates / Yoga
Fulya Semiha Genc Pilates Studio,+905325667714,Pilates / Yoga
Esta Pilates,+902125424245,Pilates / Yoga
SML Pilates Studio,+902122585864,Pilates / Yoga
Base Training Studio,+902122880110,Pilates / Yoga
BOMONTİ BALANCE STUDIO,+905305626722,Pilates / Yoga
Urban Health Pilates,+905339492724,Pilates / Yoga
Hub Pilates,+905439719440,Pilates / Yoga
Fit Fam Pilates Studio,+905456769799,Pilates / Yoga
Plus Nişantaşı,+905322572705,Pilates / Yoga
Talin'le Pilates,+905322834475,Pilates / Yoga
Life-İ Pilates,+905357734347,Pilates / Yoga
Çakra Pilates,+905443803037,Pilates / Yoga
S-Fit Training / Pilates Studio,+905336337130,Pilates / Yoga
Esta Pilates Mecidiyeköy,+905538124245,Pilates / Yoga
Maris Pilates Bomonti,+905387891801,Pilates / Yoga
Focus For Fit,+905313139326,Kuaför / Berber
Flora Fizyoterapi ve Pilates,+905421282682,Psikolog / Terapist
Monk Pilates,+905455579274,Pilates / Yoga
Then Pilates,+905333834751,Pilates / Yoga
Must Pilates Studio,+902122969569,Pilates / Yoga
Okan İşalan Pilates & Fitness Studio,+905331277480,Pilates / Yoga
Zero To Hero,+905400190358,Kuaför / Berber
TREND GYM,+905326813317,Kuaför / Berber
My Fitness Gym Club,+905363269943,Kuaför / Berber
Vigor Pilates Bomonti,+905370365157,Pilates / Yoga
Hayat Pilateste,+905467132101,Pilates / Yoga
Fitbreath yoga pilates,+905332901861,Pilates / Yoga
Ju Pilates Studio,+905414407038,Pilates / Yoga
Cookie Diet Pilates,+905540226362,Pilates / Yoga
Pole&Pilates Co.,+905421526448,Pilates / Yoga
Pilates & Move,+902122968096,Pilates / Yoga
Corex Bomonti Studio,+905321775770,Pilates / Yoga
Fulya Yoga Studio,+905065140800,Pilates / Yoga
Taxim Pilates Nişantaşı,+905528096801,Pilates / Yoga
Pinestudio,+905352276742,Diğer (Sağlık & Bakım)
Pilates & Reiki,+905325416794,Pilates / Yoga
Club Ortak,+905373530359,Kuaför / Berber
Phoenix Nişantası,+905355770736,Pilates / Yoga
ÇK Power House,+905367906219,Kuaför / Berber
Pilates Akademi Nişantaşı,+902122305868,Pilates / Yoga
Let 's Pilates Nisantasi,+905315179330,Pilates / Yoga
Pilates with Anet,+905302897554,Pilates / Yoga
B-Fit,+902122123566,Kuaför / Berber
zenobia pilates sağlıklı yaşam stüdyoları,+902122255253,Pilates / Yoga
HASAN YALNIZOĞLU SPOR KULÜBÜ,+905321787075,Kuaför / Berber
"Studyo Atlas GYROTONIC, GYROKINESIS, Pilates",+905063146313,Pilates / Yoga
UP4fit,+905411874348,Kuaför / Berber
be go studio,+902122345151,Pilates / Yoga
Mask Fitness,+905344178141,Kuaför / Berber
BOMONTİ MUSCLE FACTORY,+905326690492,Kuaför / Berber
Bunkai Health fitness,+902122911808,Kuaför / Berber
Beezone Studio,+905306129486,Kuaför / Berber
Fitintime,+902122321248,Kuaför / Berber
Gym & Tonic,+902122272785,Kuaför / Berber
Sarıyer Beyaz İnci Ağız ve Diş Sağlığı Polikliniği,+902122186555,Diş Kliniği
Bolat Klinik Ağız ve Diş Sağlığı Polikliniği,+905011429148,Diş Kliniği
Özel Tarabya Ağız ve Diş Sağlığı Polikliniği,+902122232346,Diş Kliniği
Dental Care Ağız ve Diş Sağlığı Polikliniği,+902122025055,Diş Kliniği
UGE Dent - Ağız ve Diş Sağlığı Polikliniği,+905304853033,Diş Kliniği
Dentvizyon Ağız ve Diş Sağlığı Polikliniği,+905422849966,Diş Kliniği
Dentavita Ağız ve Diş Sağlığı Poliklinigi - Dentavita Dental Clinic Turkey,+902122421224,Diş Kliniği
Özel Batıdenta Ağız Ve Diş Sağlığı Poliklinigi,+902122186868,Diş Kliniği
Dentshine Ağız Ve Diş Sağlığı Polikliniği,+902123424262,Diş Kliniği
Klinik Emirgan Ağız Ve Diş Sağlığı Polikliniği,+905318389232,Diş Kliniği
Kadraj Ağız ve Diş Sağlığı Polikliniği,+905334096982,Diş Kliniği
AcunalDent Ağız ve Diş Sağlığı Polikliniği,+902128923233,Diş Kliniği
Denthill Clinic Maslak,+902122607042,Diş Kliniği
HAB Dental Clinic Vadistanbul,+902128096290,Diş Kliniği
Clinique Dent Beaute | Gülüş Estetiği | Ortodonti | İmplant Tedavisi,+902122229393,Diş Kliniği
Sarıyer Ortodonti / Dijital Ortodonti / Invisalign / İstanbul,+902122717177,Diş Kliniği
Dr. Ferruh Şiğva,+902122182833,Diş Kliniği
Özel Stoma Ağız Ve Diş Sağlığı Polikinliği,+902122239569,Diş Kliniği
Trakyadent Maslak Ağız ve Diş Sağlığı Polikliniği,+902129126867,Diş Kliniği
Özel MY Zekeriyaköy Ağız Ve Diş Sağlığı Polikliniği,+902122026410,Diş Kliniği
MD Ağız ve Diş Sağlığı Polikliniği,+905455400520,Diş Kliniği
KLC KLİNİK,+905052526888,Diş Kliniği
DİŞ HEKİMİ İLHAN İSLER,+902122422204,Diş Kliniği
Diş Hekimi İlhami Ayber diş Kliniği,+902122623747,Diş Kliniği
Diş Hekimi Nurettin Ramazanoğlu,+902122025183,Diş Kliniği
Diş Hekimi Rasim ÖZKUL,+902122714618,Diş Kliniği
Bergedent Clinic Vadistanbul,+905394105555,Diş Kliniği
Diş Hekimi Eral Aydın,+902122420044,Diş Kliniği
İSTANBUL İMPLANT TEDAVİSİ | DR. DT. TOLGA GÜLÇİÇEK,+902164555000,Diş Kliniği
Diş Hekimi Oğuz Şengel,+905393566760,Diş Kliniği
Diş Hekimi M. Caner Turan,+902122998365,Diş Kliniği
Diş Hekimi Ayten Yıldırım,+902122420848,Diş Kliniği
Dr. Bilal Kapıyoldaş,+905367261366,Diş Kliniği
Ekiz Dental Clinic,+902128094747,Diş Kliniği
Aqua Dental Clinic,+902128302885,Diş Kliniği
Ömürtepe Diş Kliniği,+902122992199,Diş Kliniği
Esnan Dental Clinics in Turkey - Skyland,+902126995252,Diş Kliniği
Dişhekimi Ahmet Toprak,+905332380025,Diş Kliniği
Alar Dent - Oral and Dental Health Clinic,+905447413141,Diş Kliniği
Diş Hekimi Özay Mutlay,+905353845262,Diş Kliniği
Dr. Alpaslan Gökçe,+902122776081,Diş Kliniği
Beykoz Yalıdent Ağız ve Diş Sağlığı Polikliniği,+902169393033,Diş Kliniği
Deniz Yiğit Dental Clinic Zekeriyaköy,+902128435252,Diş Kliniği
KlinikEdenya,+905452459698,Diş Kliniği
CaduceusWorld,+905343070862,Güzellik Salonu
Neslim Güngen Zeytinburnu,+905394490101,Güzellik Salonu
Estestil Güzellik - Zeytinburnu Güzellik Merkezi,+905456461415,Güzellik Salonu
Larisa Beauty Studio,+905380656710,Güzellik Salonu
Merci Beauty Studio,+905421880694,Güzellik Salonu
Suna Luxury Beauty,+905451689209,Güzellik Salonu
Black Silver Güzellik - Zeytinburnu Güzellik Salonu,+905549127753,Güzellik Salonu
"Estera Zeytinburnu Güzellik, Lazer Epilasyon ve Cilt Bakımı",+905378117666,Güzellik Salonu
Lena Güzellik Salonu Ve Kuaför,+905462987300,Güzellik Salonu
MERLAY GÜZELLİK ZEYTİNBURNU,+905306622511,Güzellik Salonu
NESSA GÜZELLİK,+905335751873,Güzellik Salonu
Sevim Alan Zeytinburnu,+905528338744,Güzellik Salonu
SENORİTA GÜZELLİK SALONU MELİKE ÇALIŞ,+902125100203,Güzellik Salonu
Deniz Beauty Güzellik Salonu,+905365790271,Güzellik Salonu
Çağla Şahin Güzellik / Klinik,+905467475654,Güzellik Salonu
Glamour Güzellik,+902124154434,Güzellik Salonu
Sense Güzellik Lazer Epilasyon Cilt Bakımı Zeytinburnu,+905449458367,Güzellik Salonu
AYT BEAUTY NAIL,+905356287088,Güzellik Salonu
Adalı Güzellik Salonu,+905325825564,Güzellik Salonu
Elvin Güzellik Salonu,+902125105041,Güzellik Salonu
Waymn Güzellik Merkezi,+905334856963,Güzellik Salonu
SEÇKİN KİŞİSEL BAKIM MERKEZİ (MEN & WOMEN),+905317663767,Kuaför / Berber
Lucca Hair Studio,+905347363169,Kuaför / Berber
Salon ŞENAY Güzellik salonu,+905413498001,Güzellik Salonu
Seta Kuaför,+902128036880,Kuaför / Berber
Geçen Beauty - Güzellik Salonu,+905431911324,Güzellik Salonu
AİSE GÜZELLİK MERKEZİ,+905448941260,Güzellik Salonu
Ala Doğal Bakım ve Güzellik,+902125100602,Güzellik Salonu
Reda Bayan Kuaförü,+905546041685,Kuaför / Berber
Vien Güzellik Salonu,+905377901002,Güzellik Salonu
Nurcan Tural Güzellik,+905322907622,Güzellik Salonu
Akademi kuaför zeytinburnu,+902125581898,Kuaför / Berber
İnes Beauty Center,+905412774752,Güzellik Salonu
Kuaför Aliosman,+902126653029,Kuaför / Berber
Sami Köse Afrika Örgüsü Salon,+905537273061,Kuaför / Berber
Aslıhan Nail Studio,+905393175755,Güzellik Salonu
Saç Dünyasi,+902125460062,Kuaför / Berber
Visage Bay & Bayan Kuaför,+902125824543,Kuaför / Berber
CEVİZLİBAĞ TERCÜMAN DİENSİ KUAFÖR,+902124164513,Kuaför / Berber
Risus Bayan Kuaförü,+902126655802,Kuaför / Berber
İbrahim Kıralı Saç Tasarım,+902125462533,Kuaför / Berber
Cevizlibağ The Best Bay Bayan Kuaför,+905327181159,Kuaför / Berber
Elit Bayan Kuaförü,+902125109985,Kuaför / Berber
Salon Emel Erman,+902126652569,Kuaför / Berber
Helen Güzellik Salonu,+905304477300,Güzellik Salonu
Enes Vural By Kuaför & Güzellik Merkezi,+905380431766,Güzellik Salonu
Red Solaryum,+902125462741,Kuaför / Berber
Kuaför Vural,+902125101226,Kuaför / Berber
Melis Kuaför,+902127031254,Kuaför / Berber
Sevda Kuaför,+902126657938,Kuaför / Berber
KÜBRA GÜZELOĞLU BAY/BAYAN GÜZELLİK SALONU,+905317027961,Güzellik Salonu
Fatma Alp Bayan Kuaförü,+905392926308,Kuaför / Berber
Semra Kuaför,+905384384351,Kuaför / Berber
Firdevs Kuaför,+902125582898,Kuaför / Berber
Este Avva Saç Ekimi & Estetik Merkezi,+905332474232,Güzellik Salonu
Cem Bayan Kuaförü,+902125107718,Kuaför / Berber
Sky Coiffeur,+905324112315,Kuaför / Berber
Cevizlibağ No.6 Bay Bayan Kuaför,+905324053556,Kuaför / Berber
ZEYTİNBURNU LiVZA DİENSİ KUAFÖR 2,+902128033073,Güzellik Salonu
Asel Bayan Kuaför,+905431785109,Kuaför / Berber
Soft Bayan Kuaförü,+902125463834,Kuaför / Berber
Ba&Di Kuaför Saç Tasarım Salonu.,+905323652958,Kuaför / Berber
Hair Galery Kaynak Saç Merkezi,+905306654209,Kuaför / Berber
صالون تجميل مروة الخطيب | Marwa Alkhatib Beauty Salon.,+905375210024,Güzellik Salonu
Ayşe Doğan Kuaför,+905316316844,Kuaför / Berber
Salon Mahal,+905348290590,Kuaför / Berber
Salon Frekans,+905396277525,Kuaför / Berber
Tus Bay Bayan Kuaför Salonu,+902128099323,Kuaför / Berber
Makass Kuaför,+905327853666,Kuaför / Berber
RAS KUAFÖR FİŞEKHANE,+905469729665,Kuaför / Berber
Leyla Kuaför gelinlik.,+902124158011,Kuaför / Berber
Angel Kuaför Güzellik Salonu,+905399484819,Güzellik Salonu
MY Erkek Kuaförü,+905434613606,Kuaför / Berber
TUĞÇE TEMİZER MAKEUP & HAİR,+905334857696,Güzellik Salonu
Salon Pırıltı Bayan Kuaförü,+905340243353,Kuaför / Berber
Emrah kuaför,+905301620555,Kuaför / Berber
Green Hair,+905321514303,Kuaför / Berber
Salon Yıldızhan,+905346950142,Kuaför / Berber
Özlem Saç Tasarım,+905434081393,Kuaför / Berber
Gamze Elit Güzellik Salonu,+902126644145,Güzellik Salonu
Angel Beauty İstanbul,+905455370344,Güzellik Salonu
Yeloğlu Erkek Kuaförü | Zeytinburnu Kuaförü,+905541877134,Kuaför / Berber
Güneş Bayan Kuaförü,+905331330341,Kuaför / Berber
SAÇ SANATI KUAFÖR ZEYTİNBURNU/İSTANBUL,+905318685931,Kuaför / Berber
Zenginlerin Berberi V.I.P,+905356131353,Kuaför / Berber
NEXUS GÜZELLİK MERKEZİ,+902125100880,Güzellik Salonu
City Kuaför,+902126644655,Kuaför / Berber
Kuaför Yasin,+905399246349,Kuaför / Berber
Mehmet Kuaför Güzellik Salonu,+902126644517,Güzellik Salonu
Talha Vatansever Hair Studio,+905437307176,Kuaför / Berber
Saloon By Emrah,+905535702510,Kuaför / Berber
Engin Fidan Barber Shop,+905425455255,Kuaför / Berber
Elit Erkek Kuaförü,+905356735142,Kuaför / Berber
Feyzanur Bayan Kuaförü,+905536479993,Kuaför / Berber
İmaj Kuaför,+905353353416,Kuaför / Berber
Halis Bayan Kuaförü,+905073969677,Kuaför / Berber
Afghan Hair Fashion,+905522716666,Kuaför / Berber
İrem & Birsel Hair Make Up,+905458619035,Güzellik Salonu
Mounir istanbul,+905054195380,Kuaför / Berber
Barber Shop,+905057469545,Kuaför / Berber
Esthetic Hair Turkey,+905425687542,Kuaför / Berber
Milenyum Bayan Kuaförü,+902129315575,Güzellik Salonu
Orhun Kuaför,+905358323281,Kuaför / Berber
Fön Erkek Kuaförü,+905314549167,Kuaför / Berber
DİLEK KOÇYİĞİT KUAFÖR,+902125100850,Güzellik Salonu
İstanbul Erkek Kuaförü,+905531367645,Kuaför / Berber
Fatmauçar,+902126790266,Kuaför / Berber
Anımals world pet kuaför,+905332314850,Kuaför / Berber
Sümer Erkek Kuaförü,+905353553302,Kuaför / Berber
My Life Bayan Kuaförü,+902126647944,Kuaför / Berber
Zeytinburnu Pet Kuaförü - Pet Groomer - Makas Traşı,+905441556157,Kuaför / Berber
Saloon BT Bayan Kuaförü By Tolga,+905399750818,Kuaför / Berber
Nazlı Gürbüz Guzellik Salonu,+905427203213,Güzellik Salonu
KaracaM Kuaför & Güzellik Merkezi,+905057679781,Güzellik Salonu
Cem Estetik & Saç Ekim Merkezi,+905421005755,Güzellik Salonu
MCU Aesthetic Clinic - Op.Dr.Mehmet Can Ubur,+905331598555,Güzellik Salonu
Estemagic Güzellik ve Estetik Merkezi,+902125606035,Güzellik Salonu
Veluxe Vip Beauty,+905075330303,Güzellik Salonu
Bayındır Beauty,+905053323130,Güzellik Salonu
Suna Luxury Fişekhane,+905409941802,Güzellik Salonu
Aslı Tarcan Estetik Merkezi,+905494215050,Güzellik Salonu
Gamze Yavuz Beauty Fişekhane,+905556808989,Güzellik Salonu
Estetik Uzmanı,+905346797260,Güzellik Salonu
Ari Estetik,+902126799244,Güzellik Salonu
Good Look Clinic,+905491080800,Diğer (Sağlık & Bakım)
Nrd ixir güzellik ve kuaför salonu zeytinburnu,+905528017264,Güzellik Salonu
Uzm. Dr. Haydar Ersoy,+905322052620,Güzellik Salonu
Life Time Hair Transplant | Saç Ekim Merkezi,+905455410562,Kuaför / Berber
Tuğba Kayrun Beauty,+905315081734,Güzellik Salonu
Andro Expertise Erkek Sağlık & Estetik Merkezi,+905318888858,Güzellik Salonu
Medica Estetik / Bölgesel Zayıflama / Medikal Cilt Bakımı,+905059972299,Güzellik Salonu
Real Life Sultan Güzellik Merkezi,+902125106360,Güzellik Salonu
Well Way Clinic,+905535729530,Diğer (Sağlık & Bakım)
Sense of Esthetics,+905344653358,Diğer (Sağlık & Bakım)
ESTHETICANA - Exclusive Hair Transplant in Turkey,+905324125948,Kuaför / Berber
Uzm. Dr. Rüstem Albayrak - Medikal Estetik - Ozon Terapi-Dolgu-Botoks,+905307009277,Psikolog / Terapist
Lodi medical,+905061313605,Güzellik Salonu
RNR Clinic Turkey I Saç Ekimi ve Diş Tedavileri,+905311027825,Diş Kliniği
Merray Güzellik,+905550527411,Güzellik Salonu
EHT Clinic,+902128905054,Kuaför / Berber
Seren Klinik,+905323791795,Diş Kliniği
Özel Liva Polikliniği,+905323281195,Güzellik Salonu
Medista Healthcare,+905016300062,Diş Kliniği
Otrila kbb estetik ve sağlıklı yaşam merkezi,+902128018473,Güzellik Salonu
Bakırköy Güzellik Merkezi (Altın Beauty),+905550233159,Güzellik Salonu
Bakırköy Popüler Güzellik Merkezi,+905455917360,Güzellik Salonu
Derma Clean Güzellik,+905339573704,Güzellik Salonu
Beg Spa & Wellness,+902127352353,Diğer (Sağlık & Bakım)
Estelita Güzellik Merkezi,+905446165847,Güzellik Salonu
Beauty Hair Transplant in Turkey - Istanbul,+905455508555,Güzellik Salonu
Hair Centrum,+905355506555,Kuaför / Berber
Vogue Beauty Bakırköy,+905491042020,Güzellik Salonu
Özel Art Polikliniği,+902125712829,Güzellik Salonu
Klinik AURA - Ağız ve Diş Sağlığı Polikliniği AURA Diş Kliniği Clinic AURA,+905396591602,Diş Kliniği
"El İstanbul El Cerrahisi, Mikrocerrahi ve Rehabilitasyon Grubu",+905326997144,Diğer (Sağlık & Bakım)
Este Nivo,+905451491823,Güzellik Salonu
Psikolog Numan Dündü,+905461267090,Psikolog / Terapist
Uzman Klinik Psikolog Nurseli Aba,+905510412859,Psikolog / Terapist
Psikolog Buse Yıldırım,+905302460494,Psikolog / Terapist
Yeşilay Danışmanlık Merkezi (YEDAM) İstanbul - Zeytinburnu,+902126656704,Psikolog / Terapist
Klinik Psikolog Zeynep Bike Yediben,+905546773683,Psikolog / Terapist
Klinik Psikolog Gözde Silistireli,+905073083093,Psikolog / Terapist
Bakırköy Psikolog | Ataköy Psikolog | Norda Psikoloji | Yenibosna Psikolog | Florya Psikolog | Zeytinburnu Psikolog,+905468995655,Psikolog / Terapist
Zeytinburnu Mono Dil Konuşma ve Danışmanlık Merkezi,+905537026064,Psikolog / Terapist
Ömür Psikoloji,+905529300922,Psikolog / Terapist
Dr. Osman ABALI,+905543412901,Diğer (Sağlık & Bakım)
"Uzm. Psk. Naciye Tokaç, Psikoloji",+905306624324,Psikolog / Terapist
Psikomental Psikoloji Danışmanlık Merkezi,+905344588037,Psikolog / Terapist
Özel Sağlık Meslek Hizmet Birimi,+905454483134,Diğer (Sağlık & Bakım)
Bir Aile Psikoloji -Bakırköy Psikolog- Pedagog- Aile Terapisi,+905526763451,Psikolog / Terapist
Meryem Gül Eren,+902125702126,Psikolog / Terapist
Klinik Psikolog Gizem Dönmez,+908504741547,Psikolog / Terapist
Uzman Klinik Psikolog Esra Saraç,+905396998646,Psikolog / Terapist
Psikolog Duygu Tunalı Kavak,+905306634184,Psikolog / Terapist
Psikolog Kübra Ulutepe,+905535584473,Psikolog / Terapist
BULVARDİŞ Ağız ve Diş Sağlığı Polikliniği,+902124151577,Diş Kliniği
Zeytinburnu Ağız ve Diş Sağlığı Polikliniği,+902126653438,Diş Kliniği
Megadentist Ağız ve Diş Sağlığı Polikliniği,+905444152900,Diş Kliniği
Plaza Ağız ve Diş Sağlığı Polikliniği,+902126659535,Diş Kliniği
Özel Park Dental Ağız ve Diş Sağlığı Polikliniği,+905345980657,Diş Kliniği
Oriel Smile,+905550012000,Diş Kliniği
Özel Bahar Doğan Ağız ve Diş Sağlığı Polikliniği,+905321377711,Diş Kliniği
ÖZEL HAS AĞIZ VE DİŞ SAĞLIĞI POLİKLİNİĞİ,+902128125086,Diş Kliniği
Yedikule Ağız Ve Diş Sağlığı,+902126658248,Diş Kliniği
Yonca Ağız ve Diş Sağlığı Polikliniği,+905305125855,Diş Kliniği
Özel Zeytinburnu Dikilitaş Ağız ve Diş Sağlığı Polikliniği,+905308604734,Diş Kliniği
Özel Aksa Ağız Ve Diş Sağlığı Polikliniği,+902125470827,Diş Kliniği
ÖZEL FURLA AĞIZ VE DİŞ SAĞLIĞI POLİKLİNİĞİ,+902123026525,Diş Kliniği
Dişlife Ağız ve Diş Sağlığı Polikliniği,+902125476000,Diş Kliniği
HLC Ağız ve Diş Sağlığı Polikliniği,+905398783939,Diş Kliniği
Medipia Dent Cevizlibağ Diş Polikliniği,+905548993232,Diş Kliniği
Duygu Ağız ve Diş Sağlığı Polikliniği,+905452295658,Diş Kliniği
Özel Musa Özdemir Ağız ve Diş Sağlığı Polikliniği,+902125466854,Diş Kliniği
Turkey Dental İmplants Clinic İstanbul - Teeth İmplants | Turkey Dentist | Best Dentist in Turkey | Dental Clinic Turkey,+902125706168,Diş Kliniği
Maristan Ağız ve Diş Kliniği - Diş Hekimi İlyas OĞUR,+905372767355,Diş Kliniği
Tamkadro -Tam kadro ağız ve diş sağlığı polikliniği,+905054224934,Diş Kliniği
Esnan Ağız ve Diş Sağlığı Merkezi - Topkapı Şubesi,+902125583232,Diş Kliniği
2K Ağız ve Diş Sağlığı Polikliniği,+905074649311,Diş Kliniği
DIŞ HEKIMI YUNUS EMRE İMREN,+905538922290,Diş Kliniği
FeRa Clinic,+905367460100,Diş Kliniği
Mavidenta Clinic,+905449094999,Diş Kliniği
Ultima Clinics,+905336033333,Diş Kliniği
Özel Yeşiltepe Polikliniği,+902126793900,Diğer (Sağlık & Bakım)
ALTİS AĞİZ VE DİŞ SAĞLIĞI POLİKLİNİĞİ,+905534816216,Diş Kliniği
SİNA DENTAL CLİNİC,+905418020025,Diş Kliniği
Kaffaf Ağız ve Diş Sağlığı Polikliniği,+902125461781,Diş Kliniği
sevenbluedent (77 mavi dental clinic),+905058760014,Diş Kliniği
ZeyLux Dental Clinic,+905461422192,Diş Kliniği
Diş Hekimi Baran Orhan,+902125467703,Diş Kliniği
Diş Hekimi Ali Cevat Hekimoğlu,+905373443792,Diş Kliniği
Özel kırıkhanlı ağız ve diş sağlığı kliniği,+905356172472,Diş Kliniği
Turkion Clinic,+905514647785,Diş Kliniği
R Smile Dental Clinic,+902125544949,Diş Kliniği
Diş Hekimi Bahar Ayruk,+902124158067,Diş Kliniği
Holistic Smile Clinic,+905354755555,Diş Kliniği
Medipia Dental Clinic In Istanbul | Smile Dentist | Implants | Crowns | Hollywood Smile Design Teeth Turkey,+902129098822,Diş Kliniği
AĞIZ VE DİŞ SAĞLIĞI MERKEZİ,+905362281322,Diş Kliniği
Dental House İstanbul,+905444892023,Diş Kliniği
Diş Hekimi Ozan TATA,+902125105276,Diş Kliniği
Diş Hekimi Emre Ünlü,+905301161021,Diş Kliniği
Professional Clinic | عيادة بروفيشنال كلينك,+905446650399,Diş Kliniği
diş hekimi abbas koç,+902125823961,Diş Kliniği
Balıklı Diş Ağız ve Diş Sağlığı Polikliniği / İmplantoloji / Çocuk Diş Hekimliği,+905068771577,Diş Kliniği
hollywood clinic,+905343457777,Diş Kliniği
Four N Clinic,+905337023444,Diş Kliniği
Diş Hekimi Zeliha Batay,+902126657035,Diş Kliniği
SUREBEST CLINIC,+905464889834,Diş Kliniği
Vola Health Istanbul - Dental Clinic & Implants Cosmetics Dentistry,+905444749881,Diş Kliniği
We Can Clinic,+905057993499,Diş Kliniği
Dentique clinic,+905051959934,Diş Kliniği
Osman Genç Diş Hekimi,+902124159130,Diş Kliniği
Latif karaoğlu diş hekimi,+902125464565,Diş Kliniği
Türkiye Diş Klinik,+905537338412,Diş Kliniği
Diş Hekimi Melda Akpınar,+905322329784,Diş Kliniği
Dt. Filiz Dinçsoy EKŞİ – Diş Kliniği,+905019549091,Diş Kliniği
Başar VEKİL Diş Hekimi,+905380482546,Diş Kliniği
Cidago Veteriner Kliniği Zeytinburnu,+902126647155,Veteriner
Printemps clinic,+905421954097,Diş Kliniği
Aurora Turkey Clinic,+905441589731,Diş Kliniği
Asya Dental Clinic,+905419036183,Diş Kliniği
Mor Health Clinic,+905056303400,Diğer (Sağlık & Bakım)
Tattoo Tarabya,+905051241617,Dövme & Piercing
BKRC Tattoo Factory,+905558901859,Dövme & Piercing
CAN TATTOO HOMeSTUDYO,+905304424334,Dövme & Piercing
CROW TATTOO STUDIO,+902122186219,Dövme & Piercing
Hope tattoo,+905384129758,Dövme & Piercing
Dante İNK Dövme Stüdyosu,+905330123640,Dövme & Piercing
İSTİNYE TATTOO & PIERCING STUDIO,+905526338298,Dövme & Piercing
Freak Tattoo Studio,+902122511051,Dövme & Piercing
KÜBRA ÜNLÜ TATTOO STUDİO-Beşiktaş Dövmeci,+905454926388,Dövme & Piercing
Flash Tattoo Gallery,+905050095369,Dövme & Piercing
Nehir Çavuş Tattoo,+905056295136,Dövme & Piercing
Eagle Tattoo Theatre,+905325023206,Dövme & Piercing
tattoo Ünal mestan,+905313173442,Dövme & Piercing
Base Tattoo&Art Studio,+905344378105,Dövme & Piercing
7ink Tattoo/Piercing Studio,+905412980653,Dövme & Piercing
Tattoo Beykoz Piercing 7/24 açık,+905303606622,Dövme & Piercing
Hey joe Tattoo & Piercing Shop,+905542902577,Dövme & Piercing
Studio Solyt Tattoo & Art Space,+905327626670,Dövme & Piercing
Immortal Tattoo Studıo,+905385105890,Dövme & Piercing
KIZIL ODA TATTOO,+905312099333,Dövme & Piercing
Kaan Bahadır INK Dövme Stüdyosu & Piercing Tattoo Art Peak,+905349670408,Dövme & Piercing
KAPADOKYA TATTOO PİERCİNG,+905302891270,Dövme & Piercing
Black Diamond Tattoo & Piercing💎 Beykoz Kavacık,+905300607808,Dövme & Piercing
Drn Art Tattoo,+905331627145,Dövme & Piercing
vision tattoo studio,+905411159996,Dövme & Piercing
Tattoo Master Köşk,+905339745675,Dövme & Piercing
tolgakural.ink,+905555751675,Dövme & Piercing
Atolye X,+905434642284,Dövme & Piercing
Wood Tattoo Studio,+905398329707,Dövme & Piercing
Inkland Tattoo Studio Karaköy,+905537722890,Dövme & Piercing
Eternal Tattoo,+905394143484,Dövme & Piercing
Okan tattooer dövmeci,+905438227794,Dövme & Piercing
Beşiktaş Tattoo Shop,+905332612449,Dövme & Piercing
V Tattoo House Kavacık,+905512021166,Dövme & Piercing
Fery Pmu,+905357280188,Güzellik Salonu
Lava Tattoo Beşiktaş,+905416931396,Dövme & Piercing
Red Cat Tattoo Factory,+902122874535,Dövme & Piercing
OMO STUDIO,+905352188500,Dövme & Piercing
Linden Tattoo Beşiktaş,+905385503458,Dövme & Piercing
One Spray Tattoo,+905398293110,Dövme & Piercing
Monochrome tattoo studio,+905333532611,Dövme & Piercing
Derya Sezek Tattoo Art & Piercing,+905324019301,Dövme & Piercing
Eleven Tattoo Gallery | Tattoo & Piercing Studio,+905334411088,Dövme & Piercing
Tattoo Studio Aytuğ Özkuş,+905350646886,Dövme & Piercing
RREEDD Tattoo & Piercing,+905309594883,Dövme & Piercing
Getink Tattoo Studio,+905422409342,Dövme & Piercing
Şimşek Tattoo,+905335060052,Dövme & Piercing
Sez Tattoo Gallery,+905399891697,Dövme & Piercing
InkBlaze Tattoo Studio,+905412529334,Dövme & Piercing
Tubitattoo,+905342445095,Dövme & Piercing
Go Tattoo Project,+905011013020,Dövme & Piercing
34 inkTattoo ( dövme) & Piercing,+905354927168,Dövme & Piercing
Gloria's Country Ink Tattoo & Piercing Studio,+905327716479,Dövme & Piercing
Tattoo By Sino,+905306537165,Dövme & Piercing
Tattoo Zenith,+905305276900,Dövme & Piercing
Dövme Stüdyosu,+905350193399,Dövme & Piercing
Attractive tattoo ümraniye dövme stüdyosu,+905441513455,Dövme & Piercing
Beşiktaş dövme tattoo,+905426979683,Dövme & Piercing
Tan Tattoo Gallery,+905348580018,Dövme & Piercing
No15 TATTOO GALLERY DÖVME & PIERCING dövme stüdyosu,+905459613811,Dövme & Piercing
Brother's Tattoo Academy,+905441551416,Dövme & Piercing
Etiler tattoo,+905425029410,Dövme & Piercing
SEDA ÇAYHAN,+905307354522,Diğer (Sağlık & Bakım)
DİYETİSYEN NUR SERT,+902129126349,Diyetisyen
Diyetisyen Esra Ciritoğlu/Sağlıklı Yaşam Merkezi/Maslak Sarıyer Diyetisyen,+905467644042,Diyetisyen
Hazal Dogan Diet & Nutrition Co.,+905446900044,Diyetisyen
Diyetisyen Şima Yücel,+905348224506,Diyetisyen
Uzm. Dyt. Yasemin Cantimur,+905393817781,Diyetisyen
"Nida ACAR ""Beslenme ve Sağlıklı Yaşam Merkezi""",+902128905597,Diyetisyen
Diyet Fabrikası,+905433493808,Diyetisyen
Sağlıklı Yaşam Merkezi Nur evşan Coşkun,+905538089241,Diğer (Sağlık & Bakım)
Dyt. Kübra Taş,+908504743734,Diyetisyen
Healthique Beslenme Danışmanlığı ve Sağlıklı Yaşam Merkezi,+905435081618,Diyetisyen
Rays'up Nutrition & Studio,+905306478785,Diyetisyen
Diyetisyen Ayşe Tuğba Şengel,+905466556676,Diyetisyen
Diyetisyen Nazlı Meltem Küni,+905528792620,Diyetisyen
Dyt. Meltem Işık,+908504743732,Diyetisyen
Kami tattoo,+905543026562,Dövme & Piercing
Zelal tatto dövmeci,+905516433347,Dövme & Piercing
Mirce Piercing House,+905529276020,Dövme & Piercing
nopaintatto3d,+905314071672,Dövme & Piercing
Herbalife Zeytinburnu - Herbalife Zeytinburnu Beslenme Danışmanı,+905380652009,Diyetisyen
DİYETİSYEN AZİZE BALCI AKGÜL ( Özel Sağlık Meslek Hizmet Birimi),+905416873132,Diyetisyen
Diyetisyen Beyza Karaali,+905347215558,Diyetisyen
Liva Diyet,+905523125482,Diyetisyen
Diyetisyen Gülşen Çalışkan Bayatlı,+905558780612,Diyetisyen
Uzm. Klinik Psikolog ve Diyetisyen Şeyma Uzun,+905536382261,Psikolog / Terapist
Diyetisyen Bahadır Bilir,+905320620134,Diyetisyen
Fonksiyonel Tıp Diyetisyeni Nazeli Yardım,+905387838367,Diyetisyen
Diyetisyen Merve Sayın,+905340871032,Diyetisyen
Diyetisyen Beyza Coşkun,+908504740904,Diyetisyen
Diyetisyen Rumeysa Özkeskin Sağlıklı Yaşam Merkezi,+905515024410,Diyetisyen
Diyetisyen Aslı Yılmaz,+905468405829,Diyetisyen
Merter Diyetisyen Buket Dönmez,+905433316615,Diyetisyen
Diyetisyen Zeynep Avados Çay,+905345504388,Diyetisyen
Diyetisyen Gülümser Varişler,+902126656348,Diyetisyen
Diyetisyen Tuanna Üner – Fişekhane / Zeytinburnu,+905334881090,Diyetisyen
Diyetisyen Sefa Zeybel,+905373644503,Diyetisyen
Uzman Diyetisyen Özge Demirbaş - ONKOLOJİ DİYETİSYENİ - YENİBOSNA DİYETİSYEN,+905525083323,Diyetisyen
Uzman Diyetisyen Tamar Demirçi,+908504743138,Diyetisyen
Diyetisyen Esra Işıkdemir,+905426780057,Diyetisyen
Özel Sağlık Hizmet Birimi Diyetisyen Şeyma Nur Yazıcı,+905399270395,Diyetisyen
Sağlıkla Yaşam Programı - LKB Teknoloji Ltd. Şti.,+905451497300,Diğer (Sağlık & Bakım)
DİYETİSYEN SENANUR BAĞLI,+905071483206,Diyetisyen
DİYETİSYEN İREM DUMAN,+905061664125,Diyetisyen
"Uzman Diyetisyen Tuğçe Özge Özyön , Bakırköy Diyetisyen",+905551908060,Diyetisyen
Gizem Çelik Beslenme ve Diyet Danışmanlığı,+905075770347,Diyetisyen
Diyetisyen Yasemin Hüseyin,+905539033787,Diyetisyen
Diyetisyen Fatma Nur Güleç,+908504749174,Diyetisyen
Diyetisyen Sevil BAYKA,+905386788249,Diyetisyen
Diyetisyen Berat Demircigil,+905442095029,Diyetisyen
BEYLİKDÜZÜ DİYETİSYEN SELMİN KAYA FONKSİYONEL TIP,+905418828559,Diyetisyen
Beylikdüzü Diyetisyen | Nurseda Demir Sağlıklı Yaşam Merkezi,+905336181469,Diyetisyen
Diyetisyen Mervenur Özel Beslenme ve Diyet Danışmanlığı,+905383377212,Diyetisyen
Diyetisyen Duygu Doğan,+905458816681,Diyetisyen
Beylikdüzü Diyetisyen Özge Baştürk,+905414545724,Diyetisyen
Uzman Diyetisyen Nurhayat Göktepe,+905312391315,Diyetisyen
DİYETİSYEN NEVİN TÜRK SAĞLIKLI BESLENME VE DİYET MERKEZİ,+905558827026,Diyetisyen
Diyetisyen Serap ÖZÇAM,+905464401519,Diyetisyen
Diyetisyen Aysel Uluhatun,+908504747947,Diyetisyen
Bahçeşehir Diyetisyen Ezgi Çatar,+905466585058,Diyetisyen
Diyetisyen Necati Yeler,+905367009824,Diyetisyen
Beylikdüzü Diyetisyen Kübra Irmak,+905348963101,Diyetisyen
DİYETİSYEN GÖKÇE AKARMIŞ BESLENME &DİYET DANIŞMANLIK MERKEZİ,+905325191302,Psikolog / Terapist
Diyetisyen Gülcan Sefa/Beslenme ve diyet danışmanlığı,+905359140015,Diyetisyen
Büşra Çetiner Body & Beauty,+905321700363,Diyetisyen
Diyetisyen Şevval Dönmez,+905322273982,Diyetisyen
Beylikdüzü Diyetisyen Yazgı Murat Sağlıklı Beslenme ve Andülasyon Terapi,+905355074143,Psikolog / Terapist
Diyetisyen Şeyma Dinç,+908508116347,Diyetisyen
Diyetisyen Gülşen Lükel,+905322672896,Diyetisyen
Bahçeşehir Diyetisyen Dilay Şahin,+905343156583,Diyetisyen
Beylikdüzü Diyetisyen Seda Baskın Freeform Diyet Merkezi,+905466891297,Diyetisyen
Akdeniz Diyet Beslenme Danışmanlığı Merkezi Uzm. Dyt. Mehmet Mahmut ÜNAL,+905347965515,Diyetisyen
Beylikdüzü Diyetisyen Naz Kaynak Beslenme ve Diyet Danışmanlığı,+905362258686,Diyetisyen
Diyetisyen Gülfem Yedier Alicikoğlu | Bahçeşehir,+905378496694,Diyetisyen
Diyetisyen Elif Kırali,+905326692092,Diyetisyen
Diyetisyen Eda Nur Kırmızı,+905326979434,Diyetisyen
Bahçeşehir Diyetisyen M.Canan Özdemir,+905411941840,Diyetisyen
Diyetisyen Fulya Taşçı,+905323184464,Diyetisyen
Diyetisyen Nurseda Aysan Sevindik,+905324378917,Diyetisyen
Beslenme ve Diyet Uzmanı Diyetisyen Esra Balkan,+905412008686,Diyetisyen
Denge Diyetisyen Kliniği,+905364754812,Diyetisyen
Uzman Diyetisyen Melis Usta,+905397222020,Diyetisyen
DERYA GÜZEL ONLINE BESLENME VE DİYET DANIŞMANLIK MERKEZİ,+905301394608,Psikolog / Terapist
Diyetisyen Seren Budak,+905448054045,Diyetisyen
Diyetisyen Büşra Avşaroğlu Beslenme ve Sağlıklı Yaşam Merkezi,+905348408544,Diyetisyen
Diyetisyen Melek Çavuş,+905061284947,Diyetisyen
DİYETİSYEN MELİSA AYTEKİN,+905461660404,Diyetisyen
Serra Özkan Sezgisel Yeme Danışmanlığı,+905525179792,Diyetisyen
Nazlı ÇELİK Sağlıklı Beslenme ve Diyet Danışmanlığı Merkezi,+905548633758,Diyetisyen
Diyetisyen Gizem Gümüşhan,+908504747965,Diyetisyen
360° FIT ESENYURT,+905496301360,Diğer (Sağlık & Bakım)
Diyetisyen Orçun Ali Demir Bahçeşehir Şube - İştah Kapatma Terapisi,+905442324117,Psikolog / Terapist
N FITNESS CLUB,+905314074858,Kuaför / Berber
Bahçeşehir Diyet Merkezi,+905057988434,Diyetisyen
Fizyomedika- Uzm fizyoterapist Timur Eyup,+905453369939,Psikolog / Terapist
Aktay Fizyoterapi Merkezi,+905343009344,Psikolog / Terapist
Bahçeşehir Diyetisyen - Ayşe Cengiz Beslenme Akademisi,+902126699944,Diyetisyen
MEDİFİT DİYET VE SAĞLIKLI YAŞAM MERKEZİ /DİYETİSYEN ERKAN ULUDAĞ,+905318249388,Diyetisyen
Uzman Diyetisyen Şebnem Dicle,+905304166990,Diyetisyen
Diyetisyen Anıl Uluç,+905423923193,Diyetisyen
Fulya Şah Güzellik Merkezi,+905333973280,Güzellik Salonu
Diyetisyencim,+905510988585,Diyetisyen
Diyetisyen Buse Özdemir,+905392761296,Diyetisyen
Uzman Diyetisyen Muhammed Ali POLAT,+905373693676,Diyetisyen
Mina Güzellik Merkezi - Lazer Epilasyon - Cilt Bakım - İpek Kirpik,+905418253959,Güzellik Salonu
Hafize Topal Güzellik Salonu,+905326411920,Güzellik Salonu
Nova Güzellik Salonu,+905553716892,Güzellik Salonu
Bir Ömür Güzellik,+905313704715,Güzellik Salonu
Mehtap Akdağ Güzellik Salonu,+905327065570,Güzellik Salonu
Güzellik Salonu,+905494450684,Güzellik Salonu
SheMedworld Güzellik Merkezi Esenyurt,+902126894084,Güzellik Salonu
Salon mavera lazer epilasyon ve güzellik salonu,+905326846093,Güzellik Salonu
Ges Güzellik Epilasyon Esenyurt,+905422464437,Güzellik Salonu
Relax Güzellik Merkezi,+905057539312,Güzellik Salonu
Melek Nas Güzellik Merkezi,+905332097353,Güzellik Salonu
CEREN ÇAKIR GÜZELLİK SALONU,+905441423434,Güzellik Salonu
Esenyurt Güzellik Salonu,+905334605403,Güzellik Salonu
BEAUTYLAND by Güneş - Güzellik Salonu,+905379181676,Güzellik Salonu
Neu Güzellik Merkezi - Esenyurt,+905335606934,Güzellik Salonu
Vivi Güzellik,+902127412431,Güzellik Salonu
NURAY KAYA Nur'la güzellik,+905336320072,Güzellik Salonu
Esenyurt Güzellik merkezi Sema Bican,+905056618128,Güzellik Salonu
Esenyurt Protez Tırnak & Güzellik Salonu by HazalSarıtaç,+905384521488,Güzellik Salonu
My magic VİP güzellik merkezi,+905428150990,Güzellik Salonu
Massari Esthetic Güzellik Salonu | Protez Tırnak | İpek Kirpik | Hydrafacial Cilt Bakımı | Lazer Epilasyon |,+905300822747,Güzellik Salonu
Şeri Life Beauty Center Esenyurt,+905056883788,Güzellik Salonu
ESTE CORNER GÜZELLİK MERKEZİ & BAYAN KUAFÖRÜ,+905424951023,Güzellik Salonu
Clove Beauty Center,+905411584365,Güzellik Salonu
Gizem Deniz Beauty,+905324353305,Güzellik Salonu
Relax Lazer Epilasyon Esenyurt Şubesi,+902129248663,Güzellik Salonu
Glow Touch Beauty,+905437389725,Güzellik Salonu
GÜZELLİK SALONU BİNEFES,+905333470103,Güzellik Salonu
DENİZ GÜZELLİK SALONLARI VİP,+905366638834,Güzellik Salonu
Esenyurt Büşra Demirer kuaför güzellik salonu,+905344159378,Güzellik Salonu
EN LOTUS GÜZELLİK SALONU,+905422696561,Güzellik Salonu
Biblo Güzellik,+902125961417,Güzellik Salonu
Rüya Karasu Beauty Center,+905372420256,Güzellik Salonu
Elif Kahveci Beauty & Bayan Kuaförü Saç Tasarımı,+905538543068,Güzellik Salonu
Zümrüt Güzellik Esenyurt,+905434564449,Güzellik Salonu
Şasenem güzellik salonu,+902128522741,Güzellik Salonu
La novia güzellik,+905305995773,Güzellik Salonu
Sunay Hangül Kuaför ve güzellik salonu,+902126205729,Güzellik Salonu
Eylül Turan Güzellik Merkezi,+905539242368,Güzellik Salonu
Dogam Güzellik Kaş Tasarım Merkezi,+905528360505,Güzellik Salonu
Elegans Güzellik Salonu | Buz Lazer Epilasyon | Soprano Titanium | Cilt Bakımı | G5 Masajı,+905302033303,Güzellik Salonu
Esenyurt Protez Tırnak &İpek Kirpik Studio (Esya Güzellik Salonu),+905303486749,Güzellik Salonu
Aurayz hair beauty,+905015689073,Güzellik Salonu
Glamora Beauty,+905010533737,Güzellik Salonu
EStila Güzelik Salonu,+905071865608,Güzellik Salonu
City Clinic Esenyurt Lazer Epilasyon Bölgesel İncelme ve Cilt Bakım Merkezi,+905421007315,Güzellik Salonu
Sena Beauty Studio,+905321303875,Güzellik Salonu
Neslihan Geçmen Bay & Bayan Güzellik Salonu,+905538611361,Güzellik Salonu
Only Women Güzellik Salonu,+905334195748,Güzellik Salonu
Vip City Center Güzellik,+905540085350,Güzellik Salonu
BKM Güzellik Salonu,+905452526643,Güzellik Salonu
Mekselina Güzellik Salonu,+905399510277,Güzellik Salonu
By Sena Ay Afrika Örgüsü - Protez Tırnak Salon,+905302892879,Güzellik Salonu
Eleven Beauty Land,+905050506664,Güzellik Salonu
Meryem Kayıkcı Güzellik Salonu,+905386713873,Güzellik Salonu
Sude beauty güzellik salonu,+905520154227,Güzellik Salonu
Azra Güzellik Salonu,+905304071365,Güzellik Salonu
Birsen Güzellik salonu,+905355621696,Güzellik Salonu
Şam Güzellik salonu,+905396333607,Güzellik Salonu
Bella & Labella Güzellik Salonu,+905336263600,Güzellik Salonu
Yelsa Güzellik Salonu,+905307697019,Güzellik Salonu
Gökçe Güzellik bakım | Esenyurt Güzellik Salonu,+905304951088,Güzellik Salonu
EPİK KUAFÖR MERKEZ,+902128715131,Kuaför / Berber
MNF PLUS GÜZELLİK,+905050080104,Güzellik Salonu
Maral Güzellik Salonu,+905319441168,Güzellik Salonu
Luamed Beauty,+905422834219,Güzellik Salonu
Damla Kuaför & Güzellik & Gelinlik,+905395899666,Güzellik Salonu
Milen London Beauty,+905307229600,Güzellik Salonu
Esenyurt Masaj Salonu Mutlu Son,+905016051531,Güzellik Salonu
Güneş güzellik,+905073565088,Güzellik Salonu
Ece Guzellik Salonu,+905389288344,Güzellik Salonu
Evo Güzellik,+905394482434,Güzellik Salonu
Marry İstanbul güzellik ve bakım vip Esenyurt şubesi,+905335838404,Güzellik Salonu
Selin Gönültaş Studio,+905308841949,Güzellik Salonu
Pırlanta Vip Güzellik Salonu,+905389766413,Güzellik Salonu
Lavista Hair Studio by Bahadır Burak,+905348419544,Kuaför / Berber
Sudem güzellik salonu,+905398224858,Güzellik Salonu
The karadağ kuaför salonu,+905347782386,Kuaför / Berber
Timo güzellik salonu,+905540214014,Güzellik Salonu
Orkide Güzellik Salonu,+902128524717,Güzellik Salonu
Esenyurt Masaj Salonu - Esenyurt ę̴̨ş̨́ç̰̄ō̋ř̨̋ţ̨̨͠,+905015872558,Kuaför / Berber
Mia Bella Beauty Center & Esenyurt Güzellik Salonu,+905318577176,Güzellik Salonu
Derin Bozkurt Life Center,+905533338513,Güzellik Salonu
Pırlanta Güzellik Merkezi,+902124382425,Güzellik Salonu
Espina Kuaför Beylikdüzü,+905307722422,Kuaför / Berber
"Mavia Spa Wellness Center ( Masaj salonu , hamam ve spa merkezi )",+905411220076,Kuaför / Berber
Nabi Erdem Hair Studio,+902128536333,Kuaför / Berber
Hatice Efkan Make Up,+905319144488,Güzellik Salonu
Esenyurt Masaj Salonu (As),+905364144760,Kuaför / Berber
Taçmin Güzellik ve Kuaför Salonu,+905335400390,Güzellik Salonu
LORENZ SOLARYUM,+902128522885,Kuaför / Berber
Kuaför Yener Niler,+905384704646,Kuaför / Berber
Premium Spa Masaj - Beylikdüzü,+905065767678,Diğer (Sağlık & Bakım)
Frame Bayan Kuaförü,+902128534244,Kuaför / Berber
Elux Kuaför,+902128530058,Kuaför / Berber
mania Güzellik Salonu,+905315749499,Güzellik Salonu
Prive Spa & Masaj Salonu Esenyurt,+905319296248,Kuaför / Berber
Bgm Estetik Beylikdüzü,+902124013424,Güzellik Salonu
LİNA Kuaför ve Güzellik Salonu,+905331701687,Güzellik Salonu
Emsal Doğan Bahçeşehir,+902126080068,Güzellik Salonu
Fatma Hatay Estetik ve Güzellik Merkezi,+905422707414,Güzellik Salonu
San Kuaför Bahçeşehir,+905324192933,Kuaför / Berber
Tuncay Meric Bayan Kuaförü,+902126990137,Kuaför / Berber
MYHAIRSALON,+902125965858,Kuaför / Berber
4K HAİR BAYAN KUAFÖRÜ(esenyurt meydan),+905433589644,Kuaför / Berber
ESPİNA KUAFÖR ORİON(BULUT DURAĞI),+905330946883,Kuaför / Berber
SALON REPAİR BAYAN KUAFÖRÜ,+905303005530,Kuaför / Berber
Espina Kuaför Tabela,+905323902900,Kuaför / Berber
Liyana Kuaför ve Güzellik,+905449330023,Güzellik Salonu
Noar Hair Studio,+905385748771,Kuaför / Berber
Flora Bayan Kuaförü,+905455804093,Kuaför / Berber
Efsane Kuaför & güzellik,+902125905370,Güzellik Salonu
EPİK KUAFÖR,+902128521020,Kuaför / Berber
Yağmur Demir Bayan Kuaförü,+905427417162,Kuaför / Berber
Beren Bayan Kuaförü,+905356867684,Kuaför / Berber
Makeup bayan kuaförü esenyurt,+905348221167,Güzellik Salonu
MODERN KUAFÖR,+905465997540,Kuaför / Berber
Kampüs Bay & Bayan Kuaför,+905416640399,Kuaför / Berber
Salon Es bayan kuaförü,+905386247666,Kuaför / Berber
Kuaför Erol,+905323836127,Kuaför / Berber
AKAY KILINÇ ERKEK KUAFÖRÜ,+905312260023,Kuaför / Berber
Değişim Kuaför Beylikdüzü Delta Plaza,+905311024191,Kuaför / Berber
Mesut Ozan Kuaförü,+905303589055,Kuaför / Berber
Yiğit Yaman Kuaför,+905396695025,Kuaför / Berber
Salon Maxi,+905070048200,Kuaför / Berber
Kuaför Ali Esenyurt,+905352179567,Kuaför / Berber
MURAT KIRIMLI HAIR ARTIST,+905344313200,Kuaför / Berber
Mavi hair bayan kuaförü,+905397943934,Kuaför / Berber
Salon yesılkoy bayan kuaforu,+905397068468,Güzellik Salonu
CK KUAFÖR,+902127774545,Kuaför / Berber
Hakan Sasa Kuaför,+905554006863,Kuaför / Berber
Kuaför Okan,+905388735002,Kuaför / Berber
Salon Black Erkek Kuaförü,+905394025998,Kuaför / Berber
Özge Bayan Kuaförü,+905358733944,Kuaför / Berber
Le Makas Kuaför,+902128520222,Kuaför / Berber
Kuaför Gürhan bay,+905327415483,Kuaför / Berber
Papatyam Bayan Kuaförü,+905300684138,Kuaför / Berber
Özge Güven Beauty | Esenyurt Kıraç Kadın Kuaförü,+905327883824,Güzellik Salonu
Özgür Aras Formen Kuaför,+905416720451,Kuaför / Berber
Esenyurt Serhat Erkek Kuaförü,+905395940802,Kuaför / Berber
Beylikdüzü Esenyurt Kuaför Ergün Man Kuaför,+905456172579,Kuaför / Berber
Tarhan Kuaför,+905379135446,Kuaför / Berber
NUR Bayan Kuaförü KIRAÇ,+905388173553,Kuaför / Berber
Hitstil bay bayan kuaför,+905346881668,Kuaför / Berber
Tuana Bayan Kuaförü,+902126992883,Kuaför / Berber
Seda Kuaför,+902126728799,Kuaför / Berber
Salon Yeşilkōy 2 Bayan Kuaförü,+905388187732,Kuaför / Berber
Papatya bayan kuaförü,+905358208823,Kuaför / Berber
Es-Se Coiffeur,+902129313652,Kuaför / Berber
Hanımeli Kuaför Salonu Esenyurt,+905425545113,Kuaför / Berber
Berlin kuaför esenyurt saç kaynak merkezi,+905416227495,Kuaför / Berber
Yunus Karanfil Erkek Kuaförü,+905530846543,Kuaför / Berber
Kuaför erkekçe,+905397258828,Kuaför / Berber
Saloon Peker Erkek Kuaförü,+905397014510,Kuaför / Berber
Bay & Bayan Nlogo Kuaför,+905392249579,Kuaför / Berber
Güven Bayan Kuaförü,+905362665283,Kuaför / Berber
Remzi Erkek Kuaförü,+902128538118,Kuaför / Berber
Lady Kuaför Derya Tarim,+905332429711,Kuaför / Berber
Ercan Aydemir bayan kuaförü,+902128531321,Kuaför / Berber
Taner erkek kuaförü,+905316069050,Kuaför / Berber
Kuaför Serpil,+905397662345,Kuaför / Berber
Protez Tırnak & Bayan Kuaförü Ferit,+905385140204,Güzellik Salonu
Salon Tuğba - Esenyurt,+905435090712,Kuaför / Berber
NS Kuaför Saç ve Türban Tasarım,+905449781503,Kuaför / Berber
Hairport Kuaför,+905384498998,Kuaför / Berber
Duru Kuaför Güzellik Salonu,+902129249720,Güzellik Salonu
emrahair,+905466045152,Kuaför / Berber
Ümit Erkek Kuaförü,+905377356528,Kuaför / Berber
Emrah Ağgül Berber,+902126205049,Kuaför / Berber
Aslan kuaför,+905359428937,Kuaför / Berber
ESENYURT BERLİN KUAFÖR,+905448394689,Kuaför / Berber
Kuaför FEYZULLAH,+905514056222,Kuaför / Berber
Atala Erkek Kuaförü,+905520209798,Kuaför / Berber
Salon Moss Erkek kuaförü,+905372051197,Kuaför / Berber
KARAYEL ERKEK KUAFÖRÜ,+905346331918,Kuaför / Berber
Psikolog Atakan ŞAHİN,+905326629308,Psikolog / Terapist
Esenyurt Beylikdüzü Uzman Psikolog Saadet Erdoğan,+905384840866,Psikolog / Terapist
RUKEN PSİKOLOJİ,+905457853695,Psikolog / Terapist
Uzman Klinik Psikolog Melis Esmen,+905423128912,Psikolog / Terapist
Psikolog Kudret Öztürk,+905382052243,Psikolog / Terapist
Uzman psikolog Selman SONĞUR,+905312122212,Psikolog / Terapist
Terapim Psikoloji Danışmanlık,+905337498642,Psikolog / Terapist
Uzman Psikolog Öznur Karabaş,+905305628624,Psikolog / Terapist
Klinik Psikolog Ece Tilbe Aksu,+905523232233,Psikolog / Terapist
Klinik Psikolog Esma Nur Doğan,+905370503668,Psikolog / Terapist
Ferah Psikoloji,+905396041090,Psikolog / Terapist
Bahçeşehir Psikolog - Bozalp Psikoloji Psikoterapi ve Danışmanlık Merkezi,+905320683791,Psikolog / Terapist
Lotusta Psikoloji,+905524456887,Psikolog / Terapist
LOTUS PSİKOLOJİK DANIŞMANLIK MERKEZİ -UZMAN PSİKOLOG NURGÜL BAHADIR,+905424056887,Psikolog / Terapist
Uzman Klinik Psikolog Belgin ÇAMURCU KONUK,+908508117031,Psikolog / Terapist
Beylikdüzü Psikolog- Rüya Psikoloji- Psikolog Zeynep Özgan-Defne Baykal- Çocuk Aile ve Yetişkin Danışmanlığı,+905334064486,Psikolog / Terapist
Lavin Psikolojik Danışmanlık,+905455965246,Psikolog / Terapist
PSiKOLiUM Danışmanlık ve Koçluk Merkezi Beylikdüzü Psikolog & Beylikdüzü Pedagog,+902128720088,Psikolog / Terapist
Uzman Klinik Psikolog Zeynep Ak Eğilmez,+905053970969,Psikolog / Terapist
"Uzm. Kl. Psk. Melda Şentürk, Psikoloji",+905323551653,Psikolog / Terapist
İyimser Psikoloji,+905322047456,Psikolog / Terapist
"Klinik Psikolog Melisa Küpeli, Birey ve Çift Terapisti",+905343003314,Psikolog / Terapist
3-GEN PSİKOLOJİ DANIŞMANLIK MERKEZİ,+905318519719,Psikolog / Terapist
Çınar Psikolojik Danışmanlık Merkezi,+902128525377,Psikolog / Terapist
Beylikdüzü Klinik Psikolog Fulya Tepret,+905516893868,Psikolog / Terapist
"Klinik Psikolog Buse Yağmur, Psikoloji",+902129794000,Psikolog / Terapist
Psikolog Psikodestek Beylikdüzü Şubesi,+902128063482,Psikolog / Terapist
Mood Psikoloji Danışmanlık Merkezi,+905395657163,Psikolog / Terapist
Psikolog Zehra Marakoğlu Berk,+905069010911,Psikolog / Terapist
Uzman Klinik Psikolog Ecem Erdem,+905433840809,Psikolog / Terapist
"Uzm. Dr. Uğraş Erman Uzun, Psikiyatri",+905456233400,Psikolog / Terapist
Ars Psikoloji & Danışmanlık,+905455337098,Psikolog / Terapist
Korteks Psikolojik Danışmanlık Merkezi,+905357161571,Psikolog / Terapist
Tin Psikolojik Danışmanlık ve Eğitim Merkezi,+905452203022,Psikolog / Terapist
Klinik Psikolog Dr. Nurdan GÜNDOĞDU,+905335042373,Psikolog / Terapist
TERAPİEVİ - Ruh Sağlığı Rehberi,+905348197142,Psikolog / Terapist
Psikiyatrist Dr. Ebru TOPRAK,+905424537787,Psikolog / Terapist
Hakan Psikoterapi,+905065944775,Psikolog / Terapist
Yörünge Psikolojik Danışmanlık,+902163250469,Psikolog / Terapist
BNG PSİKOLOJİ,+905362078958,Psikolog / Terapist
Psk. Betül Bozoğlan,+908508118841,Psikolog / Terapist
"Psikolojik Danışman Aslı Salman Aile Çift Danışmanı- Çocuk Ergen Yetişkin danışmanlık, Oyun Danışmanlığı, Psikolog desteği",+905388463778,Psikolog / Terapist
SİNE PSİKOLOJİ- Uzm.Psk.Sinem ERUSTA-Beylikdüzü Psikolog,+905452125874,Psikolog / Terapist
Psikolog - Oyun Terapisti Beyza Güney,+905414327446,Psikolog / Terapist
Psikolog Dilek Sevil,+905057667834,Psikolog / Terapist
Psikolog Ceylan Özkan,+905384413848,Psikolog / Terapist
Psikolog Öykünaz Banaz,+908504747478,Psikolog / Terapist
Uzman Klinik Psikolog ELİF SEÇİLMİŞ,+908508112706,Psikolog / Terapist
REME Danışmanlık Dr. Abdulrezzak ÇİL,+905326255295,Psikolog / Terapist
Özel Sağlık Meslek Hizmet Birimi Klinik Psikolog S.Seda Sarıkartal,+905333551987,Psikolog / Terapist
Psikolog Aleyna Temtek,+905357797685,Psikolog / Terapist
Uzman Klinik Psikolog Deniz Çalı,+905325880693,Psikolog / Terapist
Psikodinamik Atölye,+905054954727,Psikolog / Terapist
"Beylikdüzü Çift Terapisti, Evlilik Terapisti, İlişki Terapisti - Serhat DAMAR",+905323221770,Psikolog / Terapist
Psikolog Emre Başak - Beylikdüzü Psikolog - Beylikdüzü Terapi,+905393998594,Psikolog / Terapist
İSDEM Psikoloji - İstanbul Danışmanlık ve Eğitim Merkezi,+905320508930,Psikolog / Terapist
"Uzm. Kl. Psk. Asiye Nur Nihan Yurdakul, Psikoloji",+905326691032,Psikolog / Terapist
"Uzman Klinik Psikolog Özlem Serpen, Psikoloji",+905327892680,Psikolog / Terapist
Psikolog Evin Ateş | Beylikdüzü Psikolog ve Aile Danışmanı,+905539282698,Psikolog / Terapist
Uzman Klinik Psikolog Gökçe Mamati,+905332215873,Psikolog / Terapist
Vajinismus Tedavisi,+905077012011,Psikolog / Terapist
Dr. Öğr. Üyesi Deniz YILDIZ,+905528228719,Psikolog / Terapist
Bağ Psikoloji Danışmanlık ve Eğitim Merkezi,+905455405676,Psikolog / Terapist
Estela Estetik ve Güzellik Esenyurt,+905451961355,Güzellik Salonu
Ahenk Güzellik ve Estetik Merkezi,+905428930075,Güzellik Salonu
Deniz Beauty Estetik & Güzellik,+905074434534,Güzellik Salonu
New İstanbul güzellik merkezi,+905325140628,Güzellik Salonu
Estelina Estetik Ve Güzellik Merkezi,+905529470651,Güzellik Salonu
Elitium Estetik ve Güzellik Merkezi,+905304746000,Güzellik Salonu
esthetion beauty,+905322069620,Güzellik Salonu
Çiğdem Koç Güzellik Salonu,+905322377590,Güzellik Salonu
Clean women beauty,+905549522368,Güzellik Salonu
Selenge Estetik,+905013218412,Güzellik Salonu
Lavinya Estetik ve Güzellik,+905451464747,Güzellik Salonu
Estething Esenyurt,+905531251502,Güzellik Salonu
EB Estetik Life Güzellik Merkezi,+905411401334,Güzellik Salonu
Pudra Epilasyon Studio,+905334513967,Güzellik Salonu
Asmin Güzellik Merkezi,+905423916521,Güzellik Salonu
BK GÜZELLİK MERKEZİ,+905526532113,Güzellik Salonu
Dilek Şendur Güzellik Stüdyosu,+905306267509,Güzellik Salonu
Sirius Güzellik Merkezi,+905385985231,Güzellik Salonu
Medicos Estetik,+905413955042,Güzellik Salonu
Likapa Güzellik,+905387029410,Güzellik Salonu
İlknur Altaş Güzellik Merkezi,+905455725456,Güzellik Salonu
Dr. Ergin HAZAN /Estetik ve Kozmetik Uygulamalar / Botoks / Yüz Dolgusu / Dudak dolgusu / Prp / Mezoterapi,+905011418489,Psikolog / Terapist
Esteticca Güzellik,+905550604460,Güzellik Salonu
Mustafa Akkoyun Erkek Kuaförü & Güzellik Salonları,+902128537172,Güzellik Salonu
Dermaten Medikal Estetik Merkezi,+905423376210,Güzellik Salonu
Ayşe Erge,+905336739288,Güzellik Salonu
Hili Clinic,+905540080500,Güzellik Salonu
Dilma Clinic,+905318614346,Diğer (Sağlık & Bakım)
Dr. Fatih Burak Medikal Estetik Akupunktur,+902128523886,Güzellik Salonu
Özel Estetik Form Dent Ağız & Diş Sağlığı Polikliniği,+905458755006,Diş Kliniği
Paye Güzellik Salonu,+905526852122,Güzellik Salonu
"La Perla | Beylikdüzü, Esenyurt Epilasyon ve Güzellik Merkezi",+905422845377,Güzellik Salonu
Atak Estetik Kozmetik ve Medikal Ürünleri,+905359747606,Güzellik Salonu
Este Verita Beylikdüzü Güzellik Merkezi,+905451417601,Güzellik Salonu
Healtouch Clinic,+905330740300,Güzellik Salonu
Beauty Palace Beylikdüzü,+905334092545,Güzellik Salonu
MES GÜZELLİK MERKEZİ,+905313680521,Güzellik Salonu
Life Line Aesthetic,+905418249930,Güzellik Salonu
Estelina Estetik Ve Güzellik Merkezi,+905443424422,Güzellik Salonu
...,+905416716061,Güzellik Salonu
SMR PERA GÜZELLİK,+905306653600,Güzellik Salonu
Elif İnceçelikli Beauty,+905305513700,Güzellik Salonu
"Cleniva Clinic - İstanbul Saç Ekimi, Estetik Cerrahi, Medical Estetik Merkezi",+905306670722,Güzellik Salonu
MY CHOİCE Beauty Center AKBATI,+905517437383,Güzellik Salonu
NOVVA SPA & GÜZELLİK,+905331273951,Güzellik Salonu
Selda Can Güzellik Salonu,+905334540884,Güzellik Salonu
Healdone,+902128850000,Diğer (Sağlık & Bakım)
Tuğba Bucak Beauty | Erkek & Kadın Güzellik Merkezi,+905462468781,Güzellik Salonu
Else Güzellik,+905310267617,Güzellik Salonu
Arman Beauty Güzelliğin Merkezi,+905539703428,Güzellik Salonu
BF Güzellik Merkezi,+905521571787,Güzellik Salonu
Özel Dermaled Polikliniği,+902126698259,Güzellik Salonu
Cadde Estetik & Güzellik,+902128766689,Güzellik Salonu
Meadiateam Güzellik Merkezi (Timo Beauty Istanbul),+905424030878,Güzellik Salonu
Aler Beauty Beylikdüzü,+905321797562,Güzellik Salonu
Dental Estetik Ağız Ve Diş Sağlığı Polikliniği,+902124232168,Diş Kliniği
Asel Güzellik ve Estetik Merkezi,+905380303977,Güzellik Salonu
Estelife Türkiye,+905322014306,Güzellik Salonu
Larisa Spa Center,+905326555823,Diğer (Sağlık & Bakım)
Tİ Estetik,+905466398033,Güzellik Salonu
Ruken Kaya Güzellik,+905394930327,Güzellik Salonu
Eylül Yıldırım Estetik,+905325555555,Güzellik Salonu
Giyes World Güzellik,+905414409294,Güzellik Salonu
Manikürist,+905065454120,Kuaför / Berber
Hair & Heal Saç Ekimi,+905325418636,Kuaför / Berber
Goldmedist,+905073127275,Diş Kliniği
İpek Beauty Center,+905376982636,Güzellik Salonu
Özel Fi̇li̇z Cli̇ni̇ca Dental (ADSP),+905334222976,Diş Kliniği
e-Diş Esenyurt Ağız ve Diş Sağlığı Polikliniği,+905528705718,Diş Kliniği
İşler Ağız ve Diş Sağlığı Polikliniği,+908508886368,Diş Kliniği
Dent Life Ağız ve Diş Sağlığı Polikliniği - Esenyurt,+902126896950,Diş Kliniği
Esendent Ağız Ve Diş Sağlığı Merkezi,+905465961056,Diş Kliniği
ENFAL Ağız ve Diş Sağlığı Polikliniği,+902125901020,Diş Kliniği
SM Dent Ağız ve Diş Sağlığı Polikliniği,+905340369445,Diş Kliniği
TOSUN AĞIZ VE DİŞ SAĞLIĞI POLİKLİNİĞİ,+905412605079,Diş Kliniği
Özel Kıraç Ağız ve Diş Sağlığı Polikliniği,+902126891117,Diş Kliniği
Dent Clinique Ağız ve Diş Sağlığı Polikliniği,+905013716890,Diş Kliniği
Esenyurt Nöbetçi Dişçi | İmplant | Zirkonum | Ortodonti| Simdent Ağız ve Diş Sağlığı Polikliniği | Acil Diş,+905424810181,Diş Kliniği
Nöbetçi Dişçi Esenyurt | Özel AL Dental Ağız ve Diş Sağlığı Polikliniği Esenyurt Şubesi,+902129931668,Diş Kliniği
DÜNYADİŞ Ağız ve Diş Sağlığı Polikliniği,+902126203444,Diş Kliniği
Karaca Ağız ve Diş Tedavisi Merkezi,+902128236466,Diş Kliniği
Dr.Dent A-TİPİ AĞIZ VE DİŞ SAĞLIĞI POLİKLİNİĞİ,+905317752373,Diş Kliniği
Özel Esenyurt Magma Ağız ve Diş Sağlığı Polikliniği,+905421051500,Diş Kliniği
Dişyeri Grup Innovia Ağız ve Diş Sağlığı Polikliniği,+905355651544,Diş Kliniği
Özbey Dent Ağız ve Diş Sağlığı Polikliniği,+902128771414,Diş Kliniği
Özel Şenyüz Ağız ve Diş Sağlığı Polikliniği,+905301099858,Diş Kliniği
Ra Klinik Ağız ve Diş Sağlığı Polikliniği,+905360329200,Diş Kliniği
Mehmet Eker Ağız ve Diş Sağlığı Polikliniği Esenyurt,+905421095912,Diş Kliniği
Özel Er Ağız ve Diş Sağlığı Polikliniği,+905443824407,Diş Kliniği
DENTTEK AĞIZ VE DİŞ SAĞLIĞI POLİKLİNİĞİ,+902128535341,Diş Kliniği
Alataş Ağız ve Diş Sağlığı Polikliniği,+905078301777,Diş Kliniği
Diş Hekimi Tuba Dağ,+905396571447,Diş Kliniği
Özel Klinik 10 Ağız ve Diş Sağlığı Polikliniği,+902128525282,Diş Kliniği
Özel Mehtap Çakır Gülmez Ağız Ve Diş Sağlığı Polikliniği,+902125969712,Diş Kliniği
ÖZEL Esen Elit Ağız ve Diş Sağlığı Polikliniği,+905330982951,Diş Kliniği
İnci Park Ağız ve Diş Sağlığı Polikliniği,+905394130100,Diş Kliniği
Alpat Ağız ve Diş Sağlığı Polikliniği,+902127586860,Diş Kliniği
Dent Estetica Diş Polikliniği,+902128525232,Diş Kliniği
Fame Clinic,+905525800900,Diş Kliniği
Diş Hekimi N. Ahmet BOZYİĞİT,+905348871435,Diş Kliniği
Diş hekimi Navdar KIRAN,+905334456534,Diş Kliniği
Özel Serkan Çağlıyan Ağız ve Diş Sağlığı Polikliniği,+902126903000,Diş Kliniği
Dişhekimi Tenzil ADSIZ ÖZMEN,+902125964400,Diş Kliniği
Aydın Ağız ve Diş Sağlığı Polikliniği,+902126726261,Diş Kliniği
Diş Hekimi Emircan Kartay,+905425130465,Diş Kliniği
Özel Defne Dent Ağız ve Diş Sağlığı Polikliniği,+902126207970,Diş Kliniği
Diş Hekimi Aleyna Kesme,+905432720945,Diş Kliniği
Diş Hekimi Devran Anıl Özcan,+902128436565,Diş Kliniği
İkon Ağız ve Diş Sağlığı Polikliniği Kıraç Şubesi,+905446946420,Diş Kliniği
Diş Hekimi Fatih Kıvrak,+905425569542,Diş Kliniği
Özel Klasdent Ağız ve Diş Sağlığı Polikliniği,+902126894553,Diş Kliniği
Diş Hekimi Mehmet Doğan,+902126999112,Diş Kliniği
Dentalyum Ağız Ve Diş Sağlığı,+902126050707,Diş Kliniği
Kristaldent Ağız Ve Diş Sağlığı Polikliniği,+902129396991,Diş Kliniği
FERAH DENT AĞIZ VE DİŞ SAĞLIĞI POLİKLİNİĞİ,+905528313133,Diş Kliniği
Özel Akadental Diş Polikliniği,+905308790678,Diş Kliniği
Anıl Geda Diş Kliniği,+902128775004,Diş Kliniği
Medihaus Ağız Ve Diş Sağlığı Polikliniği,+905393402004,Diş Kliniği
Esenyurt Ortodonti - Diş Teli - İmplant Tedavisi,+905448568116,Diş Kliniği
Diş Hekimi Bayram Şahin,+902124231808,Diş Kliniği
Smile İnternational,+902128090661,Diş Kliniği
Dental Implant Clinic,+902129551210,Diş Kliniği
Diş Hekimi K. Hakan Aydın,+905557227252,Diş Kliniği
İkon Ağız ve Diş Sağlığı Polikliniği Bahçeşehir Şubesi,+905446946440,Diş Kliniği
yeşilyurt bk ağız ve diş sağlığı polikliniği (Dental clinic),+905427928884,Diş Kliniği
Sante Clinic,+905459104403,Diş Kliniği
Diş Hekimi Arzu Bilge Şencan,+902125938568,Diş Kliniği
"Dt. Ömer Faruk Armağan, Diş Hekimi",+905071486424,Diş Kliniği
Diş Hekimi Ramazan İnkaya,+908504748130,Diş Kliniği
Batı Ortodonti Estetik Diş Kliniği Beylikdüzü,+902128713700,Diş Kliniği
Diş Hekimi Yunus Gök,+902123020485,Diş Kliniği
Dr. Cenk Kaan Karadağlıoğlu,+902128543233,Diş Kliniği
SSPA Bahçekent Ağız ve Diş Sağlığı Polikliniği,+905330736494,Diş Kliniği
Smile Generation Clinic,+905013444411,Diş Kliniği
Diş Hekimi Aysun Armağan - Diş Hekimi Ahmet Avad - Diş Hekimi Bünyamin Güney,+905067024218,Diş Kliniği
Diş hekimi İbrahim Alpaslan,+905011328878,Diş Kliniği
Diş Hekimi Mehmet TAŞ,+905435588519,Diş Kliniği
Eylem Doyar Berköz,+902126992425,Diş Kliniği
Golden Wolf Ink | Dövme ve Piercing,+908503070368,Dövme & Piercing
Riot Tattoo,+905386394831,Dövme & Piercing
Esenyurt Dövmeci,+905397260155,Dövme & Piercing
Esenyurt Dövmeci & Piercing Stüdyo,+905550570368,Dövme & Piercing
Tattoo LİVA Piercing,+905305889875,Dövme & Piercing
Asgard Tattoo & Piercing | Beylikdüzü | Esenyurt Dövme Stüdyosu,+905322475205,Dövme & Piercing
Esenyurt X Ray Tattoo,+905530490461,Dövme & Piercing
Beylikdüzü Dövme,+905455571110,Dövme & Piercing
Hugi Artistic Tattoo,+905326062886,Dövme & Piercing
Black Sails Tattoo,+905367202417,Dövme & Piercing
TATTOO SALON ALINA,+905360203446,Dövme & Piercing
esmix tattoo piercing,+905422451196,Dövme & Piercing
Koriko Ink Tattoo Studio,+905389751197,Dövme & Piercing
tattoo gökhannn,+905302056705,Dövme & Piercing
AEM TATTOO STUDIO,+905324566090,Dövme & Piercing
Toomi Tattoo,+905467107000,Dövme & Piercing
ALAS TATTOO,+905388296296,Dövme & Piercing
Tattoo Lost Beylikdüzü Dövme,+905373204104,Dövme & Piercing
Tattoo WIND (Home Studio Dövme),+905394320312,Dövme & Piercing
A1TATTOO.ISTANBUL,+905055625601,Dövme & Piercing
Ustadtattoo Kalıcı Dövme Kaş Kontür..,+905393245472,Dövme & Piercing
Legend tattooo,+905050965541,Dövme & Piercing
beataa tattoo shop,+905077491830,Dövme & Piercing
ÇAKIR Tattoo,+905053267536,Dövme & Piercing
Furkan TATTOO ART 34,+905458316149,Dövme & Piercing
ahuraink,+905364470488,Dövme & Piercing
BEGGAR DÖVME TATTOO beylikdüzü esenyurt başakşehir,+905354001186,Dövme & Piercing
Bosphorus Ink Bahçeşehir Tattoo & Piercing Studio,+905304850591,Dövme & Piercing
Bahçeşehir Soil Tattoo,+905079491496,Dövme & Piercing
Tattoo öcoo,+905355852442,Dövme & Piercing
Arsha tattoo,+905432240571,Dövme & Piercing
Joker Tattoo Beylikdüzü,+905547093827,Dövme & Piercing
Etik Tattoo,+902128539339,Dövme & Piercing
W Tattoo House,+905330790666,Dövme & Piercing
Kitty ink club,+905011124997,Dövme & Piercing
Bahçeşehir Piercing,+905362116176,Dövme & Piercing
"Sam,tattoo",+905397465611,Dövme & Piercing
tattoo,+905523192474,Dövme & Piercing
tattooland studio,+905462397071,Dövme & Piercing
Scream Tattoo Piercing,+905389602049,Dövme & Piercing
Penguen tattoo,+905353310335,Dövme & Piercing
Orginal tattoo,+905524889982,Dövme & Piercing
S & S TATTOO GALLERY | AVCILAR DÖVME | AVCILAR TATTOO | PİERCİNG,+905439761968,Dövme & Piercing
AGRESİF TATTOO,+905330259181,Dövme & Piercing
Ramiztattooofficall,+905395690395,Dövme & Piercing
Chucky Tattoo,+905383290072,Dövme & Piercing
TATTO MERT,+905394310840,Dövme & Piercing
Beylikdüzü Tattoo,+905307117910,Dövme & Piercing
Pandahita,+905510406485,Dövme & Piercing
Yiğitem Tattoo,+905068434101,Dövme & Piercing
Tattoo pixi,+905433771487,Dövme & Piercing
REDWOLF TATTO,+905317380432,Dövme & Piercing
Tattoo Tonic,+905456056355,Dövme & Piercing
Dövmeci avcılar (Pyramid Tattoo Piercing Stüdyo),+905432523124,Dövme & Piercing
"Tattoo Tamara Nişantaşı ,,Beykent”",+905308904979,Dövme & Piercing
Steel Art Tattoo & Piercing Studio,+905388193596,Dövme & Piercing
Klinik Tattoo Piecing Dövme Silme,+905354245222,Dövme & Piercing
Bahçeşehir Tattoo Royal,+905318152630,Dövme & Piercing
TT BEAUY AND TATTOO SALON,+905365630518,Dövme & Piercing
Beylikdüzü Selfmade Ink Tattoo,+905522831564,Dövme & Piercing
Tattoo Art,+905384781818,Dövme & Piercing
Valentino Tattoo Studio,+905451780053,Dövme & Piercing
Blacktattoohomeofis,+905309724261,Dövme & Piercing
tattoocu birol,+905398209983,Dövme & Piercing
ÖZEL DENTALDENTE AĞIZ VE DİŞ SAĞLIĞI POLİKLİNİĞİ GÖKTÜRK,+902123222400,Diş Kliniği
Özel Eyüp Sultan Ağız ve Diş Sağlığı Polikliniği,+902126146648,Diş Kliniği
Özel Dişediş Ağız ve Diş Sağlığı Polikliniği,+902124173451,Diş Kliniği
Özel Okutandiş Ağız Ve Diş Sağlığı Polikliniği,+902124172121,Diş Kliniği
Megadiş Ağız ve Diş Sağlığı Polikliniği,+902125452025,Diş Kliniği
Vefadent Eyüpsultan Ağız ve Diş Sağlığı Polikliniği,+902129162229,Diş Kliniği
İtcDent Ağız ve Diş Sağlığı Polikliniği,+905449286944,Diş Kliniği
Alfa Dental Ağız ve Diş Sağlığı Merkezi,+905524181088,Diş Kliniği
Özel Sina Ağız ve Diş Sağlığı Polikliniği,+905530046797,Diş Kliniği
Halil Uyar Ağız ve Diş Sağlığı Polikliniği,+902126266034,Diş Kliniği
İdea Dental Clinic | dental implant | hollywood smile | gülüş tasarımı | ortodonti diş tedavisi | diş estetiği beyazlatma,+902123025070,Diş Kliniği
ÖZEL Güldüren Ağız ve Diş Sağlığı Polikliniği,+905307160274,Diş Kliniği
Venüs Dental Klinik,+905079714236,Diş Kliniği
Tepedent Ağız Ve Diş Sağlığı Polikliniği,+902124273699,Diş Kliniği
HALİÇDENT Ağız ve Diş Sağlığı Polikliniği,+902126271027,Diş Kliniği
Özel Alibeyköy Diş Tasarım Ağız ve Diş Sağlığı Polikliniği,+902126252529,Diş Kliniği
Pasifik Kemerburgaz Ağız ve Diş Sağlığı Polikliniği,+905432217595,Diş Kliniği
DİŞ KLİNİĞİ DİŞ HEKİMİ Dt.DENİZCAN DEMİR,+905435622862,Diş Kliniği
BEA Ağız ve Diş Sağlığı Polikliniği,+905548700407,Diş Kliniği
DentX 5. Levent Ağız ve Diş Sağlığı Kliniği,+902129245927,Diş Kliniği
Özel Sahra Ağız ve Diş Sağlığı Polikliniği,+902125342834,Diş Kliniği
Göktürk DentistaGroup Ağız ve Diş Sağlığı Polikliniği,+905413275289,Diş Kliniği
Neon Klinik,+902126746366,Diş Kliniği
Ataman Diş Polikliniği - Kadri Ataman,+902125658686,Diş Kliniği
DentX Korupark Ağız ve Diş Sağlığı Polikliniği,+902127065924,Diş Kliniği
Dentifly Clinic,+905454469990,Diş Kliniği
Rami Diş Kliniği,+902125637614,Diş Kliniği
MHG Dental Klinik(Dt. Muhammed Hanifi Güllüce),+905074542548,Diş Kliniği
Özel Cosmodent Ağız Ve Diş Sağlığı Polikliniği,+902123224004,Diş Kliniği
Diş Hekimi Muhammed Arslan,+905077753977,Diş Kliniği
Diş Hekimi Deniz Boybeyi,+905424693368,Diş Kliniği
Prodent Ağız Ve Diş Sağlığı Kliniği Göktürk,+902123226999,Diş Kliniği
Dış Hekımı Tolga Karaköse,+902123223828,Diş Kliniği
32 Diş Ağız ve Diş Sağlığı Polikliniği,+902125353232,Diş Kliniği
Diş Hekimi Dilara Peker,+905428228107,Diş Kliniği
Göktürk Ortodonti,+902124183333,Diş Kliniği
"İmplant Tedavisi, Diş Hekimi | Dr.Melis Kaman Halıcı",+905316984859,Diş Kliniği
Uzman Psikolog Asya Kayaslan,+905332655509,Psikolog / Terapist
HALE PSİKOLOJİ DANIŞMANLIK VE EĞİTİM MERKEZİ,+905050187734,Psikolog / Terapist
Tabiat Psikoloji Danışmanlık Merkezi,+905380916508,Psikolog / Terapist
Uzman Klinik Psikolog Yağmur Sude Bankır,+905421599083,Psikolog / Terapist
ESADEM - Eyüpsultan Aile Danışmanlık ve Eğitim Merkezi,+902124401544,Psikolog / Terapist
SYK Psikoloji Akademia Terapi Merkezi,+905401230044,Psikolog / Terapist
Uzman Klinik Psikolog Ezgi Sarıdaş,+905445503484,Psikolog / Terapist
Göktürk Psikoloji Danışmanlık Merkezi,+905053880300,Psikolog / Terapist
Uzman Klinik Psikolog Hacer Bolat,+905551983348,Psikolog / Terapist
Psikolog Eyüp Durmaz- Aile çift ve cinsel terapist- Bakırköy psikoloji - Bakırköy psikolog önerisi - Bakırköy en iyi psikolog,+905434971764,Psikolog / Terapist
Psikolog İnci Peşkircioğlu,+905323002812,Psikolog / Terapist
Uzman Klinik Psikolog Sena Kelleci,+905334721398,Psikolog / Terapist
Uzman Klinik Psikolog Melis Göryakın,+905376727732,Psikolog / Terapist
Klinik Psikolog Derya Karakaş Menteşe (Özel Sağlık Meslek Hizmet Birimi),+905522511233,Psikolog / Terapist
PEDAGO ÇOCUK ve AİLE EĞİTİM ve PSİKOLOJİK DANIŞMANLIK,+905300112272,Psikolog / Terapist
Klinik Psikolog Faik Cem Koç,+905355002299,Psikolog / Terapist
Klinik Psikolog Murat Tatar,+905525452822,Psikolog / Terapist
Arnavutköy Psikolog - TALYAS,+905510056617,Psikolog / Terapist
Uzman Psikolojik Danışman Belin Güner Nas,+905323442521,Psikolog / Terapist
Klinik Psikolog Esra Erduran Duvarcı Özel Sağlık Meslek Hizmet Birimi,+902123227780,Psikolog / Terapist
"Arnavutköy, Pera Danışmanlık Merkezi, Psikolog Mehtap Güven",+905538302141,Psikolog / Terapist
Psikiyatrist Dr. Sibel Üner,+905452133100,Psikolog / Terapist
"Betül ÖZ ER - Uzman Klinik Psikolog, Oyun Terapisti",+905331967780,Psikolog / Terapist
Klinik Psikolog Merve Yaşar,+905384848563,Psikolog / Terapist
Wonder Psikoloji,+905549510707,Psikolog / Terapist
Minddist,+905335565055,Diş Kliniği
Psikolog Yaren Yeniceli,+902129126540,Psikolog / Terapist
YENİ NESİL PSİKOLOG Psikolojik Danışmanlık Merkezi Çekmeköy Ümraniye,+905077436212,Psikolog / Terapist
Uzman Psikolog Kübra ŞAHİN,+905366016640,Psikolog / Terapist
Terapial Psikoloji Uzman Psikolog Beste Ayangil,+908504740682,Psikolog / Terapist
Arnavutköy Psikolog Özlem Ziyaoğlu,+905515877575,Psikolog / Terapist
İstanbul Klinik Psikolog Binnur Adıgüzel,+908504745235,Psikolog / Terapist
Helen Psikoloji&Akademi,+905317426708,Psikolog / Terapist
May Psikoloji,+905317276014,Psikolog / Terapist
Zen Psikoloji Danışmanlık Merkezi,+905531255949,Psikolog / Terapist
İçebakış Psikoloji,+905545055155,Psikolog / Terapist
​ ​ 3 Oda Eğitim-Danışmanlık-Atölye,+905307063632,Psikolog / Terapist
Lena Psikoloji,+902124884205,Psikolog / Terapist
Psk. Rüya Burcu Üstüner,+905321317027,Psikolog / Terapist
Klinik Psikolog Nazlı Obut,+905321608626,Psikolog / Terapist
Ruffs Tattoo,+905364876858,Dövme & Piercing
MAVİ TATTOO,+905558679335,Dövme & Piercing
Tattoo Stüdyo Ozi & Protez Tırnak Stüdyosu,+905305600196,Dövme & Piercing
Kuzgun Tattoo,+905342003947,Dövme & Piercing
Vice tatto,+905421883405,Dövme & Piercing
By Oğuz Tattoo,+905356423802,Dövme & Piercing
Ink11 Art Studio,+905317456194,Dövme & Piercing
DOVENADAM TATTOO,+905444828866,Dövme & Piercing
Alien Ink Tattoo | Bağdat caddesi dövme | Suadiye dövme,+905537163873,Dövme & Piercing
Tattoo blackk,+905467424872,Dövme & Piercing
Mayda Tattoo - Piercing,+905326779029,Dövme & Piercing
AAE Design,+905431001700,Dövme & Piercing
Nirvana Tattoo,+905353274884,Dövme & Piercing
Ataşehir Tattoo Art,+905347779663,Dövme & Piercing
estepuur Güzellik merkezi,+905332359704,Güzellik Salonu
Ecesu Beauty Studio | Güzellik Salonu | Cilt Bakımı | Bölgesel İncelme | Lazer Epilasyon | Kirpik Lifting | Alibeyköy,+905065203822,Güzellik Salonu
SEDEF ERTÜRK GÜZELLİK MERKEZİ,+905322472109,Güzellik Salonu
Eva Beauty Center Güzellik ve Diyetisyenlik Hizmetleri,+905324295641,Diyetisyen
Lin Güzellik Merkezi / TÜLAY TEZEL,+902125352545,Güzellik Salonu
Alibeyköy Güzellik Salonu,+905079848111,Güzellik Salonu
Hülya Sonay Estetik ve Güzellik Merkezi,+905383993953,Güzellik Salonu
Dermavise Eyüp,+905334593642,Güzellik Salonu
Kendini Sev Güzellik,+905325537451,Güzellik Salonu
Cemile Bayram Saç Bakım ve Güzellik Merkezi,+902124270005,Güzellik Salonu
Zaradis Güzellik Salonu,+902125646563,Diş Kliniği
Arzu Dinçel Güzellik Salonu,+902125811221,Güzellik Salonu
Bendis Güzellik,+905324569888,Diş Kliniği
Nilüfer Beauty,+902126253766,Güzellik Salonu
Estemia,+905330632350,Güzellik Salonu
Venüs Poliklinik,+905309608805,Kuaför / Berber
LA MELLY GÜZELLİK MELİKE ÖZÇOBAN,+905540241184,Güzellik Salonu
Vitruvian Clinic - Center of Surgeons,+902129092724,Diğer (Sağlık & Bakım)
Hatice Tut Güzellik Salonu,+905536037400,Güzellik Salonu
A Plus İstanbul Estetik | Meme Büyütme | Meme Küçültme | Meme Dikleştirme | Anne Estetiği | BBL Popo Estetiği |,+905326459112,Güzellik Salonu
Fiz Beauty Loft,+905344215143,Güzellik Salonu
BİOTEK BEAUTYCENTER,+905306853304,Güzellik Salonu
Madam Estetik,+902126497133,Güzellik Salonu
En İstanbul Kuaför Ve Güzellik Merkezi,+905389394537,Güzellik Salonu
"Op. Dr. Burhanettin Şahin Estetik, Güzellik ve Kadın Sağlığı Kliniği",+905322507486,Güzellik Salonu
Medikal Estetik Tıp Doktoru Selen Hanife HACIÖMEROĞLU,+905055784444,Güzellik Salonu
"Dr. Öznur Göyce |SIVI yüz germe,Botoks,Dolgu, Mezoterapi,FDA onayli lazerler,Morpheus 8,cilt bakimi,bölgesel incelme",+905530476471,Psikolog / Terapist
Dr.Seher Arı - Dermatoloji Uzmanı - Botox - Dudak Dolgusu - Leke Tedavisi - Cilt Gençleştirme - Altın İğne - Kök Hücre,+905323420807,Güzellik Salonu
NESLİ BEAUTY,+905434263511,Güzellik Salonu
My Plus Beauty House Güzellik Salonu,+905327301451,Güzellik Salonu
Eyüp Protez Tırnak,+905335070137,Güzellik Salonu
Fatoş Beauty Güzellik ve Estetik,+905358513645,Güzellik Salonu
Es Stil Güzellik Salonu,+902126145082,Güzellik Salonu
Beyoutiful İstanbul,+902123225070,Güzellik Salonu
Uz Güzellik Salonu,+905372920108,Güzellik Salonu
Nu day spa,+905413603326,Güzellik Salonu
White Boom Beauty Center,+905332903939,Güzellik Salonu
Moderna Aesthetic group,+905525260181,Güzellik Salonu
EYÜP SULTAN DR.MEHMET HATEMİ SÜNNET,+905528480545,Diğer (Sağlık & Bakım)
Sule Hair Transplant: Hair Transplant Turkey,+905456743191,Kuaför / Berber
EstetXBODY Estetik ve Güzellik Merkezi,+902123228260,Güzellik Salonu
Comfort Zone Surgery İstanbul,+905339547006,Güzellik Salonu
Selda Aydın Beauty,+905521743034,Güzellik Salonu
GÖNÜLDEN GÜZELLİK,+905346928317,Güzellik Salonu
Berkay Tulpar Clinic | Saç Ekimi ve Estetik Kliniği | Hair Transplant Turkey Istanbul | Aesthetic Clinic | Berkay Tulpar,+902129093746,Güzellik Salonu
Hülya’ca Vux Kadın Kuaförü,+905466782656,Güzellik Salonu
Kırmızı oje kemerburgaz,+905320630191,Kuaför / Berber
Yasemin Şan Beauty Lounge,+905443323300,Güzellik Salonu
Mercem Güzellik Merkezi,+905345224147,Güzellik Salonu
Deniz Güzellik Salonu,+902125810717,Güzellik Salonu
Esmanur Estetik ve Güzellik Salonu,+902124970047,Güzellik Salonu
Neowist Surgery,+902129162320,Güzellik Salonu
Teo Clinic,+905384450394,Güzellik Salonu
ÇETİN TEKİN KUAFÖR,+905360333889,Kuaför / Berber
Eser Kuaför eyüp istanbul,+905368878559,Kuaför / Berber
Nazan Tayfur Kuaför | Eyüp,+905444481449,Kuaför / Berber
Nisa bayan kuaför,+905317047975,Güzellik Salonu
Gülten & Yeşim Bayan Kuaförü,+905445272761,Kuaför / Berber
SPACE KUAFÖR,+902123227291,Kuaför / Berber
HM HAİR STUDİO BAYAN KUAFÖRÜ & ERKEK KUAFÖRÜ,+905443892555,Kuaför / Berber
Kuaför Beyhan,+902126265829,Kuaför / Berber
SALON NUSE,+902126123435,Güzellik Salonu
Kaan Bayan Kuaförü/Hair designer,+905345651660,Kuaför / Berber
SALON SİEM,+905301740409,Kuaför / Berber
Saloon Business,+905366838050,Kuaför / Berber
Süheyla Bayan Kuaförü,+905058408284,Kuaför / Berber
LEYLA GERÇEK SAÇ TASARIM,+902126272702,Kuaför / Berber
Erhan uysal hair lounge,+905426394915,Kuaför / Berber
KLEIN HAIR STUDIO,+902123025234,Kuaför / Berber
Gökhan sarımaden bayan kuaförü,+905307760074,Kuaför / Berber
SALON FRESH,+905011043701,Kuaför / Berber
HAİR DİZAYN BAYAN KUAFÖRÜ,+905340684853,Kuaför / Berber
Saloonveysel bayan kuaförü,+905078799918,Kuaför / Berber
Sosyete bayan kuaförü,+902126252666,Kuaför / Berber
Dileğimsin kuaför,+905320523685,Kuaför / Berber
Ender Dahan Hair Design,+902128090134,Kuaför / Berber
Nazende bayan kuaförü,+905515873453,Kuaför / Berber
Meral Bayan Kuaförü,+902126278701,Kuaför / Berber
ALİ GÜR KUAFÖR GÖKTÜRK,+902123222890,Kuaför / Berber
Trio Kuaför Güzellik Salonu - Göktürk,+905424407560,Güzellik Salonu
Kaizen Hairdressing Göktürk,+902123226200,Kuaför / Berber
The haır loft kuaför,+905350563482,Kuaför / Berber
Fatih KURT Hair Artist,+905317770203,Kuaför / Berber
Hair Gloss,+902123603804,Kuaför / Berber
Grena Kuaför,+902128001810,Kuaför / Berber
By Veli Saç Tasarım,+905353910845,Güzellik Salonu
Mech Hair 5 Levent Kuaför,+902129790288,Kuaför / Berber
Recep Koşar Bayan Kuaförü,+905335181496,Kuaför / Berber
Berre Bayan Kuaförü,+902124184848,Kuaför / Berber
Sevda Yalçın Kuaför,+905369925034,Kuaför / Berber
Salon by Senem Özdemir Kuaför ve Kalıcı Makyaj,+905333794767,Güzellik Salonu
Esse Kuaför Göktürk,+902128129002,Kuaför / Berber
Ras Göktürk,+905335405123,Kuaför / Berber
Haşt Master,+905364612529,Kuaför / Berber
Stage,+905393226357,Kuaför / Berber
Elit Erkek kuaför,+905317341610,Kuaför / Berber
Müslüm Bilgel - Göktürk Kuaför,+902123224243,Kuaför / Berber
Kadir Alkan Hair Artist Göktürk,+905052864475,Kuaför / Berber
Mosra Hair Studio,+905349767353,Kuaför / Berber
Cemaslan Hairdesign,+902123223888,Kuaför / Berber
Rio,+902123228074,Kuaför / Berber
Vedat Şancı Kadın Kuaförü,+902125013102,Kuaför / Berber
Vamos Hair Salon,+902129992327,Kuaför / Berber
Gamze bayan kuaförü,+902126261016,Kuaför / Berber
Can Asrak X Oğuz Çetin,+905411906567,Kuaför / Berber
Salon Göktürk,+905376266508,Kuaför / Berber
The Fame coiffure,+905439674516,Kuaför / Berber
Lounge 777 Hair Repair Studio,+905317065500,Kuaför / Berber
Elisa Kuaför,+902126266723,Kuaför / Berber
Kuaför Metin,+905349256845,Kuaför / Berber
Magical Fingers,+905337932172,Kuaför / Berber
Before & After,+905347303272,Kuaför / Berber
GÖKHAN ASAN BERBER,+905302098909,Kuaför / Berber
Pasa yılmaz,+905074536394,Kuaför / Berber
Göktürk Tara Kuaför,+902123222548,Kuaför / Berber
Reti Mari Güzellik Salonu,+905533286319,Güzellik Salonu
Charm Beauty Göktürk,+905521807215,Güzellik Salonu
Cut Labs - Göktürk Barbershop,+902129510541,Kuaför / Berber
Ef Kuaför Hair Designer,+905334353965,Kuaför / Berber
The Gents Göktürk,+905386248188,Kuaför / Berber
Grena kuafor,+902123220100,Kuaför / Berber
Hair Factory,+902123222455,Kuaför / Berber
Chic & Shine Beauty Studio,+905458295989,Güzellik Salonu
Yıldız Bayan Kuaförü,+905345953624,Kuaför / Berber
Ebil,+902123223721,Kuaför / Berber
Mustafa Doğan kuaför,+902123225051,Kuaför / Berber
By Es Studio,+905384141686,Kuaför / Berber
Feride Doğan Hair & Beauty,+905323760410,Güzellik Salonu
KÜBRA COIFFEUR,+905373698069,Kuaför / Berber
337 Hair Studio,+905348369073,Kuaför / Berber
Paw Star Pet Kuaför,+905324140693,Kuaför / Berber
ANIL YALNIZ Barber's club,+902123226308,Kuaför / Berber
CERIN KUAFÖR,+905304055699,Kuaför / Berber
Bay Tuna Pet Kuaför,+905437154693,Kuaför / Berber
EFİLE HAİR DESİGN,+902126402497,Kuaför / Berber
Cuts Studio Berber,+905303176569,Kuaför / Berber
Petsbeautyshop,+905331341051,Güzellik Salonu
Mis Erkek Kuaförü,+905373940792,Kuaför / Berber
Göktürk Kuaför / HAİRCODE,+902123224149,Kuaför / Berber
Kuaför Ünal Delipoyraz,+902123223097,Kuaför / Berber
Kuaför Mehmet,+905358560320,Kuaför / Berber
Master Hair Desing,+902123220057,Kuaför / Berber
Mustafa Isik Barbershop,+905307224758,Kuaför / Berber
daisy's pet grooming,+905307671322,Kuaför / Berber
The Most Göktürk,+902123220032,Kuaför / Berber
The Tanning Shop,+902123226487,Kuaför / Berber
Eyüp Lazer Epilasyon Merkezi,+905423167061,Güzellik Salonu
Sezer Deniz Hair Studio,+905335067965,Güzellik Salonu
svetlana nail art istanbul - Studio S,+905335427422,Güzellik Salonu
Esse Man Göktürk,+905421108187,Kuaför / Berber
Bianca Güzellik Merkezi,+902123225455,Güzellik Salonu
CAZ KOZMETİK,+905418342861,Güzellik Salonu
No1 Göktürk,+902128301388,Kuaför / Berber
Müge Güzellik Salonu,+902123221668,Güzellik Salonu
Kırmızı oje göktürk,+905421224258,Güzellik Salonu
Podolog Nejla Çelik,+905303739439,Güzellik Salonu
Büşra Menge Beauty,+905309496421,Güzellik Salonu
Butterflytouch masaj salonu,+902123228231,Kuaför / Berber
Gecem Beauty & Haır,+902124279662,Güzellik Salonu
By Derya Arıcı Nail & Beauty Studio,+905075177605,Güzellik Salonu
Ronay Şevval Beauty Güzellik & Bakım,+905308570788,Güzellik Salonu
EPİ GÜZELLİK SALONU,+905385804343,Güzellik Salonu
Tırnak Artist Göktürk,+905317096156,Güzellik Salonu
tirnakku_gokturk,+905411009985,Güzellik Salonu
Maya&Viktoria Nailart ve Güzellik Merkezi Göktürk,+905322449632,Güzellik Salonu
GÖKTÜRK NAİLS PROTEZ TIRNAK,+905326760357,Güzellik Salonu
Genç kulis hair studio,+905337377733,Kuaför / Berber
BirBerber & Çocuk,+902123225048,Kuaför / Berber
Jadore Beauty,+905467116168,Güzellik Salonu
Pure Hair Studio,+905413181515,Kuaför / Berber
MUSS Kuaför Ve Güzellik Salonu,+902123228883,Güzellik Salonu
Es Diva Nail Art protez Tırnak,+905388508367,Güzellik Salonu
Kaizen Beautify,+905423226920,Güzellik Salonu
Esenyurt Denza Pilates,+905316717534,Pilates / Yoga
Leona pilates studio,+905541260626,Pilates / Yoga
Çi Studio - Pilates,+905061572571,Pilates / Yoga
EN Pilates Studio,+905364712899,Pilates / Yoga
Pink Pilates,+905304641081,Pilates / Yoga
Esenyurt Pilates Salonu Sağlıklı Yaşam Merkezi,+905519953034,Pilates / Yoga
Arcane Fitness Pilates Spor Salonu,+908503055908,Pilates / Yoga
My Concept Pilates,+905332549610,Pilates / Yoga
Anatomy Fitness 7/24,+905536360577,Kuaför / Berber
Ronika reformer pilates,+905349608006,Pilates / Yoga
Natali pilates,+905452312398,Pilates / Yoga
Refor.Med Pilates Studio,+905378881955,Pilates / Yoga
Pilates Performans,+905398193939,Pilates / Yoga
Akbulut Bayan Fitness,+905345529082,Kuaför / Berber
Anatomy Fitness Club,+905446652060,Kuaför / Berber
Esenyurt GOLD’s Fitness Salonu,+905070616805,Kuaför / Berber
WOOM FİTNESS (Esenyurt Fitness Salonu),+905327457463,Kuaför / Berber
ASI Gym Pilates Beylikdüzü - EZGİ BÜYÜKSOY,+905424191084,Pilates / Yoga
Mert Özcan Studio,+905393034058,Kuaför / Berber
ANYTIMELIFE FITNESS,+905323718159,Kuaför / Berber
AKBULUT FİTNESS SPOR SALONU,+905384292413,Kuaför / Berber
Valencia pilates beylikdüzü 4,+905321705873,Pilates / Yoga
FIT Team Fitness,+905321004350,Kuaför / Berber
MATCHLESS FİTNESS 7/24,+905398648414,Kuaför / Berber
Old School Fitness,+905312089608,Kuaför / Berber
B12 Fitness,+905360563412,Kuaför / Berber
şana reformer pilates,+905309605356,Pilates / Yoga
Fit Station Esenyurt Cumhuriyet,+905305857030,Kuaför / Berber
Agena Fitness Club,+905352925316,Kuaför / Berber
DAVİNCİ FİTNESS SPOR SALONU,+902129990828,Kuaför / Berber
Ural fitness gym,+905337699934,Kuaför / Berber
Esenyurt Flex spor salonu 1,+905301662136,Kuaför / Berber
Atak spor salonu Esenyurt,+905521799282,Kuaför / Berber
Fidan Pilates Stüdyo,+905365151414,Pilates / Yoga
PRO FİTNESS CLUB,+905346350255,Kuaför / Berber
VIP Woman Fitness – Kadınlara Özel Spor Salonu,+905514540011,Kuaför / Berber
HAN SPA FITNESS,+902128535252,Kuaför / Berber
Zeyhan Pilates Akros İstanbul,+905306648460,Pilates / Yoga
MACFit Akbatı,+902123970431,Kuaför / Berber
The GYM A+ Fitness & Spa,+902128523905,Kuaför / Berber
Esenyurt Spor Salonu (Olimpic spor center) GYM,+905443011792,Kuaför / Berber
Fc Fitness Club,+902128543853,Kuaför / Berber
zeus fitness club,+902126727298,Kuaför / Berber
PlayStüdyo Beylikdüzü | Kadınlara Özel Spor Salonu,+902125997529,Kuaför / Berber
RA Pilates,+902128137145,Pilates / Yoga
Erocağı Spor Kulübü,+905434923722,Kuaför / Berber
Mysport Big Brother's Esenyurt,+905559784751,Kuaför / Berber
Kamil Üci Spor KULÜBÜ,+905353315060,Kuaför / Berber
AKADEMİ FORM SPOR MERKEZİ,+905372587990,Kuaför / Berber
Sport Club NJoy,+902128537302,Kuaför / Berber
Gorilla Gym & Fitness,+905342176533,Kuaför / Berber
HERO FİTNESS GYM,+905362193462,Kuaför / Berber
"Qfit Spa & Fitness - Havuz, Hamam ve Sauna",+902128868494,Diğer (Sağlık & Bakım)
Run 4 Life Spor Salonu,+905304749865,Kuaför / Berber
Fit Boom Club İnnovia 2,+905337853869,Kuaför / Berber
Reform Pilates Beylikdüzü,+905332023211,Pilates / Yoga
PARADOKS SPOR KULÜBÜ,+905415349076,Kuaför / Berber
AKfit Gym Studio Fitness,+905544178543,Kuaför / Berber
ÖRNEK ALTIN YUMRUK SK,+905465607368,Kuaför / Berber
Yıldızlar spor kulübü,+905357607255,Kuaför / Berber
RIZA YETİŞKİN SPOR KULÜBÜ,+905384081660,Kuaför / Berber
MOOW SPOR MAĞAZA,+905326993244,Kuaför / Berber
Neva Fizyoterapi ve Danışmanlık,+905357325934,Psikolog / Terapist
Mesutla Değişim Spor Merkezi (Mobile Personal Trainer),+905315756214,Kuaför / Berber
Aktive clup,+905307127460,Diğer (Sağlık & Bakım)
Regnum Fitness Spor Salonu,+908508851771,Kuaför / Berber
Gözde Halı Saha Spor Tesisleri,+905380382020,Kuaför / Berber
Kangoo Club Bahçeşehir,+905323406151,Kuaför / Berber
Şehit M. Caner Mert Spor Salonu,+902126998630,Kuaför / Berber
Meg Pilates,+905354561951,Pilates / Yoga
