Isletme_Adi,Telefon,Sektor
pilates öyküm,+905514082600,Pilates / Yoga
Reborn Pilates Arnavutköy,+905465908916,Pilates / Yoga
Flex Fitness,+902125978855,Kuaför / Berber
Elif Şentürk Pilates,+905347719069,Pilates / Yoga
Zeynep Binici fizyoterapi & pilates,+905417688328,Psikolog / Terapist
Arnavutköy kickboks crossfit fitness spor salonu,+905432462524,Kuaför / Berber
Vefa Pilates & Cimnastik Salonu,+905334044334,Pilates / Yoga
Network Fitness,+905418243704,Kuaför / Berber
Öz My Life Sports Club,+905325766091,Kuaför / Berber
HADIMKÖY KOÇ GYM,+905387098500,Kuaför / Berber
Kong Gym Spor Salonu Arnavutköy,+905355151496,Kuaför / Berber
RONİN GYM,+905356371359,Kuaför / Berber
U2Pilates,+905054699133,Pilates / Yoga
FİZYO ARNAVUTKÖY FİZİK TEDAVİ ve YAŞAM MERKEZİ,+905376894095,Fizyoterapi
Premium GYM,+905323068609,Kuaför / Berber
EF PRIME GYM,+905436573817,Kuaför / Berber
Arnavutköy Danışmanlık - Hanife Alpaydın,+905317062774,Psikolog / Terapist
Arnavutköy Psikolog - TALYAS,+905510056617,Psikolog / Terapist
Arnavutköy Uzman Psikolog Yasemin Albaş,+902129126410,Psikolog / Terapist
Arnavutköy Psikolog Özlem Ziyaoğlu,+905515877575,Psikolog / Terapist
Arnavutköy Psikolog Sevda Bozdemir,+905524688442,Psikolog / Terapist
Arnavutköy Psikolog Elif Nur Kıran,+905393897478,Psikolog / Terapist
"Arnavutköy, Pera Danışmanlık Merkezi, Psikolog Mehtap Güven",+905538302141,Psikolog / Terapist
MAT Psikolojik Danışmanlık Arnavutköy,+905469114249,Psikolog / Terapist
Arnavutköy Klinik Psikolog Onur Elkin,+905533340373,Psikolog / Terapist
Asel Psikolojik Danışmanlık ve Metafizik,+905323798565,Psikolog / Terapist
İBB Arnavutköy Pdm,+902124497533,Psikolog / Terapist
Arnavutköy Uzman Klinik Psikolog Yusuf Pamuk,+905369779143,Psikolog / Terapist
İstanbul Psikolog-Online Terapi ve Yetişkin Psikolog Uzm. Psk.Tuğçe Dönmezer,+908504743613,Psikolog / Terapist
Liya Psikoloji,+905398520443,Psikolog / Terapist
ecenurpekcetin,+905421078082,Psikolog / Terapist
Uzman Psikolog Kübra ŞAHİN,+905366016640,Psikolog / Terapist
Uzman Klinik Psikolog Yaren Firuze IŞIN,+905351023183,Psikolog / Terapist
SİNAN ASAN HAİR ARTİST & BARBER SHOP ARNAVUTKÖY / İSTANBUL,+905300663055,Kuaför / Berber
Arnavutköy MaxSis Güzellik Salonu,+905530723061,Güzellik Salonu
Bahar Koca Güzellik Merkezi Arnavutköy Şube- Arnavutköy Güzellik Merkezi,+905013761556,Güzellik Salonu
Aslı Dursun Arnavutköy Güzellik Merkezi,+905384029030,Güzellik Salonu
Melisa Durmaz Güzellik ve Bakım Salonu,+905406900777,Güzellik Salonu
BD GŪZELLİK BERİTAN DURSUN,+905334837225,Güzellik Salonu
Lovin Beauty Güzellik Salonu,+905456631399,Güzellik Salonu
Fatma Erdem episima güzellik,+905072273030,Güzellik Salonu
Selin Beauty Center Arnavutköy,+905375998449,Güzellik Salonu
PARİSTANBUL GÜZELLİK VE ESTETİK,+905468153437,Güzellik Salonu
Alvera Güzellik,+905526389156,Güzellik Salonu
Ayşegül Ergül Güzellik Merkezi Arnavutköy,+905370508828,Güzellik Salonu
Mislina Güzellik Salonları,+905427465434,Güzellik Salonu
ROSSO Arnavutköy Güzellik Merkezi,+905323065604,Güzellik Salonu
Milana Güzellik Merkezi,+905439755976,Güzellik Salonu
Ecem Güzellik Salonu,+905332150805,Güzellik Salonu
Bg Güzelli̇k Salonu,+905053986099,Güzellik Salonu
Ceren Ateş Beauty VIP,+905340120490,Güzellik Salonu
Kübra Özgündüz Estetik Ve Güzellik Salonu,+905428258176,Güzellik Salonu
İsabella Güzellik Vip Salonu,+905353156840,Güzellik Salonu
Arnavutköy Güzellik Merkezi R.K-Arnavutköy Lazer Epilasyon-Arnavutköy Kalıcı Makyaj-Altın Oranda Kaş Alımı,+905302578687,Güzellik Salonu
DİLAN BEYAZYILDIZ GÜZELLİK SALONU,+905340737383,Güzellik Salonu
Canan Ateş Karakaya,+905339263863,Güzellik Salonu
Bahar Aydın Beauty,+905449147544,Güzellik Salonu
Esinci Kuaför Güzellik Salonu,+905453063018,Güzellik Salonu
PERA BAYAN KUAFÖRÜ - PERA GÜZELLİK SALONU,+905347452630,Güzellik Salonu
GÖKÇE AKIN BEAUTY&NAIL,+905301843410,Güzellik Salonu
Arnavutköy Lazer Epilasyon Candy Güzellik Merkezi,+905305538974,Güzellik Salonu
Kuaför DAYI,+905316398030,Kuaför / Berber
Günışığı Güzellik Salonu ve Bayan Kuaförü,+905538727874,Güzellik Salonu
Özge Yavaşça Kişisel Bakım Salonu,+905513848723,Güzellik Salonu
Estetik İncim Arnavutköy Ağız ve Diş Sağlığı Polikliniği,+902125972123,Diş Kliniği
Kuaför derya,+905358211258,Kuaför / Berber
Viproyal Beauty,+905369133696,Güzellik Salonu
Arnavutköy Protez Saç Merkezi,+905542760549,Güzellik Salonu
SILA&HAZAN BEAUTY-ARNAVUTKOY,+905432094822,Güzellik Salonu
Acar Kuaför Güzellik Arnavutköy,+905054463737,Güzellik Salonu
KUAFÖR 2007,+902125975344,Kuaför / Berber
AYES GÜZELLİK & ESTETİK,+905423899842,Güzellik Salonu
BARBER SHOP AYYILDIZ (image maker),+905384344463,Kuaför / Berber
Asr-ı Sultan Gelinlik & Kuaför,+902125979890,Kuaför / Berber
Kübra Bayan Kuaförü,+905356646880,Kuaför / Berber
Zümrü’dü Anka Güzellik Salonu,+905304255001,Güzellik Salonu
İkizler Kuaför Salonu ( Salı Pazarı ),+905385671989,Kuaför / Berber
Sera güzellik salonu,+905537192044,Güzellik Salonu
Nilsu Vural Nailart ve bakım,+905394399657,Güzellik Salonu
Kumru Güzellik Merkezi,+905350575830,Güzellik Salonu
SİNAN ASAN PREMİUM BERBER KUAFÖR ARNAVUTKÖY/İSTANBUL,+905323792855,Kuaför / Berber
Nurullah ŞAHİN - Hair Specialist / ARNAVUTKÖY MERKEZ - BERBER,+905322606374,Kuaför / Berber
Dönüşüm Bayan Kuaförü,+905425147918,Kuaför / Berber
As Kuaför,+905363088725,Kuaför / Berber
KUAFÖR OKAN SİVRİ,+905385962628,Kuaför / Berber
Arnavutköy Kilo Kontrol ve Cilt Bakım Merkezi,+905369407852,Güzellik Salonu
Miray Bayan Kuaförü Arnavutköy Kadın Kuaförü,+905427416507,Kuaför / Berber
İZ GÜZELLİK SALONU ÖZLEM REMZİYE ULUKAYA,+905316784039,Güzellik Salonu
Belinay Kuaför,+902125973435,Kuaför / Berber
💈🇹🇷 EMEK ERKEK KUAFÖR 🇹🇷💈,+905356090567,Kuaför / Berber
HOLLY GÜZELLİK ARNAVUTKÖY,+905431073716,Güzellik Salonu
YILDIZ MODA & KUAFÖR,+905309365313,Kuaför / Berber
Kuaför imera,+905396669953,Kuaför / Berber
Milano Kuaför Zinciri,+905327868296,Kuaför / Berber
AY BAYAN KUAFÖRÜ,+905389647206,Kuaför / Berber
Tulay Gümüş Bayan Kuaförü,+905442281880,Kuaför / Berber
Ayaz Erkek Kuaför by Rahman AŞIR,+905342095238,Kuaför / Berber
Kısmet Kuaför,+905357674815,Kuaför / Berber
EMRE YILDIRIM HAIR STUDIO,+905360619044,Kuaför / Berber
Ayşegül bayan kuaförü,+905306474885,Kuaför / Berber
Kuafor mistik,+905335087026,Kuaför / Berber
The New Coiffeur,+905449281477,Kuaför / Berber
Salon Tıraşizm,+905366432816,Kuaför / Berber
Parisli Cemil Kuaför,+902124654531,Kuaför / Berber
Tura KUAFÖR,+905305511610,Kuaför / Berber
HAIR ARTİST FIRAT PINAR,+905539363712,Kuaför / Berber
Berber Saloon Vural,+905388180960,Kuaför / Berber
STİL HAIR DESIGN . ERKEK KUAFÖR,+905432656774,Kuaför / Berber
Ezgi Kuafor,+905421977174,Kuaför / Berber
MARJİNAL KUAFÖR,+902127714800,Kuaför / Berber
Emrullah Şentürk Hair Stylist & Barber Shop,+905558938025,Kuaför / Berber
NERMİN BAYAN KUAFÖRÜ ( hair design),+905466770850,Kuaför / Berber
Salon BY ÜMİT,+905537287004,Kuaför / Berber
Eisen hair stüdio,+905510663974,Kuaför / Berber
Çakır erkek kuaför,+905344832882,Kuaför / Berber
SARIKAYA HAİR ARTİST,+905376865534,Kuaför / Berber
Mami Erkek Kuaförü - Arnavutköy Berber,+905330581696,Kuaför / Berber
MASS BAYAN KUAFÖRÜ,+905347205538,Güzellik Salonu
Coiffeur Sinan (Kuaför Sinan),+905455453858,Kuaför / Berber
Sema Bayan Kuaförü,+905350740806,Kuaför / Berber
Yasin Özdemir Hair Artist,+905394378752,Kuaför / Berber
HANE BAYAN KUAFÖRÜ,+905369132534,Kuaför / Berber
Favori Erkek Kuaförü Nuh Türk,+905374415940,Kuaför / Berber
Sarı Erkek Kuaförü / Hair Designer,+905360661139,Kuaför / Berber
Burak Turan Hair Artist,+905314358558,Kuaför / Berber
Yasin Bozdaş Hair design,+905464253171,Kuaför / Berber
Furkan Çelik Hair Artist,+905313159836,Kuaför / Berber
EMRE GÜNDÜZ HAİR DESİGNER /ARNAVUTKÖY BERBER,+905445965234,Kuaför / Berber
Kuaför Şule,+905342032576,Kuaför / Berber
Sanat Erkek Kuaförü,+905300295739,Kuaför / Berber
EMBİYA ERKEK KUAFÖRÜ,+905353006678,Kuaför / Berber
Kuaför Sami,+905367075917,Kuaför / Berber
Cadde Erkek Kuaförü,+905434149674,Kuaför / Berber
Kuaför ADEM,+905317023034,Kuaför / Berber
İsa Yıldırım Hair Master,+905464389162,Kuaför / Berber
Salon BY Ümit,+905332614122,Kuaför / Berber
AY BAYAN KUAFÖRÜ MERKEZ,+905326510631,Kuaför / Berber
Bilal Erkek Kuaförü Arnavutköy,+905316892412,Kuaför / Berber
Tual Kadın Kuaförü,+905524581299,Kuaför / Berber
Bolluca Belinay Kuaför,+905526723844,Güzellik Salonu
blue night erkek kuaförü,+905349183652,Kuaför / Berber
RESUL BERBER,+905326663368,Kuaför / Berber
Erol erkek kuaförü,+905530925293,Kuaför / Berber
Erkek Kuaförü Resul,+905435702313,Kuaför / Berber
Serhat Erkek Kuaförü - Arnavutköy Kuaför,+905455494399,Kuaför / Berber
Gülnisa,+905530931208,Kuaför / Berber
Your style ıs my style,+905394511782,Kuaför / Berber
DOĞAN ERKEK KUAFÖRÜ,+905389467828,Kuaför / Berber
ELİT ERKEK KUAFÖRÜ,+905383773134,Kuaför / Berber
Taş makas erkek kuaförü,+905377229657,Kuaför / Berber
Tekin Erkek Kuaför,+905393443140,Kuaför / Berber
Umut Erkek Kuaförü,+905359794621,Kuaför / Berber
BAYBER FERO ERKEK KUAFÖRÜ,+905388683857,Kuaför / Berber
Kuaför Tülay,+905436655351,Kuaför / Berber
ALİCO ERKEK KUAFÖRÜ,+905422232510,Kuaför / Berber
Kuaför Muharrem,+905384649701,Kuaför / Berber
ORHAN ERKEK KUAFÖRÜ,+905352100549,Kuaför / Berber
Elis Bayan kuaför,+905464637264,Kuaför / Berber
Volkan Kuaför,+902125970126,Kuaför / Berber
Lenis Güzellik Estetik,+905307810434,Güzellik Salonu
Claris Estetik Ve Güzellik,+902125979795,Güzellik Salonu
Op. Dr. M. Mustafa Aydınol,+905447720772,Güzellik Salonu
Damlabuluthairtrans Saç Ekim Kliniği,+905446132686,Kuaför / Berber
Pınar Kaya Beauty,+905336370484,Güzellik Salonu
Majeste Estetik & Güzellik Merkezi,+905320561758,Güzellik Salonu
ARAGON TATTOO PİERCİNG RESİM VE SANAT,+901638926950,Dövme & Piercing
TATTOO VURAL,+905070942984,Dövme & Piercing
Bahçeşehir Soil Tattoo,+905079491496,Dövme & Piercing
Nida Tattoo (Dövme Sanatları),+905010702561,Dövme & Piercing
Bahçeşehir Tattoo Royal,+905318152630,Dövme & Piercing
Plutos Tattoo & Piercing Studio,+905310863726,Dövme & Piercing
Cleopatra INK Tattoo & Piercing Bahçeşehir Studio,+905068273434,Dövme & Piercing
Sedat Demir Tattoo,+905010622424,Dövme & Piercing
Shadows Tattoo Piercing,+905323950463,Dövme & Piercing
RREEDD Tattoo & Piercing,+905309594883,Dövme & Piercing
Mia Tattoo Studio,+905364710017,Dövme & Piercing
BEGGAR DÖVME TATTOO beylikdüzü esenyurt başakşehir,+905354001186,Dövme & Piercing
BROTHERS TATTO,+905438785334,Dövme & Piercing
Bosphorus Ink Tattoo and Piercing,+905451310734,Dövme & Piercing
Art Work Tattoo & Pıercing Studio,+905377412716,Dövme & Piercing
Yiğit Dövme,+902125497595,Dövme & Piercing
Bosphorus Ink Bahçeşehir Tattoo & Piercing Studio,+905304850591,Dövme & Piercing
Tattoo Art. Timuçin Dövme Stüdyosu,+905340203838,Dövme & Piercing
TattooMix,+905323200702,Dövme & Piercing
Ağaçkakan Tattoo,+905331907391,Dövme & Piercing
Bahçeşehir Esse Vip Güzellik Merkezi,+905056103463,Güzellik Salonu
Magical Ink - Dövme ve Piercing Stüdyosu,+905313833493,Dövme & Piercing
Hammer Tattoo,+905417102424,Dövme & Piercing
SERHAT URAL TATTOO STUDIO,+905431072203,Dövme & Piercing
"Ganja tattoo Sefaköy, Dövme ve Piercing Stüdyosu",+905304883493,Dövme & Piercing
Dövhas Çelik Dövme San. ve Tic. A.Ş,+902126910454,Dövme & Piercing
Derya Sezek Tattoo Art & Piercing,+905324019301,Dövme & Piercing
HA ink Tattoo Studio,+905380133388,Dövme & Piercing
winky.tattoo,+905364470488,Dövme & Piercing
Dreamer Tattoo & Piercing,+905077398956,Dövme & Piercing
Fine Line Tattoo Shop,+902122343449,Dövme & Piercing
db Tattoo İnk Studio ( Dövmeci Doğan ),+905331623030,Dövme & Piercing
Tattoo By Ulash,+905557295564,Dövme & Piercing
Beylikdüzü Dövme,+905455571110,Dövme & Piercing
Angel Tattoo Piercing Studio Avcılar,+905359342624,Dövme & Piercing
Eco Tattoo Master,+905522340004,Dövme & Piercing
Bilge Tattoo & Piercing,+905059579185,Dövme & Piercing
Tan Tattoo Gallery,+905348580018,Dövme & Piercing
AysegulAlkanMakeUpStudio,+905307303182,Güzellik Salonu
EkinoksTattoo,+905318945499,Dövme & Piercing
Forever Tattoo Piercing,+905359715855,Dövme & Piercing
Tattoo Lost Beylikdüzü Dövme,+905373204104,Dövme & Piercing
Exit Tattoo Dövme & Piercing Stüdyosu,+905375535494,Dövme & Piercing
Cloud Tattoo Piercing,+905355712576,Dövme & Piercing
Dövmeci avcılar (Pyramid Tattoo Piercing Stüdyo),+905432523124,Dövme & Piercing
Cleopatra INK Tattoo & Piercing Suadiye Studio,+905325290216,Dövme & Piercing
Golden Arrow Tattoo Piercing Studio,+905324400885,Dövme & Piercing
Ataşehir Tattoo Art,+905347779663,Dövme & Piercing
Dragọn Tattọọ,+902122927470,Dövme & Piercing
Anatolia Tattoo Erdoğan Çavdar,+905352332378,Dövme & Piercing
SAMCRO TATTOO,+905520696033,Dövme & Piercing
Başakşehir Estetik ve Güzellik Merkezi,+905415461445,Güzellik Salonu
EmreAkınTattoo,+905389519324,Dövme & Piercing
Uzm. Dr. Erol Özan | Estetik ve Klinik Dermatoloji,+905300439545,Güzellik Salonu
Dream Tattoo Dreamcatcher Tattoo ＆ Piercing Kadikoy İstanbul,+905359419939,Dövme & Piercing
Redwolf Tattoo,+905055715829,Dövme & Piercing
Tattoo Houze,+905350572534,Dövme & Piercing
Matkap Tattoo,+902165419452,Dövme & Piercing
Yarım Elma Dövme Piercing,+905423242341,Dövme & Piercing
Piramitbodyart,+905425430582,Dövme & Piercing
Neslim Güngen Avcılar,+905322903915,Güzellik Salonu
Ahenk Güzellik Avcılar,+902126942304,Güzellik Salonu
Aysel Baran Güzellik Salonu,+902125095684,Güzellik Salonu
Belladerm Güzellik |Avcılar Profesyonel Lazer Epilasyon & Güzellik Salonu,+902126760627,Güzellik Salonu
Emine Candan Güzellik Salonu | Lazer Epilasyon | Cilt Bakımı | Kaş-Kirpik Laminasyon | Saç terapisi,+905011376345,Psikolog / Terapist
Mehtap Koç Beauty Center,+905468273010,Güzellik Salonu
Lidya Hair & Beauty Studio,+905300214660,Güzellik Salonu
Seul Güzellik,+905316610939,Güzellik Salonu
Senorita Avcılar,+905426889181,Güzellik Salonu
Miss Diamond German Beauty,+905542911111,Güzellik Salonu
Avcılar Hena Güzellik Salonu - Lazer Epilasyon - Cilt Bakımı – G5 Masajı Bölgesel İncelme,+905338177557,Güzellik Salonu
Dört Mevsim Güzellik Salonu,+905446504015,Güzellik Salonu
Feride Alptekin Güzellik Merkezi,+905330914808,Güzellik Salonu
Helinist Güzellik Salonu - Avcılar Güzellik Merkezi,+905521560303,Güzellik Salonu
Zin Güzellik Merkezi - Avcılar Güzellik Merkezi,+905427454777,Güzellik Salonu
Zarinna Güzellik Merkezi,+905425917360,Güzellik Salonu
Ems Plus Güzellik Salonu,+905535737269,Güzellik Salonu
Eftelya Bayan Kuaforu,+902124239423,Kuaför / Berber
Nuvica Beauty Güzellik Salonu,+905016408634,Güzellik Salonu
Kübra Güler Güzellik Salonu,+905326472656,Güzellik Salonu
Estelina Estetik Ve Güzellik Merkezi,+905443424422,Güzellik Salonu
SEVİNÇ TAŞ GÜZELLİK SALONU,+905345830324,Güzellik Salonu
O’lá Nail & Beauty,+905307477617,Güzellik Salonu
Senurel Vip Güzellik,+905425405934,Güzellik Salonu
Ersoy Güzellik Merkezi & NailArt,+905056819811,Güzellik Salonu
Avcılar Protez Tırnak,+905449227688,Güzellik Salonu
Avcılar Lazer Epilasyon,+905332216676,Güzellik Salonu
Esin Güzellik Salonu,+905427433746,Güzellik Salonu
MABEYN BEAUTY STUDİO,+905427658267,Güzellik Salonu
Engin Yüncü ışıltı güzellik salonu,+905462332363,Güzellik Salonu
NESRİN YILDIZ GÜZELLİK & BAKIM,+905337270003,Güzellik Salonu
Gamze sarıkaya güzellik merkezi,+905326915819,Güzellik Salonu
Sinem Ülgen Güzellik Salonu Avcılar,+902125910001,Güzellik Salonu
mk.bayankuaforu,+905348582646,Kuaför / Berber
Naturel Estetik,+902125904442,Güzellik Salonu
Yıldız Güzellik ve Spa Merkezi,+905301524030,Güzellik Salonu
Tuana beauty,+905382429496,Güzellik Salonu
The Moon Kuaför,+902128122391,Kuaför / Berber
HERA ESTETİK MEDİKAL,+905445401609,Güzellik Salonu
STANPOLİ Güzellik Salonu,+905324072825,Güzellik Salonu
Bizim Güzellik Salonu,+902128015667,Güzellik Salonu
İrem KUAFÖR,+902125938636,Güzellik Salonu
BRİTANYA GÜZELLİK MERKEZİ,+905522104313,Güzellik Salonu
Serpil Teke Afro & Saç Akademi,+905330432011,Kuaför / Berber
Avcılar Masaj Salonu Mutlu Son,+905364290430,Güzellik Salonu
KAPKARA SOLARIUM AVCILAR SOLARYUM,+902125939334,Kuaför / Berber
Anıl Erdoğmuş Hair Beauty,+902125091013,Güzellik Salonu
Mirabella güzellik Salonu,+905331418592,Güzellik Salonu
DİDEM ŞAHİN AKADEMİ GÜZELLİK MERKEZİ & BAYAN KUAFÖRÜ & DİYETİSYEN & GÜZELLİK UZMANI AVCILAR,+902126909683,Diyetisyen
Hakan Açıkel Güzellik Salonu,+905415138417,Güzellik Salonu
Serkan Özcan Hair Club / Avcılar Kuaför,+902126760630,Kuaför / Berber
Elif Güzellik Merkezi,+905346240627,Güzellik Salonu
MSC KUAFÖR & GÜZELLİK SALONU,+902125090400,Güzellik Salonu
Servet&Eser kuaför ve güzellik salonu,+902126760777,Güzellik Salonu
Müge Ertan Vip Studio,+905336818217,Kuaför / Berber
ASYA GÜZELLİK MERKEZİ,+905523662270,Güzellik Salonu
Purple Güzellik Salonu(Aynur&Şeyma),+905307332096,Güzellik Salonu
Avcılar Masaj Salonu,+905398722465,Kuaför / Berber
Gençler Erkek Kuaför Salonu,+905305658702,Kuaför / Berber
Namık Kayapınar Hairdresser,+902126956896,Kuaför / Berber
Aysima Lazer Epilasyon Güzellik Merkezi,+902126906016,Güzellik Salonu
Hair Mafia avcılar,+905314747575,Kuaför / Berber
Mass Bayan Kuaförü Ağda Salonu METİN TUNC,+902125090077,Kuaför / Berber
Salih Kuaför,+902126949907,Güzellik Salonu
Parla Güzellik Merkezi,+905461267076,Güzellik Salonu
Kader Deniz Güzellik Merkezi,+905526191308,Güzellik Salonu
Uz Guzellik Salonu,+905376557076,Güzellik Salonu
Mali Kuaför - Pelikan,+902126202686,Kuaför / Berber
Naz Kuaför & Güzellik Salonu,+905068479658,Güzellik Salonu
SUCCESS GÜZELLİK MERKEZİ,+902126953749,Güzellik Salonu
NG Bayan Kuaförü,+902124281828,Kuaför / Berber
X GLAMOUR BAYAN KUAFÖRÜ,+905331659500,Kuaför / Berber
BLACK ERKEK KUAFÖRÜ AVCILAR,+905304597373,Kuaför / Berber
The Equal Hair Design,+902124288868,Kuaför / Berber
Avcılar THE BEST ERKEK KUAFÖRÜ,+905322061716,Kuaför / Berber
Ahenk Güzellik ve Estetik Merkezi,+905428930075,Güzellik Salonu
Değişim Kuaför Özcan-Yadigar,+902125912229,Kuaför / Berber
Epilas Beauty Güzellik Salonu,+905372746503,Güzellik Salonu
Tülin KURTKAN HAIR & MAKE UP,+905395595860,Kuaför / Berber
LUYA GÜZELLİK SALONU,+905317958973,Güzellik Salonu
Avcılar ağda salonu (mabeyn ),+905373219874,Güzellik Salonu
Asil güzellik salonu,+905308972983,Güzellik Salonu
Dekatria Güzellik Merkezi,+905059762213,Güzellik Salonu
SALON DORA BAYAN KUAFÖRÜ,+902125908032,Kuaför / Berber
Burcu Kurtay Güzellik Salonu,+905448022000,Güzellik Salonu
Sahra Güzellik Salonu,+902125094449,Güzellik Salonu
Avcılar Lazer Epilasyon Bölgesel İncelme Cilt Bakımı Güzellik Salonu,+905425427419,Güzellik Salonu
Avcılar Protez Tırnak - Avcılar İpek Kirpik İpek Güzellik Salonu,+905339738127,Güzellik Salonu
Güzellik Salonu Kuaför Selahattin,+905321701737,Güzellik Salonu
Dizayn Güzellik Salonu,+902124212771,Güzellik Salonu
Avcılar Protez Tırnak By Gülşah Akgüneş,+905540117495,Güzellik Salonu
Espina Bayan Kuaförü,+902125932256,Kuaför / Berber
Avcılar.ist NER Olimpos Toptan Kuaför Malzemeleri,+902125093028,Kuaför / Berber
Miray Kuaför,+905324989227,Kuaför / Berber
Kosta Rika Avcılar Güzellik Salonu,+905537590813,Güzellik Salonu
NEW TREND GÜZELLİK SALONU,+905382562903,Güzellik Salonu
ZERRİN'LE GÜZELLİK,+905308401614,Güzellik Salonu
Mevsim Beauty Club,+905323991366,Güzellik Salonu
SALON AURA GÜZELLİK VE BAYAN KUAFÖRÜ,+905461592035,Güzellik Salonu
Emre Ekinci Kuaför,+902125936266,Kuaför / Berber
Hakan ve Yalçın Kuaför,+902126945458,Kuaför / Berber
ND Bayan Kuaför - @Hair & Makeup,+902125902626,Güzellik Salonu
Özgür Çiftegöz Hair & Make Up - Avcılar Kadın ve Erkek Kuaförü Avcılar Güzellik Merkezi,+905320125332,Güzellik Salonu
Bayan Kuaförü Yılmaz,+905454369506,Kuaför / Berber
Kuaför MetiN,+905384943738,Kuaför / Berber
Çağla Kuaför,+905453057516,Kuaför / Berber
Zerrin Bayan Kuaförü,+905355665542,Kuaför / Berber
Selçuk Bayan Kuaför,+905546193624,Kuaför / Berber
SALON İSTANBUL CLASS (saç renklendirme ve bakım merkezi),+905457745996,Güzellik Salonu
Ramazan Mehmet aktacı hair design,+905306508075,Kuaför / Berber
Kardelen Kuaför,+905050143434,Kuaför / Berber
Avcılar kuaför,+902125901733,Kuaför / Berber
"Onur OKSUZ Hair Design Salon (Berber,Kuaför)",+902124220505,Kuaför / Berber
Can Yeni Hair Studio,+902125919102,Kuaför / Berber
ünlü saç tasarım merkezi,+902126952029,Güzellik Salonu
Kerim Toprak HAİR ARTİST,+905395806378,Kuaför / Berber
Saloon Vefa,+905352642756,Kuaför / Berber
Fendy Hair & Makeup Kuaför,+902126952461,Güzellik Salonu
Gözde Kuaför,+902126904227,Kuaför / Berber
Tunca Topaç Hairdresser,+902126943211,Kuaför / Berber
Vİ BAYAN KUAFÖRÜ,+905350111473,Kuaför / Berber
Kuaför Soner,+905447690369,Kuaför / Berber
Kuaför Hayri,+902126945374,Kuaför / Berber
Nez bayan kuaförü,+905366286974,Kuaför / Berber
Hikmet & Gül Kuaför,+902125098999,Kuaför / Berber
Ece Kuaför,+902124280525,Kuaför / Berber
Hakan Engin,+905373373877,Kuaför / Berber
HAİRPORT SADİM KURTULUŞ bayan kuaför salonu,+905534942784,Kuaför / Berber
Özmen Erkek Kuaförü,+905362343986,Kuaför / Berber
Espina Kuaför,+902124230743,Kuaför / Berber
Kuaför Salih,+905065732151,Kuaför / Berber
Kuaför Taner Akıncı,+902125901905,Kuaför / Berber
Furkan Sanır Hair Make Up,+905448413244,Kuaför / Berber
Salon Era,+905354912442,Kuaför / Berber
Hair boss barbers,+905386281841,Kuaför / Berber
Kuaför İlhanlar,+902125903346,Kuaför / Berber
DECA HAİR DESİGN,+905063442761,Kuaför / Berber
SALON GÖKAY ERKEK KUAFÖRÜ,+905356228390,Kuaför / Berber
Yakup Korkmaz Hair Studio Avcılar Berber,+905069664998,Kuaför / Berber
Avcılar Erkek Kuaförü,+905358885983,Kuaför / Berber
Bayan Kuaförü Kader Balin,+905443414930,Kuaför / Berber
Bayan Kuaförü Kübra Akkaya,+905359813668,Kuaför / Berber
Aysima Kuaför,+902125918197,Kuaför / Berber
Emrah Erkan Kuaför,+902126696954,Kuaför / Berber
Özen 6 Erkek Kuaförü,+905348477812,Kuaför / Berber
Kafa Berber Avcılar Merkez,+902129659396,Kuaför / Berber
KUAFÖR KAAN ZOROĞLU,+905323274324,Kuaför / Berber
THE BLONDE Hair Studio ( Umut Laçın ),+902127778859,Kuaför / Berber
Telli Bayan Kuaförü,+905074276438,Kuaför / Berber
Diva Bayan Kuaförü,+902124286717,Kuaför / Berber
Biriz Kuaför,+902126760479,Kuaför / Berber
Samet Ali Kuaför,+905347617871,Kuaför / Berber
"Mass bayan kuaförü ağda salonu,merkez mahallesi marmara caddesi coşkunlar pasajı no32",+905363047655,Kuaför / Berber
Nilay bayan kuaför,+905370507984,Kuaför / Berber
Asil Kuaför,+905334307085,Kuaför / Berber
Bayan Kuaförü Salon Kaçamak,+905427196822,Kuaför / Berber
Mustafa & Vural Kuaför,+902129796480,Kuaför / Berber
Berceste Kuaför Salonu Kemal Çetinkaya,+905337373974,Kuaför / Berber
kuaför kenan,+905456646329,Kuaför / Berber
İsmail Bay Kuaför,+905368349687,Kuaför / Berber
MEN Hair Coiffeur,+902128062653,Kuaför / Berber
İbrahim Erkek Kuaförü,+905355551611,Kuaför / Berber
Nikki Bayan Kuaförü,+905536832883,Kuaför / Berber
Ekselans Erkek Kuaförü,+905379924881,Kuaför / Berber
SALON ALİ,+905335440481,Kuaför / Berber
S&S Bayan Kuaförü,+902124280962,Kuaför / Berber
Murat Erkek Kuaförü,+905316872860,Kuaför / Berber
"Sabit Akkaya Hair Stylist, JW Marriott",+905549574504,Kuaför / Berber
Asel Güzellik ve Estetik Merkezi,+905380303977,Güzellik Salonu
BY SAFİR BEAUTY | Lazer Epilasyon & Estetik,+905467869618,Güzellik Salonu
Huzur Clinica Ayak-Cilt-Lazer Epilasyon Bakım Salonu,+905364341899,Güzellik Salonu
Nilüfer Demir Güzellik Salonları,+905405493434,Güzellik Salonu
Rabia Güzel Beauty Center,+905079373701,Güzellik Salonu
Estelina Estetik Ve Güzellik Merkezi,+905529470651,Güzellik Salonu
Leda Estetik,+905539076722,Güzellik Salonu
Sibel Kırbaş Avcılar I Bölgesel İncelme I Zayıflama I Cilt Bakımı I Epilasyon,+905518230224,Güzellik Salonu
Clinic Saha,+905412075160,Güzellik Salonu
NOX GÜZELLİK SALONU,+905067188080,Güzellik Salonu
VİVİANA ESTETİK VE GÜZELLİK MERKEZİ,+905416051011,Güzellik Salonu
𝙉𝙞𝙡𝙖𝙮 𝙂𝙤̈𝙠𝙩𝙖𝙨̧ 𝙂𝙪̈𝙯𝙚𝙡𝙡𝙞𝙠,+905478170767,Güzellik Salonu
Kybele Yaşam Merkezi,+902125919400,Güzellik Salonu
Rosse Estetik ve Güzellik Merkezi,+905538288453,Güzellik Salonu
Özgün Estetik | Halkalı Atakent Estetik ve Güzellik Merkezi | Medikal Estetik Merkezi,+905535163357,Güzellik Salonu
Buse Güven Avcılar Güzellik Merkezi,+902126766060,Güzellik Salonu
Bir Ömür Güzellik,+905313704715,Güzellik Salonu
Çiğdem Koç Güzellik Salonu,+905322377590,Güzellik Salonu
Esteboss Clinic,+905312662677,Güzellik Salonu
Loft Kaş Ekimi İstanbul - Loft eyebrow Transplant,+908502412410,Güzellik Salonu
HairextreM & Haydar Aslan Saç Ekimi,+905073413688,Kuaför / Berber
Derya nail art beauty,+905301541670,Güzellik Salonu
Rebe Medikal Estetik ve Kozmetik,+905051531092,Güzellik Salonu
Selmirayavuzergüzellikbakım,+905325863816,Güzellik Salonu
724 Güzellik Merkezi,+905353234408,Güzellik Salonu
alya beauty center,+905366432195,Güzellik Salonu
N'ALA BEAUTY SALOON,+905540048844,Güzellik Salonu
By Tuğçe Akman Güzellik Merkezi,+905338972137,Güzellik Salonu
Dr.Yakup Uçar - Medikal Estetik Bahçeşehir,+905327902454,Güzellik Salonu
Shinest Estetik,+905073780303,Güzellik Salonu
Özel Dermaled Polikliniği,+902126698259,Güzellik Salonu
Pudra Epilasyon Studio,+905334513967,Güzellik Salonu
Kuğu Nail Art,+905467992506,Güzellik Salonu
Avcılar Protez Tırnak BY Ferah,+905400250797,Güzellik Salonu
Cerrahi Grup Avcılar Ağız ve Diş Sağlığı Polikliniği,+905324493368,Diş Kliniği
Selenge Estetik,+905013218412,Güzellik Salonu
Nova Güzellik Salonu,+905553716892,Güzellik Salonu
Uzm. Kl. Psk. Merve Usta,+905327279388,Psikolog / Terapist
Klinik Psikolog Ezgi Albaş Gürkan,+905531806799,Psikolog / Terapist
Uzman Psikolog Havva Tecer,+905551580334,Psikolog / Terapist
Psikolog Nazlı Melek AKÇA,+905557522985,Psikolog / Terapist
İBB Avcılar Psikolojik Danışmanlık Merkezi,+902124498157,Psikolog / Terapist
Else Psikoloji Eğitim ve Danışmanlık Merkezi,+905447723849,Psikolog / Terapist
Klinik Psikolog Hande Tümsa,+905337924211,Psikolog / Terapist
"Psikolojik Danışman Aslı Salman Aile Çift Danışmanı- Çocuk Ergen Yetişkin danışmanlık, Oyun Danışmanlığı, Psikolog desteği",+905388463778,Psikolog / Terapist
Leda Psikoloji - Bahçeşehir Psikolog,+905309935332,Psikolog / Terapist
Klinik Psikolog Pınar Aydoğan Çiftegöz,+905354094704,Psikolog / Terapist
Beylikdüzü Psikolog / Psikolog Fethi Can Bozkaplan,+905464617506,Psikolog / Terapist
Klinik Psikolog Mesut Kaya,+905342975938,Psikolog / Terapist
Psikolog Kudret Atik,+905303423793,Psikolog / Terapist
Humanİst Psikolojik Danışmanlık,+905073488200,Psikolog / Terapist
Kadim Psikoloji,+905057161004,Psikolog / Terapist
Klinik Psikolog Süreyya Karaşin,+905356164797,Psikolog / Terapist
Psikolog Ebranur Özcan,+908508113592,Psikolog / Terapist
Yeşilay Danışmanlık Merkezi (YEDAM) İstanbul-Avcılar,+902126947675,Psikolog / Terapist
Psk. Gizem Yılmaz,+908504748463,Psikolog / Terapist
Uzm. Diyetisyen İkra İrem Medenioğlu - Uzm. Klinik Psikolog Büşra Medenioğlu,+905530927959,Psikolog / Terapist
"Psk. Mustafa Karasakal, Psikoloji",+908503338344,Psikolog / Terapist
"Klinik Psikolog Melisa Küpeli, Birey ve Çift Terapisti",+905343003314,Psikolog / Terapist
Psk. Buse Demirhan,+908508116083,Psikolog / Terapist
Bahçeşehir Psikolog - Go Psikoloji,+905542744634,Psikolog / Terapist
Psikolog Çiğdem Çalışkan,+905378380485,Psikolog / Terapist
Klinik Psikolog & Psikoterapist Hayal Hamza,+905050555383,Psikolog / Terapist
BlauTerapi,+905345191029,Psikolog / Terapist
Psikolog Dilek Sevil,+905057667834,Psikolog / Terapist
Sina Health Studio Psikolojik Danışmanlık ve Holistik Şifa Merkezi,+905326937073,Psikolog / Terapist
Özel Sağlık Hizmet Birimi Uzman Ergoterapist Sedanur Özdemir,+905434271503,Psikolog / Terapist
Materyal,+905300000000,Psikolog / Terapist
Psikolog Dilan Alhas,+905331484481,Psikolog / Terapist
Elif Üstünbaş Yaşam Koçluğu ve Danışmanlık Merkezi,+905544055783,Psikolog / Terapist
Психолог Татьяна Карасёва Ментальная экология,+905385811380,Psikolog / Terapist
PSiKOLiUM Danışmanlık ve Koçluk Merkezi Beylikdüzü Psikolog & Beylikdüzü Pedagog,+902128720088,Psikolog / Terapist
İstanbul'UM Psikolojik Danışmanlık Merkezi,+905434661560,Psikolog / Terapist
Klinik Psikolog Tuğba Özdemir Kızılay,+905418492639,Psikolog / Terapist
"Uzm. Dr. Hanife Yılmaz Çengel Muayenehanesi, Psikiyatri",+905436888041,Psikolog / Terapist
Uzman Klinik Psikolog Seda Esmeroğlu,+905306086725,Psikolog / Terapist
Klinik Psikolog İrem Toprakseven,+905058501021,Psikolog / Terapist
"Klinik Psikolog Eylül Ağgül | Oyun Terapisi, Bilişsel Davranıçı Ergen&Yetişkin Terapisi",+905343680379,Psikolog / Terapist
Uzman Klinik Psikolog Huriye Çevik,+905348203595,Psikolog / Terapist
Perseus Psikoloji Danışmanlık Merkezi,+905055331993,Psikolog / Terapist
Uzman Klinik Psikolog Deniz Çalı,+905325880693,Psikolog / Terapist
Uzman Diyetisyen Melike Çetintaş,+905380254040,Diyetisyen
Serap Aydın Psikolojik Danışmanlık Merkezi,+905454228676,Psikolog / Terapist
İSDEM Psikoloji - İstanbul Danışmanlık ve Eğitim Merkezi,+905320508930,Psikolog / Terapist
Uzman Klinik Psikolog Eda Öztürk,+905525365446,Psikolog / Terapist
Maxxdent Ağız Ve Diş Sağlığı Polikliniği (Avcılar Diş),+902125096290,Diş Kliniği
T.C. Sağlık Bakanlığı Avcılar Ağız ve Diş Sağlığı Merkezi,+902124200832,Diş Kliniği
DentSay İstanbul Ağız ve Diş Sağlığı Polikliniği,+905312992090,Diş Kliniği
Seçkin Diş Ağız ve Diş Sağlığı Polikliniği,+902126255555,Diş Kliniği
DENTİPOL AĞIZ VE DİŞ SAĞLIĞI POLİKLİNİĞİ,+902126901151,Diş Kliniği
"Özel Dore Avcılar Ortodonti, İmplant ve Ağız Diş Sağlığı Polikliniği",+905512614212,Diş Kliniği
Mega Avcılar Marmara Ağız Ve Diş Sağlığı Polikliniği,+905526970303,Diş Kliniği
Kardent Ağız ve Diş Sağlığı Ltd. Şti.,+902124231029,Diş Kliniği
Özel 34 Ağız ve Diş Sağlığı Polikliniği | Avcılar Diş Hekimi | Diş Polikliniği | İmplant Tedavisi | Zirkonyum Kaplama,+905337310334,Diş Kliniği
Grön Dent Ağız Ve Diş Sağlığı Polikliniği,+902125901030,Diş Kliniği
İMAJ Ağız ve Diş Sağlığı Polikliniği,+905309984536,Diş Kliniği
Özel Modern Ağız ve Diş Sağlığı Polikliniği (Şükrübey Şubesi),+902126953366,Diş Kliniği
Özel Modern Ağız ve Diş Sağlığı Polikliniği (Avcılar Şubesi),+905330935575,Diş Kliniği
Özel Budak diş ağız ve diş sağlığı polikliniği Avcılar,+905528861066,Diş Kliniği
Ay Işığı Ağız ve Diş Sağlığı Polikliniği,+902128033939,Diş Kliniği
Özel Avcılar Avrasya Ağız ve Diş Sağlığı Polikliniği,+908502599000,Diş Kliniği
Ecs Ağız ve Diş Sağlığı Polikliniği,+905380588091,Diş Kliniği
Özel Ber Ağız ve Diş Sağlığı Polikliniği,+905331443818,Diş Kliniği
Diş hekimi Alpay Coşkun,+905073780289,Diş Kliniği
ÖZEL UFUK KAHYA AĞIZ VE DİŞ SAĞLIĞI POLİKLİNİĞİ,+902126763981,Diş Kliniği
Özel Firuzköy Ağız ve Diş Sağlığı Polikliniği,+905306380121,Diş Kliniği
DT. TOLGA DİKİCİ,+902126941694,Diş Kliniği
Özel Klinik Loca Ağız ve Diş Sağlığı Polikliniği,+905403214040,Diş Kliniği
Diş Hekimi Deniz Akın Dental clinic | Dentist l Avcilar l,+905465191109,Diş Kliniği
Kadir Kurt Ağız ve Diş Sağlığı Polikliniği,+905304809025,Diş Kliniği
Diş Hekimi Hande Kahya ağız ve diş sağlığı polikliniği,+902124200210,Diş Kliniği
Gelişim Avrupa Ağız ve Diş Sağlığı Polikliniği,+905435408191,Diş Kliniği
Kristaldiş Ağız ve Diş Sağlığı Polikliniği ıspartakule,+902129231347,Diş Kliniği
Diş Hekimi Özcan Laçin,+902126959500,Diş Kliniği
ÖZEL DENTALES AĞIZ VE DİŞ SAĞLIĞI POLİKLİNİĞİ,+902124285577,Diş Kliniği
Özel Begonvil Ağız ve Diş Sağlığı Polikliniği,+902124211910,Diş Kliniği
Sone Ağız ve Diş Sağlığı Polikliniği,+905010725044,Diş Kliniği
Özel Altıgen Diş Ağız ve Diş Sağlığı Polikliniği,+902128126156,Diş Kliniği
Vitalia Clinic Istanbul,+905496547701,Diğer (Sağlık & Bakım)
Balkan Ağız Ve Diş Sağlığı Polikliniği,+902124233280,Diş Kliniği
Nirvana Dent,+902126944044,Diş Kliniği
Diş Hekimi Kadir Süzer,+902126944151,Diş Kliniği
Esentürk Ağız ve Diş Sağlığı Polikliniği,+905010149393,Diş Kliniği
EBRULİ AĞIZ VE DİŞ SAĞLIĞI HİZMETLERİ TİCARET LİMİTED ŞİRKETİ,+902128096280,Diş Kliniği
Dr. Can Erdem Akkaya,+902125901614,Diş Kliniği
Dt.Halide Çilo Dental Clinic,+902125912190,Diş Kliniği
Diş Hekimi Hasan Yılmaz,+902125904642,Diş Kliniği
Surgery Group Dental Clinic-Avcılar,+905383713368,Diş Kliniği
Diş Hekimi Eliz Engin,+902125097347,Diş Kliniği
IMPLANT INSTITUTE AĞIZ VE DİŞ SAĞLIĞI POLİKLİNİĞİ,+905538808215,Diş Kliniği
T.C. Sağlık Bakanlığı Yeşilova Diş Tedavi ve Protez Merkezi,+902125920033,Diş Kliniği
Diş hekimi Serkan koç muayenehanesi,+902124230992,Diş Kliniği
DİŞ HEKİMİ VASFİYE ŞAHİN,+902126952661,Diş Kliniği
Diş Hekimi Neşe Öztütüncü,+902125935484,Diş Kliniği
İNOVASYON AĞIZ VE DİŞ SAĞLIĞI POLİKLİNİĞİ,+905333757723,Diş Kliniği
Triadentist Ağız Diş Sağlığı Kliniği,+902126944216,Diş Kliniği
Bein Clinic,+905013500050,Diş Kliniği
BAL CLINICS Aesthetic Dentistry & Orthodontics ( Dt.Ercan BAL &Dr. Aylin BAL),+905455838391,Diş Kliniği
Diş Hekimi Ömer Riyadoğlu - طبيب اسنان - عيادة اسنان - Dentist,+905344500251,Diş Kliniği
Europe Dental Clinics Istanbul,+905076172932,Diş Kliniği
Di̇ş Protez Laboratuari,+905326656835,Diş Kliniği
Dişhekimi Nalan Öztürk,+905436851622,Diş Kliniği
BEST CLINIC ISTANBUL,+905431574540,Güzellik Salonu
Diş Hekimi Yavuz Selim Bilgiç,+902124222220,Diş Kliniği
Diş Hekimi Salih Karaoğlu,+902126959080,Diş Kliniği
Me Smiles Ağız ve Diş Sağlığı,+905523331403,Diş Kliniği
2B Dental Clinic,+905332662744,Diş Kliniği
Diş Hekimi Mehmet cemal sürmen,+902125099271,Diş Kliniği
Lima Veteriner Kliniği,+905417333435,Veteriner
ATAMER Ağız ve Diş Sağlığı Polikliniği,+905013245500,Diş Kliniği
Fizyomia Fizik Tedavi Merkezi İstanbul Avcılar - Uzman Fizyoterapist Selin Şensoy,+905411098842,Psikolog / Terapist
Diş Hekimi Sabriye Sever Akçarlı,+902124210160,Diş Kliniği
"Doktor Velit Çelebi Muayenehanesi , Hacamat , Sülük , Ozon , Serum , Kan alma hizmetleri",+905529515556,Diğer (Sağlık & Bakım)
Medcare Beauty Clinic,+905011036429,Güzellik Salonu
Diş Hekimi Serap Vural,+902126957848,Diş Kliniği
Medicus Veritas Veteriner Kliniği,+902126940008,Veteriner
WHM CLINIC,+905441600160,Güzellik Salonu
Hangar Dövme Stüdyosu - Beylikdüzü,+905398801127,Dövme & Piercing
Odysseia Tattoo,+905312469444,Dövme & Piercing
UKV TATTOO,+905376602371,Dövme & Piercing
Purple Ink Tattoo & Piercing,+905541822840,Dövme & Piercing
S & S TATTOO GALLERY | AVCILAR DÖVME | AVCILAR TATTOO | PİERCİNG,+905439761968,Dövme & Piercing
Atölye 21 Tattoo Avcılar (Avcılar Dövme),+905535947509,Dövme & Piercing
KİRPİ TATTOO,+905452018080,Dövme & Piercing
Lukez Tattoo Piercing,+905331345747,Dövme & Piercing
Avcılar Dövme Eğitimi,+905322583769,Dövme & Piercing
Rh+ Tattoo & Piercing,+905376021737,Dövme & Piercing
Wound Band Tattoo Burak erdoğan,+905439450055,Dövme & Piercing
Klinik Tattoo Piecing Dövme Silme,+905354245222,Dövme & Piercing
Tattoo Piercing kemal aslan,+905455699497,Dövme & Piercing
Scream Tattoo Piercing,+905389602049,Dövme & Piercing
tatto smilee by bilgin,+905320549726,Diş Kliniği
Bydovmeci,+905373755570,Dövme & Piercing
Ahsapyakma Tattoo,+905322741640,Dövme & Piercing
tattoo Ünal mestan,+905313173442,Dövme & Piercing
Tattoo kotan,+905304251534,Dövme & Piercing
Piercingtr,+905069138889,Dövme & Piercing
Asgard Tattoo & Piercing | Beylikdüzü | Esenyurt Dövme Stüdyosu,+905322475205,Dövme & Piercing
İstanbul Tattoo İnk,+905011163334,Dövme & Piercing
Beylikdüzü Dövme Stüdyosu | TattooTime Istanbul,+905325508212,Dövme & Piercing
Redwolf Tatto,+905317380432,Dövme & Piercing
E2 Studio Tattoo & Piercing,+905393666626,Dövme & Piercing
Janus Tattoo Beylikdüzü | Dövme Stüdyosu,+905417205113,Dövme & Piercing
Raziel Tattoo,+905522553187,Dövme & Piercing
Burn Tattoo ART,+905382056379,Dövme & Piercing
Beylikdüzü Dövme Tattoo Sanat Evi,+905369580585,Dövme & Piercing
Savor Tattoo,+905335923438,Dövme & Piercing
TATTOO SALON ALINA,+905360203446,Dövme & Piercing
Hugi Artistic Tattoo,+905326062886,Dövme & Piercing
Joker Tattoo Beylikdüzü,+905547093827,Dövme & Piercing
Vincent Tattoo Stüdyo,+905359233620,Dövme & Piercing
Tattoo Ve Kalıcı Makyaj Uzmanı Onur Atmaca,+905354882885,Dövme & Piercing
tattoo gökhannn,+905302056705,Dövme & Piercing
Cennet Dövme Stüdyosu,+905323932114,Dövme & Piercing
Dynamic Tattoo - Sefaköy Dövme Ve Piercing Stüdyosu,+905423933405,Dövme & Piercing
Papyon Tattoo studio,+905423620387,Dövme & Piercing
Emirfidantattoo,+905376326308,Dövme & Piercing
ÇAKIR TATTOO STÜDİO,+905053267536,Dövme & Piercing
Toomi Tattoo,+905467107000,Dövme & Piercing
Cleopatra INK Tattoo & Piercing Beylikdüzü,+905307006434,Dövme & Piercing
Matmazel Tattoo Piercing,+905459495950,Dövme & Piercing
beataa tattoo shop,+905077491830,Dövme & Piercing
Goldfinch Tattoo Studio,+905378368120,Dövme & Piercing
Ustadtattoo Kalıcı Dövme Kaş Kontür..,+905393245472,Dövme & Piercing
Golden Wolf Ink | Dövme ve Piercing,+908503070368,Dövme & Piercing
Tattoo WIND (Home Studio Dövme),+905394320312,Dövme & Piercing
Beylikdüzü dövmeci R.I.P TATTOO PIERCING ARTCEM BEYLİKDÜZÜ,+905387471063,Dövme & Piercing
H2o TATTOO,+905448240711,Dövme & Piercing
Dragonfly Tattoo Studio,+905334990971,Dövme & Piercing
Escape Tattoo Studio (Dövme Stüdyosu),+905314065480,Dövme & Piercing
Dem Ink Tattoo,+905431856606,Dövme & Piercing
old rose tattoo,+905304158631,Dövme & Piercing
Tattoo LİVA Piercing,+905305889875,Dövme & Piercing
Tattoo.casa,+905444266860,Dövme & Piercing
Okami Tattoo Studio,+905061228226,Dövme & Piercing
Poison Tattoo,+905322584017,Dövme & Piercing
Avcı Tattoo,+905439162523,Dövme & Piercing
Ercan Temur İnternational Tattoo,+905322181777,Dövme & Piercing
BAYKUŞ DÖVME,+905345511887,Dövme & Piercing
Rad Tattoo Studio,+905469303089,Dövme & Piercing
Ayhan Erkin Tattoo & Piercing Stüdyosu,+905367257026,Dövme & Piercing
Chucky Tattoo,+905383290072,Dövme & Piercing
Koriko Ink Tattoo Studio,+905389751197,Dövme & Piercing
Corridor Tattoo,+905453991302,Dövme & Piercing
Riot Tattoo,+905386394831,Dövme & Piercing
inKedible TATTOO,+905304218892,Dövme & Piercing
Ispartakule Atakan özdemir tattoo stüdio,+905331653881,Dövme & Piercing
Sılver Tattoo,+905077850163,Dövme & Piercing
İnkshahin,+905432628660,Dövme & Piercing
SAN DÖVME STÜDYOSU,+905551730216,Dövme & Piercing
Tattoo by Mete,+905362747634,Dövme & Piercing
FT Tattoo,+905308773454,Dövme & Piercing
Gürkan Duman Tattoo Dövme & Piercing,+905531042722,Dövme & Piercing
ADE tattoo studio,+905304921082,Dövme & Piercing
"Goldenlines tattoo,Tattoo Sefaköy , Dövme ve Piercing Stüdyosu",+905422798865,Dövme & Piercing
timtattooart,+905312037220,Dövme & Piercing
Anday Tattoo Studio,+905559661489,Dövme & Piercing
Diyetisyen Meltem Aydın,+905372887718,Diyetisyen
Diyetisyen Gizem Eti Beslenme ve Diyet Danışmanlığı,+905358318688,Diyetisyen
DİYETİSYEN DUYGU SOYLU BESLENME VE DİYET DANIŞMANLIĞI,+905395560534,Diyetisyen
DİYETİSYEN Sakine Kulaksız,+905346969014,Diyetisyen
Diyetisyen Cennet Filik,+908508116435,Diyetisyen
Diyetisyen Nilay Köç Beslenme ve Diyet Danışmanlığı,+905060435456,Diyetisyen
Uzm. Diyetisyen Gizem Yaman Sağlıklı Beslenme ve Diyet Merkezi,+905398683310,Diyetisyen
Diyetisyen Sena Yaran Özdemir | Kişiye Özel Beslenme ve Diyet Danışmanlığı,+905451539146,Diyetisyen
Diyetisyen Nurten Önre,+905520165699,Diyetisyen
Liva Diet (Diyetisyen Elif Tükenmez & Diyetisyen Günay Kocakaplan),+905326524417,Diyetisyen
Diyetisyen Esra Aytaş,+905334943076,Diyetisyen
Diyetisyen Damla Yaren Tacar - Beslenme ve Diyet Merkezi,+905307678697,Diyetisyen
Diyetisyen Mihriban Akdağ Beslenme Ve Diyet Danışmanlık Merkezi Avcılar,+905079675409,Psikolog / Terapist
Bahçeşehir - Diyetisyen Fatmanur Demir,+905333097724,Diyetisyen
Diyetisyen GÜL Seda Tanrıverdi,+905528133618,Diyetisyen
MyFit Aktif Yaşam Merkezi,+905356589528,Diyetisyen
Beauty&Slim Beslenme ve Diyet Merkezi,+905338100383,Diyetisyen
Diyetisyen Kübra Yıldız Beslenme Ve Diyet Danışmanlık Merkezi,+905378346445,Psikolog / Terapist
Diyetisyen Serap ÖZÇAM,+905464401519,Diyetisyen
Denge Beslenme Ve Danışmanlık Merkezi,+905547205732,Psikolog / Terapist
Diyetisyen Kübra Aydın Başaran,+905469575509,Diyetisyen
Nurşah Özet Beslenme ve Diyet Danışmanlığı,+905551889600,Diyetisyen
M Form Diyet ve Pilates Merkezi,+905323437401,Diyetisyen
Gülsipan Yaşar,+905069622341,Diyetisyen
Diyetisyen Damla Arslan,+905399431052,Diyetisyen
Diyetisyen Buket Mutioğlu,+905416128538,Diyetisyen
Diyetisyen Zeynep Yaren Kaya,+908504747735,Diyetisyen
Diyetisyen Çağlanur Korkmaz,+905539794348,Diyetisyen
FLEX GYM,+902125092000,Kuaför / Berber
The Pilates Studio,+905326772007,Pilates / Yoga
Atlantis Studio Pilates - Fitness - EMS,+905548463454,Pilates / Yoga
Ems Avcılar Pilates Fitwin Studio,+905458674932,Pilates / Yoga
Studio Therapy Sport Club,+905314985404,Pilates / Yoga
Be Strong Fit Club,+905418722126,Kuaför / Berber
Ays pilates studio,+905071356871,Pilates / Yoga
NK Pilates Studio,+905444063721,Pilates / Yoga
Vi FizyoPilates,+905309375001,Fizyoterapi
Gülşah Doğan pilates studio,+905422429595,Pilates / Yoga
Marin Fit Pilates,+905050585676,Pilates / Yoga
BERFİN KARA PİLATES,+905392963575,Pilates / Yoga
Beyond Pilates Studio® By Hatice Bayraktar,+905075162619,Pilates / Yoga
Fitamine Avcılar,+902124162222,Kuaför / Berber
SPORIUM SPORTS AVCILAR,+902126949800,Kuaför / Berber
Fit Lady Seda Arıoğlu,+905366642681,Pilates / Yoga
Pilates by Şafak,+902126951870,Pilates / Yoga
Online Pilates Atölyesi,+905529339937,Pilates / Yoga
Real Şampiyon Spor Salonu,+902125931617,Kuaför / Berber
Mustafa Akansel Spor Kulübü,+902125903141,Kuaför / Berber
GYM LABS,+905352000921,Kuaför / Berber
Elite Spor Gym,+902125917336,Kuaför / Berber
KAM FİT GYM,+905423934023,Kuaför / Berber
HULK GYM,+905451210404,Kuaför / Berber
Çi Gym - Fitness & Fight Club,+905377041336,Kuaför / Berber
214 Forces Gym,+905421120214,Kuaför / Berber
She Hulk (Kadınlara Özel Spor Salonu),+905431640404,Kuaför / Berber
"GO PİLATES CENTER by ""Gülşah ÖZER""",+908503053465,Pilates / Yoga
ORHAN DOĞAN SPOR KULÜBÜ,+902125909902,Kuaför / Berber
Voit Fitness,+902124200009,Kuaför / Berber
OXİON FİTNESS,+905400090404,Kuaför / Berber
More Gym Spor Salonu – Avcılar,+905074769147,Kuaför / Berber
Tunçel Spor Kulübü,+902125907226,Kuaför / Berber
Regeneration GYM,+905335018564,Kuaför / Berber
Liva Spor Kulübü,+905071230022,Kuaför / Berber
Swan Dive Pilates,+905458121696,Pilates / Yoga
Avcılar Kadıköy Boks Spor Kulübü,+905418595884,Kuaför / Berber
PlayBox Avcılar / Kadınlara Özel Spor Salonu,+905513414959,Kuaför / Berber
SEFA DOSEM SPOR KULÜPLERİ Fitness&Wellness&Karate-do&Kıckbox,+902124236512,Kuaför / Berber
Be. Pilates & Yoga,+905382604776,Pilates / Yoga
KANDEMİR FİTNESS,+905469322125,Kuaför / Berber
Akbulut Gençlik Spor Merkezi,+905443375858,Kuaför / Berber
Space Gym,+902125915167,Kuaför / Berber
The GYM A+ Fitness & Spa Bahçeşehir / Ispartakule - Ağaoğlu,+902124050002,Kuaför / Berber
İkiz Efsane Spor Kulübü,+905362643212,Kuaför / Berber
STONECOLD GYM,+908503468862,Kuaför / Berber
Zin Fit Pilates Stüdyo - Avcılar,+905377363712,Pilates / Yoga
Her Gun Spor,+905528078890,Kuaför / Berber
ŞAH MAT SPOR KÜLÜBÜ,+905307665390,Kuaför / Berber
Bahar Acar Güzellik Salonu,+902129550606,Güzellik Salonu
ZEYN güzellik salonu,+905451830202,Güzellik Salonu
Kuantum sağlık ve güzellik,+905067640202,Güzellik Salonu
ZEHRA ÜNSAL GÜZELLİK SALONU,+905458930520,Güzellik Salonu
Estesline Güzellik Salonu Bağcılar,+905324501131,Güzellik Salonu
Özüm Güzellik Salonu,+905386986158,Güzellik Salonu
Volans Güzellik Salonu,+905545055656,Güzellik Salonu
ALTINTAŞ GÜZELLİK SALONU,+905300236132,Güzellik Salonu
Figen Yıdırım Güzellik Salonu,+905557644562,Güzellik Salonu
Türkan Güven Güzellik Salonu,+905451971015,Güzellik Salonu
SEVİM ALAN BAĞCILAR,+905300877021,Güzellik Salonu
ANKA GÜZELLİK SALONU,+905398117427,Güzellik Salonu
Eslina Estetik & Güzellik Merkezi,+902128230888,Güzellik Salonu
Fatma Yılmaz Beauty Vip,+902124331261,Güzellik Salonu
TYANA GÜZELLİK BAĞCILAR,+905052498101,Güzellik Salonu
EsteMuka Güzellik Salonu VIP,+905426107725,Güzellik Salonu
İNCİ GÜZELLİK MERKEZİ,+905533327640,Güzellik Salonu
Elit Derma Clinic,+905073536383,Güzellik Salonu
Nuray Yıldız Mahmutbey,+905427601500,Güzellik Salonu
Neu Güzellik Merkezi - Bağcılar,+905339682633,Güzellik Salonu
Saadet_i âla estetik güzellik,+905464162727,Güzellik Salonu
Aris Ezgi Doğan Güneşli VIP Güzellik Merkezi,+905321377804,Güzellik Salonu
Dessa Güzellik,+905303630165,Güzellik Salonu
Salon ON Saç Dizayn,+902125152829,Kuaför / Berber
V&P GÜZELLİK / BAKIM,+905303711434,Güzellik Salonu
Duru Estetik ve Güzellik Merkezi,+905524501034,Güzellik Salonu
ŞÜKRAN YILMAZ GÜZELLİK SALONU,+905339385134,Güzellik Salonu
Ogün ÖZGÜR Güzellik Salonu,+905054714997,Güzellik Salonu
DENİZ SARYA güzellik,+902125640965,Güzellik Salonu
Güzellik merkezi,+905462088816,Güzellik Salonu
BURCU ŞANLI bayan Kuaför Güzellik Salonu Güneşli deki Kuaförler Gelin Başı Saç Röfle Türban Omre Keratin Ağda Makyaj Güneşli,+905367087505,Güzellik Salonu
Starmed Güzellik Salonu,+902126341018,Güzellik Salonu
Nazire Cengiz Bakım Salonu,+905303947659,Güzellik Salonu
SALON ES KUAFÖR VE GÜZELLİK SALONU,+902124892660,Güzellik Salonu
Reina Güzellik Güneşli,+905528508582,Güzellik Salonu
Özlem'de Beauty - Güzellik Salonu,+905548294030,Güzellik Salonu
Yasemin Pala Kuaför & Güzellik Salonu,+905383099338,Güzellik Salonu
Es&AS Güzellik Salonu,+905326218539,Güzellik Salonu
Merhaba Güzellik,+905073383880,Güzellik Salonu
Starliçe Güzellik Salonu,+902125086696,Güzellik Salonu
Su Bayan Güzellik,+905378474759,Güzellik Salonu
Erol Bulut Kuaför ve Güzellik Salonu (Güneşli),+905066720016,Güzellik Salonu
Honey İksir Güzellik Salonu,+902126343463,Güzellik Salonu
Kuaför Salih Karabulut,+905495495318,Kuaför / Berber
Sultan Güzellik Salonu,+902124464241,Güzellik Salonu
Fatih Demiröz Hair Designer Erkek Kuaförü Bağcılar İstanbul,+905423620236,Kuaför / Berber
Mehmet bahçecik Bay Bayan Kuaför.,+905528496240,Kuaför / Berber
Alev Kuaför,+902126570889,Kuaför / Berber
Eminem Güzellik Salonu,+905374308921,Güzellik Salonu
Salon Maviş Kuaför,+905304496413,Kuaför / Berber
Miranda Güzellik,+905392028855,Güzellik Salonu
Salon Buğra,+905462500005,Kuaför / Berber
Ss Clinic Bağcılar,+905445053760,Güzellik Salonu
Dora Spa Masaj Salonu Bağcılar | Spa Merkezi,+905385674450,Kuaför / Berber
Şeyla Bayan Kuaförü,+902124745236,Kuaför / Berber
pati kuaför kapında,+905308325871,Kuaför / Berber
Mustafa Uğraşkan Barber’S Club Erkek Kuaförü Bağcılar İstanbul,+905525071919,Kuaför / Berber
Anemor güzelik salonu,+905538396356,Güzellik Salonu
ONUR EKER BAYAN KUAFÖR SALONU,+905055992298,Kuaför / Berber
SalonCeyhun,+902125502857,Kuaför / Berber
Hairway Women's and Men's Hairdresser Barber Shop - Bay Bayan Vıp Kuaför Salonu,+905398220866,Kuaför / Berber
Salon Elmas KİRAZLI,+905326493610,Kuaför / Berber
CANFER GÖRMÜŞ HAİR ARTİST ERKEK KUAFÖRÜ BAĞCILAR İSTANBUL,+905305919353,Kuaför / Berber
By Aycha Men&Women Hair Design,+902128019387,Kuaför / Berber
Tuba Kuaför,+905462050401,Kuaför / Berber
DİLAN KORKMAZ KUAFÖR & GÜZELLİK MERKEZİ,+905555443744,Güzellik Salonu
A&A Ekol Bay Bayan Kuaförü ve Güzellik Merkezi,+905538968757,Güzellik Salonu
KARAVAN BERBER,+905383606200,Kuaför / Berber
Serenity Güzellik Bağcılar,+902124366996,Güzellik Salonu
Batçı - Kuaför ve Uygulama Merkezi,+905302413474,Kuaför / Berber
Özlem Saç ve Tasarım,+905070578674,Kuaför / Berber
Semra Kışla Kuaför Salonu,+905526113419,Kuaför / Berber
Perihan Gelinlik ve Güzellik Salonu,+902124294961,Güzellik Salonu
Burcu Bayan Kuaförü & Güzellik Salonu,+902126516077,Güzellik Salonu
Sabahnur Bayan Kuaförü,+902124465789,Kuaför / Berber
Saloon Özgür Erkek Kuaförü,+905445333016,Kuaför / Berber
Barber cutx,+905462629634,Kuaför / Berber
Elif Taş Güzellik,+905467268219,Güzellik Salonu
İkon Spa & Masaj Salonu Bağcılar,+905514834598,Kuaför / Berber
Ada Güzellik Salonu,+902122401923,Güzellik Salonu
Tuğba Güzellik Salonu Kuaför,+902126467070,Güzellik Salonu
Gökhan ERKEK KUAFÖRÜ,+905556106172,Kuaför / Berber
MUSTAFA UĞUR HAİRSTYLİST,+905453009850,Kuaför / Berber
Şaheste İLÇİN,+905320677856,Kuaför / Berber
Semih Kuaför,+905387605997,Kuaför / Berber
Efendy Erkek Kuaförü,+905379137924,Kuaför / Berber
DRAİN BAYAN KUAFÖRÜ SAÇ TASARIM MERKEZİ,+902124347663,Kuaför / Berber
CERENİL Beauty,+902126308888,Güzellik Salonu
Zeyden bayan kuafor,+905523449140,Kuaför / Berber
EMRE ARSLAN KUAFÖR,+905466375544,Kuaför / Berber
Secret Art Bayan Kuaförü,+902126519757,Kuaför / Berber
Ebru bayan kuaförü güzellik salonu,+905326584796,Güzellik Salonu
SABRİYE & UĞUR. BAYAN KUAFÖRÜ. (. SABRİYE & UĞUR ),+905357447291,Kuaför / Berber
Kos Bayan Kuaförü,+902126020503,Kuaför / Berber
Emel Bayan Kuaförü,+905076283389,Kuaför / Berber
Emre üstün kuaför,+905356211092,Kuaför / Berber
Almila Bayan Kuaförü,+902124624786,Güzellik Salonu
Zin Bayan Kuaförü,+902125505762,Kuaför / Berber
Senkoop Bayan Kuaförü,+905555206071,Kuaför / Berber
Engin Kuaför,+902126472068,Kuaför / Berber
Efsane Bayan Kuaförü,+902124622229,Kuaför / Berber
TUEN KUAFÖR VE SAÇ TASARIM MERKEZİ - GÜNEŞLİ,+902124013472,Kuaför / Berber
Kuaför İmaj,+902124615672,Kuaför / Berber
Kuaför Aşkın,+905362164641,Kuaför / Berber
Kuaför By Hırçın,+905456555234,Kuaför / Berber
HAIR STUDIO Oğuz Galip berber,+905530063052,Kuaför / Berber
Sevda Bayan Kuaförü,+905366920384,Kuaför / Berber
Samet Yıldız Bay Bayan Kuaför Salonu Güneşli,+902126512152,Kuaför / Berber
Levent Kuaför,+905536257107,Kuaför / Berber
Fön1 Kuaför,+905353441622,Kuaför / Berber
Eyüp Uzun Erkek Kuaförü Yeni Adres,+905310336414,Kuaför / Berber
SALON MERT,+905379256969,Kuaför / Berber
By Zinar Hair Salon,+905549868593,Kuaför / Berber
Salon Barcode,+905375453286,Kuaför / Berber
Kuaför Emre,+905302211470,Kuaför / Berber
Salon Peri Güneşli,+905385737999,Kuaför / Berber
Salon Meta,+905379644888,Kuaför / Berber
Esra Bayan Kuaförü (Bağcılar olympik Stad),+905374556063,Güzellik Salonu
Arminas Bayan Kuaför,+905321654808,Kuaför / Berber
Salon Elmas yenimahalle,+905368425917,Kuaför / Berber
Ayka Bayan Kuaförü,+905364518213,Kuaför / Berber
Kuaför İbrahim,+905439550317,Kuaför / Berber
Gelincik Kuaför,+902125506362,Kuaför / Berber
Helin Bayan Kuaförü,+905448232424,Kuaför / Berber
Mega Parla Kuaför,+905352969898,Kuaför / Berber
GO HAIR | Batışehir,+905051696301,Güzellik Salonu
Altınbaş Kuaför Salonu,+902126344284,Kuaför / Berber
Canan Bayan Kuaför,+905354497228,Kuaför / Berber
AYDİNÇ KUAFÖR MALZEMELERİ,+902126592696,Kuaför / Berber
Salon Turgay,+905322618873,Kuaför / Berber
Değişim Bayan Kuaförü,+902126566857,Kuaför / Berber
Damla Bayan Kuaför,+905395177794,Kuaför / Berber
Zirve Erkek Kuaförü,+905322501852,Kuaför / Berber
Salon 60,+905384184560,Kuaför / Berber
Maciter Kuaför Malzemeleri,+902126590818,Kuaför / Berber
Altın Makas Erkek Kuaförü,+905426295431,Kuaför / Berber
İstanbul Health Center,+905527501514,Güzellik Salonu
"Esthetic Clinicall Merkez - Güzellik Merkezi, Cilt Bakımı, Bölgesel İncelme",+905052521336,Güzellik Salonu
Eslemertasbeauty,+905324213981,Güzellik Salonu
Bien Beauty Center Güzellik Merkezi,+905455235856,Güzellik Salonu
Nexus Estetik Polikliniği,+905372763989,Güzellik Salonu
Bağcılar Berim Beauty | Güzellik Merkezi,+905303271572,Güzellik Salonu
Batı ESS Güzellik Salonu,+902124623465,Güzellik Salonu
Ruken Fırat Güzellik Merkezi,+905534031717,Güzellik Salonu
HM Beauty Güneşli VIP Güzellik Merkezi,+905322445169,Güzellik Salonu
Styllaser *Gül Şen Beauty,+905322896320,Güzellik Salonu
Gardenya Beauty,+905336631505,Güzellik Salonu
Myclinique Güzellik Merkezi,+905317964127,Güzellik Salonu
Uzm.Dr.Gökhan Gürül,+905451270628,Diğer (Sağlık & Bakım)
Estemiraworld beauty,+905469576240,Güzellik Salonu
Şimşek Clinic Aesthetic,+905536367116,Güzellik Salonu
SG Estetik,+905359225909,Güzellik Salonu
Carnelian Guzellik & Estetik,+905537930234,Güzellik Salonu
Dr. Bağcılar Meme Estetiği,+905322946913,Güzellik Salonu
Duygu Es Beauty,+902125050085,Güzellik Salonu
Forever Clinica,+902128030072,Güzellik Salonu
Lazeres Estetik ve Güzellik Merkezi,+905307863444,Güzellik Salonu
Newface Estetik Akademi,+902126060022,Güzellik Salonu
Selly Beauty,+902124616127,Güzellik Salonu
NL medicine,+905334313822,Güzellik Salonu
Youna Beauty,+905304138464,Güzellik Salonu
Batışehir Beauty Center,+905496530818,Güzellik Salonu
MB BEAUTY CENTER,+905011438191,Güzellik Salonu
Be&Ra Estetik Güzellik Salonu,+905447885054,Güzellik Salonu
Corridor Bayan Kuaförü - Güzellik Merkezi,+905441695844,Güzellik Salonu
NewMe clinic Turkey,+905309199150,Diş Kliniği
Medicine Health Center,+905323912435,Diğer (Sağlık & Bakım)
Nexus güzellik merkezi haznedar,+902125047755,Güzellik Salonu
"VDS Diş Kliniği Güneşli Bağlar: Diş Çekimi, İmplant, Estetik Dolgu, Panoramik Röntgen, Lamine, Zirkonyum Kaplama",+905062500005,Diş Kliniği
Dr. Anvar Ahmedov,+905556102802,Güzellik Salonu
Rebirthian Clinic,+905011171777,Güzellik Salonu
Yaman Estetik,+905536634081,Güzellik Salonu
Uzm. Dr. Filiz Karalar,+908508117977,Diğer (Sağlık & Bakım)
Bağcılar Anahtar Psikolojik Danışmanlık ve Rehberlik Merkezi,+902124366838,Psikolog / Terapist
A&E Pencere Psikolojik Danışmanlık ve Eğitim Merkezi,+905455812491,Psikolog / Terapist
212 Psikoloji - Klinik Psikolog Naz Akkuş,+905401220212,Psikolog / Terapist
Dr. Yasemin Kamalı,+908508113274,Psikolog / Terapist
Psikolog Aysel Çetinkaya,+905331009089,Psikolog / Terapist
5 Renk Eğitim ve Danışmanlık,+905068484764,Psikolog / Terapist
Uzm. Klinik Psikolog Didem Koçoğlu,+905312810464,Psikolog / Terapist
Uzman Klinik Psikolog Buse Gözcü,+902128305054,Psikolog / Terapist
Psk. Sıla Bilgiç,+908504746806,Psikolog / Terapist
Bağcılar - Başakşehir - Halkalı - Psk. Ebru Tenli,+905528226310,Psikolog / Terapist
Pakuagram,+905321589782,Psikolog / Terapist
"Prof. Dr. Erdem Deveci, Psikiyatri",+905011421304,Psikolog / Terapist
Psikolojik Destek Merkezi,+905447243650,Psikolog / Terapist
Psikolog Büşra Kulüp,+905438182048,Psikolog / Terapist
Psikolog Gizem Kirşan,+905558837636,Psikolog / Terapist
Dünyagöz Bağcılar,+902124137951,Diğer (Sağlık & Bakım)
Diyetisyen Ezgi Şen Beslenme ve Danışmanlık Merkezi,+905411901786,Psikolog / Terapist
Psk. Gökçe karahan,+905457383984,Psikolog / Terapist
Psikolog/Aile Danışmanı Mert Kılıç,+905348149796,Psikolog / Terapist
Livora Coaching | Yaşam Koçu & Uzman Klinik Psikolog,+905541077305,Psikolog / Terapist
Nüha Psikoloji,+905465635460,Psikolog / Terapist
Dan. Cansel Bayram,+908503330388,Psikolog / Terapist
Uzman Psikolojik Danışman Pınar Gülmüş Gürsu / Online Psikolojik Danışmanlık,+905059164035,Psikolog / Terapist
Klinik Psikolog Okan Kurtuluş | İstanbul Psikolog,+905539095338,Psikolog / Terapist
PsikoYaşam Akademi,+905510893394,Psikolog / Terapist
Uzman Psikolog Hatice ACAR,+905396044032,Psikolog / Terapist
Diyetisyen Hanife Bingöl,+905464214059,Diyetisyen
Psikolog Nevzat ERTAŞ,+905412195107,Psikolog / Terapist
Çocuk Gelişim Uzmanı Esra Toraman,+902129126474,Psikolog / Terapist
Uzm. Klinik Psikolog Semanur BATCI,+905418441955,Psikolog / Terapist
Özel Bağcılar Ağız ve Diş Sağlığı Polikliniği,+902124350410,Diş Kliniği
Özel Bağcılar Ağız ve Diş Sağlığı Merkezi,+902124478787,Diş Kliniği
Nöbetçi Dişçi Bağcılar | Özel Bağcılar Güleryüz Diş Kliniği,+905428398558,Diş Kliniği
Turadent Ağız ve Diş Sağlığı Merkezi,+902126305757,Diş Kliniği
Esin Ağız ve Diş Sağlığı Polikliniği,+902124463019,Diş Kliniği
Sudent Ağız Ve Diş Sağlığı Polikliniği,+902126514241,Diş Kliniği
ÖZEL MAYDENT KLİNİK,+905415994646,Diş Kliniği
Özel Yeni Dünya Ağız ve Diş Sağlığı Polikliniği,+905321624413,Diş Kliniği
Özel Eftal Ağız ve Diş Sağlığı Polikliniği,+905531750637,Diş Kliniği
Doktordiş Ağız ve Diş Sağlığı Polikliniği,+902124450454,Diş Kliniği
Özel Familya Ağız ve Diş Sağlığı Polikliniği,+905302566083,Diş Kliniği
İstanbul Uzman Dental Ağız ve Diş Sağlığı Polikliniği,+902126343401,Diş Kliniği
KLİNİK NO2 AĞIZ VE DİŞ SAĞLIĞI POLİKLİNİĞİ,+902126466646,Diş Kliniği
Dentalpoint Ağız ve Diş Sağlığı Polikliniği,+905070507707,Diş Kliniği
Mehmet Eker Ağız ve Diş Sağlığı Polikliniği,+905322455912,Diş Kliniği
Bağcılar Safa Diş Ağız ve Diş Sağlığı Polikliniği,+902124621626,Diş Kliniği
Diş Konağı Ağız ve Diş Sağlığı Polikliniği,+905419330202,Diş Kliniği
Özel Ümit Ağız ve Diş Sağlığı Polikliniği,+902124353327,Diş Kliniği
Özel Meriç Ağız Ve Diş Sağlığı Polikliniği,+902124330509,Diş Kliniği
Bağcılar Diş Hekimi,+905335206372,Diş Kliniği
Özel Parkdent Ağız ve Diş Sağlığı Polikliniği,+902126550265,Diş Kliniği
Özel Yüzyıl Ağız Ve Diş Sağlığı Polikliniği,+902124323288,Diş Kliniği
Astradent Ağız ve Diş Sağlığı Polikliniği,+905060439043,Diş Kliniği
DEMİRTÜRK AĞIZ VE DİŞ SAĞLIĞI POLİKLİNİĞİ,+905552101680,Diş Kliniği
Özel Kirazlı Ağız ve Diş Sağlığı Polikliniği,+902125152299,Diş Kliniği
LATERAL AĞIZ VE DİŞ SAĞLIĞI POLİKLİNİĞİ,+905540224463,Diş Kliniği
Özel Estediş Ağız Ve Diş Sağlığı Polikliniği - Güneşli,+905544918644,Diş Kliniği
Diş Hekimi Selda Doğan,+902128920103,Diş Kliniği
Yeşilbağ Ağız Ve Diş Sağlığı Polikliniği,+902124624578,Diş Kliniği
MEDICINE Ağız ve Diş Sağlığı Polikliniği,+905308225696,Diş Kliniği
Özel Dentexpert Mahmutbey Ağız ve Diş Sağlığı Polikliniği,+905346357575,Diş Kliniği
AFİLDENT BAĞCILAR | Ağız ve Diş Sağlığı Polikliniği | BAĞCILAR DİŞ,+905323902453,Diş Kliniği
Acil Dişçi Güneşli | Nöbetçi Diş Kliniği Bağcılar | Özel MCT Diş Bağcılar Gece Açık Diş Kliniği,+905058493434,Diş Kliniği
Ayla Ağız ve Diş Sağlığı Polikliniği,+905538901122,Diş Kliniği
ÖZEL MT DİŞ Ağız ve Diş Sağlığı Polikliniği,+902128908448,Diş Kliniği
Diş Hekimliği - Gala Dental Clinic,+905424405584,Diş Kliniği
Özel Evren Diş Polikliniği Ağız Ve Diş Sağlığı Polikliniği,+902126517617,Diş Kliniği
Dental Ağız ve Diş Sağlığı,+905527163608,Diş Kliniği
Özel İnanç Ağız ve Diş Sağlığı Polikliniği,+905526850022,Diş Kliniği
Oskar Smile Poliklinik,+905334852022,Diş Kliniği
Diş hekimi Cemaleddin Bektay,+905433727635,Diş Kliniği
Diş Hekimi YILMAZ SEMERCİ,+902124893486,Diş Kliniği
Tekin Ağız Ve Diş Bağcılar Tabya,+905558793694,Diş Kliniği
Diş Hekimi Mehrin Şentürk,+902126512494,Diş Kliniği
DG DENTAL CLINIC,+905526729591,Diş Kliniği
Mkm Klinik Mahmutbey,+902126510061,Diş Kliniği
Alan Clinic,+905522245684,Diş Kliniği
SENAS DİŞ KLİNİĞİ,+905515443444,Diş Kliniği
Diş Hekimi Ercan Kuşçu,+902126340073,Diş Kliniği
Lerra Dental Clinic,+905399268888,Diş Kliniği
Diş Hekimi Dr. Mesut Parlak,+902124330243,Diş Kliniği
DentaHeal Ağız ve Diş Sağlığı Polikliniği Bağcılar Şubesi,+905431701444,Diş Kliniği
Bağcılar Diş Hekimi - Kilerci Dental,+905302405800,Diş Kliniği
H&M Dent Ağız ve Diş Sağlığı Polikliniği,+902126293225,Diş Kliniği
Diş Hekimi Güner Demir,+902125503169,Diş Kliniği
Aksu Clinic Dental Art,+905330669912,Diş Kliniği
Densa Ağız ve Diş Sağlığı Polikliniği- Mahmutbey Diş Hekimi,+905514543424,Diş Kliniği
Akkuş Ağız Ve Diş Sağlığı Polikliniği,+902124740967,Diş Kliniği
A.E.K AĞIZ VE DİŞ SAĞLIĞI,+905068309807,Diş Kliniği
Diş Hekimi Doğan Aygören,+905079249244,Diş Kliniği
Diş Hekimi,+902126300171,Diş Kliniği
O.Nuri Yazıcıoğlu,+902126517504,Diş Kliniği
Citydent Istanbul Dental Clinic,+902122384672,Diş Kliniği
Diş Hekimi Bora Alp,+902126285252,Diş Kliniği
Dicle Dent Clinic,+905313739504,Diş Kliniği
Diş Hekimi Aysan Çınarlı & Egemen Çınarlı,+905551474545,Diş Kliniği
Emin Eraslan,+902125501725,Diş Kliniği
Ülkü Kuş Diş Hekimi,+902124457945,Diş Kliniği
Diş Hekimi Havva Gazi,+902124458292,Diş Kliniği
Diş Hekimi Fatma Kılıçbay,+902124354355,Diş Kliniği
Diş Hekimi Arzu Nas,+902126304131,Diş Kliniği
Nöbetçi Dişçi Bahçelievler | Özbudent Ağız ve Diş Sağlığı Polikliniği,+902129098880,Diş Kliniği
Right Dental Clinic,+905518151954,Diş Kliniği
Diş Hekimi Dr. Görsev Canbolat,+902124464686,Diş Kliniği
Clinic Trip,+905444030592,Diş Kliniği
Yaman Surgery Center,+905332680123,Güzellik Salonu
Diş Hekimi Yasin KARA,+902125155504,Diş Kliniği
Diş Hekimi Dilek Nur TUNÇEL İNAL,+908504748481,Diş Kliniği
Viral Dental Clinic,+905461755419,Diş Kliniği
eternity smile,+905558874090,Diş Kliniği
"Larin Dental Clinic ( İmplant, Hollywood Smile, Alman İmplant, Yerli İmplant, Diş Beyazlatma, Zirkonyum Kaplama)",+902124715465,Diş Kliniği
INFINITY İnk Tattoo,+905340721446,Dövme & Piercing
İsmail inci tatto,+905520250571,Dövme & Piercing
Tattoo.byserkan,+905435471165,Dövme & Piercing
Ömür Tattoo,+905366049998,Dövme & Piercing
Cv Tattoo & Piercing,+905340107003,Dövme & Piercing
Erman Çakmak Tattoo Studıo,+905538502344,Dövme & Piercing
Güneşli The Woman Tattoo & Piercing,+905303033115,Dövme & Piercing
Korsan Tatto Studio,+905385864963,Dövme & Piercing
Wu-ju Tattoo,+905314389744,Dövme & Piercing
GG Tattoo,+905530331903,Dövme & Piercing
Loyalty Tattoo Piercing Studio,+905451387458,Dövme & Piercing
Arslan tattoo,+905427483929,Dövme & Piercing
Tattooevcim,+905387316159,Dövme & Piercing
Tatto Bee,+905446086224,Dövme & Piercing
Berkoink Tattoo,+905332561418,Dövme & Piercing
Sinem Gümüş & Tatto,+905388936142,Dövme & Piercing
Pulse Tattoo,+905304773699,Dövme & Piercing
Çınar Tattoo,+905372631546,Dövme & Piercing
RecNot Tattoo,+905442654119,Dövme & Piercing
BATU TATTOO,+902125699448,Dövme & Piercing
Ceku Tattoo,+905414524248,Dövme & Piercing
Raen Tattoo,+905364770034,Dövme & Piercing
Utopia Tattoo Home,+905523045219,Dövme & Piercing
Tattoo Ünal Mestan Dövme,+905384383442,Dövme & Piercing
tato emre,+905411314199,Dövme & Piercing
Roger Tattoo,+905387798489,Dövme & Piercing
Tattoo Time,+905330504460,Dövme & Piercing
Tattoo Piercing Dövme Sİlme Sütüdyosu,+905303971336,Dövme & Piercing
Tattoo Piercing Dövme Stüdyosu Sultangazi,+905372782504,Dövme & Piercing
Berkan Tattoo,+905304340814,Dövme & Piercing
Tattoo incir,+905373839322,Dövme & Piercing
Yakamoz Tattoo Ve Piercing,+905324155153,Dövme & Piercing
Dövmeci,+905432311393,Dövme & Piercing
Cleopatra INK Tattoo & Piercing Bakırköy Studio,+905011351088,Dövme & Piercing
Nyx Tattoo,+905520208227,Dövme & Piercing
Diyetisyen Eylül Uzun,+905321372567,Diyetisyen
Els Diyet Beslenme ve Diyet Danışmanlığı - Diyetisyen Elif Yılmaz,+902126514344,Diyetisyen
Diyetisyen Büşra Özçelik,+905373545755,Diyetisyen
Uzman Diyetisyen Hafize Ögün Dudioğlu,+905549878363,Diyetisyen
R-FORM DİYET,+905070835748,Diyetisyen
Diyetisyen Elif Gedik,+905301302805,Diyetisyen
Diyetisyen Meryem Yaman,+905382825566,Diyetisyen
Diyetisyen Zeynep Altıngül,+905307818996,Diyetisyen
ES-Life Sağlıklı Yaşam Merkezi - Diyetisyen Esin Coşkun,+905376069100,Diyetisyen
Diyetisyen Betül Korkmaz,+905537023680,Diyetisyen
Diyetisyen Ayşe Nur Ceyhan Beslenme ve Diyet Danışmanlık Merkezi,+905525644738,Psikolog / Terapist
Diyetisyen Esranur Uzun Beslenme ve Diyet Danışmanlığı Merkezi,+905387230595,Diyetisyen
"Diyetisyen Tülin Hastürk,Fonksiyonel Tıp Diyetisyeni",+905426163980,Diyetisyen
Diyetisyen Didem Usta Beslenme&Diyet Danışmanlığı Merkezi,+905435430308,Diyetisyen
Diyetisyen Kübra Çıtlak,+905434872610,Diyetisyen
Uzm. Dyt. Nazire Uzunalan,+905321112369,Diyetisyen
Diyetisyen Atakan Ceyhan,+905425035204,Diyetisyen
Diyetisyen sümeyye kırvar,+905422911948,Diyetisyen
Diyetisyen Gamze Nur Yılmaz,+905468207716,Diyetisyen
Uzman Diyetisyen Sena Kazan,+905444870800,Diyetisyen
Diyetisyen Ebrar Polat,+905522838121,Diyetisyen
Diyetisyen İnci Akdağ Ürünlü Beslenme ve Diyet Danışmanlık Merkezi,+905466678988,Psikolog / Terapist
Uzman Diyetisyen Hazal Kaya,+905362136281,Diyetisyen
Bağcılar Diyetisyen | Gamze Nur Yüksel – Beslenme ve Diyet Danışmanlığı,+905349348832,Diyetisyen
Halkalı Diyetisyen Gizem Çalışkan Akgül Beslenme ve Diyet Danışmanlığı Merkezi,+905348563421,Diyetisyen
Halkalı Diyetisyen Büşra Morkoç Sağlıklı Beslenme ve Diyet Danışmanlığı Merkezi,+905398546948,Diyetisyen
Diyetisyen Ahsen İrem Kurtuluş - MediForm Beslenme ve Diyet Danışmanlık Merkezi,+905304264881,Psikolog / Terapist
Fırat yaşam merkezi,+905443741322,Diyetisyen
Özel DES Evde Sağlık Hizmetleri,+905316897112,Diğer (Sağlık & Bakım)
Dyt. Tuğçe Hatice Özer,+908508119242,Diyetisyen
Yasin Karagöz Beslenme ve Diyet Danışmanlığı,+905343549847,Diyetisyen
Fit Station Bağcılar,+905303097029,Kuaför / Berber
Diyetisyen Dilan Aydoğan Yamak,+905422287148,Diyetisyen
Florya Beslenme ve Diyet Danışmanlığı(Diyetisyen Gökhan ÇELİK),+905399829379,Diyetisyen
"Uzman Diyetisyen Selvi Akman Bülbül Sürdürülebilir, Sağlıklı Beslenme Danışmanlığı",+905536464740,Diyetisyen
Diyetisyen Yunus BAŞ,+905063255169,Diyetisyen
Esra OLCAY,+905331222090,Diyetisyen
Elit Spor Salonu,+905406441046,Kuaför / Berber
LUNAVÉ Pilates Studio,+905416538035,Pilates / Yoga
Fizyo Bloom Pilates Studio,+905436446423,Pilates / Yoga
Pilates with Nagehan,+905304680584,Pilates / Yoga
Pilates with Nagehan & Elif,+905531421514,Pilates / Yoga
Fizyo Desa Pilates Studio,+905073873372,Pilates / Yoga
Galanthus pilates,+905455667328,Pilates / Yoga
Neva Pilates Club Ayşenaz Belen,+905373450509,Pilates / Yoga
bayan spor pilates,+905433930698,Pilates / Yoga
Box-Fit Pilates & Training Studio,+905011120034,Pilates / Yoga
Motion Pilates Studio,+905319692797,Pilates / Yoga
E&N FİT SPOR SALONU,+902124623142,Kuaför / Berber
Gym-Clinic Wellness Pilates,+905443035700,Pilates / Yoga
Utopia Studio Güneşli,+908503052829,Pilates / Yoga
Studio 29 Egzersiz Danışmanlık Merkezi,+905063595729,Psikolog / Terapist
Auralis Pilates Studio,+905541398086,Pilates / Yoga
SunFizyo Güneşlipark Pilates,+905321326114,Pilates / Yoga
Victorium Fitness,+905456228853,Kuaför / Berber
Yüksel Spor Salonu,+905439229680,Kuaför / Berber
NeXLife Fitness Spor Salonu,+902126511632,Kuaför / Berber
Meta Fit Club,+905387771199,Kuaför / Berber
Fit Station Parseller,+905344240229,Kuaför / Berber
Aydın Biçen Sports Center,+902126559555,Kuaför / Berber
York Athletic Club,+905331234989,Kuaför / Berber
Prenses Spor Güneşli,+902124745758,Kuaför / Berber
Gelişim Spor Kompleksi,+905383046729,Kuaför / Berber
MACFit Bağcılar Meydan,+908505327000,Kuaför / Berber
Gyms Fit House,+905451909724,Kuaför / Berber
Fit Station Ateştuğla,+902128128906,Kuaför / Berber
"Navitas Spa Merkezi ve Spor Salonu, Retaj Royale",+902126513644,Kuaför / Berber
Kuzey Pars Spor Salonu,+902124369481,Kuaför / Berber
Santa Monica GYM - Güneşli,+902126560767,Kuaför / Berber
Bodyguard Spor Salonu,+905354726895,Kuaför / Berber
"Atak Spor, Bağcılar",+905435833420,Kuaför / Berber
İron City Training Club,+905398303793,Kuaför / Berber
Fit Station Barbaros,+905012502200,Kuaför / Berber
Dnz kadınlara özel spor salonu,+905380350542,Kuaför / Berber
Panax Pro Gym Bağcılar,+905305058733,Kuaför / Berber
Bayrak Spor Merkezi Güneşli,+905325824971,Kuaför / Berber
Bağcılar Olimpik Boks ve Kickboks,+905454563745,Kuaför / Berber
Vita Gym & Spa Club,+905326696710,Diğer (Sağlık & Bakım)
Bağcılar yürür Spor Kulubü,+905357303679,Kuaför / Berber
GYMFIT NUROL PARK,+902128034461,Kuaför / Berber
Exclusive Spa & Fitness,+902128035220,Diğer (Sağlık & Bakım)
Beatus Spa & Fitness Wanda Vista,+905321338836,Diğer (Sağlık & Bakım)
FORM LIFE SPORTS CLUB,+905522234152,Kuaför / Berber
Bağcılar Çok Amaçlı Spor Salonu,+902128018116,Kuaför / Berber
Emin Kamacı Spor salonu,+905313801931,Kuaför / Berber
Egesal spor merkezi,+902126518626,Kuaför / Berber
BatıŞehir Spor Akademisi,+905326026347,Kuaför / Berber
Viva City Sports Center,+905416963144,Kuaför / Berber
Eflatun - Bayanlara özel pilates ve spor salonu / Bağcılar şubesi,+908503041082,Pilates / Yoga
Zişa Güzellik Salonu,+905343747252,Güzellik Salonu
House Beauty Şirinevler Kuaför ve Güzellik Merkezi,+905010644280,Güzellik Salonu
BM Beauty Center Bahçelievler,+905445936968,Güzellik Salonu
Desmocollin Güzellik,+905326015434,Güzellik Salonu
Buse Beauty Studio,+905367185507,Güzellik Salonu
Elnura Beauty Center - Bahçelievler Güzellik Merkezi,+905337167275,Güzellik Salonu
ZEYNEP BAĞLASAN GÜZELLİK SALONU,+905421922822,Güzellik Salonu
merve sayın ağda & güzellik salonu,+905414976286,Güzellik Salonu
Chakra Güzellik,+908504807065,Güzellik Salonu
Yıldızca Beauty - Şirinevler Güzellik Merkezi,+905325410472,Güzellik Salonu
Epiklinik,+902126545501,Güzellik Salonu
Neshela Beauty Center,+905336625572,Güzellik Salonu
She-Ra Beauty - Kadın Güzellik Merkezi,+902125517433,Güzellik Salonu
NT ESTETİK GUZELLIK SALONU,+905432417778,Güzellik Salonu
Hatice Deniz Özbay Güzellik Merkezi,+902125460246,Güzellik Salonu
Bahçelievler Güzellik Merkezi - **** GÜLAY TEKİN ****,+905334505336,Güzellik Salonu
Slife Güzellik,+902125070088,Güzellik Salonu
Derya Dolu Güzellik Merkezi,+905331458817,Güzellik Salonu
Este Moon Güzellik I Bahçelievler Epilasyon Merkezi I Cilt Bakımı I Bölgesel Zayıflama I Kalıcı Makyaj,+905323497926,Güzellik Salonu
ASDERM GÜZELLİK SALONU Bahçelievler/Yenibosna /İstanbul,+905551408580,Güzellik Salonu
NEW POST Hair Studio,+905376907917,Kuaför / Berber
Enza Beauty & Aesthetic Bahçelievler,+905339489063,Güzellik Salonu
Su Beauty,+905535140133,Güzellik Salonu
BB GÜZELLİK MERKEZİ,+905431670366,Güzellik Salonu
Golden beautynigar,+905528401080,Güzellik Salonu
Asel & Nilda,+902124411824,Güzellik Salonu
Meryem Mülayim Güzellik Salonu,+905399367173,Güzellik Salonu
Ada güzellik salonu,+905313162393,Güzellik Salonu
Hicran Çallı Güzellik Salonu,+905316676811,Güzellik Salonu
By Momonde Beauty Salon Zülfiye Önal,+905303822812,Güzellik Salonu
Sami Köse Afrika Örgüsü Salon,+905537273061,Kuaför / Berber
Mirella Estetik ve Güzellik Merkezi,+905324497836,Güzellik Salonu
Marjinal Stüdyo - Bahçelievler Afrika Örgüsü,+905437669185,Kuaför / Berber
Gold Güzellik salonu,+905455064707,Güzellik Salonu
sayaneste güzellik ve bakım,+905309510462,Güzellik Salonu
She's World Güzellik Merkezi,+905452584765,Güzellik Salonu
Magia Dita Erkek Kuaförü,+902129844504,Kuaför / Berber
Aksis Vip Güzellik Salonu,+905056317704,Güzellik Salonu
New Studio,+902125572272,Kuaför / Berber
Saloon Valeyas,+902126772629,Kuaför / Berber
Salon Lannse,+905365047229,Güzellik Salonu
GÜL AKSOY,+902125555624,Kuaför / Berber
Gultekin Arı Hair Make Up,+902124417323,Kuaför / Berber
Mehmet Orhan Hair Desing,+905385155667,Kuaför / Berber
Kardelen ÖZTÜRK Beauty Saloon,+905305034090,Güzellik Salonu
Barıs Çeper Hair Designer,+902126776519,Kuaför / Berber
Hasan İzmir Erkek Kuaförü,+905304197342,Kuaför / Berber
Kuaför Yılmaz,+905323102389,Kuaför / Berber
SunLife Solarium,+902125545501,Kuaför / Berber
Studio Art İstanbul,+902126430279,Kuaför / Berber
Evita güzellik merkezi,+905432203532,Güzellik Salonu
Salon Asya,+905352983712,Kuaför / Berber
Salon Prova,+902126443646,Kuaför / Berber
By Cemal Özdemir Erkek Kuaförü,+902125530037,Kuaför / Berber
Vt Creative Hair Solutions Kuaför Solaryum,+902125060400,Kuaför / Berber
Salon by Murat Sünbül,+905327670134,Kuaför / Berber
Bora Erkal,+902125541041,Kuaför / Berber
The Hair Studio,+902125532858,Kuaför / Berber
Grey Bayan Kuaföru,+905079455215,Kuaför / Berber
Nokta Kuaför ve Güzellik Merkezi,+902126441376,Güzellik Salonu
Esfira Kuaför Ve Güzellik Merkezi,+902124425171,Güzellik Salonu
Megas Kuaför Bahçelievler,+902125044770,Kuaför / Berber
Noar Bahçelievler,+905332383024,Kuaför / Berber
AYSEL AKINCI KUAFÖR,+905347765766,Kuaför / Berber
NİSH KUAFÖR,+905326223209,Kuaför / Berber
Serkan Satan Hair Studio Erkek Kuaförü Bahçelievler İstanbul,+905443806334,Kuaför / Berber
Salon Güven Bayan Kuaförü,+902126530720,Kuaför / Berber
PARLA Beauty,+902125561028,Güzellik Salonu
Salon Glory,+902124410093,Kuaför / Berber
Salon Yıldırım,+902125397575,Kuaför / Berber
SalonSultan,+902127030919,Kuaför / Berber
Kleopatra Kuaför,+905526623462,Kuaför / Berber
DOĞANCAN HAİR STÜDİO,+905300429360,Kuaför / Berber
Yılmaz Kuaför,+902125395150,Kuaför / Berber
Nazmi Balbay Kuaför,+905333792713,Kuaför / Berber
Zeki Stylist Bahçelievler Erkek Berberi,+905379519354,Kuaför / Berber
Tutku Kuaför Ekrem yaşar,+905326326621,Kuaför / Berber
Saloon Eser Hair Artist Bahçelievler,+905431530455,Güzellik Salonu
Kuaför fatih alımcı,+905349470019,Kuaför / Berber
Kuaför efsane,+902126538871,Kuaför / Berber
𝐊𝐎𝐑𝐀𝐘 𝐏𝐀𝐙𝐀𝐑 𝐁𝐀𝐘𝐀𝐍 𝐊𝐔𝐀𝐅𝐎̈𝐑𝐔̈,+902124423564,Kuaför / Berber
Dejavu bayan Kuaförü şirinevler,+905359407477,Kuaför / Berber
MEKHANN Kuaför,+905424588300,Kuaför / Berber
Nazlı Bayan Kuaförü,+902124517373,Kuaför / Berber
Erol Bulut Bahçelievler,+902126410347,Kuaför / Berber
Hair Vogue Kuaför ve Güzellik Salonu,+905358319931,Güzellik Salonu
Kuaför Elvan,+905327428634,Güzellik Salonu
aymira Güzellik Merkezi,+902126442060,Güzellik Salonu
Seçil Akgün Aral Hair,+905466205525,Kuaför / Berber
Salon Sultan Bayan Kuaförü,+905071482274,Kuaför / Berber
Maccas Bay Bayan Kuaför Salonu,+902124423944,Kuaför / Berber
Ekol Kuaför,+902126428484,Kuaför / Berber
SALON BERBER’S BAHÇELİEVLER ERKEK KUAFÖRÜ,+905550282359,Kuaför / Berber
Lotus bayan kuaförü,+905517124327,Kuaför / Berber
Mesut Kuaför,+905373321334,Kuaför / Berber
Kuaför Ozan Erkek Kuaförü,+905359843356,Kuaför / Berber
Gizem Bayan Kuaför,+902125528991,Kuaför / Berber
GÜNEŞ BAYAN KUAFÖRÜ,+902125528577,Kuaför / Berber
Salon Paris Erkek Kuaförü,+905077447408,Kuaför / Berber
Osman & Bilal Coiffure,+902124414190,Kuaför / Berber
Hollywood Bayan Kuaförü/Gülay Çelik bayan kuaförü,+902125030242,Kuaför / Berber
ESER KUAFÖR İSTANBUL,+905415509290,Kuaför / Berber
Songül Bayan Kuaförü,+905348493765,Kuaför / Berber
SALON NEROXX,+902126423002,Kuaför / Berber
Burç Kuaför,+905446670884,Kuaför / Berber
Kardeşler Bayan Kuaförü,+902125038364,Kuaför / Berber
BAHÇELİEVLER ANGEL PET KUAFÖR,+905520033939,Kuaför / Berber
Kadriye Bayan Kuaförü,+905446148089,Kuaför / Berber
Simge Bayan Kuaforu,+902124529828,Kuaför / Berber
Bride Hair Makeup Studio,+905314544742,Güzellik Salonu
ERGÜN KUAFÖR,+905378261253,Kuaför / Berber
Ayla Bayan Kuaförü,+905347656273,Kuaför / Berber
Karizma Bayan Kuaförü,+902125037868,Kuaför / Berber
Gold Hair İstanbul - Protez Saç ve Gerçek Saç Merkezi | Real Hair Replacement Center,+905418575646,Kuaför / Berber
Fadil Ugur bayan kuaför güzellik sac kaynak merkezi,+905417762005,Güzellik Salonu
3sss kuaför. BAHÇELİEVLER ŞUBEMİZ KAPANMIŞTIR. BEYLİKDÜZÜ ŞUBESİ İLE İLETİŞİME GEÇEBİLİRSİNİZ!!!,+905322833592,Kuaför / Berber
YASEMİN ÜNEY KUAFÖR & KİŞİSEL BAKIM MERKEZİ,+905304964583,Kuaför / Berber
Salon Hakan,+905417213408,Kuaför / Berber
Sizin Erkek Kuaförü,+905073544957,Kuaför / Berber
Ahmet Yıldız Saç Tasarım,+905379306342,Kuaför / Berber
Kırık Makas Erkek Kuaförü,+905312489049,Kuaför / Berber
Salon İmaj,+905377359299,Kuaför / Berber
Çocuk Kuaförü Salon By Zeck,+902124415565,Kuaför / Berber
EKOL ERKEK KUAFÖRÜ,+905395009593,Kuaför / Berber
Millennium Bayan Kuaförü,+902124740254,Kuaför / Berber
FRISEUR & EXTENSION - HAMBURG,+905327687574,Kuaför / Berber
Mcm Erkek Kuaförü,+905377235923,Kuaför / Berber
Showmen Erkek Kuaförü,+905323069432,Kuaför / Berber
Altın Makas Kenan Pekcan Erkek Kuaförü,+905427768858,Kuaför / Berber
Sami Kuaför,+905376916534,Kuaför / Berber
Efsane Erkek Kuaförü,+905419381546,Kuaför / Berber
belinay bayan kuaförü,+905357903302,Kuaför / Berber
Talat Erkek Kuaför,+905422503405,Kuaför / Berber
Destina Bayan Kuaförü,+902126420441,Kuaför / Berber
Gülay Bayan Kuaförü,+905426265080,Kuaför / Berber
Salon Üçel,+902125501666,Kuaför / Berber
City Kuaför Yenibosna,+902126034707,Kuaför / Berber
Salon Gül Çelik,+902124529898,Kuaför / Berber
İRFAN KUAFÖR,+905374495676,Kuaför / Berber
UMUT Erkek Kuaförü,+905442867016,Kuaför / Berber
Barber Aris,+902126020434,Kuaför / Berber
Melis Erkek Kuaförü,+905539225353,Kuaför / Berber
KUAFÖR AHMET SAC VE KAYNAK MERKEZİ,+905374499802,Kuaför / Berber
Bayan Kuaförü Umut Masat,+905388327677,Kuaför / Berber
Şenol Kuaför,+905387953236,Kuaför / Berber
SÜHEYLA ŞENTÜRK KUAFÖR VE GÜZELLİK SALONU,+905438963317,Güzellik Salonu
Ezgi Güler Güzellik Merkezi,+905316481488,Güzellik Salonu
Ayşe Balkar Beauty,+905368601329,Güzellik Salonu
"Esthetic Clinicall Bahçelievler Güzellik Merkezi, Cilt Bakımı, Bölgesel İncelme",+902126776404,Güzellik Salonu
IstanBeauty Clinic | عيادة تجميل,+905051068553,Güzellik Salonu
Estheetic Güzellik Salonu,+902125565096,Güzellik Salonu
Galata HC Güzellik Salonu,+905422086387,Güzellik Salonu
Esteticum | Saç Ekimi - İp Askı - Dudak Dolgusu & Botoks - Epilasyon,+905524512929,Güzellik Salonu
Elya Estetik ve Güzellik Salonu,+902125522224,Güzellik Salonu
Secret Estetik,+902124411010,Güzellik Salonu
zoom clinic,+905300397640,Diğer (Sağlık & Bakım)
Aylin Beauty Center,+905412744784,Güzellik Salonu
MediAlkent Clinic İstWest,+902124548585,Güzellik Salonu
Este'lay Clinica & Beauty & Form,+902125024700,Güzellik Salonu
Estehouse Güzellik Merkezi,+902126035523,Güzellik Salonu
Gamze Ekici Güzellik Salonu,+905339610808,Güzellik Salonu
Estemira Güzellik Salonu,+902125606600,Güzellik Salonu
SAFA Estetik ve Güzellik Merkezi,+902124514445,Güzellik Salonu
Avrasya Beauty Center,+905326994934,Güzellik Salonu
Happy Beauty Center,+905444882498,Güzellik Salonu
Beyhan Korkmaz Beauty Güzellik salonu,+905457868518,Güzellik Salonu
Afili Güzellik,+905465911655,Güzellik Salonu
BECCA BEAUTY,+905056873127,Güzellik Salonu
Zümrüt Güzellik - Şirinevler Güzellik Salonu,+905321324311,Güzellik Salonu
Eka Güzellik Merkezi,+902125071352,Güzellik Salonu
Clinicexpert,+905393367474,Güzellik Salonu
Historien Estetik ve Güzellik,+905317334276,Güzellik Salonu
PRO WELLNEESS CLİNİC,+905526633044,Güzellik Salonu
Epipera Güzellik - Şirinevler,+902128072345,Güzellik Salonu
Assoc. Prof. Dr. Emine Demir - Face Lift Surgery Turkey,+905451015545,Güzellik Salonu
Zeynep Alay Beauty,+905453116314,Güzellik Salonu
Banu Uğur Güzellik ve Bakım,+905342970473,Güzellik Salonu
Olivine Estetik,+905521873142,Güzellik Salonu
Doç. Dr. Mehti Salviz,+905425604480,Güzellik Salonu
Moonlight Güzellik salonu,+902125891003,Güzellik Salonu
Chakra Estetik Kliniği,+902125044828,Güzellik Salonu
Clinical Park,+905350318555,Güzellik Salonu
Estetan Saç Ekim & Estetik Merkezi,+905422979212,Güzellik Salonu
Perlamed Estetik,+905010088050,Güzellik Salonu
Medica Estetik / Bölgesel Zayıflama / Medikal Cilt Bakımı,+905059972299,Güzellik Salonu
Uzm. Dr. Selma Salman | Estetik ve Klinik Dermatoloji,+905300996886,Güzellik Salonu
Aysel Serin Beauty,+905416916365,Güzellik Salonu
Derman Psikoloji Bahçelievler,+905316328181,Diğer (Sağlık & Bakım)
Psikoloji Bahçelievler Danışmanlık Merkezi,+905307608969,Psikolog / Terapist
Klinik Psikolog Havva Gül Dikici,+905526035482,Psikolog / Terapist
Psikolog Sergen Bayram,+905396603278,Psikolog / Terapist
Klinik Psikolog Havva Gül Dikici,+905427322318,Psikolog / Terapist
"Berra Baş (Uzman Klinik Psikolog, Lisanslı Psikoterapist). İstanbul Bahçelievler",+905366567515,Psikolog / Terapist
Tin Psikolojik Danışmanlık,+902124410172,Psikolog / Terapist
Bahçelievler Psikolog ve Psikiyatri Merkezi,+902125434913,Psikolog / Terapist
Klinik Psikolog Zeynep Hilal Çelik,+905315245099,Psikolog / Terapist
Klinik Psikolog Abdullah Alpaslan,+905053596554,Psikolog / Terapist
PEDADEM Psikolojik Danışmanlık Merkezi,+905305029967,Psikolog / Terapist
Zerka Psikoloji Danışmanlık Merkezi,+905301817885,Psikolog / Terapist
Agâh Psikoloji,+905308974489,Psikolog / Terapist
Aksoy Psikoloji Danışmanlık Merkezi,+905331462828,Psikolog / Terapist
Uzm. Klinik Psikolog Cansu ÖZDEMİR,+905380496194,Psikolog / Terapist
FZ Psikoloji,+905346213899,Psikolog / Terapist
Merve Tokgöz Klinik Psikolog,+902124446623,Psikolog / Terapist
"Psikolog Abdulkadir Güngör, Bakırköy Tavsiye Edilen Psikolog, Bireysel Terapi, Cinsel Terapi, Çift Terapisi,Bahçelievler",+905445548847,Psikolog / Terapist
Dante Psikoloji,+905356757060,Psikolog / Terapist
Uzman Klinik Psikolog Ahmet Ali SUNAY | Ataköy psikolog | Bakırköy psikolog | Bahçelievler Psikolog,+905538783487,Psikolog / Terapist
Psikomer Psikolojik Danışmanlık Merkezi,+902125557965,Psikolog / Terapist
Klinik Psikolog Şahin VURAL,+905354458131,Psikolog / Terapist
"Uzman Psikolog Hasan Akalın, Emdr Terapisi, Psikoterapi, Online Terapi",+905466489833,Psikolog / Terapist
Epik Psikolojik Danışmanlık Merkezi,+905326633745,Psikolog / Terapist
Uzman Psikolog Zeynep Bayram,+905452275244,Psikolog / Terapist
FEYZA PSİKOLOJİK DANIŞMANLIK,+905417899300,Psikolog / Terapist
Aletheia Psikolojik Danışmanlık Merkezi,+905334870089,Psikolog / Terapist
Psikolog Elif Kılıç,+905015436124,Psikolog / Terapist
Psikolog Sema Arıtürk,+905393298166,Psikolog / Terapist
Klinik Psikolog Eylem Önler,+905011210129,Psikolog / Terapist
Uzman Psikolog Rabia Çeçen Çilekci,+905431840207,Psikolog / Terapist
"Psk. Ecem Demirkaya, Psikoloji",+905304912934,Psikolog / Terapist
Bireysel Danışmanlık,+902125433320,Psikolog / Terapist
Klinik Psikolog FATMA YILDIZ,+905330920008,Psikolog / Terapist
Denge Life Psikoloji,+905358774666,Psikolog / Terapist
Psikolog Özgür Balaban,+905324500509,Psikolog / Terapist
Ufuk Psikolojik Danışmanlık Merkezi,+905387747020,Psikolog / Terapist
Klinik Psikolog Emine Pınar,+908504746718,Psikolog / Terapist
"Klinik Psikolog Uğur Can Çelik , Bakırköy Psikolog, Bahçelievler Psikolog, Küçükçekmece Psikolog, Zeytinburnu Psikolog",+905461030115,Psikolog / Terapist
Evla Psikoloji,+905417216013,Psikolog / Terapist
MA Psikoloji Bireysel Ve Kurumsal Danışmanlık,+905301216488,Psikolog / Terapist
Uzman Klinik Psikolog Rana Fırat,+905531078287,Psikolog / Terapist
PSİKOLOG B GAMZE YAĞMUR BARAN,+905538739339,Psikolog / Terapist
Psikolog Büşranur Portakal,+905322561428,Psikolog / Terapist
AKANSEL PSYCHOLOGY DREAM,+905070870505,Psikolog / Terapist
Klinik Psikolog Gamze Ozan,+905514377607,Psikolog / Terapist
Psikolog Büşra Ölçer,+905459236500,Psikolog / Terapist
Hayat Psikoloji,+902126605135,Psikolog / Terapist
Uzman Klinik Psikolog Pınar Yıldırım - Bağdat Caddesi İstanbul Online Psikolog,+905433833612,Psikolog / Terapist
Jinekolog Dr. Sait Halil MD - Tüp Bebek Uzmanı - Abortion Clinic,+905324145666,Diğer (Sağlık & Bakım)
DETAM DANIŞMANLIK EĞİTİM TEKNİK ARAŞTIRMA MÜHENDİSLİK LTD. ŞTİ. İstanbul Şubesi (Detam OSGB),+902122176706,Diş Kliniği
Psikolog Merve Nur Taman,+908508118868,Psikolog / Terapist
Klinik Psikolog Revşan Yağızer,+905531884744,Psikolog / Terapist
Uzman Klinik Psikolog Sinem Civa Akdaş,+905541649708,Psikolog / Terapist
Bahçelievler Semt Polikliniği,+902124147878,Diğer (Sağlık & Bakım)
Klinik Psikolog Burak Can Göncü,+908504744692,Psikolog / Terapist
Klinik Psikolog Dr. Cansu Yurtseven,+905332572357,Psikolog / Terapist
Florya/Yeşilköy Psikolog Merkezi | Yetişkin ve Ergen Terapisi,+905514232610,Psikolog / Terapist
Dentisyon Dental Clinic,+905327371010,Diş Kliniği
Bahçelievler Ağız ve Diş Sağlığı Merkezi,+902124415312,Diş Kliniği
Özel Batu Ağız ve Diş Sağlığı Polikliniği,+902125556099,Diş Kliniği
Özel Bahçelievler Ağız ve Diş Sağlığı Polikliniği,+902125521122,Diş Kliniği
Platinum Ağız ve Diş Sağlığı Polikliniği(Platinum Dental Clinics),+905453113991,Diş Kliniği
Özel Meltem Ağız ve Diş Sağlığı Polikliniği | Bahçelievler Şubesi,+905327860222,Diş Kliniği
Denthes Ağız ve Diş Sağlığı Polikliniği,+905468773423,Diş Kliniği
Lost Dent Ağız ve Diş Sağlığı Polikliniği | Nöbetçi Dişçi Bahçelievler,+905442281027,Diş Kliniği
Esİstanbul Ağız ve Diş Sağlığı Polikliniği,+905309241200,Diş Kliniği
Denta İstanbul Diş Kliniği | Denta Istanbul Clinic | Dental Implants & Dental Veneer & Smile Design,+905539370881,Diş Kliniği
Nöbetçi Dişçi Yenibosna | Diş Hekimi Said Atilla Durmuş,+905056441034,Diş Kliniği
Alldent Ağız ve Diş Sağlığı Polikliniği Bahçelievler,+902126775647,Diş Kliniği
Yayla Dental Akademi Ağız ve Diş Sağlığı Polikliniği Bahçelievler/İstanbul,+905442896633,Diş Kliniği
Özel Dentopark Diş Polikliniği | Bahçelievler Diş klinikleri | Cocuk Diş,+905312635530,Diş Kliniği
Şirinevler Dentbul Diş Kliniği,+905466173077,Diş Kliniği
ATOM CLINIC,+905421534643,Diş Kliniği
Diş Hekimi Cengiz Bahçevan Bahçelievler,+902124421212,Diş Kliniği
Dt. Seval Bayrakli - Bahçelievler Diş Kliniği - Diş Hekimi Seval Bayraklı,+908504745117,Diş Kliniği
Mehmet Said İZGİ Diş Kliniği,+905418805050,Diş Kliniği
Omer Istanbul Dental Clinic Turkey,+905528403434,Diş Kliniği
Çakır tatto,+905419713402,Dövme & Piercing
Cemre Kılıç Tattoo,+905358833089,Dövme & Piercing
Dara Tattoo,+905344384334,Dövme & Piercing
Elite ST Tattoo Piercing,+905370501960,Dövme & Piercing
Dövme Silme Merkezi,+905378837087,Dövme & Piercing
AmediX Tattoo,+905325144923,Dövme & Piercing
No:9 Dövme Stüdyosu - Yenibosna,+905061115146,Dövme & Piercing
Bahçelievler tattoo art,+905312170885,Dövme & Piercing
moretattooart,+905325007950,Dövme & Piercing
goldenarrowstattoo,+905462097330,Dövme & Piercing
Ankara Tattoo,+903122129052,Dövme & Piercing
DUMAN.INK TATTOO STUDIO,+905051109423,Dövme & Piercing
The King Tattoos,+905073136783,Dövme & Piercing
Tattoocu,+903122233220,Dövme & Piercing
Maçka Kızı,+905411487800,Dövme & Piercing
Diyetisyen Emel Yılmaz,+905394927196,Diyetisyen
Diyetisyen Sinem Altunay,+905395946367,Diyetisyen
Diyetisyen Melike Kadakal Gezer,+905510818128,Diyetisyen
DİYETİSYEN FAYSAL SİLİ,+905323155510,Diyetisyen
Diyetisyen Tuğba Tatlısöz,+905052189223,Diyetisyen
Diyetisyen Özge Uysal Beslenme ve Diyet Danışmanlık Merkezi,+905530975715,Psikolog / Terapist
Diyetisyen Buse Udum,+905337673874,Diyetisyen
Diyetisyen Selin Aktuğ,+905303019652,Diyetisyen
Diyetisyen İkram Örnek,+905388416427,Diyetisyen
Diyetisyen Fatma Özdemir,+905057616147,Diyetisyen
Uzman Diyetisyen Dilara Demirci Beslenme Danışmanlığı Ve Zayıflama Merkezi,+905538668722,Diyetisyen
FitVibe,+905303677881,Diyetisyen
Diyetisyen Dilara Kaya,+905312837479,Diyetisyen
Diyetisyen Yasemin İncal Arıkan,+908504746404,Diyetisyen
Bahçelievler Diyetisyen Nisa Zor,+905320592542,Diyetisyen
Uzman Diyetisyen Aslıhan Kaçar Beslenme ve Diyet Danışmanlığı,+905444136170,Diyetisyen
Uzman Diyetisyen Nurcan Öztemir,+905462045226,Diyetisyen
Uzman Diyetisyen & Çocuk Gelişimci Asiye Kaya,+905539314344,Diyetisyen
Uzm. Dyt.Merve Karaaslan Sunay,+908504742856,Diyetisyen
Diyetisyen Arzu Kurtuldu,+905417825554,Diyetisyen
Mehtap Fit Studio,+905317168469,Diyetisyen
Diyetisyen Mete ÖK İstanbul'da Online Beslenme Uzmanı,+905300428282,Diyetisyen
Diyetisyen Feyza,+905318136560,Diyetisyen
Dyt. Aslı Pakel,+905416543334,Diyetisyen
İDK- İstanbul Diyetisyenler Kulübü Merkez,+905413112121,Diyetisyen
"Uzman Diyetisyen Tuğçe Özge Özyön , Bakırköy Diyetisyen",+905551908060,Diyetisyen
Diyetisyen Edanur Bölükbaş,+905431232753,Diyetisyen
Uzman Diyetisyen Göksu Boz,+908504744611,Diyetisyen
Uzm. Klinik Psikolog ve Diyetisyen Şeyma Uzun,+905536382261,Psikolog / Terapist
Diyetisyen Merve Sayın,+905340871032,Diyetisyen
Diyetisyen Onur Habat,+902129126376,Diyetisyen
DİYETİSYEN SEMA NUR AKASLAN,+905455726071,Diyetisyen
Bakırköy Diyetisyen Hüsniye Odabaş,+905066586292,Diyetisyen
Uzm. Dyt. Emel Unutmaz Duman,+905323715292,Diyetisyen
Diyetisyen Aslı Yılmaz,+905468405829,Diyetisyen
Diyetisyen Betül ARPA,+905355925768,Diyetisyen
"Yaşam Evde Bakım Merkezi – Evde Sağlık, Serum ve Ambulans Hizmeti",+905334036656,Diğer (Sağlık & Bakım)
Diyetisyen Eda Aydın,+905457838966,Diyetisyen
Dyt. Rumeysa Çiftci,+908504744667,Diyetisyen
Happy Life Pilates,+905323799398,Pilates / Yoga
Bonn Pilates Stüdyosu Bahçelievler,+905360274335,Pilates / Yoga
Yeşil Pilates - Bahçelievler,+905317380299,Pilates / Yoga
Anka Pilates Studio,+905013662652,Pilates / Yoga
Dynamic Pilates Bahçelievler,+905324375099,Pilates / Yoga
Fizyolady Pilates,+905435742303,Pilates / Yoga
Nilay Yavuz Pilates Studio,+905331983005,Pilates / Yoga
Missfit Pilates Studio,+902126444022,Pilates / Yoga
Bestfit Pilates Bahçelievler,+905071609686,Pilates / Yoga
Fizyodynamic Pilates,+905332576788,Pilates / Yoga
Otis Bahçelievler Spor ve Pilates Salonu,+905322457543,Pilates / Yoga
Kuka Pilates Studio,+905337117253,Pilates / Yoga
Fizyoay pilates aletli pilates salonu,+905428992357,Pilates / Yoga
FİZYOTARÇIN PİLATES & YOGA BAHÇELİEVLER,+905424346024,Pilates / Yoga
Pilates Studio Özlem Aydin,+905324734207,Pilates / Yoga
Mojo Pilates And Wellness,+905550405211,Pilates / Yoga
Balance Pilates Salonu-Bahçelievler,+905301729157,Pilates / Yoga
Lila Pilates Stüdyo,+905332845603,Pilates / Yoga
Çi Zen Pilates Salonu,+905326822511,Pilates / Yoga
Sigma Pilates Studio,+905012620715,Pilates / Yoga
NURGÜL ÖZTÜRK PİLATES STUDİO,+905336044837,Pilates / Yoga
Social Lab Pt Studio,+905077670080,Pilates / Yoga
Meis Pilates,+905335056347,Pilates / Yoga
Fizyoterapist Pınar Elikesik- Bahçelievler,+905386751491,Psikolog / Terapist
Bahçelievler Athletic Fitness Center,+905541596161,Kuaför / Berber
Power Gym Yayla Bahçelievler Spor Salonu,+905327612541,Kuaför / Berber
Flamingo GYM Bahçelievler,+902125540222,Kuaför / Berber
Ria pilates studio,+905511637411,Pilates / Yoga
My Pilates House Bahçelievler,+902126441130,Pilates / Yoga
Lady Gym Bahçelievler Kadınlara Özel Spor Salonu Ve Pilates,+905461320906,Pilates / Yoga
Fit2Tech Ems Fitness ve Reformer Pilates Studio,+905538596317,Pilates / Yoga
İDL pilates stüdyo,+905318937565,Pilates / Yoga
3D Pilates & Training Studio,+905350145238,Pilates / Yoga
ANATOMY FITNESS CENTER 2,+905413683736,Kuaför / Berber
Gym Stone Bahçelievler,+905327868198,Kuaför / Berber
Life Gym Basınsitesi,+905354133094,Kuaför / Berber
Naz ALTUN Pilates,+905056586220,Pilates / Yoga
Pilatesedence,+905323853478,Pilates / Yoga
Gold Gym 34 Spor salonu Bahçelievler Şirinevler,+905514119272,Kuaför / Berber
Fizyoselin & Pilates,+905451601545,Pilates / Yoga
Özlem fitness center,+905365848018,Kuaför / Berber
Fitim Fitness Center,+902124428084,Kuaför / Berber
Pilates,+905328523699,Pilates / Yoga
Lumora Beauty,+905300182959,Güzellik Salonu
Bakırköy Güzellik Merkezi (Altın Beauty),+905550233159,Güzellik Salonu
Melike Adıgüzel Güzellik Salonu Bakırköy Şubesi,+905515330919,Güzellik Salonu
İnnovation Bakırköy Güzellik Salonu,+905307424834,Güzellik Salonu
Bir Demet Güzellik,+902125434020,Güzellik Salonu
Dreamer Beauty - Bakırköy Güzellik Salonu,+905325895887,Güzellik Salonu
Özlem Şahin Beauty Palace | Bakırköy Güzellik Salonu| Bakırköy Protez Tırnak,+905462739788,Güzellik Salonu
Beauty Güzellik Salonu,+902124417576,Güzellik Salonu
NİLAY TOPRAK GÜZELLİK VE KOZMETİK TİCARET LİMİTED ŞİRKETİ,+905336585622,Güzellik Salonu
Estemagic Güzellik ve Estetik Merkezi,+902125606035,Güzellik Salonu
Bakırköy Servet Çetin Estetik ve Güzellik Merkezi,+902125702810,Güzellik Salonu
Victoria Güzellik,+905531254648,Güzellik Salonu
NESLİHAN ATİLLA BEAUTY,+905317900817,Güzellik Salonu
Epirise Güzellik Salonu,+905354184742,Güzellik Salonu
meynura güzellik,+905528088190,Güzellik Salonu
By Çalışkan Beauty Ataköy - Bakırköy - Bahçelievler,+905321688098,Güzellik Salonu
Atölye Güzellik,+905447882868,Güzellik Salonu
Sinem Atağ kaş tasarım,+905535902291,Güzellik Salonu
Cemile Gülsüm Estetik Ve Güzellik Salonu - Bakırköy/İstanbul,+905526320696,Güzellik Salonu
Vogue Beauty Bakırköy,+905491042020,Güzellik Salonu
Mio Güzellik&Bakım,+905305908842,Güzellik Salonu
Emsal Doğan Bakırköy,+902125714239,Güzellik Salonu
Yolo Beauty Studio,+905332839656,Güzellik Salonu
M.Akkaya Beauty | Bakırköy Protez Tırnak | Ataköy Protez Tırnak | Bakırköy Güzellik Salonu,+905343650760,Güzellik Salonu
Simgeotaybeauty,+905056860587,Güzellik Salonu
GNA Beauty Bakırköy,+902125709098,Güzellik Salonu
Olena Orbey Güzellik Salonu,+905424662332,Güzellik Salonu
Beyhan Ateşoğlu Beauty Center,+905558508275,Güzellik Salonu
Bakırköy Popüler Güzellik Merkezi,+905455917360,Güzellik Salonu
Cleanderm Güzellik Merkezi,+902126606166,Güzellik Salonu
CANSU EROL BEAUTE STUDIO,+905423056134,Güzellik Salonu
Yelsa Güzellik Salonu - Ataköy,+905398797019,Güzellik Salonu
Tuğçe'm Epilasyon & Güzellik,+902125830044,Güzellik Salonu
Lazer Epilasyon - Bölgesel Zayıflama - Cilt Bakımı | Metta Estetik,+905465710433,Güzellik Salonu
Doruk Güzellik Salonlari,+902125439437,Güzellik Salonu
Merray Güzellik,+905550527411,Güzellik Salonu
Nihal Beauty Studio,+905433310912,Güzellik Salonu
Kirpiks Güzellik Bakırköy,+905301142386,Güzellik Salonu
Celinesta Beauty & Spa,+905322843891,Güzellik Salonu
"Slim Life Güzellik Hydrafacial Cilt Bakımı, Microblading, Kıl Tekniği Kaş, Kirpik Lifting, Zayıflama",+905444664133,Güzellik Salonu
Tan Güzellik Salonu,+905538754390,Güzellik Salonu
Bakırköy Protez Tırnak | Bahar Beauty Nail Studio,+905333751001,Güzellik Salonu
V.İ.P Estetik & Güzellik,+902126609062,Güzellik Salonu
Elie Beauty Studio,+905321526796,Güzellik Salonu
Şehnaz Beauty,+905338132933,Güzellik Salonu
Eda Öztürk Estetik ve Güzellik,+908504665938,Güzellik Salonu
Vip İstanbul Bakırköy,+905324321251,Güzellik Salonu
Mayl’s Beauty | Ataköy Protez Tırnak & Güzellik Salonu,+905079391012,Güzellik Salonu
Süsen Güzellik Salonu,+902125426511,Güzellik Salonu
Tuğçe Hazırbaba Güzellik Salonu,+905072507647,Güzellik Salonu
İğneli Epilasyon Bakırköy Ecrin,+905324982999,Güzellik Salonu
Refika Güzellik Florya,+905326477917,Güzellik Salonu
Duygu Acar Güzellik,+905531661415,Güzellik Salonu
Hatice'de Güzellik - Bakırköy Güzellik Salonu,+905337319310,Güzellik Salonu
Fatma Özçalışkan Estetik ve Güzellik Salonu,+902125035900,Güzellik Salonu
ELDA GÜZELLİK I Protez Tırnak I Bölgesel İncelme I Epilasyon I Cilt Bakımı I İpek Kirpik,+905309613601,Güzellik Salonu
Neka & Güzellik Salonu,+905334774036,Güzellik Salonu
Erol kaya Saç Tasarım güzellik salonu,+902125427558,Güzellik Salonu
Cemil Gündoğdu Hair Studio Bakırköy,+902125711053,Kuaför / Berber
Derin Güzellik Salonu,+905468405831,Güzellik Salonu
Beautyderm | Zayıflama | Buz Lazer Bakırköy | Cilt Bakımı,+905063651900,Güzellik Salonu
Aykız'da Güzellik - Ataköy Güzellik Salonu,+905518375194,Güzellik Salonu
Dilek Koçak Estetik Lazer Epilasyon,+905302495307,Güzellik Salonu
Gül Özkan Güzellik Salonu,+902129694141,Güzellik Salonu
İpek Kirpik Bakırköy,+905325836650,Güzellik Salonu
Pırlanta Güzellik Salonu - Bakırköy,+905414088817,Güzellik Salonu
Pi Beauty Ataköy,+905426420347,Güzellik Salonu
Rose Candy Bakırköy,+905382320583,Güzellik Salonu
Derma Clean Güzellik,+905339573704,Güzellik Salonu
Orion Güzellik Salonu,+902126639101,Güzellik Salonu
Nosreves Beauty Center,+905437336779,Güzellik Salonu
Ümran Beauty Bakırköy - Manikür - Pedikür - Ağda Salonu,+905464294255,Güzellik Salonu
NATUREL KUAFÖR BAKIRKÖY,+902125702252,Kuaför / Berber
Ays Güzellik,+902125710080,Güzellik Salonu
Yağmur Serin Beauty,+905393232555,Güzellik Salonu
Estelia Güzellik Merkezi,+902125711334,Güzellik Salonu
San Kuaför Bakırköy,+905330792933,Kuaför / Berber
Özel Bakırköy Polikliniği,+902125714461,Güzellik Salonu
Fedederm Bakırköy Güzellik Salonu,+908502428183,Güzellik Salonu
ARMA KUAFÖR & GÜZELLİK SALONU,+902125428199,Güzellik Salonu
Nuray Yıldız Ataköy,+905333103222,Güzellik Salonu
Marge Güzellik,+908502411010,Güzellik Salonu
AJAYYP güzellik salonu,+905308300898,Güzellik Salonu
Salon No 1 - BAKIRKÖY Kadın Kuaför Salonu,+905324684102,Kuaför / Berber
Melody Beauty & Nail Art,+905392434770,Güzellik Salonu
ES Bella Güzellik Salonu,+905525711818,Güzellik Salonu
Loreal Professionnel Salon Expert Bakırköy,+902125700824,Kuaför / Berber
Turkana Beauty Center / Yeşilköy,+905538121410,Güzellik Salonu
Helin Demir Güzellik Salonu,+905441944256,Güzellik Salonu
SALON NESS BAY BAYAN KUAFÖRÜ GÜZELLİK & BAKIM MERKEZİ,+905366647771,Güzellik Salonu
kadınca kuaför- güzellik salonu,+902125712624,Güzellik Salonu
Tidu Bakırköy Güzellik Salonu,+902125435579,Güzellik Salonu
BOSS SAÇ TASARIM,+902125712255,Kuaför / Berber
Doğa Ağda Salonu,+902125717013,Güzellik Salonu
Bella Güzellik Merkezi,+905357244514,Güzellik Salonu
Hande Akgün | Protez Tırnak | Microblading | Lazer Epilasyon,+905457706900,Güzellik Salonu
Fernes Güzellik & Kuaför,+905302092297,Güzellik Salonu
Nailhaus 2,+902125420171,Güzellik Salonu
Bakırköy Protez Tırnak Merkezi (şube 1),+905454883597,Güzellik Salonu
Dermoclinice güzellik salonu,+902125720001,Güzellik Salonu
SHM Studio Hair&MakeUp BEAUTY SALON,+902125731222,Güzellik Salonu
Banu Parlak Güzellik - Ataköy,+905442687755,Güzellik Salonu
BRENDİ KUAFÖR,+905326001920,Kuaför / Berber
Pandora Bakırköy Kuaför,+905431151616,Güzellik Salonu
Allin Beauty İstanbul,+905422182959,Güzellik Salonu
Lidium Kuafor ve Guzellik Salonu,+905072299848,Güzellik Salonu
RAS Kuaför,+905326296165,Kuaför / Berber
Zen Esthetic & Beauty Institute,+902126635822,Güzellik Salonu
Meditouch Beauty | Buz Lazer Epilasyon | Soprano Titanium | LPG Alliance | Frozen Face | Aquapure | Emslim | Jetpeel Pro,+902124344444,Güzellik Salonu
Hair Chefs Bakırköy,+902125610075,Kuaför / Berber
Paradise Hair Studio ( Furkan & Berat ),+905327813810,Diş Kliniği
Selçuk Sümer Hair Studio,+905342017000,Kuaför / Berber
SSM Kuaför,+902125715636,Kuaför / Berber
"Art of Hair Muse ( Bay & Bayan Kuaför, Güzellik Salonu )",+905421906873,Güzellik Salonu
KUAFÖR MYG HAIR DESIGN,+902125836261,Kuaför / Berber
Özkan Hair Studio,+905445733953,Kuaför / Berber
Form Kuaför,+905337638852,Kuaför / Berber
Şenol Zeytinoğlu,+902125594282,Kuaför / Berber
Yıldıray ÇİNİCİ KERATİN Studio,+902125232525,Kuaför / Berber
EROL YILDIRIM,+905377421020,Kuaför / Berber
Hüseyin Özdemir Barbers Club,+905316526069,Kuaför / Berber
Hair Gob Saç Tasarım Merkesi,+905342362333,Kuaför / Berber
Serdar kuaför Bakırköy,+905551748180,Kuaför / Berber
KRPE Elginler Bayan Kuaförü Recep Elgin,+905325133807,Kuaför / Berber
Love kuafor,+902126608660,Kuaför / Berber
ANGEL HAİR STUDİO,+905462332209,Kuaför / Berber
Kuaför Ali Sevil,+902125612406,Kuaför / Berber
Muson Hair & Make Up,+905323100344,Kuaför / Berber
Florya Kuaför Necmi,+902125401177,Kuaför / Berber
Hairlove by Emre Tunç,+902125730647,Kuaför / Berber
Olcay kuafor,+902125708804,Kuaför / Berber
Hakan Şimsek Hair,+905414183680,Kuaför / Berber
Black White Kuaför Salonu,+902124662046,Kuaför / Berber
ANGEL KUAFÖR SAÇ KAYNAK & SOLARYUM,+902124660888,Kuaför / Berber
Kuaför Kramer,+902125717777,Kuaför / Berber
Ozgur erdem kuafor,+905336812741,Kuaför / Berber
KEOS Kuaför,+905324421238,Kuaför / Berber
MM magicmasters,+905327251938,Kuaför / Berber
MAAK KUAFÖR Bayan kuaförü,+902125420021,Kuaför / Berber
Hair Label Ataköy Towers Kuaför,+905325836453,Kuaför / Berber
SALON BOSS,+905395402215,Kuaför / Berber
Fd Hair Shop,+902125435552,Kuaför / Berber
Haircopath,+902125710706,Kuaför / Berber
Muzo Bay ve Bayan Kuaför,+902126616896,Kuaför / Berber
Aloft Hair Studio,+905301544672,Kuaför / Berber
Dez Kuaför,+902125434619,Kuaför / Berber
Hair Makri Kadın Kuaförü,+905343331578,Güzellik Salonu
Lokman Kuşak Hair Stylist,+905336187267,Kuaför / Berber
Saç Kaynak Atölyesi-The Mask Hair Art Studio,+905433204546,Kuaför / Berber
Oben Kuaför,+902125720376,Kuaför / Berber
Metin Ocak MK Kuaför,+905327388461,Güzellik Salonu
Saloon By Ekrem Kabuk Bayan Kuaförü,+905368225667,Kuaför / Berber
NuriÖzcan Florya Kuaför,+905346649047,Kuaför / Berber
Kuaför Serkan,+902125601353,Kuaför / Berber
San Kuaför Florya,+905336734272,Kuaför / Berber
Bülent Saral Kuaför,+902125729594,Kuaför / Berber
Erol Kuaför,+902125719554,Kuaför / Berber
İmaj Kuaför,+902126610207,Kuaför / Berber
Doğan & Burhan Kuaför,+902126612130,Kuaför / Berber
Erkek kuaförü Aykut Talay,+905418587318,Kuaför / Berber
HAİR EXTENSİONS BAKIRKÖY,+905325534327,Kuaför / Berber
BAKIRKÖY ARIN PET KUAFÖR | Anestezisiz Kedi ve Köpek Tıraşı |,+905413444044,Kuaför / Berber
Blitz Hair Make Up Studio,+905326500927,Kuaför / Berber
La Femme Kuaför Bakırköy,+905359317738,Kuaför / Berber
Salon Arzu,+905372598024,Kuaför / Berber
Abella Kuaför Saç Kaynak Merkezi,+902125701771,Kuaför / Berber
Haluk Açar kuaför,+902126636563,Kuaför / Berber
Çelebi Kuaförü,+902125702888,Kuaför / Berber
Nurhan Yıldız Florya Bayan Kuaförü,+902125742271,Kuaför / Berber
Zoom Kuaför Florya,+905333847553,Kuaför / Berber
ART KUAFÖR ( YEŞİLKÖY ),+905322912518,Kuaför / Berber
Ceyhun & Suleyman kuaför salonu,+902126638137,Kuaför / Berber
Bay Erol İnce,+902126634026,Kuaför / Berber
Deniz Koç Kuaför,+902125737222,Kuaför / Berber
Bakırköy Kuaför Kemal,+905447756396,Kuaför / Berber
Intershow Bayan Kuaförü,+902125600843,Kuaför / Berber
ONUR YENER KUAFÖR,+902125737340,Kuaför / Berber
Serdar Yılmaz Kuaför,+902125414028,Kuaför / Berber
Hair of Istanbul | Hair Transplant Clinic,+905306884247,Kuaför / Berber
Baykan & Gurkan,+902125732318,Güzellik Salonu
Salon Diva,+902126604391,Güzellik Salonu
ALP KARA HAİR STUDIO,+905348117881,Kuaför / Berber
Sibel Kuaför,+902125593821,Kuaför / Berber
Dois kuaför,+902125734681,Kuaför / Berber
Napoli ERKEK KUAFÖRÜ,+902125436555,Kuaför / Berber
Coiffure NAE (Necmi Ali),+902125719944,Kuaför / Berber
Rönesans Erkek Kuaförü,+905309299090,Kuaför / Berber
Özgür Vural Hair Designer,+902125737330,Kuaför / Berber
Hair partner kuafor hakan can,+902126633252,Kuaför / Berber
Ras Kuafor Florya,+902126622188,Kuaför / Berber
Bermoda Çocuk Kuaförü – Bakırköy Şubesi,+902125714306,Kuaför / Berber
ONLY COIFFEUR,+902125745161,Kuaför / Berber
Salon By Era Erkek Kuaförü,+902125735993,Kuaför / Berber
Brush Hair Art,+905327324515,Kuaför / Berber
Meg's Kuaför (Saç Kaynak Atrium - İstanbul ),+902126610343,Kuaför / Berber
EVREN TEKİN KUAFÖR,+905325737815,Kuaför / Berber
Salon Tria Kuaför Florya,+902125740989,Kuaför / Berber
Inter Kuaför,+902125414336,Kuaför / Berber
Bakirköy Kuaför Malzemeleri Ve Parfümeri,+902125424901,Güzellik Salonu
BAKIRKÖY KAYRA PET KUAFÖR PET SHOP,+905300662170,Kuaför / Berber
M&S KUAFÖR FLORYA,+902125742287,Kuaför / Berber
byselinbeauty,+905309933931,Güzellik Salonu
Özel Liva Polikliniği,+905323281195,Güzellik Salonu
Dr. Gülfer İnci,+905454124345,Diğer (Sağlık & Bakım)
Birgül Çoban Estetik&Güzellik Merkezi,+905453024344,Güzellik Salonu
Dr Erol Bulut - Medikal Estetik / Mezoterapi,+905320501680,Psikolog / Terapist
Bakırköy Este Clinic,+905431106900,Güzellik Salonu
Pervin Dinçer Polikliniği,+905359639976,Güzellik Salonu
Sema Konak Güzellik ve Lazer Epilasyon Merkezi,+905342279426,Güzellik Salonu
Sesa Beauty Studio,+905419134628,Güzellik Salonu
Gizem Günaydın Estetik Beauty,+905355527792,Güzellik Salonu
Özel Dr. Cinik Polikliniği - Bakırköy,+905412340044,Güzellik Salonu
Elit Polikliniği,+902125709370,Güzellik Salonu
Özel Art Polikliniği,+902125712829,Güzellik Salonu
Semire Beauty Bakırköy,+905538676247,Güzellik Salonu
SerayBeauty Clinic,+905436840068,Güzellik Salonu
Arzu Genç Güzellik Merkezi,+905524078071,Güzellik Salonu
Hazal Akbay Beauty Tırnak ve Kirpik Merkezi,+905454230325,Güzellik Salonu
Yasemin Estetik & Güzellik,+902125438323,Güzellik Salonu
Angel Beauty Bakırköy,+905455370344,Güzellik Salonu
Müge Estetik Beauty,+905304295855,Güzellik Salonu
Özel Estebella Kliniği,+902122344546,Güzellik Salonu
Estelita Güzellik Merkezi,+905446165847,Güzellik Salonu
ESTEMİNE,+905316510178,Güzellik Salonu
Soho Beauty,+905454457700,Güzellik Salonu
İmren Öztürk Beauty Center,+902126606579,Güzellik Salonu
Dr. Saltuk Aslan Kendir | Medikal Estetik (turkeyana clinik bünyesinde),+905344534700,Güzellik Salonu
Doç. Dr. Aret Çerçi Özkan,+902122963120,Güzellik Salonu
Bakırköy Estetik Dent Ağız ve Diş Sağlığı Polikliniği,+902128581616,Diş Kliniği
MiaBella Estetik,+902124665466,Güzellik Salonu
Turkeyana Clinic,+905075522020,Güzellik Salonu
Uzm. Dr. Deniz Esin,+902124665482,Diğer (Sağlık & Bakım)
Dr.Menije Beauty Center / Dr.Menije Estetik Merkezi,+902126610011,Güzellik Salonu
Estetik Spor Sağlıklı Yaşam Kulübü,+905322564224,Güzellik Salonu
Zeynep Çopur Beauty,+905437608110,Güzellik Salonu
Gülhan Gürbüz Beauty,+905453754655,Güzellik Salonu
By Özlem Çelik Güzellik,+905537531172,Güzellik Salonu
Luna beauty,+905324298034,Güzellik Salonu
Gizem Ecem Nuhoğlu Estetik ve Cerrahi Diş Kliniği,+905337114873,Diş Kliniği
Sunblack Solarium & Beauty,+902124665534,Güzellik Salonu
Sevil Beauty Güzellik Merkezi,+905469079273,Güzellik Salonu
İstanbul Medikal Estetik Sertifikalı İç Hastalıkları Uzmanı,+905491143434,Güzellik Salonu
Bakırköy Genel Güzellik Merkezi,+902125420888,Güzellik Salonu
GÖKBEN ÖZCAN BEAUTY CLUB,+905346829267,Güzellik Salonu
Dünya Estetik,+902124137978,Güzellik Salonu
Bakırköy Protez Tırnak,+905441447670,Güzellik Salonu
Elisa Beauty,+905077447494,Güzellik Salonu
Op.Dr.Taha Mehmetoğlu,+902124414777,Güzellik Salonu
My Beauty Saloon,+902125705070,Güzellik Salonu
Op. Dr. Abdullah Etöz Institute of Aesthetic & Plastic Surgery,+905326222575,Güzellik Salonu
Lenora Güzellik Merkezi,+905525419415,Güzellik Salonu
Aynur Kaya Beauty and Care Center Başakşehir,+905411192916,Güzellik Salonu
Feniks Beauty Center,+905324738921,Güzellik Salonu
Op. Dr. Atilla Kaya - Genel Cerrahi Uzmanı,+905413229665,Diğer (Sağlık & Bakım)
Gold Clinic Turkey,+905441820702,Güzellik Salonu
Maveros Estetik ve Güzellik,+902125557000,Güzellik Salonu
VEGAS NAİL ART PROTEZ - JEL TIRNAK,+905323207739,Güzellik Salonu
Bakırköy Lazer Epilasyon,+902125424348,Güzellik Salonu
PodiFree Podoloji & Güzellik Merkezi,+905059809494,Güzellik Salonu
Narin Alizade Güzellik Salonu ve Akademi,+905313908188,Güzellik Salonu
Angelık Form Estetik Ve Güzellik Merkezi,+902124665040,Güzellik Salonu
Derya Güzellik Salonu,+905356852800,Güzellik Salonu
Nish Güzellik Akademisi,+905554571565,Güzellik Salonu
Zeytin Ağacı Psikolojik Danışmanlık Merkezi - İstanbul Psikolog,+905350511780,Psikolog / Terapist
Psikoloji Bakırköy Danışmanlık Merkezi,+905321750454,Psikolog / Terapist
Efta Psikoloji - Bakırköy Psikolog - Psikolojik Danışmanlık Merkezi,+905337370087,Psikolog / Terapist
Uzman Klinik Psikolog Elif Akyasan - Ataköy & Bakırköy Psikolog,+905421579086,Psikolog / Terapist
Harmony Psikoloji - Bakırköy,+905334032757,Psikolog / Terapist
Psikolog Şura Zeynep Dağ - Ataköy & Bakırköy Psikolog,+905334912440,Psikolog / Terapist
Psikolog İkra Eser - Ataköy & Bakırköy Psikolog,+905442801720,Psikolog / Terapist
Psikozone Bakırköy,+905385299930,Psikolog / Terapist
"Uzman Klinik Psikolog Melike Topuz ⎥Ataköy Psikolog, Bakırköy Psikolog",+905013788727,Psikolog / Terapist
Uzman Psikolog Ömürcan Bozkuş | Ataköy Psikolog | Bakırköy Psikolog,+905342109005,Psikolog / Terapist
Therapia Psikoloji Bakırköy - Bakırköy Psikolog,+905415635945,Psikolog / Terapist
Pozitif Psikoloji Enstitisü / Bakırköy Psikolog / Bakırköy Çift Terapisi / Bakırköy Aile Danışmanlığı / Bakırköy Pedagog,+905320504327,Psikolog / Terapist
Bakırköy Psikolog | Ataköy Psikolog | Norda Psikoloji | Yenibosna Psikolog | Florya Psikolog | Zeytinburnu Psikolog,+905468995655,Psikolog / Terapist
Bakırköy Psikolog Nizam Aydın,+905432393440,Psikolog / Terapist
"Bakırköy Psikolog-Psikolog RABİA ACAR-Bakırköy Psikolog Randevu,Aile ve Çift Terapisi,Yetişkin Psikolog,Bireysel Psikolog,",+905467303265,Psikolog / Terapist
Merve Üstün,+905528048124,Psikolog / Terapist
Klinik Psikolog Alimert BALTA-Bakırköy Psikolog-Psikolog Randevu-Ergen Psikolog-Çift Terapisi-Yetişkin Psikolog-Emdr Terapisi,+905368908385,Psikolog / Terapist
Uzman Klinik Psikolog Doğan Polat | Çift Terapisti – Bakırköy,+905551573810,Psikolog / Terapist
Uzm. Klinik Psikolog/Psikoterapist Levent Mete,+905396883115,Psikolog / Terapist
PADEM Psikolojik Danışmanlık Merkezi,+902124163529,Psikolog / Terapist
Delta Psikoloji - Bakırköy Psikolog,+905079870132,Psikolog / Terapist
Divan Psikoloji,+905323079740,Psikolog / Terapist
Psikolium Danışmanlık Merkezi Bakırköy Psikolog & Bakırköy Pedagog & Bakırköy Evlilik Danışmanlığı & Oyun Terapisi,+902126602444,Psikolog / Terapist
Klinik Psikolog Duygu Derin - Bakırköy Psikolog,+905306067642,Psikolog / Terapist
Psikolog Eyüp Durmaz- Aile çift ve cinsel terapist- Bakırköy psikoloji - Bakırköy psikolog önerisi - Bakırköy en iyi psikolog,+905434971764,Psikolog / Terapist
Bakırköy Psikolog HURİ UÇAK,+905070216427,Psikolog / Terapist
UZMAN KLİNİK PSİKOLOG NUR GÜL YAREN - BAKIRKÖY,+905418192330,Psikolog / Terapist
Mahza Psikoloji ve Danışmanlık Merkezi,+905333593461,Psikolog / Terapist
Klinik Psikolog Yasin Ağırbaş,+905384244305,Psikolog / Terapist
Lila Psikoloji Bakırköy / Psikolog/ Çift Ve Yetişkin Terapisi/ Oyun Terapisi/ EMDR Terapisi/ Theraplay Çocuk Ve Aile Terapisi,+905412326266,Psikolog / Terapist
Uzman Psikolog Oya Kayır,+908504740425,Psikolog / Terapist
Hayat Ağacı Danışmanlık Merkezi,+905053811230,Psikolog / Terapist
Klinik Psikolog Ervanur Yıldırım,+905335505177,Psikolog / Terapist
Psikoleva Psikoloji - Bakırköy ve Ataköy Psikolog,+905444150215,Psikolog / Terapist
PEDAMER Psikoloji Psikolojik Eğitim ve Danışmanlık Merkezi,+905377327144,Psikolog / Terapist
Mahal Psikoloji - Bakırköy Psikolog - Çocuk Ergen Yetişkin ve Çift Terapisi,+905332335391,Psikolog / Terapist
Genç Psikologlar Dayanışma Platformu,+905324473242,Psikolog / Terapist
Gaios Psikoloji- Bakırköy Psikolog,+902128777496,Psikolog / Terapist
"Can Psikoloji - Bakırköy Psikolog & Terapist - (Evlilik, Çift ve Aile Danışmanı, Ergen ve Yetişkin, Bireysel Psikoterapi)",+905335961377,Psikolog / Terapist
Klinik Psikolog Ayşe Mine Tuncay,+905061002934,Psikolog / Terapist
D&M Psikoloji Eğitim ve Danışmanlık Merkezi,+905055891010,Psikolog / Terapist
"Uzm.Psikolog Sevda Sevimli Yurtseven,Bireysel Psikolojik Danışmanlık,Aile ve Çift Danışmanlığı,EMDR, NöropsikolojikTestler,",+905324994639,Psikolog / Terapist
Uzman Klinik Psikolog Ömer Kurt,+905321387947,Psikolog / Terapist
İnsula Psikoloji,+905388504803,Psikolog / Terapist
UPE Psikoloji - Bakırköy Psikolog Merkezi,+902126608600,Psikolog / Terapist
Psikolog Esra Keçeyapan,+908504744657,Psikolog / Terapist
Çadem Psikoloji,+902125700607,Psikolog / Terapist
"Klinik Psikolog Umut Ali Özarslan, Bakırköy Psikolog, İstanbul Psikolog",+905396941795,Psikolog / Terapist
Psikosense Psikoloji Bakırköy Psikolog/Oyun Terapisi/Yetişkin Bireysel Terapi/Çift Terapisi/Cinsel Terapi/Çocuk Psikoloğu,+905056681504,Psikolog / Terapist
"Bakırköy Psikolog, Uzman Psikolog Duygu Bakır",+905461151611,Psikolog / Terapist
İstanbul Psikolog Merkezi,+905340339370,Psikolog / Terapist
Bir Aile Psikoloji -Bakırköy Psikolog- Pedagog- Aile Terapisi,+905526763451,Psikolog / Terapist
Psikolog Narek Karasu ( Bakırköy Şubesi ),+905384299105,Psikolog / Terapist
Klinik Psikolog Bahar Kaya - Bakırköy Psikolog,+905359126745,Psikolog / Terapist
Ema Psikoloji Danışmanlık Merkezi,+905422516129,Psikolog / Terapist
DÖNÜŞÜM PSİKOLOJİK DANIŞMANLIK / Uzm.Psk. İlknur YILMAZ,+902126617887,Psikolog / Terapist
Klinik Psikolog/ Pedagog Sonnur Kükürt,+902125428246,Psikolog / Terapist
Tempus Psikoloji,+905415057010,Psikolog / Terapist
Klinik Psikolog Cemre Yağmur Bozkuş,+905161621043,Psikolog / Terapist
Klinik Psikolog Benan Şahinbaş,+905515991911,Psikolog / Terapist
Nokta Psikoloji,+905317851198,Psikolog / Terapist
Psikolog/ Psikoterapist Esra Yıldız,+905310227935,Psikolog / Terapist
Klinik Psikolog Esra ÇELİK,+905314989534,Psikolog / Terapist
"Psikolog Rabia Bakınç - Çocuk, Ergen ve Yetişkin Terapisi - Bakırköy Psikolog",+905518650265,Psikolog / Terapist
Bakırköy Psikolog Uzman Psikolog Esra Kılınç Yıldırım,+905346829553,Psikolog / Terapist
İstanbul - Bakırköy - Uzman Psikolog Gönül Öztürk,+905548475538,Psikolog / Terapist
Klinik Psikolog Batuhan Bilen,+905362850408,Psikolog / Terapist
Uzman Klinik Psikolog Gizem Vardarlı,+905365780353,Psikolog / Terapist
Hümanistik Psikoloji - Florya Şubesi,+902129931506,Psikolog / Terapist
Psikolog Buse Durmuş Bakırköy Psikoloji ve Psikoterapi,+905456626757,Psikolog / Terapist
Dr. KLİNİK PSİKOLOG SAİT KAHRAMAN,+905445420373,Psikolog / Terapist
Nur Meriç Psikolojik Danışmanlık - Evlilik Danışmanı,+905316287636,Psikolog / Terapist
Uzm. Klinik Psikolog Hande Tunçoğlu I Bakırköy Psikolog,+905397060871,Psikolog / Terapist
Rölatif Psikoloji,+905441702020,Psikolog / Terapist
Uzman Psikolog Nehir Demir,+902129126374,Psikolog / Terapist
Klinik Psikolog Pınar Talaslıoğlu Bahar,+908508113797,Psikolog / Terapist
Psikohome Psikolog Ramazan Boyacı,+905422629924,Psikolog / Terapist
Selenyum Psikolojik Danışmanlık Merkezi,+905551433797,Psikolog / Terapist
Bakırköy Psikolog—Psk. Defne Çetinkaya,+905378448742,Psikolog / Terapist
Maya Psikoloji Bakırköy,+905318145833,Psikolog / Terapist
"Uzm. Klinik. Psikolog Ela Nur Şalcı, Bakırköy Psikolog, Mecidiyeköy Psikolog",+905426688279,Psikolog / Terapist
Uzman Psikolog Doğukan Yurtalan,+905357393214,Psikolog / Terapist
Bakırköy psikolog / Şişli Psikolog Psikolog Rabia CANBOLAT Psikolog | Oyun Terapisi | Çocuk & Ergen Terapisi,+905453293466,Psikolog / Terapist
İstanbul Psikoloji Atölyesi,+905335093575,Psikolog / Terapist
Klinik Psikolog Şeyma Koçak,+905370571131,Psikolog / Terapist
Uzm.Kln.Psk. YONCA CEREN ZORLU,+905433223736,Psikolog / Terapist
"Psikolog Elif Ekmekci Güler, Psikolog -Oyun terapisti (Pendik Psikolog, Bakırköy psikolog - İstanbul Psikolog)",+905301769874,Psikolog / Terapist
Prof Clinic | Dental Clinic Turkey,+905421502222,Diş Kliniği
360 Ağız ve Diş Sağlığı Polikliniği - 360 Dental Clinic,+905523603360,Diş Kliniği
Özel Dental Plus İstanbul Ağız ve Diş Sağlığı Polikliniği,+902125217676,Diş Kliniği
Dentadent Ağız ve Diş Sağlığı Merkezi,+902126604400,Diş Kliniği
Işık Diş Ağız ve Diş Sağlığı Polikliniği ( Dental Health Clinic) Bakırköy Şubesi,+905536683368,Diş Kliniği
Özel Dent Natural Ağız ve Diş Sağlığı Polikliniği | Bakırköy Dis,+902126603444,Diş Kliniği
Dent Bakırköy Ağız ve Diş Sağlığı Polikliniği,+902125428999,Diş Kliniği
Özel Dentistanbul Bakırköy Ağız Ve Diş Sağlığı Polikıliniği,+902125834440,Diş Kliniği
Master Of Dent Clinic,+905079256632,Diş Kliniği
Özel Osmaniye Ağız ve Diş Sağlığı Polikliniği,+905538885444,Diş Kliniği
Klinik Emel Ağız ve Diş Sağlığı Polikliniği,+905332504987,Diş Kliniği
Ada Ağız ve Diş Sağlığı Polikliniği,+902122030232,Diş Kliniği
Centerdent Istanbul,+905451345134,Diş Kliniği
Diş Sanatı Ağız ve Diş Sağlığı Polikliniği,+902124660976,Diş Kliniği
Bakırköy Sadi Konuk E.A.H. Bakırköy Ağız ve Diş Sağlığı Merkezi,+902124147171,Diş Kliniği
Oralmed Ağız ve Diş Sağlığı Polikliniği,+902125702829,Diş Kliniği
Serem Ağız ve Diş Sağlığı Polikliniği,+905499423232,Diş Kliniği
Özel Dentamedica Ağız ve Diş Sağlığı Polikliniği,+905465590694,Diş Kliniği
Periodonta Master Klinik,+905071483891,Diş Kliniği
Özel Bakırköy Ortodonti Ağız ve Diş Sağlığı Polikliniği,+902127020634,Diş Kliniği
Dr. Miray Günyüz Toklu Bakırköy Diş Kliniği,+908504747776,Diş Kliniği
Artı Estetik Ağız ve Diş Sağlığı Polikliniği,+905069482313,Diş Kliniği
KAHYA KLİNİK/ Diş Hekimi Gülsüm KAHYA,+905459360576,Diş Kliniği
Özcan Diş Hekimliği - OZ Care Dental,+902126604242,Diş Kliniği
Özel Kocaelli Ağız Ve Diş Sağlığı Polikliniği,+905325074769,Diş Kliniği
ÖZEL ATADENT AĞIZ ve DİŞ SAĞLIĞI POLİKİNLIĞİ,+902126616185,Diş Kliniği
Dr. Erdem Sur,+902125706258,Diş Kliniği
DENT İST DENT AĞIZ VE DİŞ SAĞLIĞI POLİKLİNİĞİ,+902125433031,Diş Kliniği
Klinik Bakirkoy Diş Estetiği ve İmplantoloji Merkezi,+905326591505,Diş Kliniği
Muhteşem Demirelli Dış Kliniği,+902126633539,Diş Kliniği
DentMax İstanbul Bakırköy Ağız ve Diş Sağlığı Polikliniği / Ortodonti - invisalign - implant - Lamine - MARPE,+902125700033,Diş Kliniği
Klinik Viyana Ağız ve Diş Sağlığı Polikliniği,+902126604660,Diş Kliniği
Dr. Elçin Bedeloğlu Ağız ve Diş Sağlığı Polikliniği,+902125802121,Diş Kliniği
Diş Hekimi Duygu Selin Güldüren Muayenehanesi,+905393374847,Diş Kliniği
Ninova Dental Clinic,+902125800010,Diş Kliniği
Msc. Dt. Aslı Çoban I Gülüş Tasarımı I Diş Beyazlatma I Zirkonyum I Hollywood Smile I Yaprak Porselen,+905352788840,Diş Kliniği
Kutay Ortodonti Bakırköy - Invisalign - Diş Teli - Ortodontist Dr. Cansın Kutay ve Dr. Pınar Ünlü Kutay,+905382503015,Diş Kliniği
Dent Ataköy Ağız Ve Diş Sağlığı Polikliniği,+902126618808,Diş Kliniği
Tower Dental Clinic,+905451494164,Diş Kliniği
nu klinik,+905523634939,Diş Kliniği
Özel DENTAC Ağız ve Diş Sağlığı Polikliniği | DENTAC Dental Clinic | Diş Hekimi Burak Ak Diş Kliniği | Bakırköy Diş Kliniği,+905314750342,Diş Kliniği
Diş Hekimi L. Murat MERCAN | Estetik Ve Etik Diş Hekimliği | Gülüş Tasarımı | Smile Coach | Dental Consultant | Diş Tedavisi,+902129709090,Diş Kliniği
ABACI AĞIZ VE DİŞ SAĞLIĞI POLİKLİNİĞİ,+905547498666,Diş Kliniği
Dentaria Clinic,+902125735444,Diş Kliniği
Natural Dental Clinic,+905370407673,Diş Kliniği
Estesie™ Dental Clinic Certified the Best Dental Implants in Turkey | Zirconium Laminate | Hollywood Smile in Istanbul,+905384402929,Diş Kliniği
Diş Hekimi Mete Dalbeler,+902128236090,Diş Kliniği
"Dt. Çağdaş Yakın, Diş Hekimi",+902125600388,Diş Kliniği
Deniz Işık - Diş Hekimi - Bakırköy İmplant - Bakırköy Diş Hekimi,+905538535300,Diş Kliniği
Periodontoloji Uzmani Diş Hekimi Dr. Dt. Çağdaş Çağlar Laçin,+905548503891,Diş Kliniği
AC Dent Group Ağız ve Diş Sağlığı Kliniği,+905366122090,Diş Kliniği
Dr.Tunç Berge - Bergedent Ataköy Estetik Diş Hekimliği Ve İmplantoloji Merkezi,+902125608171,Diş Kliniği
Diş Hekimi Bertan Buyan,+905072978282,Diş Kliniği
Maydentist Clinic Dr.Merve Sarı & Dr. Aytek Sarı,+902125420250,Diş Kliniği
Ortodontist Dr. Hakan Bilsel - Ataköy Ortodonti,+905526319699,Diş Kliniği
Diş Hekimi Nazlı Altın,+905336407202,Diş Kliniği
Dt. Diş Hekimi Volkan Arıkoğlu,+902125700749,Diş Kliniği
Dr. Rıfat Yıldız Klinik Ataköy Istanbul,+905010950034,Diş Kliniği
Çocuk Diş Hekimi Dr. Dt. Mina Türkmen Karaçöl Muayenehanesi - Pedodonti Uzmanı,+905521570504,Diş Kliniği
Ilhan Clinic,+902123029002,Diş Kliniği
Ortodontist Dr. Yasin Akgül Bakırköy Ataköy - Şeffaf Plak,+905453725485,Diş Kliniği
Diş Hekimi Uzm. Dr. Semra Sezgin,+905324666212,Diş Kliniği
Diş Hekimi Sarper Övsay,+902125831119,Diş Kliniği
Özel Biodent Ağız Ve Diş Sağlığı Polikliniği,+902126608959,Diş Kliniği
Dr. Umut Şimşek Dental Clinic,+905350467696,Diş Kliniği
LDC Diş Kliniği (LDC Dental Clinic),+905307297300,Diş Kliniği
Dr. Elif Kumbasar,+905065350185,Diş Kliniği
Dr. Ferdi Allaf,+902125717070,Diş Kliniği
Özel Etemoğlu Ağız ve Diş Sağlığı Polikliniği,+902124018100,Diş Kliniği
Eva Clinic Turkey,+905317282413,Diş Kliniği
Özel Esma Sönmez Ağız ve Diş Sağlığı Polikliniği,+905326690273,Diş Kliniği
Dentbul Dental Clinic,+905323649886,Diş Kliniği
Diş Hekimi,+902125733394,Diş Kliniği
Dr. Zeynep Sapan,+905324970347,Diş Kliniği
Klinik Diş Eti | Diş Eti Sağlığı & Periodontoloji,+905301169040,Diş Kliniği
Dentekiz Clinic,+905308829101,Diş Kliniği
Denta Marmara Ağız ve Diş Sağlığı Polikliniği,+905441143030,Diş Kliniği
Alptekin Altun Ağız ve Diş Kliniği,+905423720266,Diş Kliniği
İstanbul Agagsia Dental Clinic Ağız ve Diş Sağlığı Polikliniği,+902128770713,Diş Kliniği
Özel Denteka Ağız Ve Diş Sağlığı Polikliniği,+902126628065,Diş Kliniği
Özel S.Dent Ağız ve Diş Sağlığı Merkezi,+902125733838,Diş Kliniği
Dr. Erkan Ağırbaş,+902124411175,Diş Kliniği
Uzman Diş Hekimi Didem EKİZ (Endodonti),+905308893060,Diş Kliniği
Hakan Fındık Muayenehanesi,+902126607548,Diş Kliniği
Run Rabbit Tattoo,+905336787488,Dövme & Piercing
Pasaj Tattoo Piercing Salonu,+905076444660,Dövme & Piercing
Alfa Tattoo Piercing,+905060230344,Dövme & Piercing
Aytuğ Tattoo Bakırköy | Tattoo & Piercing,+905466885398,Dövme & Piercing
Tattoo Z,+905414698487,Dövme & Piercing
Vagon Art Tattoo - Piercing,+905332646021,Dövme & Piercing
Satirus Tattoo Bakırköy,+905541218581,Dövme & Piercing
Tattoo Master Bakırköy,+905416325790,Dövme & Piercing
Pandora Tattoo Bakırköy,+905307110462,Dövme & Piercing
Şah Tattoo & Piercing,+905330539771,Dövme & Piercing
Ramses Ink Bakırköy,+905300627368,Dövme & Piercing
Bakırköy Dövmecisi,+905544494662,Dövme & Piercing
Lizbon Tattoo Bakırköy,+905353000855,Dövme & Piercing
Magic Hand Dövme Stüdyosu Dövmeci Taner,+902125433049,Dövme & Piercing
Tattoos First,+905347666847,Dövme & Piercing
Tattoo Studio Ertugrul Yılmaz,+905344023328,Dövme & Piercing
Redline Tattoo Bakırköy,+905011425545,Dövme & Piercing
y'İNKyang Tattoo Gallery,+905528746044,Dövme & Piercing
Gozde Tattoo Piercing,+905455474762,Dövme & Piercing
inka tattoo piercing,+905325473745,Dövme & Piercing
Cizik Tattoo Studio,+905541254436,Dövme & Piercing
Deniz Yapar Tattoo,+905304142778,Dövme & Piercing
Dövmeci Beyaz Kedi body art,+902125705645,Dövme & Piercing
Horoz Tattoo,+902126608882,Dövme & Piercing
96 Tattoo Studio,+905462640830,Dövme & Piercing
Atelier Luna I Tattoo Studio,+905312031344,Dövme & Piercing
Z.ink TATTOO & Piercing Bakırköy,+905522100535,Dövme & Piercing
Bipiercing & Takı Kralı,+905301184125,Dövme & Piercing
Rosetta ink,+905345754868,Dövme & Piercing
Ghost Tattoo,+905325527086,Dövme & Piercing
Art & More Atelier,+905352218773,Dövme & Piercing
Dotworktattoo,+905300621251,Dövme & Piercing
Kalis Tattoo Studio,+905534121318,Dövme & Piercing
Merve Özkan Tattoo Piercing Studio,+905425778837,Dövme & Piercing
İstanbul Art Pit Tattoo,+905326235151,Dövme & Piercing
Fly ink tattoo,+905343359383,Dövme & Piercing
Tattoo Sapiens,+905330843481,Dövme & Piercing
Karma Tattoo Ink,+905439436282,Dövme & Piercing
JR Tattoo & Piercing,+905442864736,Dövme & Piercing
XL Tattoo Studio,+905307295101,Dövme & Piercing
Hangar Tattoo,+905059735269,Dövme & Piercing
Bostnock Tattoo,+905051580992,Dövme & Piercing
Horoz Tattoo,+902163601158,Dövme & Piercing
PRİMATİVE İNK SEFAKÖY DÖVME STÜDYOSU,+905324900454,Dövme & Piercing
Kings Tattoo & Barber Shop,+905312904633,Dövme & Piercing
Bakırköy Dövme Silme Merkezi,+905393703994,Dövme & Piercing
AtolyeX,+905302880627,Dövme & Piercing
11:11 Tattoo,+905368744904,Dövme & Piercing
Blackworldtattoo,+905423515058,Dövme & Piercing
ERC Tatto Dövme Salonu,+905343151356,Dövme & Piercing
Hüseyin Tunç Tattoo Studio,+905342217719,Dövme & Piercing
barantattooart,+905344681914,Dövme & Piercing
arek köseoğlu,+905544296834,Dövme & Piercing
95 tattoo,+905312535487,Dövme & Piercing
Bellum Tattoo & Piercing,+905330337000,Dövme & Piercing
Creative Tattoo Studio,+905550451658,Dövme & Piercing
Allen dovmeci,+905377169824,Dövme & Piercing
AYTUĞ TATTOO TUZLA | Dövme & Piercing,+905011425398,Dövme & Piercing
Kadıköy Body Art | Dövme & Piercing Stüdyosu,+905306692580,Dövme & Piercing
Ümit Çelik Tattoo Piercing Studio,+905355024069,Dövme & Piercing
Mert Mutluer Tattoo Art Studio,+905395532308,Dövme & Piercing
Artelme tattoo and art studio (dövme),+905524712445,Dövme & Piercing
24Tatoo,+905320603132,Dövme & Piercing
Grim Ink Tattoo Studio,+905397302308,Dövme & Piercing
Black Tattoo,+905319870785,Dövme & Piercing
Uzman Diyetisyen Başak Suna Albayrak,+905421352548,Diyetisyen
Diyetisyen Nesrin Eriş,+905532248070,Diyetisyen
Diyetisyen Ecem Gözaydın Bakırköy Diyetisyen,+905436033212,Diyetisyen
Uzman Diyetisyen Ceylan Kızılkan,+905452306544,Diyetisyen
Diyetisyen SARE SELÇUK,+905326395653,Diyetisyen
Diyetisyen Merve Yılmaz,+905079310545,Diyetisyen
Diyetisyen Nurşah Öztürk Sağlıklı Beslenme ve Andulasyon Merkezi,+905424024940,Diyetisyen
Diyetisyen Elif Ak,+905539353529,Diyetisyen
Diyetisyen Elif Maden Çay,+905523856115,Diyetisyen
Özlem Sevindik Beslenme Ve Diyet Uzmanı,+902125422001,Diyetisyen
Diyetisyen Bahadır Bilir,+905320620134,Diyetisyen
Diyet Uzmanı Türkiye'nin Sağlıklı Yaşam Merkezi,+908505327393,Diyetisyen
Diyetisyen Ayşenur Saral Gül,+905382068668,Diyetisyen
Uzman Diyetisyen Şevval AKSU Sağlıklı Yaşam ve Zayıflama Merkezi,+908504744736,Diyetisyen
Diyetisyen Mirella Murat,+905455522496,Diyetisyen
DİYETİSYEN NAİLE BERBEROĞLU,+905397869333,Diyetisyen
Diyetisyen Çağrı Erdem,+905316727634,Diyetisyen
Diyetisyen Büşra Tuner,+905411904903,Diyetisyen
"Dyt. Tuğçe Çetinkaya, Diyetisyen",+905387667433,Diyetisyen
Diyetisyen Selin Şahin,+905077242667,Diyetisyen
Diyetisyen Zeynep Kocadölü,+905546126344,Diyetisyen
DİYETİSYEN ELİF ÖNER - İstanbul Diyet Kliniği,+905525681528,Diyetisyen
Diyetisyen Feyza ATEŞ,+905323904594,Diyetisyen
Diyetisyen Büşra Sapan,+905334919947,Diyetisyen
Diyetisyen Çölyaran,+905384796248,Diyetisyen
Diyetisyen Rıdvan Arslan,+905073003822,Diyetisyen
Diyetisyen Gamze Çakaloğlu,+905445172208,Diyetisyen
Aqua Beslenme ve Diyet Danışmanlık Merkezi,+905425186570,Psikolog / Terapist
Uzman Diyetisyen Sedat Aydın,+905443512644,Diyetisyen
Çağla Demir Beslenme Danışmanlığı,+905400274044,Diyetisyen
Diyetisyen Seda Kaya Uysal,+908508117292,Diyetisyen
Diyetisyen Anastasia Asya İleri,+905051942895,Diyetisyen
Diyetisyen Ecem Emanet,+902127022526,Diyetisyen
Uzman Diyetisyen Seçil Akdoğan,+905376175487,Diyetisyen
Diyetisyen Güneş Kılıç,+905323025422,Diyetisyen
Diyetisyen Betül Kurtcuoğlu,+905073026137,Diyetisyen
Dr. Dyt. Gülen Ecem Kalkan,+905069981941,Diyetisyen
Uzman Diyetisyen MERAL AYDENİZ Beslenme ve Diyet Danışmanlık Merkezi,+905332038200,Psikolog / Terapist
Emsal KARACA Beslenme ve Diyet Danışmanlık Merkezi,+905324350335,Psikolog / Terapist
Diyetisyen Burcu Cömert,+905446959575,Diyetisyen
Uzman Diyetisyen Ezgi Fuçıcı,+905301861719,Diyetisyen
DİYETİSYEN AHMET KAYA BESLENME VE DİYET DANIŞMANLIK MERKEZİ,+905412468592,Psikolog / Terapist
Uzman Diyetisyen Müjgan Arı Yılmaz,+905304403066,Diyetisyen
Diyetisyenin Tabağı Beslenme ve Diyet Danışmanlığı Diyetisyen Pınar Dağhan Bayram,+905332948104,Diyetisyen
Diyetisyen Merve Karakaya,+905421037344,Diyetisyen
Diyetisyen Cindy Bayece,+905317397575,Diyetisyen
Fonksiyonel Tıp Diyetisyeni Nazeli Yardım,+905387838367,Diyetisyen
Formda Diyet ve Beslenme Danışmanlığı Merkezi,+905433998062,Diyetisyen
Diyetisyen Sinem Uygun,+908508117749,Diyetisyen
Diyetisyen Merve Çalışkan Diyet&Andulasyon Terapi Merkezi,+905398306510,Psikolog / Terapist
Diyetisyen Yasemin Çalışır,+905394129229,Diyetisyen
Diyetisyen Nisanur Toplu,+905326699885,Diyetisyen
Diyetisyen Elif Özyılmaz,+905313264799,Diyetisyen
Uzman Diyetisyen Hacer Kaya,+905347263196,Diyetisyen
Diyetisyen Gamze Çetinkaya,+905392459090,Diyetisyen
Uzman Diyetisyen Başar Ziroğlu,+905386087575,Diyetisyen
Diyetisyen Sıla Zaloğlu,+905339351389,Diyetisyen
Diyetisyen Ecem Bengisu Ataköy,+905464291313,Diyetisyen
Diyetisyen Seda Dursun,+905324966095,Diyetisyen
Bakırköy Uzman Diyetisyen Şevval Balgün,+905446206882,Diyetisyen
Doktor Diyetisyen Gözde Güncü,+905527983892,Diyetisyen
Diyetisyen Betül Serttaş,+905382036317,Diyetisyen
GB Diyetisyen&Pilates Studio,+905051863458,Diyetisyen
ESEN BESLENME VE PSİKOLOJİK DANIŞMANLIK & EĞİTİM MERKEZİ,+905395101803,Psikolog / Terapist
Diyetisyen Melisa Türk Turkey Dietician,+902129126379,Diyetisyen
Diyetisyen Aylin Hacıoğlu,+905467490869,Diyetisyen
Diyetisyen Şevval Memiş Sağlıklı Beslenme ve Diyet Danışmanlığı - Küçükçekmece / Yenibosna / Bakırköy Diyetisyen,+905317458982,Diyetisyen
Diyetisyen Büşra Toslak,+905382348070,Diyetisyen
Harmony Beslenme ve Diyet Danışmanlığı Merkezi,+905305406023,Diyetisyen
Diyetisyen Aslı Gündoğdu Beslenme ve Diyet Danışmanlığı,+905334967757,Diyetisyen
Kimyager Diyetisyen Efnan Pelit,+905347113444,Diyetisyen
Diyetisyen Esin Akçil,+905330752330,Diyetisyen
Diyetisyen Deniz Özdel,+905415193282,Diyetisyen
Diyetisyen Betül Kadıoğlu,+905452134294,Diyetisyen
Diyetisyen Ece Evler,+905307708538,Diyetisyen
Uzman Diyetisyen Hilal Köse,+908504747810,Diyetisyen
Ataköy Diyetisyen Hacer Eksin,+908504742556,Diyetisyen
Diyetisyen Birsen Gültekin Bakırköy Diyetisyen,+905526611368,Diyetisyen
Diyetisyen Bengü Nur Şeker,+908508117012,Diyetisyen
Digetisyenler,+905426992252,Diğer (Sağlık & Bakım)
Diyetisyen Yaren Nur Şeker,+908508117617,Diyetisyen
Evrensel Denge Ve Sağlıklı Yaşam,+902126638122,Diğer (Sağlık & Bakım)
Auralife Sağlıklı Yaşam Merkezi (BAKIRKÖY),+905539386868,Diğer (Sağlık & Bakım)
Diyetisyen Gözde Ateş Teke,+905327661056,Diyetisyen
Studio'G,+905357283455,Pilates / Yoga
Bakırköy Pilates - NYM Pilates Studio,+905380945712,Pilates / Yoga
"Stay Fit Bakırköy Pilates, Hamile Pilatesi, Aletli Pilates, Bakırköy Medikal Pilates.",+905522838183,Pilates / Yoga
Fours Pilates Studio Bakırköy,+905534262815,Pilates / Yoga
Joya Pilates Studio | Bakırköy Pilates Salonu | Reformer,+905531044099,Pilates / Yoga
Moonlight Pilates Studio Bakırköy,+905425930698,Pilates / Yoga
Q Pilates Studıo Bakırköy,+905551062406,Pilates / Yoga
Bakırköy PiaForm Fizyoterapi ve Pilates,+902125429738,Psikolog / Terapist
Prime Fit Pilates Stüdyosu,+905318332167,Pilates / Yoga
Payluna pilates studio,+905546538865,Pilates / Yoga
Cello’s Reformer Pilates – Birebir & Düet Özel Ders (Bakırköy,+905433063488,Pilates / Yoga
Bakırköy Pilates - Slim Life Studio,+905494664133,Pilates / Yoga
Pilates & Physio Studio,+905425483039,Pilates / Yoga
Pilates 21,+905340318498,Pilates / Yoga
Kangoo Club Bakırköy - Pilates,+905434562161,Pilates / Yoga
Santa Maria Pilates Bakırköy,+908502597342,Pilates / Yoga
Kaju Pilates,+905467374819,Pilates / Yoga
Erya Reformer Pilates Studio,+905330307743,Pilates / Yoga
FourS Pilates Private Studio,+905464899099,Pilates / Yoga
Movimento Pilates Studio Bakırköy,+905362967577,Pilates / Yoga
Siera Studio,+905334534797,Pilates / Yoga
Lime Pilates Studio,+905308525463,Pilates / Yoga
Nice to slim you florya pilates güzellik merkezi,+905454234365,Pilates / Yoga
Le Pilates Studio,+905448971288,Pilates / Yoga
Glowlife Pilates Studio,+905324042694,Pilates / Yoga
EC Pt House,+905301332400,Pilates / Yoga
Özdem Birtürk Pilates Akademi,+902125830545,Pilates / Yoga
Co Training Studio,+905359584521,Pilates / Yoga
Yüzde Yüz Pilates,+905425850956,Pilates / Yoga
Bakırköy Mojo Pilates,+905433367576,Pilates / Yoga
Aya Pilates Stüdyo,+905079670427,Pilates / Yoga
Db Pilates Studio,+905322057807,Pilates / Yoga
Pine Pilates Studio,+905306021001,Pilates / Yoga
Line Pilates Studio,+905415650512,Pilates / Yoga
Valene Pilates,+905015697298,Pilates / Yoga
GYMOTION Bakırköy,+902124660074,Kuaför / Berber
Tali Pilates Studio,+905331908043,Pilates / Yoga
Maggie Pilates,+905379113536,Pilates / Yoga
Yeşilköy Pilates Sevgi Şahin Body Art,+905454761010,Pilates / Yoga
Yeşilköy Lala Pilates | Yeşilköy Hamak Yogasi Dersleri | YeşilKöy Lala Pilates,+905373370607,Pilates / Yoga
Ms Pilates Studio,+905465422751,Pilates / Yoga
MAYLA DANS PILATES STUDIO,+902124661035,Pilates / Yoga
Gym Plus,+902125831819,Kuaför / Berber
Studio Pilates Yeşilköy,+905303830526,Pilates / Yoga
Flc Concept,+905431438187,Pilates / Yoga
Yeşilyurt Pilates Studio,+905448441080,Pilates / Yoga
Picholates & Yeşilköy Pilates Stüdyosu,+905415311759,Pilates / Yoga
Fitintime Bakırköy,+905308692088,Kuaför / Berber
Green Village Pilates House,+905072431519,Pilates / Yoga
FITCITY GYM WELLNESS SPA BAKIRKÖY,+902125612727,Kuaför / Berber
Ataköy Pilates Center,+905074936253,Pilates / Yoga
Pilates sports academy.Ataköy,+905064810287,Pilates / Yoga
Focus On Pilates Studio,+905413440964,Pilates / Yoga
Pilates Studio SC,+905331408215,Pilates / Yoga
MJ Pilates,+905308324986,Pilates / Yoga
Elit at Florya Pilates Studio Zeynep Elitok,+902125730476,Pilates / Yoga
Ataköy Pilates,+902125606058,Pilates / Yoga
WOWPilatesStudio,+905331300396,Pilates / Yoga
Bioforce Pilates Stüdyo Bakırköy,+905072083333,Pilates / Yoga
Mahsa Pilates - Florya,+905456741045,Pilates / Yoga
Duygu pilates,+905325502284,Pilates / Yoga
Senfit Reformer Pilates Bakirkoy,+905444566022,Pilates / Yoga
One to One Personal Trainer & Pilates & Boks Studio,+905054418203,Pilates / Yoga
İncirli - Prime Fitness,+902125575050,Kuaför / Berber
Şefika Gemici Pilates Stüdyosu & Florya Pilates,+905334389446,Pilates / Yoga
Yugen Movement Studio,+905455515502,Pilates / Yoga
Piti Pilates,+905352542052,Pilates / Yoga
Fizyobody Pilates & Fizyoterapi,+905436429093,Psikolog / Terapist
Iguana Spor Merkezi,+905313791910,Kuaför / Berber
Yeşilyurt Station Pilates,+902126628937,Pilates / Yoga
Valencia Pilates - Florya,+905301800521,Pilates / Yoga
ReTouch Studyo Yeşilyurt,+905320157179,Kuaför / Berber
YogaKioo Studio Bakırköy,+905400021077,Pilates / Yoga
Ahmet Cömert Spor Salonu,+902128717396,Kuaför / Berber
Advanced Pilates,+902126632549,Pilates / Yoga
Melek Ebru Ekin Pilates & Functional Studio,+905352942623,Pilates / Yoga
Fitness Form Club,+902125439318,Kuaför / Berber
BAKIRKÖY BOKS Tolga Çakmak Spor KULÜBÜ FİGHTCLUB,+905323742279,Kuaför / Berber
Fizyoterapist Deniz İşçi -Fizyoterapist Merve Keser -Primer Fizyoterapi,+905446444500,Psikolog / Terapist
Kiwi Exclusive Fitness,+905537635494,Kuaför / Berber
BeFine Sports&Spa Bakırköy,+902124137070,Kuaför / Berber
FitLab Yeşilköy,+905301134460,Kuaför / Berber
Rast Pilates,+905322777995,Pilates / Yoga
SDF PİLATES STUDİO,+905077641650,Pilates / Yoga
Akar Spor Merkezi,+905337697301,Kuaför / Berber
Simge Pilates,+905396640744,Pilates / Yoga
Ataköy Fitness,+902129249205,Kuaför / Berber
Yeşilköy Gym Fitness Salonu,+902125737419,Kuaför / Berber
BB Studio Pilates,+905424599537,Pilates / Yoga
Osteotherapy,+902126570101,Fizyoterapi
ON Sports Club,+905383873147,Kuaför / Berber
POVO PİLATES STUDİO,+905070502379,Pilates / Yoga
Sporium Florya Spor Merkezi,+902125736353,Kuaför / Berber
Ulviye Aksakal Bakırköy Yoga Dersi,+905332426460,Pilates / Yoga
Qualista health Fizyoterapi ve Pilates hizmetleri,+905367076422,Psikolog / Terapist
Mac/One Ataköy Reformer Pilates (Özge Nur Karaman),+905524137243,Pilates / Yoga
Fizyoterapist Fatma Yavuz Akdut,+905331908918,Psikolog / Terapist
My Gym,+902125606017,Kuaför / Berber
World Sport Academy,+902125742425,Kuaför / Berber
Tigers Arena,+905305638590,Kuaför / Berber
Kartaltepe Redline Fitness Form Bakırköy | Spor Salonu | Fitness Merkezi |,+902129734300,Kuaför / Berber
Santa Monica Gym,+902126633848,Kuaför / Berber
Mediplast Güzellik Merkezi başakşehir | Cilt Bakımı | Lazer Epilasyon | Bölgesel İncelme | NAİL ART,+905526506000,Güzellik Salonu
YAREN ÇOKTİN BEAUTY BAŞAKŞEHİR GÜZELLİK MERKEZİ,+905422540400,Güzellik Salonu
Arzu Yılmaz Başakşehir Güzellik Salonu,+902124872623,Güzellik Salonu
Emel ACAR Güzellik Merkezi & Kuaför Salonu Başakşehir,+902124873020,Güzellik Salonu
Başakşehir Güzellik Merkezi | Elsima Zayıflama Merkezi,+905333704077,Güzellik Salonu
Şule Kırk Güzellik Salonu,+905308993140,Güzellik Salonu
Burcu Güleryüz Güzellik,+902124884844,Güzellik Salonu
Nadide Beauty Center,+905398540880,Güzellik Salonu
HAYA GÜZELLİK SALONU,+905306610477,Güzellik Salonu
Ayşe Sarı Beauty Center,+902124855050,Güzellik Salonu
KÜBRA TOKSOY BEAUTY HOME,+902126721829,Güzellik Salonu
Garden Rose beauty center,+905407471111,Güzellik Salonu
Eylül Öztürk Nail SPA Başakşehir,+905395737347,Güzellik Salonu
Melike Adıgüzel Başakşehir Şubesi,+905379160709,Güzellik Salonu
Epilife Güzellik Salonu,+905372920912,Güzellik Salonu
Life Derma Studio Güzellik Salonu,+905426752900,Güzellik Salonu
Medikaes Güzellik,+905422080895,Güzellik Salonu
She Estetik,+905411685870,Güzellik Salonu
Başakşehir Güzellik Salonu,+905439440395,Güzellik Salonu
BESHA BEAUTY STUDIO,+905549878044,Güzellik Salonu
BURCU DEVELİ HAİR&MAKE UP STUDİO,+902128235574,Kuaför / Berber
Prenses VİP Güzellik,+905433369896,Güzellik Salonu
Sümeyye Kocakaplan Beauty,+905309924457,Güzellik Salonu
HELESA Güzelik Merkezi,+905538818157,Güzellik Salonu
Saloon Cadde,+902128090933,Güzellik Salonu
SF Beauty Güzellik ve Bakım Merkezi,+905320509885,Güzellik Salonu
Crystal Güzellik Shop,+905525051643,Güzellik Salonu
Salon Jasmin Kuaför,+902124859060,Kuaför / Berber
Vipderm,+905355588700,Güzellik Salonu
BAŞAKŞEHİR NEVRA GÜZELLİK,+905011338069,Güzellik Salonu
Kübra Kuaför ve Güzellik Salonu,+905370207608,Güzellik Salonu
R&R CARE AND BEAUTY - CILT VE SAÇ BAKIM,+905058320085,Güzellik Salonu
SALON HEDİYE,+902124886358,Kuaför / Berber
LEYLAM Güzellik salonu,+905384540661,Güzellik Salonu
New Glow Luxury Beauty Boutique,+905428996909,Güzellik Salonu
Newbahar Güzelik Salonu,+902124883020,Güzellik Salonu
Saloon Cadde Beauty Center,+902128090932,Güzellik Salonu
Jouri Salon - صالون جوري,+905069993336,Güzellik Salonu
Angel Hair Desing Bay Bayan Güzellik Salonu Ağaoğlu Başakşehir,+902125001459,Güzellik Salonu
Yasemin Kuaför,+905399124980,Kuaför / Berber
Sonay Kuaför,+905426164938,Kuaför / Berber
San Kuaför Başakşehir,+905330943903,Kuaför / Berber
Hatem Beauty,+905323697324,Güzellik Salonu
Makeup Hazel,+905419340602,Güzellik Salonu
Emsal Doğan Bahçeşehir,+902126080068,Güzellik Salonu
Başakşehir Altınşehir Özge bayan kuaförü ve Güzellik Salonu,+905360345030,Güzellik Salonu
Başakşehir Beauty,+905415471446,Güzellik Salonu
Art of Hair Başakşehir,+905448259364,Kuaför / Berber
Nis Kuaför,+902124797679,Kuaför / Berber
Başakşehir Ayak Bakım Salonu,+905370502436,Kuaför / Berber
Emre Ceylan Hair Artıst,+905514347134,Kuaför / Berber
İrfan Kuaför,+902124862219,Kuaför / Berber
KUAFÖR BARIŞ,+905392144676,Kuaför / Berber
Nova Kuaför,+902126960375,Kuaför / Berber
Liza Kuaför,+902124886535,Kuaför / Berber
Okan yıldız barber’s club,+905074413476,Kuaför / Berber
Nilüfer Saç Tasarım,+902124856257,Kuaför / Berber
Kayaşehir bayan Kuaför,+905536370797,Kuaför / Berber
Mavera Güzellik Salonu,+905399580909,Güzellik Salonu
Suphi barber's clup,+905346979108,Kuaför / Berber
ARZU YILMAZ HAIR PALACE,+905326770416,Güzellik Salonu
Mall Of İstanbul Aykut Tunc Kuaför,+905415823476,Kuaför / Berber
Sevgi Bayan Kuaförü,+905462349240,Kuaför / Berber
TEO Güzellik Merkezi,+902128011300,Güzellik Salonu
SALON NURSİMA,+905427471860,Kuaför / Berber
Pınar Bayan Kuaförü,+905324428389,Kuaför / Berber
MAVERA BEAUTY by GÜLCİHAN OFFİCİAL,+905399832103,Güzellik Salonu
Behiye Bayan Kuaförü,+902124872374,Kuaför / Berber
ÂLÂ KUAFÖR,+905368618786,Kuaför / Berber
Altuğ Çabuk Bay Bayan Güzellik Merkezi,+905324328519,Güzellik Salonu
My vip kuaför,+905449341313,Kuaför / Berber
Gül Bayan Kuaförü,+902124883869,Kuaför / Berber
VOLKAN ERKEK KUAFORU,+905393876176,Kuaför / Berber
Dove & Halise Güzellik Merkezi / Bayan Kuaför,+905325797080,Güzellik Salonu
salon alwaled,+905393054551,Kuaför / Berber
Maya Saç Tasarım & Güzellik,+905318677275,Güzellik Salonu
Siyah Beyaz kadın Kuaförü,+905386865811,Kuaför / Berber
Yunus Öztekin Hair Club,+905335096713,Kuaför / Berber
"Kuaför Hakan, Berber",+905418787180,Kuaför / Berber
KSM HAİR DESİNG ERKEK KUAFÖRÜ,+905425445895,Kuaför / Berber
h&s beauty bayan kuaförü,+902128127356,Güzellik Salonu
Modii Salon,+905051442266,Kuaför / Berber
Berber İbo | EmFit Hair Studio,+905306872389,Kuaför / Berber
Emir Erkek Kuaförü,+905522247676,Kuaför / Berber
By Kıvırcık | Erkek Kuaförü - Barber Saloon - Başakşehir,+905394415012,Kuaför / Berber
Bay Berber,+905334714347,Kuaför / Berber
Di & Em Erkek Kuaförü. (Emrah Uç),+905446031958,Kuaför / Berber
Bay Berber Official,+905443188769,Kuaför / Berber
DİLAMED BAŞAKŞEHİR,+905523513400,Kuaför / Berber
yusuf bey erkek ve çocuk kuaförü,+902124875121,Kuaför / Berber
Neşe Bayan Kuaförü,+902124870204,Kuaför / Berber
Bay Salon Erkek Kuaförü Kenan Tekinli,+905466942754,Kuaför / Berber
Hasan Öngen Erkek ve Çocuk Kuaförü,+905342378444,Kuaför / Berber
Class Erkek Kuaförü,+905323910569,Kuaför / Berber
Fatoş Kuaför,+905415051980,Kuaför / Berber
Melek Güler kuaför,+905327903982,Kuaför / Berber
Kuaför hayri,+905358260192,Kuaför / Berber
Ömer Bozat Erkek Kuaförü,+905433015733,Kuaför / Berber
Kuaför Koltukları ve Kuaför Tezgahları İmalatcısı Başakşehir İstanbul,+902126713494,Kuaför / Berber
AZRA BAYAN KUAFÖRÜ,+902124884065,Kuaför / Berber
Hanoğlu Concept | Barber & Coiffeur Furniture,+908503460060,Kuaför / Berber
FORMEN KUAFÖR,+905318264029,Kuaför / Berber
Güven Erkek Kuaförü,+905435398808,Kuaför / Berber
Mukaddes Koçyiğit Make up Studio,+905473133413,Kuaför / Berber
Artistic Bayan Kuaförü,+902124857165,Kuaför / Berber
Furkan Kuaför,+905335130228,Kuaför / Berber
Ergin Badur Hair Lounge,+902128030420,Kuaför / Berber
Mahmut Akçay Erkek Kuaförü,+905350555335,Kuaför / Berber
Gömeç Bayan Kuaförü,+905340883260,Kuaför / Berber
İMAJ ERKEK KUAFÖRÜ,+905416320641,Kuaför / Berber
Mischa Estetik Güzellik Merkezi,+902128018279,Güzellik Salonu
Deniz Beauty Center Lazer Epilasyon Uygulama Merkezi Başakşehir,+905054509055,Güzellik Salonu
Sante bien güzellik merkezi,+905325912820,Güzellik Salonu
Ville Esthetique & Bahçeşehir Güzellik Merkezi,+905412579085,Güzellik Salonu
Estehill Beauty,+902126699308,Güzellik Salonu
Dr. Mehtap Vatansever | Bahçeşehir Medikal Estetik & Saç Tedavileri,+905325664442,Güzellik Salonu
Özel NaturaSLIM Polikliniği,+905332354042,Güzellik Salonu
STS Estetik ve Güzellik Merkezi,+902128018901,Güzellik Salonu
Center Clinic Başakşehir,+902129555505,Diğer (Sağlık & Bakım)
Buket Kar Beauty Center,+905398514609,Güzellik Salonu
ESTESKY ESTETİK VE GÜZELLİK,+902124886878,Güzellik Salonu
Mely's Studio,+905334074111,Güzellik Salonu
Sevinç Beauty,+905529228299,Güzellik Salonu
Raşel Güzellik Merkezi,+905366152113,Güzellik Salonu
Metapol Estetik,+905337299672,Güzellik Salonu
Neslihan Acar BEAUTY/SPA,+905322864296,Güzellik Salonu
The Royal Beauty Center,+905326795824,Güzellik Salonu
De Bonne Bahçeşehir Güzellik Salonu,+905359280000,Güzellik Salonu
Neslim Güngen Bahçeşehir Güzellik ve Bakım Merkezi,+905323541056,Güzellik Salonu
NURDAN KAYA BEAUTY,+905321777523,Güzellik Salonu
ES BEAUTY BAHÇEŞEHİR,+905439523944,Güzellik Salonu
Modesty Clinic,+902124878636,Güzellik Salonu
Özge Özel Bahçeşehir Güzelik Salonu,+905491090090,Güzellik Salonu
Best Maison,+905536041069,Güzellik Salonu
Dr Ersin Karatepe,+905400361980,Diğer (Sağlık & Bakım)
Uzm. Dr. Emre Araz | Estetik ve Klinik Dermatoloji,+905374833951,Güzellik Salonu
Dçy Sağlık Başakşehir,+905318858672,Diğer (Sağlık & Bakım)
Prof Nail Saloon Ms Esra,+902126080011,Güzellik Salonu
Dr. Birgül Erden,+902126698900,Güzellik Salonu
Emay Güzellik Merkezi,+905326399765,Güzellik Salonu
Rukiye Altun güzellik,+905388824405,Güzellik Salonu
FizyoSanita,+905413790358,Fizyoterapi
Roots Pilates | Esenler Reformer Pilates Stüdyosu,+905538861034,Pilates / Yoga
Be-Fit Pilates,+905316688734,Pilates / Yoga
MUFS– Esenler Boks ve Reformer Pilates,+905317097358,Pilates / Yoga
Alâ pilates stüdyo,+905516458765,Pilates / Yoga
Bilgis Pilates Studio,+905385824047,Pilates / Yoga
Umai Pilates Stüdyosu,+905524529998,Pilates / Yoga
Fit Station Esenler,+905333705036,Kuaför / Berber
Luvias Pilates Stüdyo,+905015952321,Pilates / Yoga
Golden Life Spor Salonu,+905358143039,Kuaför / Berber
Ta - Fu GYM,+905352861946,Kuaför / Berber
Sibel Bayan Spor Salonu,+902125625713,Kuaför / Berber
Go Fit Fitness,+905060369930,Kuaför / Berber
Life Body House,+905362185404,Kuaför / Berber
ESPROLINE,+902126113310,Kuaför / Berber
Baleks Fitness & Sport,+905388187212,Kuaför / Berber
MEND Live | Pilates | Bungee Fitness | Vacu Activ | Rollshape | Anduliving Pro,+905320151281,Pilates / Yoga
Esenler Start Form Spor Merkezi,+905437381121,Kuaför / Berber
Dinamik Body Center,+905367277228,Kuaför / Berber
Power Lİfe Fitness Gym Esenler,+905468877295,Kuaför / Berber
Atilla geliç spor salonu,+905079202972,Kuaför / Berber
Atlas Spor Merkezi,+902125688752,Kuaför / Berber
Flamingo GYM Teknopark,+902124837224,Kuaför / Berber
Öztürk Spor Salonu,+905307109023,Kuaför / Berber
15 Temmuz Spor Kulubü - Esenler Karate,+905556382028,Kuaför / Berber
Uzman Psikolog Melek Yıldırım,+905336336655,Psikolog / Terapist
Parlak Hayat Psikoloji - Klinik Psikolog Sümeyye Arslan,+905415533121,Psikolog / Terapist
Psikoakademi Sanatla Destek Merkezi | Başakşehir,+905303114916,Psikolog / Terapist
Başakşehir Psikoloji,+905336522795,Psikolog / Terapist
Başakşehir Psikoloji Merkezi,+905016604045,Psikolog / Terapist
Başakşehir Denge Psikoloji,+905540140434,Psikolog / Terapist
Psikolojik Danışman İbrahim Erken,+905465041123,Psikolog / Terapist
Bahçeşehir Psikolog | PSİKOLAJ - Psikolojik Gelişim Eğitim ve Danışmanlık Merkezi,+905321597439,Psikolog / Terapist
Başakşehir Psikolog Eda Keklik Sevgi Danışmanlık,+905411270715,Psikolog / Terapist
Wonder Psikoloji,+905549510707,Psikolog / Terapist
İçebakış Psikoloji,+905545055155,Psikolog / Terapist
Psikosim Danışmanlık Merkezi,+905345825984,Psikolog / Terapist
Bütüncül Psikoloji Danışmanlık Merkezi,+905522034308,Psikolog / Terapist
Meva Psikoloji,+905415788328,Psikolog / Terapist
Ayna Psikoterapi Merkezi,+905300542495,Psikolog / Terapist
Bilişsel Psikoloji Danışmanlık Merkezi - Bahçeşehir,+905075404040,Psikolog / Terapist
İstanbul Klinik Psikolog Binnur Adıgüzel,+908504745235,Psikolog / Terapist
Lena Psikoloji,+902124884205,Psikolog / Terapist
Başakşehir | Psikolog Ebru Yeşilkaya,+905070235683,Psikolog / Terapist
Psikolog Melike Aydın I Bahçeşehir Psikolog Psikoloji,+905302798118,Psikolog / Terapist
HAY Psikolojik Danışmanlık,+905411095120,Psikolog / Terapist
Sakura Danışmanlık Merkezi,+905303396361,Psikolog / Terapist
Tatlı Hayat Psikoloji Gelişim ve Danışmanlık Merkezi,+905516491470,Psikolog / Terapist
Uzman Klinik Psikolog Elif Nuhoğlu,+905417760019,Psikolog / Terapist
Terapial Psikoloji Uzman Psikolog Beste Ayangil,+908504740682,Psikolog / Terapist
Sıra Dışı Psikolojik Danışmanlık Birebir Eğitim Merkezi,+902124885468,Diş Kliniği
Liv Psikoloji Danışmanlık Merkezi,+905388359908,Psikolog / Terapist
Zen Psikoloji Danışmanlık Merkezi,+905531255949,Psikolog / Terapist
Başakşehir Dil ve Konuşma Terapisti | Zeynep Gedik Küçük,+905533494407,Psikolog / Terapist
Sırdaş Psikoloji,+905309013816,Psikolog / Terapist
Uzman Klinik Psikolog Feyza CEBECİ - Eksen Psikoloji | Bahçeşehir Psikolog,+905058281010,Psikolog / Terapist
Metanoia Psikoloji,+905316992376,Psikolog / Terapist
Psikolog Nazlı ÇİFTÇİ,+905059782316,Psikolog / Terapist
Terapial Psikoloji ve Danışmanlık,+905519448002,Psikolog / Terapist
Spontanite Psikoloji,+905051476222,Psikolog / Terapist
Fizilal Psikolojik Danışmanlık ve Eğitim Merkezi,+905516452677,Psikolog / Terapist
Klinik Psikolog Merve Yaşar,+905384848563,Psikolog / Terapist
"Uzman Klinik Psikolog Müjde Yahşi - Çocuk, Ergen & Aile Terapisi, Cinsel Kimlik Karmaşası",+905060421000,Psikolog / Terapist
Sanat Psikoloji Eğitim & Danışmanlık,+905396608476,Psikolog / Terapist
Uzman Psikolog Ayşe İltar,+905337481759,Psikolog / Terapist
"Psk. Nisanur Elmas, Psikoloji",+905453100938,Psikolog / Terapist
Uzman Klinik Psikolog Büşra Çobanoğlu Ekinci,+905323201512,Psikolog / Terapist
Bambu İstanbul Çocuk ve Genç Psikiyatri Merkezi,+905333283083,Psikolog / Terapist
Klinik Psikolog Semiha Kürkçüoğlu Usta,+905316307545,Psikolog / Terapist
Çocuk/Ergen Klinik Psikoloğu Leyla Merve Mert (Özel Sağlık Meslek Hizmet Birimi),+905375141570,Psikolog / Terapist
Mozaik Psikoloji,+902126690061,Psikolog / Terapist
Bahçeşehir Psikolog - PETA PSİKOLOJİ,+905326146804,Psikolog / Terapist
"Psikoterapist Esra Gül DEMİR | Aile terapisi, Cinsel terapi, Ergen Danışmanlığı.",+905422406875,Psikolog / Terapist
Cevher psikoloji / İstanbul Ofisi,+905077672810,Psikolog / Terapist
Mirat Danışmanlık Merkezi,+902124887177,Psikolog / Terapist
Uzman Psikolog Yasemin Mısırlı,+908504742316,Psikolog / Terapist
Klinik Psikolog Göknur Karadağ,+908508119207,Psikolog / Terapist
Erg. Esra Tükeltürk,+905347678838,Diğer (Sağlık & Bakım)
Psikiyatrist Uz. Dr. Ahmet Alper Ayduman,+905054553563,Psikolog / Terapist
Uzman Klinik Psikolog Selin Kaplan,+905530151540,Psikolog / Terapist
psikolog merve altınay özdoğan,+905554722275,Psikolog / Terapist
Fizyo MoveOn Sağlıklı Yaşam Merkezi,+905324294401,Fizyoterapi
Klinik Psikolog Kübra TURAN,+905466176411,Psikolog / Terapist
Psk. Mina Duman,+908508110657,Psikolog / Terapist
Psikolog Seren Söner,+905461567751,Psikolog / Terapist
Hane Psikoloji Atölye,+905456871158,Psikolog / Terapist
Rubu Psikoloji,+905318646884,Psikolog / Terapist
ERK Danışmanlık,+905323301348,Psikolog / Terapist
Doç. Dr. Yalçın Güzelhan Psikiyatrist - Psikoterapist - Sinirbilim Uzmanı,+905522243538,Psikolog / Terapist
Klinik Psikolog İdil Yolcular,+905323905002,Psikolog / Terapist
Klinik Psikolog Gözde Göktaş,+905397676003,Psikolog / Terapist
Bahçeşehir Psikolog - Uzman Psikolog Melek Ekici Velioğlu,+905379104634,Psikolog / Terapist
Diyetisyen Nur Şahin Başakşehir Diyetisyen,+905427789601,Diyetisyen
Uzman Diyetisyen Esma Koç,+905323909702,Diyetisyen
Diyetisyen Feyza Koçhan,+905369294727,Diyetisyen
Başakşehir Diyetisyen İlayda Orakçı,+905413537138,Diyetisyen
Diyetisyen Esma Nur Güzel,+905366733277,Diyetisyen
Uzm. Dyt. Şevval Tekkeli Beslenme ve Diyet Danışmanlık Merkezi,+905452508272,Psikolog / Terapist
Diyetisyen Tuba Çengel Beslenme ve Diyet Danışmanlığı Merkezi,+905558806914,Diyetisyen
Başakşehir Uzman Diyetisyen Rabia Aslan Turan,+905073390299,Diyetisyen
Diyetisyen Buse Nur Ulusoy,+905310244000,Diyetisyen
Fonksiyonel Tıp Diyetisyeni Eda Aktoğ,+905518813247,Diyetisyen
Diyetisyen Betül Demir Beslenme ve Sağlıklı Yaşam Merkezi,+905321579895,Diyetisyen
Diyetisyen Busenur Sönmez,+905469520552,Diyetisyen
Uzman Diyetisyen Şükran Demir - Özel Sağlık Meslek Hizmet Birimi,+905308810660,Diyetisyen
Fonksiyonel Tıp Diyetisyeni Semanur Arık,+908504747310,Diyetisyen
Diyetisyen Beyza Tuba Taş Odakır,+905059509600,Diyetisyen
Bahçeşehir Diyetisyen Dilay Şahin,+905343156583,Diyetisyen
Diyetisyen Eda Ersoy | Bahçeşehir Diyetisyen,+905323510210,Diyetisyen
Diyetisyen F Merve Kalelioğlu Çiftci/Merve Diyet Beslenme Danışma Merkezi,+905339359014,Diyetisyen
Diyetisyen Elif Kırali,+905326692092,Diyetisyen
Diyetisyen Tuba Büyük Şanlan,+905326650257,Diyetisyen
Diyetisyen Hayrunnisa Güzel,+908504748204,Diyetisyen
Diyetisyen Duygu Cebeci,+905442148226,Diyetisyen
Diyetisyen Bayan Hamoui (عيادة الاختصاصية بيان حموي للتغذية العلاجية),+905444451402,Diyetisyen
Diyetisyen Dilara Zengin,+905521745502,Diyetisyen
Serkan Tanoğlu,+905467645198,Diyetisyen
Bahçeşehir Diyetisyen Yağmur Gürses,+905053851300,Diyetisyen
Diyetisyen Buket Akgül,+905536110882,Diyetisyen
Nutrenda Beslenme ve Diyet Danışmanlığı,+905353015374,Diyetisyen
D&F Fizyoterapi ve Beslenme Danışmanlık Merkezi,+905380396921,Psikolog / Terapist
Beyan Diet I اختصاصية التغذية بيان شعار,+905013779012,Diyetisyen
Diyetisyen Elif Aslan Beslenme Ve Diyet Danışmanlık Merkezi,+905309125359,Psikolog / Terapist
DİYETİSYEN ASYA ALPER ZAYIFLAMA MERKEZİ,+905362859545,Diyetisyen
BD Sağlıklı Yaşam Merkezi,+905076485834,Diğer (Sağlık & Bakım)
Diyetisyen Eren Öztürk,+905355603755,Diyetisyen
Uzman Diyetisyen Meltem Tombul,+905376616523,Diyetisyen
Bahçekent Diyetisyen Ceren Tunçer,+905510149114,Diyetisyen
Bahçeşehir Diyetisyen - Ayşe Cengiz Beslenme Akademisi,+902126699944,Diyetisyen
Diyetisyen Büşra Can,+905307324878,Diyetisyen
Dilek Çokurlu Pilates,+905078489899,Pilates / Yoga
Diyetisyen Gülfem Yedier Alicikoğlu | Bahçeşehir,+905378496694,Diyetisyen
Bahçeşehir Diyetisyen M.Canan Özdemir,+905411941840,Diyetisyen
Diyetisyen Zehra Yalçın,+905050491344,Diyetisyen
Diyetisyen Bera Zehra Küçük,+905324616013,Diyetisyen
Başak Vital (Sağlık ve Güzellik Danışmanlık),+905056560376,Psikolog / Terapist
Saney Biorezonans Tedavi Merkezi,+905559929824,Diğer (Sağlık & Bakım)
Gamze,+905423137360,Diyetisyen
Diyetisyen Hilal Çoban,+905319868090,Diyetisyen
Dentaliva Başakşehir Ağız ve Diş Sağlığı Polikliniği,+902125555482,Diş Kliniği
MossDental Ağız ve Diş Sağlığı Polikliniği,+905434850070,Diş Kliniği
MB Diş Ağız ve Diş Sağlığı Polikliniği,+902126992020,Diş Kliniği
Özel Başakşehir Ortodonti Ağız ve Diş Sağlığı Polikliniği | İmplant | Zirkonyum | Pedodonti,+902126713467,Diş Kliniği
Akdiş Ağız ve Diş Sağlığı Polikliniği,+902124850488,Diş Kliniği
DentX Başakşehir Ağız ve Diş Sağlığı Polikliniği,+902123024466,Diş Kliniği
İSTANBUL KLİNİK AĞIZ VE DİŞ SAĞLIĞI POLİKLİNİĞİ,+902124880288,Diş Kliniği
Dentpedia Başakşehir Ağız ve Diş Sağlığı Polikliniği,+902129555509,Diş Kliniği
Özel İstanbul Akdent Ağız ve Diş Sağlığı - Başakşehir / Bahçeşehir / Kayaşehir,+905322811632,Diş Kliniği
Yamanar Ağız ve Diş Sağlığı Polikliniği,+905327947872,Diş Kliniği
DENTMODEL Ağız ve Diş Sağlığı Polikliniği,+902128773455,Diş Kliniği
FERADENT BAŞAKŞEHİR | Ağız ve Diş Sağlığı Polikliniği | Başakşehir Diş,+905533523372,Diş Kliniği
BAŞAKŞEHİR KAMERDENT AĞIZ VE DİŞ SAĞLIĞI POLİKLİNİĞİ,+905528242650,Diş Kliniği
Golden Smile Dent,+902128093939,Diş Kliniği
Kayaşehir Ağız ve Diş Sağlığı Polikliniği,+905346416064,Diş Kliniği
Infinity Smiles Ağız ve Diş Sağlığı Polikliniği,+902126719999,Diş Kliniği
Seramik Dental Ağız ve Diş Sağlığı Polikliniği,+902128307070,Diş Kliniği
Vadişehir Ağız ve Diş Sağlığı Polikliniği | Başakşehir diş klinikleri | Dt. Merve Baykal,+902124850705,Diş Kliniği
Beyaz Işık Başakşehir Çocuk ve Ortodonti Diş Kliniği,+902124863453,Diş Kliniği
Pera Diş Kliniği - Pera Dental Clinic,+905428435313,Diş Kliniği
Ora Diş Kliniği - Ora Dental Clinic,+905444111707,Diş Kliniği
TOSUN AĞIZ VE DİŞ SAĞLIĞI POLİKLİNİĞİ BAŞAKŞEHİR ŞUBESİ,+905077405079,Diş Kliniği
HD Smile Dental Care,+902128128012,Diş Kliniği
Dt. Alaaddin ÖZTÜRK Diş hekimi,+905053865698,Diş Kliniği
Özel Resident Ağız Ve Diş Sağlığı Polikliniği,+902124885485,Diş Kliniği
Laledent Ağız ve Diş Sağlığı Polikliniği طب الاسنان,+905306600364,Diş Kliniği
Missdent Ağız ve Diş Sağlığı Polikliniği,+902124885550,Diş Kliniği
Özel Çelikkaya Ağız ve Diş Sağlığı Polikliniği,+905323555296,Diş Kliniği
ErenDent Ağız ve Diş Sağlığı Polikliniği,+905070043644,Diş Kliniği
DentBlue Ağız ve Diş Sağlığı Polikliniği,+905307713026,Diş Kliniği
Özel EMG KLİNİK Ağız ve Diş Sağlığı Polikliniği,+905451223540,Diş Kliniği
MAVERA DİŞ AĞIZ VE DİŞ SAĞLIĞI POLİKLİNİĞİ,+902129249998,Diş Kliniği
Özel Mehmet Eker Ağız ve Diş Sağlığı Polikliniği,+905421045912,Diş Kliniği
Diş Hekimi Sevgi Ak Uçar,+905526664244,Diş Kliniği
Klinik Başak Ağız ve Diş Sağlığı Polikliniği,+905326344145,Diş Kliniği
Diş Hekimi Muhammet Mahsum Karakuş & Beyza Köksal Karakuş Muayenehanesi,+905458859100,Diş Kliniği
Nb Dental Clinic,+905421411662,Diş Kliniği
Diş Hekimi Sena Nur Kaman,+905332321535,Diş Kliniği
Emirgan ağız ve diş sağlığı polikliniği,+905433095955,Diş Kliniği
Kayadent Ağız ve Diş Sağlığı Polikliniği,+905326847746,Diş Kliniği
Dr.Geylani klinik,+905313863777,Diş Kliniği
Mira Clinic,+905426482732,Diş Kliniği
Vitrin Clinic,+905451036000,Diş Kliniği
Göraldent Ağız ve Diş Sağlığı Polikliniği,+902123023009,Diş Kliniği
Ardent diş kliniği,+902126699191,Diş Kliniği
Diş Hekimi Gönül Özkars & Muhlise İlhan Bişkinler,+902124863088,Diş Kliniği
Kayaşehir Diş Hekimi Fatih Gülcü,+902129319932,Diş Kliniği
Diş Hekimi İsmail KAYA kliniği,+905526978606,Diş Kliniği
Diş Hekimi Hakan Gençer,+902126880862,Diş Kliniği
Aesthetic Zone Dental Clinics,+905331357385,Diş Kliniği
Özel BudakDiş Ağız ve Diş Sağlığı Polikliniği - İstanbul Bahçeşehir,+902127415022,Diş Kliniği
Diş Hekimi Ahmet Fehmi Bayraklı,+908504744526,Diş Kliniği
Dr. kevser alahmar clinic,+905385839638,Diş Kliniği
Art Of Smile Clinic,+905528886663,Diş Kliniği
Diş hekimi ahmet arap,+905011444466,Diş Kliniği
Diş hekimi Civan ZAN,+905530998533,Diş Kliniği
Mostar Sağlık Hizmetleri,+905539417179,Diğer (Sağlık & Bakım)
Dt.Tuba Akçetin,+908504746196,Diş Kliniği
Bianca clinic,+905338161277,Diş Kliniği
Dt. Fatma SAK AKGÜL,+902124870012,Diş Kliniği
Özel Dent For All Ağız Ve Diş Sağlığı Polikliniği,+905354423535,Diş Kliniği
Dış Muayenehane (Dental Clinic),+905357222116,Diş Kliniği
Smileist,+905355667100,Diş Kliniği
Diamond Dent Clinic,+905550123933,Diş Kliniği
Diş Hekimi Abdullah Salih İnal,+905415332117,Diş Kliniği
ARTERİUM BAŞAKŞEHİR VETERİNER KLİNİĞİ,+905335565423,Veteriner
ÖZEL AYYILDIZ AĞIZ VE DİŞ SAĞLIĞI POLİKLİNİĞİ,+905303919932,Diş Kliniği
Dentsem Diş Hekimliği Sürekli Eğitim Merkezi,+902126446604,Diş Kliniği
Orinova Clinic,+905400030002,Diş Kliniği
Mete YILDIR Diş Kliniği,+905061596589,Diş Kliniği
Fizyolive Başakşehir,+905412963478,Diğer (Sağlık & Bakım)
Başakşehir Pilates Kliniği,+905050255260,Pilates / Yoga
Reformer Pilates Stüdyosu,+905064190100,Pilates / Yoga
Fizyolates Studio,+905333653490,Pilates / Yoga
House of Pilates,+905337798082,Pilates / Yoga
Kuzey yakası pilates stüdyo,+905441622245,Pilates / Yoga
Pln Pilates Studio,+905374386037,Pilates / Yoga
FİZYOLAVİDA PİLATES BAŞAKŞEHİR,+905388176427,Pilates / Yoga
Move Pilates Studio,+905415187844,Pilates / Yoga
Başak Fizyoterapi ve Pilates,+905312718945,Psikolog / Terapist
Pilates Please Studio,+905402020237,Pilates / Yoga
B&B PİLATES STÜDYO,+905340776865,Pilates / Yoga
fizyo.rapt,+905333780929,Pilates / Yoga
Nefes Pilates ve Sağlıklı Yaşam Merkezi,+905336837025,Pilates / Yoga
BNK Pilates Studio,+905363839909,Pilates / Yoga
Ela Pilates Stüdyo,+905353482959,Pilates / Yoga
Funda Pilates Studio,+905016171315,Pilates / Yoga
Sakura Wellness Studio,+905054509912,Diğer (Sağlık & Bakım)
Arsis Pilates Stüdyo ve Bölgesel Zayıflama Merkezi,+905312617747,Pilates / Yoga
FizyoDem Pilates,+905434551063,Pilates / Yoga
Özes Pilates Stüdio,+905318387153,Pilates / Yoga
She Lady pilates,+908503050289,Pilates / Yoga
Fizyoroom Sağlıklı Yaşam Merkezi,+905076059342,Fizyoterapi
Pola Pilates Studio,+902126690025,Pilates / Yoga
FİZYO İNCİ,+905534101125,Diğer (Sağlık & Bakım)
ROM TRAİNİNG STUDİO,+905051004410,Kuaför / Berber
BF COACH STUDIO,+905377127049,Kuaför / Berber
House Of Fizyo,+905335470517,Diğer (Sağlık & Bakım)
Emfit club Başakşehir,+902126711136,Kuaför / Berber
B Fit,+902124884919,Kuaför / Berber
HZR FİTNESS,+905334045020,Kuaför / Berber
FıtJose,+905380583688,Kuaför / Berber
ORA Pilates,+905559812255,Pilates / Yoga
Thaiger Spor salonu,+905541668447,Kuaför / Berber
GRADİVA FİT,+905546640737,Pilates / Yoga
Sf pilates bahcesehir,+905323505605,Pilates / Yoga
Oxyfit Fitness Danışmanlık Merkezi,+905340863639,Psikolog / Terapist
NO34 FİTNESS CLUB,+905528870918,Kuaför / Berber
Sendi Pilates,+905367928152,Pilates / Yoga
Pilates Atölyesi Bahçeşehir,+905334551090,Pilates / Yoga
ZU PT Vip,+902124873272,Pilates / Yoga
Be.U Pilates Studio,+905546547080,Pilates / Yoga
Reform Class,+905315526958,Pilates / Yoga
Moya Fit Kadın pilates ve spor Merkezi,+905435486983,Pilates / Yoga
FizyOmurga,+905539073452,Fizyoterapi
Medical Fitness,+905355645144,Kuaför / Berber
PlayBox Başakşehir/ Kadınlara Özel Spor Salonu,+902125074907,Kuaför / Berber
Fit Station Başakşehir,+905069092557,Kuaför / Berber
Karargah Fitness,+905433676637,Kuaför / Berber
Fizyoterapist Rabia Büyükbıyıklı Makan,+905413727578,Psikolog / Terapist
Ünlü Spor Kulubü,+905353233154,Kuaför / Berber
Kayaşehir Fitness,+905365646594,Kuaför / Berber
Lune Physio Fizyoterapi ve Sağlıklı Yaşam Merkezi,+905403734229,Psikolog / Terapist
Başakşehir Pilates FİZYONİX,+905077734647,Pilates / Yoga
Nord Gym Başakşehir,+905540085054,Kuaför / Berber
ALİ CİN BAY BAYAN GÜZELLİK SALONU,+905392649491,Güzellik Salonu
Melike Adıgüzel Bayrampaşa,+905449339044,Güzellik Salonu
Esthetiqal Güzellik Bayrampaşa,+905324908777,Güzellik Salonu
Miss World Güzellik Salonu,+902128725263,Güzellik Salonu
Estesline Güzellik Bayrampaşa,+905325601131,Güzellik Salonu
By Hatun's Güzellik Noktası,+905521876744,Güzellik Salonu
Pınar Karahan Beauty,+905551454461,Güzellik Salonu
Chris Güzellik,+902124776666,Güzellik Salonu
Bendis Güzellik Merkezi,+905387753333,Diş Kliniği
muzyy beauty salon,+905345807327,Güzellik Salonu
Gülden Beauty House,+905432048996,Güzellik Salonu
Goldlife Güzellik Merkezi,+902126499009,Güzellik Salonu
Enza Güzellik Merkezi Bayrampaşa,+905012935808,Güzellik Salonu
MİEM Güzellik Salonu,+905331919027,Güzellik Salonu
selma sancarbarlaz beauty,+905434451340,Güzellik Salonu
Fatoş Beauty Güzellik ve Estetik,+905358513645,Güzellik Salonu
Eda çetin güzellik merkezi,+905497189808,Güzellik Salonu
Tansu Beauty Studio,+905530936793,Güzellik Salonu
Hülya Yaşar Güzellik Merkezi,+905395893881,Güzellik Salonu
DURU GÜZELLİK SALONU,+905307936598,Güzellik Salonu
Mine Güzellik Salonu,+905413621415,Güzellik Salonu
GÜNBATI BARBER'S CLUB,+905309579652,Kuaför / Berber
Seda Kul Beauty - Güzellik Merkezi,+905433054925,Güzellik Salonu
Selin Bahadır Güzellik,+905337337612,Güzellik Salonu
Kasandra Nail Studio,+905012667494,Güzellik Salonu
Sestra Beauty,+905380590769,Güzellik Salonu
EFİLE HAİR DESİGN,+902126402497,Kuaför / Berber
Lavinia Plus Bayrampaşa,+905347767165,Güzellik Salonu
Serap Hair Studio,+905348193008,Kuaför / Berber
Gözde AKYÜZ Beauty&Training,+905399160470,Güzellik Salonu
Estemol Güzellik Salonu Bayrampaşa,+905432150542,Güzellik Salonu
MEDİGOLD BEAUTY GÜZELLİK SALONU,+905010371809,Güzellik Salonu
Nurella Studio,+905334539364,Kuaför / Berber
Medis Center Clinic Bayrampaşa Güzellik Salonu,+905436170373,Diş Kliniği
Bayrampaşa Güzellik Merkezi,+905520851688,Güzellik Salonu
Bilgin Kuaför,+902125448139,Kuaför / Berber
Looks Kuaför ve Güzellik Salonu,+905415035463,Güzellik Salonu
Esra Güzellik Salonu,+905384843517,Güzellik Salonu
Seval Akdağ Güzellik Merkezi,+905377105980,Güzellik Salonu
Nevesta Kuaför| Bayrampaşa,+902125659929,Kuaför / Berber
SEHA KUAFÖR GÜZELLİK,+905324201512,Güzellik Salonu
Dilek Bilgin Bayan Kuaför,+902126149822,Kuaför / Berber
Nisa Güzellik,+902124799848,Güzellik Salonu
BÜSEN NAİL&BEAUTY,+902128235794,Güzellik Salonu
Nail&chıll bayrampaşa,+905347662104,Güzellik Salonu
Esthetiqal Güzellik Merkezi,+905367777676,Güzellik Salonu
Gülerman Kuaför,+902125441368,Kuaför / Berber
simge kuaför,+905382785158,Kuaför / Berber
HAİR ON,+902124370001,Güzellik Salonu
Sevilya güzellik salonu,+905376989704,Güzellik Salonu
Kuaför Şummir,+902126125292,Kuaför / Berber
Humanik Kuaför,+902125678420,Kuaför / Berber
Birsen Beyza Hair & Makeup Studio,+905412873263,Güzellik Salonu
İstanbul Polli Yenidoğan Şubesi,+902124370837,Güzellik Salonu
Salon Vega Adem,+905434252336,Kuaför / Berber
Emel kuaför salonu,+905348222274,Kuaför / Berber
Erol Kuaför Güzellik salonu Bay arda,+902125374439,Güzellik Salonu
Barış Kuaför,+905327686842,Kuaför / Berber
Salon Osse,+905011153466,Kuaför / Berber
Kuaför Yeliz,+905445293965,Kuaför / Berber
Hair Stylist Bayrampaşa,+905304755948,Kuaför / Berber
045 Hair Studio,+905304734045,Kuaför / Berber
Salon BB Hair,+905382811431,Kuaför / Berber
H-FORM KUAFÖR VE GÜZELLİK SALONU,+902126150015,Güzellik Salonu
QUALIA EXCLUSIVE WELLNESS & SPA BAYRAMPAŞA,+902124678800,Diğer (Sağlık & Bakım)
Mas Kuaför,+905304054602,Kuaför / Berber
pic barber stylist,+905355779999,Kuaför / Berber
Hülya Kuaför,+905386906505,Kuaför / Berber
İrem Bridal Studyo,+905462252586,Kuaför / Berber
Enza Güzellik Merkezi Gaziosmanpaşa,+905077053692,Güzellik Salonu
Kuaför Adnan,+905398217878,Kuaför / Berber
İlker Kuaför Salonu,+905358414393,Kuaför / Berber
SEHER KUAFÖR BAYRAMPAŞA,+902124933233,Kuaför / Berber
Yasemin Kuaför,+902126136100,Kuaför / Berber
İsa Kurt Hair Artist,+905464725878,Kuaför / Berber
Legend Kuaför,+905369449648,Kuaför / Berber
EL-SEV,+905425526614,Güzellik Salonu
güzellik durağı bayan kuaförü,+902124176508,Güzellik Salonu
Mertcan Gençlik Kuaför Salonu,+905327019100,Kuaför / Berber
Ruffs Tattoo,+905364876858,Dövme & Piercing
Arnavutköy Piercing Dövme,+905070117531,Dövme & Piercing
Neo Tatto & Piercing,+905303137311,Dövme & Piercing
Medusa Tattoo,+905315192104,Dövme & Piercing
ARNAVUTKÖY ÖZEL DİAMAND AĞIZ VE DİŞ SAĞLIĞI POLİKLİNİĞİ,+902128039587,Diş Kliniği
Akasya Ağız ve Diş Sağlığı Polikliniği,+905302211682,Diş Kliniği
Özel Arnavutköy GM Ağız ve Diş Sağlığı Polikliniği,+902128232423,Diş Kliniği
ERBAY ARNAVUTKÖY DİŞ POLİKLİNİĞİ & ARNAVUTKÖY İMPLANT TEDAVİSİ & ARNAVUTKÖY ORTODONTİ TEDAVİSİ & DİŞ TELİ,+902125979596,Diş Kliniği
Özel Arnavutköy Ağız Ve Diş Sağlığı Polikliniği,+902125975597,Diş Kliniği
İstanbul My Dent Agız Ve Diş saglıgı,+905411817000,Diş Kliniği
PARLAK ARNAVUTKÖY AĞIZ VE DİŞ SAĞLIĞI POLİKLİNİĞİ,+905451044049,Diş Kliniği
Diş Hekimi Lizge Özdemir Muayenehanesi,+905470247777,Diş Kliniği
Set Diş Ağız ve Diş Sağlığı Polikliniği,+902125978782,Diş Kliniği
FHM Dent Ağız ve Diş Sağlığı Polikliniği,+902125970333,Diş Kliniği
Mefa Avrasya Diş Ağız ve Diş Sağlığı Polikliniği,+905455440672,Diş Kliniği
Çelik Diş Polikliniği,+902125978668,Diş Kliniği
ÖZEL AB AĞIZ VE DIŞ SAĞLIĞI POLİKLİNİĞİ,+905336001491,Diş Kliniği
Burçak Ağız ve Diş Sağlığı Polikliniği Hadımköy,+905518473484,Diş Kliniği
İkon Ağız ve Diş Sağlığı Polikliniği Hadımköy Şubesi,+905446946464,Diş Kliniği
Dr. Rahime Yıldızbaş,+902125971230,Diş Kliniği
"Dt. Mehmet Yavuz Arpacı, Diş Hekimi",+905312560659,Diş Kliniği
GÜNEV ARNAVUTKÖY DİŞ / Diş Hekimi Berkay GÜNAŞTI & Diş Hekimi Doğukan EVCİL,+905016120180,Diş Kliniği
Göraldent Ağız Ve Diş Sağlığı Hadımköy,+905527713325,Diş Kliniği
Estetik İncim Arnavutköy Ağız ve Diş Sağlığı Polikliniği,+905073397317,Diş Kliniği
Dyt. Nur Karataş - İstanbul Online Danışmanlık,+902129126497,Psikolog / Terapist
Diyetisyen Asuman Demir Zaman,+905013028170,Diyetisyen
Diyetisyen Seren Mavzer,+905334091670,Diyetisyen
Diyetisyen Zeliha Arslan Başaran,+905551899575,Diyetisyen
Diyetisyen Emine Genç Kırmaç,+902129126561,Diyetisyen
Diyetisyen Tuba Aydın,+905347797944,Diyetisyen
Uzman Diyetisyen Nagihan ÖZKAL GÜNDOĞDU,+902125970830,Diyetisyen
Diyetisyen Ümran Ayvaz,+905059756818,Diyetisyen
Active Life Wellness Center Arnavutköy,+905325504120,Diyetisyen
Diyetisyen Zehra İnan Altundal Beslenme ve Diyet Danışmanlık,+905315118876,Psikolog / Terapist
Masal beslenme merkezi arnavutköy herbalife,+905393568897,Diyetisyen
RENGAREK Beslenme kulübü hadımköy,+905550027058,Diyetisyen
Diyetisyen Tuba sönmez,+905363325184,Diyetisyen
Diyetisyen Nur KARATAŞ,+905310848846,Diyetisyen
Diyetisyen Tuğçe Kayar Oğuz,+905425811800,Diyetisyen
Eat Clean Turkey Beslenme ve Danışmanlık,+905070161234,Psikolog / Terapist
Esma Erdi Diyet ve Danışmanlık Merkezi,+905369302309,Psikolog / Terapist
Diyetisyen & Pilates Eğitmeni Merve Sinem Kaptan,+905356457542,Diyetisyen
Dr Feras Clinics,+905547414800,Diş Kliniği
Diş Hekimi Yahya Terlemez,+902122541398,Diş Kliniği
Özel Minadent Ağız ve Diş Sağlığı Polikliniği | Alçakdam sokak//Nöbetçi Diş Hekimi//Alçakdamsokak//Alçakdamsokak//,+902122542626,Diş Kliniği
Retina Ağız ve Diş Sağlığı Polikliniği,+905449439599,Diş Kliniği
Dentaroyal Ağız ve Diş Sağlığı Polikliniği,+902128139279,Diş Kliniği
Dental İmplants Turkey İstanbul Clinic | Best Dental Clinic in Turkey | Best Dentist İstanbul | Turkey Teeth,+905401330000,Diş Kliniği
Cihangir Dental Clinic,+905551004232,Diş Kliniği
İstanbul Dental Clinic Turkey | Dentist | İmplant | Crowns | Veneers,+905451645177,Diş Kliniği
Gülümse Ağız Ve Diş Sağlığı Polikliniği,+905496123636,Diş Kliniği
Diş Hekimi Meltem Uzun,+902123612141,Diş Kliniği
Diş Hekimi Emre Köse,+902122491276,Diş Kliniği
"Medspa Clinic - Dental Implants, Hollywood smile, Dental clinic in Turkey",+905445555674,Diş Kliniği
Clinicca Istanbul,+905433580719,Diş Kliniği
Özel Haliç Panorama Ağız ve Diş Sağlığı Polikliniği,+902123696062,Diş Kliniği
"DRTU | DR. TANSU UZEL Dental Implant, Smile Design & Maxillofacial Surgery Istanbul",+905323862378,Diş Kliniği
Diş Hekimi Rojda Bülbül,+905302342101,Diş Kliniği
Diş Hekimi,+905302934058,Diş Kliniği
Best Dentist in Turkey İstanbul - Dr. Samet - Dental Implants Turkey - Best Dental Clinic in Turkey,+905056185777,Diş Kliniği
DİŞ HEKİMİ CEM SOLMAZ,+902123615461,Diş Kliniği
Vizyon Ağız ve Diş Sağlığı Polikliniği,+902122382299,Diş Kliniği
Best Dentist Istanbul | Dental | Hair Transplant | Hospital,+905309361995,Diş Kliniği
Diş Hekimi Seyfettin Mert Yılmaz,+905334691197,Diş Kliniği
Diş Hekimi Saniye Özen,+905313717677,Diş Kliniği
Diş Hekimi Mustafa LÖK,+902123697366,Diş Kliniği
Besmadent Clinic Istanbul عيادة بسمة دنت أسطنبول,+905392318843,Diş Kliniği
Suave Dental Clinic,+905426992911,Diş Kliniği
Diş Hekimi Özgün Öztürk,+905304140850,Diş Kliniği
Dent Clinic Diş Kliniği,+902122535561,Diş Kliniği
the dentist clinic,+905077777569,Diş Kliniği
"Dt. Murat Çiteli, Diş Hekimi",+902123697791,Diş Kliniği
The best dental clinic in turkey | dental implants in turkey | Veneers | All on 4 | Zirconium crowns | ALL ON X clinic,+905344558555,Diş Kliniği
Özel Halıcıoğlu Ağız Ve Diş Sağlığı Polikliniği Diş Hekimi Yılmaz Dayan&Aslı Dayan,+902123690234,Diş Kliniği
Diş Hekimi Nuran Sevdi Kıskanç,+905434422172,Diş Kliniği
Diş Hekimi Aysun Dorman,+905536913411,Diş Kliniği
Armadent Ortodonti Kliniği,+905300118919,Diş Kliniği
Smile Dental İstanbul,+905469116772,Diş Kliniği
Dental Clinic Istanbul - عيادة أسنان اسطنبول,+905012005004,Diş Kliniği
Risa Dental Clinic,+905413999161,Diş Kliniği
Diş Hekimi Gül Oskaylar,+905326120246,Diş Kliniği
Diş Hekimi Halis Özsürmeli,+902122660197,Diş Kliniği
Diş Hekimi Fatma İnci,+902122939124,Diş Kliniği
Damascu Clinic,+905518950967,Diş Kliniği
Biu Smile,+905522490957,Diş Kliniği
Health & Beauty Turkey,+905315969383,Diş Kliniği
Diş Hekimi Seda Yiğit,+902122386585,Diş Kliniği
Diş hekimi Emir Cezbe,+905451408042,Diş Kliniği
Mavi Poliklinik,+902122374292,Diş Kliniği
Diş Hekimi Erkan Gün,+902122509026,Diş Kliniği
İnvisalign Turkey İstanbul Clinic - Clear Aligners Turkey - İnvisalign İstanbul Clinic,+902122349634,Diş Kliniği
Estetik Dişçi Nöbetçi Açık Acil Dişçi,+905324604023,Diş Kliniği
CREADENTA AĞIZ ve DİŞ SAĞLIĞI POLİKLİNİĞİ,+905334295814,Diş Kliniği
DG Health Care Turkey,+905446321081,Diğer (Sağlık & Bakım)
Diş Hekimi Hacer Paçacı Görgün,+902122934173,Diş Kliniği
Dişyeri Grup Mecidiyeköy Ağız ve Diş Sağlığı Polikliniği,+905301222660,Diş Kliniği
Dr. Hakan Levent Kısa,+902122211646,Diş Kliniği
Tanfer Klinik,+902122414463,Diş Kliniği
Türkiye Dental | Dental Implant | Hollywood Smile,+908503075307,Diş Kliniği
Dosmile Clinic,+905360531519,Diş Kliniği
Diş Hekimi İbrahim Keleş,+902122508985,Diş Kliniği
Diş Hekimi Sami Aksoğan,+902122439884,Diş Kliniği
Dt. Çağla Celil,+905312582804,Diş Kliniği
Allianoi Ağız ve Diş Sağlığı Kliniği Nişantaşı,+902122333903,Diş Kliniği
Dentedam Diş Polikliniği ( İmplant - Zirkonyum - Lamine Estetik Diş ),+905531486465,Diş Kliniği
Bosphora Dental Clinic,+905354859118,Diş Kliniği
Klinik No1 Ağız ve diş sağlığı polikliniği,+905525430001,Diş Kliniği
Pera Ortodonti Laboratuvarı,+905326174647,Diş Kliniği
Vayu clinics,+905525070008,Diş Kliniği
"Perihan Yerşen Güzellik Salonu - Cihangir, Beyoğlu",+905300116173,Güzellik Salonu
SEFA DİŞ,+905376003033,Diş Kliniği
Clinic surprise experts,+905075075557,Güzellik Salonu
Diş Hekimi Nebihe Aksoy,+902122970708,Diş Kliniği
Neva Klinik | Estetik Merkezi,+905306856112,Güzellik Salonu
MÜGE KAYA Bayrampaşa Lazer Epilasyon - Cilt Bakımı - Laser Hair Removal - Skin Care - Hydrafacial - Zayıflama Merkezi,+905064068295,Güzellik Salonu
Este Valeria Güzellik Merkezi,+905465446631,Güzellik Salonu
Evelin Estetik Güzellik Ve Lazer Epilasyon Merkezi,+902124799777,Güzellik Salonu
Meka Nail Studio (MeryemKara),+905520272409,Güzellik Salonu
Derma Gold,+902126178257,Güzellik Salonu
Beauty Check İstanbul,+905330527747,Güzellik Salonu
Klinik Psikolog Gülnur Sancak,+905512181582,Psikolog / Terapist
Bir Aile Psikolojik Danışmanlık Merkezi,+902125381040,Psikolog / Terapist
Empati Psikoloji I Gaziosmanpaşa -Bayrampaşa - Eyüp- Esenler Psikolog,+905528796171,Psikolog / Terapist
Uzman Klinik Psikolog | Alen Rasinlic,+905451438535,Psikolog / Terapist
Psikolog Gizem Zarali,+902126407291,Psikolog / Terapist
Bayrampaşa Çocuk ve Ergen Psikoloğu | Pediatric Therapy,+905055571503,Psikolog / Terapist
Uzm.Psikolog Yadigar AKTAŞ KILIÇVURAN,+905357747934,Psikolog / Terapist
Armoni Psikolojik Danışmanlık Merkezi - Uzman Klinik Psikolog Eda MALKAV,+905550990501,Psikolog / Terapist
Psikolog Oğuzhan Beşkardeş - Hedef Psikoloji,+905315896935,Psikolog / Terapist
ŞAKAYIK PSİKOLOJİ DANIŞMANLIK MERKEZİ,+905330465573,Psikolog / Terapist
Birsra Ketaner,+902124315500,Psikolog / Terapist
Halime Kaftan Akademi,+905453519164,Psikolog / Terapist
eza terapi,+905317765087,Psikolog / Terapist
Klinik Psikolog Tuğba ÖZYANIK,+908508110604,Psikolog / Terapist
Bayrampaşa Şirin Çocuk Dil Konuşma Terapi ve Ergoterapi Merkezi,+905540231503,Psikolog / Terapist
Bayrampaşa Psikolog - Yetişkin Ergen Çocuk Çift ve Aile Danışmanlığı,+905396129003,Psikolog / Terapist
"Çocuk ve Ergen Danışmanlığı, Yetişkin Danışmanlığı, Psikolog, MOXO Dikkat Testi, Uzman Psikolog Ayşegül CAN",+905347256831,Psikolog / Terapist
Herkes için Terapi Platformu,+905319479322,Psikolog / Terapist
Kaya Psikoloji,+905336808478,Psikolog / Terapist
Ahmet Kibaroğlu,+902124183033,Diğer (Sağlık & Bakım)
Therapia Psikoloji Gaziosmanpaşa,+905415635975,Psikolog / Terapist
TeraHayat Danışmanlık,+905364462527,Psikolog / Terapist
Nadide Hayat Psikoloji & Danışmanlık,+905425060629,Psikolog / Terapist
Çocuk ve Genç Psikiyatristi Uzm. Dr. Hozan Saatçıoğlu,+905304767147,Psikolog / Terapist
ÇÖZÜM PSİKOLOJİ,+905077485545,Psikolog / Terapist
"Psikohelp- istanbul psikolog, türkiye, şişli psikolog, beşiktaş - Online psikolog, yüz yüze - online terapi",+905419638987,Psikolog / Terapist
Monstera Psikoloji,+905403252020,Psikolog / Terapist
Klinik psikolog Merve Kocabaş,+902125766776,Psikolog / Terapist
Uzm. Psk. Birgül Sümeyye Meylani,+905461853771,Psikolog / Terapist
Klinik Psikolog Gizem Dönmez,+908504741547,Psikolog / Terapist
Psikiyatrist Dr. Ahmet Kibaroğlu,+905548951014,Psikolog / Terapist
Psikolog Neslihan Öztürk,+905532028490,Psikolog / Terapist
uzmanpsikolog,+905302322088,Psikolog / Terapist
İstanbul Psikolog İrem Uzuncaova,+908504333995,Psikolog / Terapist
Klinik Psikolog Faik Cem Koç,+905355002299,Psikolog / Terapist
Mindora Oyun Atölyesi,+905382605559,Kuaför / Berber
Vérité Psikoloji,+905396457858,Psikolog / Terapist
Klinik Psikolog Kevser Çiçek,+905011121200,Psikolog / Terapist
Klinik Psikolog Tuğba PALA,+905553063037,Psikolog / Terapist
MES Psikoloji,+902129091304,Psikolog / Terapist
Ninos Oyun Atölyesi Bayrampaşa,+905301367265,Kuaför / Berber
Psikolog Muhammed Can Düşünür,+905418237442,Psikolog / Terapist
KALETÜRK AĞIZ VE DİŞ SAĞLIĞI KLİNİĞİ,+905525446553,Diş Kliniği
Psikolog İzel Özten,+905425527865,Psikolog / Terapist
Klinik Psikolog Melike Balcı,+905458584434,Psikolog / Terapist
Uzm. Dr. Gülcihan Gülcan Özdemir,+908504746198,Diğer (Sağlık & Bakım)
DR. ALİ RIZA AŞKIN,+902124772535,Diş Kliniği
Diş Hekimi Savaş Yurtsever,+905519753232,Diş Kliniği
Diyetisyen Yunus Kapar,+905434291313,Diyetisyen
Novy Spor Salonu ve Diyet Merkezi,+905345519399,Diyetisyen
Dahaiyiyim,+902129099964,Psikolog / Terapist
Klinik Psikolog Nazlı Obut,+905321608626,Psikolog / Terapist
Diş Hekimi Hüseyin Aras,+902125011707,Diş Kliniği
Diş 212 Ağız ve Diş Sağlığı Polikliniği - Bayrampaşa Diş Kliniği,+905334058942,Diş Kliniği
Aktaş Ağız ve Diş Sağlığı Polikliniği (Bayrampaşa Diş Kliniği),+905076500010,Diş Kliniği
Avrupa Sağlık Ağız Ve Diş Sağlığı Polikliniği,+902126403838,Diş Kliniği
Özel Dent Ekip Bayrampaşa Diş Polikliniği | Zirkonyum | implant | Kanal Tedavisi | Ortodonti,+902124933050,Diş Kliniği
Kocatepe Dental Klinik - Ağız ve Diş Sağlığı Polikliniği,+902124370597,Diş Kliniği
Akasya Ağız ve Diş Sağlığı Polikliniği Bayrampaşa Şubesi,+905395591683,Diş Kliniği
Safa Koçak Diş Kliniği,+905539571054,Diş Kliniği
Özel Plan Ağız Ve Diş Sağlığı Polikliniği,+905522971606,Diş Kliniği
Dent Onur Clinic,+905416447461,Diş Kliniği
Mier Ağız ve Diş Sağlığı Polikliniği,+905459406437,Diş Kliniği
NESLİHAN YULA DİŞ KLİNİĞİ | Healtigo Partner | Implant | Zirkonyum,+902125353584,Diş Kliniği
Ertaş Ağız ve Diş Sağlığı Polikliniği,+902125771337,Diş Kliniği
Üsküplü Dental Clinic Bayrampaşa,+905441354181,Diş Kliniği
ÖZEL GD AĞIZ VE DİŞ SAĞLIĞI POLİKLİNİĞİ,+905436976440,Diş Kliniği
Polident Ağız ve Diş Sağlığı Polikliniği,+902125777748,Diş Kliniği
ÖZEL HAYRİ ÖZTÜRK DİŞ POLİKLİNİĞİ,+902124177777,Diş Kliniği
One Clinic,+905058041416,Diş Kliniği
ENKA AĞIZ VE DİŞ SAĞLIĞI POLİKLİNİĞİ,+905465760404,Diş Kliniği
Elmas Dent Ağız ve Diş Sağlığı Polikliniği - Kocatepe,+902126404244,Diş Kliniği
Özel Tuna Ağız Ve Diş Sağlığı Kliniği,+902126125657,Diş Kliniği
Özel Kıdem Ağız ve Diş Sağlığı Polikliniği,+902123027594,Diş Kliniği
Misk Ağız ve Diş Sağlığı Polikliniği,+905470107777,Diş Kliniği
Dentakti̇f Ağiz Ve Di̇ş Sağliği Poli̇kli̇ni̇ği̇ | Bayrampaşa Diş,+905521617377,Diş Kliniği
Dr. Özcan Kılıç,+902125777373,Diş Kliniği
Çınar Terkuran Ağız ve Diş Sağlığı Polikliniği,+905395193209,Diş Kliniği
Dr. Utku Özbay,+902126497626,Diş Kliniği
DURUL AĞIZ VE DİŞ SAĞLIĞI POLİKLİNİĞİ BAYRAMPAŞA,+905050122662,Diş Kliniği
Özel Bayrampaşa Ağız Ve Diş Sağlığı Polikliniği,+902126138909,Diş Kliniği
Diş Hekimi Mehmet Dedeoğlu,+902125677944,Diş Kliniği
Diş Hekimi Tarık İğdirli,+902126157676,Diş Kliniği
HCM Smile Diş Sağlığı Merkezi,+905052389862,Diş Kliniği
Koçak Diş,+902125441054,Diş Kliniği
Yüksel Dent Ağız ve Diş Sağlığı Polikliniği,+902125457729,Diş Kliniği
İdea Dental Clinic | dental implant | hollywood smile | gülüş tasarımı | ortodonti diş tedavisi | diş estetiği beyazlatma,+902123025070,Diş Kliniği
DİŞ HEKİMİ SERDAR YALÇIN,+902125652901,Diş Kliniği
Özel KÖKLÜ Ağız ve Diş sağlığı Polkinliği,+905319184192,Diş Kliniği
Topçular Ağız Ve Diş Sağlığı Merkezi,+902126169812,Diş Kliniği
Bumerang Ağız ve Diş Sağlığı Polikliniği,+905347272720,Diş Kliniği
Özel Dent Four Ağız Ve Diş Sağlığı Polikliniği,+902125810099,Diş Kliniği
Diş Hekimi İrem Dövme Diş muayenehanesi,+905059258710,Diş Kliniği
Dt. Bülent Kaplan,+902125639324,Diş Kliniği
NGA DİŞ KLİNİĞİ,+905304979744,Diş Kliniği
Diş Hekimi,+902125773354,Diş Kliniği
Efratattoo,+905423545864,Dövme & Piercing
Fuego Tattoo Studio,+905306384089,Dövme & Piercing
Efe Fuat Tattooz,+905314082925,Dövme & Piercing
TATTOO BY CENK,+905464357106,Dövme & Piercing
Tattoo blackk,+905467424872,Dövme & Piercing
Artisan Tattoo Studio | Emrah Okuroğlu,+905530208581,Dövme & Piercing
Goldshadow tattoo,+905356817045,Dövme & Piercing
Gaziosmanpaşa Dövmeci Dövme Piercing Kulak ve Burun Delim,+905316945010,Dövme & Piercing
My Studio Barber Tattoo,+905465181288,Dövme & Piercing
Cat Tattoo Studio Gaziosmanpaşa,+905354334765,Dövme & Piercing
Tattoosun Studio,+905369248789,Dövme & Piercing
YLD TATTOO STUDİO,+905344079503,Dövme & Piercing
Ateşyakan Tattoo,+905355623555,Dövme & Piercing
Stone tattoo,+905369413970,Dövme & Piercing
Herişmeriç,+905438206561,Dövme & Piercing
Tattoo By Sino,+905306537165,Dövme & Piercing
Hasret Ulutaş,+905316608638,Dövme & Piercing
Tattoo Engin Akın,+905379503439,Dövme & Piercing
Tunart Tattoo & Aley Piercing,+905388341340,Dövme & Piercing
Kwantum Tattoo Gallery,+905370217707,Dövme & Piercing
Medcezir Tattoo,+905433991010,Dövme & Piercing
Lucy Tattoo MuratKara,+905455527800,Dövme & Piercing
Nur Şahinkaya Tattoo & Piercing,+905352252097,Dövme & Piercing
TURA TATTOO,+905379398574,Dövme & Piercing
Drn Art Tattoo,+905331627145,Dövme & Piercing
34 inkTattoo ( dövme) & Piercing,+905354927168,Dövme & Piercing
Tattoo JV,+902125361659,Dövme & Piercing
Grimm Tattoo Istanbul,+902122936142,Dövme & Piercing
TATTOO HARME YAKO,+905050070016,Dövme & Piercing
Hera İnk Tattoo & Hera Beauty,+905318952468,Dövme & Piercing
By.Sansar TATTOO & PİERCİNG,+905318861569,Dövme & Piercing
Eddy_tattoo,+905316995064,Dövme & Piercing
Infernus Tattoo Studio,+905075644055,Dövme & Piercing
cazgır tattoo,+905386808163,Dövme & Piercing
Diyetisyen Buse Şenses,+905421685417,Diyetisyen
Diyetisyen Azmi Yılmaz,+905468607723,Diyetisyen
Diyetisyen Hilal Genç,+905058540398,Diyetisyen
Diyetisyen Reyhan Nur Diyet Kliniği 2,+905309215086,Diyetisyen
Diyetisyen Sevcan Üstünbaş Cengiz Beslenme ve Diyet Danışmanlığı Merkezi,+905386592393,Diyetisyen
Diyetisyen Merve Nur Çambay,+905464637919,Diyetisyen
DİYETİSYEN MELİSA SANCAKLI,+905336988333,Diyetisyen
Diyetisyen Beyza Karakurt,+902126493666,Diyetisyen
"Dyt. Rabia Üçeler, Beslenme ve Diyet Danışmanlık Merkezi",+905348120084,Psikolog / Terapist
Cem Zaralı Beslenme ve Danışmanlık Merkezi,+905414604902,Psikolog / Terapist
Ezgi Dinçer Beslenme ve Diyet Merkezi,+905366379805,Diyetisyen
DİYETİSYEN ELİF EYÜPOĞLU,+905352518118,Diyetisyen
Diyetisyen Handan Ebrar Güven,+905545390904,Diyetisyen
Uzman Diyetisyen Eda Hatice Bolat,+905445057547,Diyetisyen
Diyetisyen Neslihan Albayrak,+905308624684,Diyetisyen
Uzman Diyetisyen Zeynep Yoldaş Seçkin,+905345209170,Diyetisyen
Diyetisyen Furkan Albayrak,+905335769560,Diyetisyen
Beslenme ve Diyet Uzmanı Gülşah Seviş,+905459701885,Diyetisyen
Diyeti’KO Beslenme ve Diyet Danışmanlık Merkezi,+905340585398,Psikolog / Terapist
Diyetisyen Zeynep Taşbaşı Deviren,+905442436613,Diyetisyen
Diyetisyen Ayşe Aydın,+905533132810,Diyetisyen
Dyt. Cansu Köstak,+905350388684,Diyetisyen
Diyetisyen Şevval Şenyurt Yıldız,+905302886088,Diyetisyen
Dyt. Berra Günlühan,+902129126490,Diyetisyen
Uzman Diyetisyen Davut ŞEN,+905526934414,Diyetisyen
GopDiyet Diyet ve Reformer Pilates Stüdyosu,+905448695000,Diyetisyen
Diyetisyen Dilara Karaca - Online Diyet Uzmanı,+905536694373,Diyetisyen
Diyetisyen Meral Tansu Ayışık,+905063811888,Diyetisyen
Diyetisyen Berkan Darıcı,+905062704785,Diyetisyen
Diyetisyen Aleyna Canbaz,+905524525917,Diyetisyen
DİYETİSYEN AZRA BALKANLI,+905347870277,Diyetisyen
Technofit Spor Salonu,+905312053888,Kuaför / Berber
Véora Studio / Bayrampaşa Pilates,+905536691907,Pilates / Yoga
Shine Pilates Studios,+905071626321,Pilates / Yoga
X Pilates Studio,+905360718616,Pilates / Yoga
Angel Pilates Bayrampaşa,+905414376435,Pilates / Yoga
Pilatesemy,+905350753444,Pilates / Yoga
Ola pilates studio,+905414748391,Pilates / Yoga
Si Pilates,+905375956512,Pilates / Yoga
Asfalt Pilates - Gym - Fitness Club,+905334807023,Pilates / Yoga
Elif İnci Pilates Studio,+905352017045,Pilates / Yoga
Nimbus Pilates,+905346082727,Pilates / Yoga
Ritüel stüdyo,+905459186825,Pilates / Yoga
Chance Pilates,+905543504377,Pilates / Yoga
Seda Fit Pilates Studio,+905359851187,Pilates / Yoga
Fizyoright Pilates,+905411236318,Pilates / Yoga
USÇ Fitness Wellness Club,+902125654050,Kuaför / Berber
Royal Sports Bayrampaşa Spor Salonu,+905323372206,Kuaför / Berber
Neşeli pilates,+905070659365,Pilates / Yoga
Zenith Training Studio,+905304771218,Kuaför / Berber
Alpha Gym,+905395773131,Kuaför / Berber
Universe Academy Sport Center,+905343607853,Kuaför / Berber
Crunch Fitness Spor Salonu,+905307723262,Kuaför / Berber
SFİTHOUSE,+905379376376,Kuaför / Berber
M7 FITNESS CENTER,+902124179707,Kuaför / Berber
Gym House Spor Bay-Bayan,+902126741733,Kuaför / Berber
Atlantis spor salonu,+902126163608,Kuaför / Berber
B-FİT bayrampaşa,+902126151530,Kuaför / Berber
Skull Gym,+905309479540,Kuaför / Berber
Akran Hareket Eğitimi ve Cimnastik Merkezi(Bayrampaşa),+905303919436,Kuaför / Berber
Bayrampaşa Gençlik Hizmetleri Ve Spor İlçe Müdürlüğü Bayrampaşa Spor Salonu,+902125440238,Kuaför / Berber
Gym PORT,+902125441555,Kuaför / Berber
Bs Fitness For Life,+902126189808,Kuaför / Berber
Susedo Spor Center,+902126749008,Kuaför / Berber
Semih Erden Spor Salonu,+902126404739,Kuaför / Berber
B.paşa DEMİR SPOR KULUBU,+905324610173,Kuaför / Berber
Power Club Spor Salonu,+905343097498,Kuaför / Berber
Yıldırım Jimnastik Spor Salonu,+902124176683,Kuaför / Berber
Art Nail Express,+905447940900,Güzellik Salonu
Beşiktaş Güzellik Salonu,+905323816393,Güzellik Salonu
Zeren Güzellik Salonu,+902122364411,Güzellik Salonu
Figen Academy | Ortabahçe Güzellik Merkezi,+905369543662,Güzellik Salonu
Linda Life Güzellik Salonu Beşiktaş,+905525530293,Güzellik Salonu
Axiss Güzellik Beşiktaş,+905538950601,Güzellik Salonu
Arzu Bulut - Estetik&Güzellik,+902122752985,Güzellik Salonu
ŞERİleydi BEAUTY,+905330568381,Güzellik Salonu
Bahar Beauty Company,+905461473303,Güzellik Salonu
Elit Güzellik Salonu,+902122589682,Güzellik Salonu
Özge Algül Güzellik & Bakım,+905414591565,Güzellik Salonu
İnternational Beauty,+905525673328,Güzellik Salonu
NAIL PALACE I PROTEZ TIRNAK- İPEK KİRPİK- CİLT BAKIMI - KALICI KAKYAJ - EPİLASYON - ZAYIFLAMA,+905423520069,Güzellik Salonu
Belgin Okur Beauty | Beşiktaş,+905401343400,Güzellik Salonu
Tria Club Beauty,+902122848174,Güzellik Salonu
"Venezia Güzellik | Cilt Bakımı, Epilasyon, Kalıcı Makyaj & Bölgesel Zayıflama",+905079536962,Güzellik Salonu
Aqua Güzellik,+905320122057,Güzellik Salonu
House Beauty Beşiktaş,+905326726053,Güzellik Salonu
Meral Mengüş Güzellik Salonu,+902123526768,Güzellik Salonu
Tülinail Güzellik Salonu,+905453452431,Güzellik Salonu
Dagmara Guzellik Salonu,+902122732726,Güzellik Salonu
Esra Berge Beauty,+905013232307,Güzellik Salonu
Cansu Sarı Güzellik Merkezi,+905454749535,Güzellik Salonu
S.m.ç. Kuaför,+902122583230,Kuaför / Berber
Sipahi Güzellik Merkezi,+905010095328,Güzellik Salonu
Galata Nail Art (Beşiktaş),+905448196337,Güzellik Salonu
Massa Hairstyler Kuaför Ve Güzellik Salonu,+905376264428,Güzellik Salonu
Beşiktaş Epilasyon Ve Güzellik Merkezi,+905068854858,Güzellik Salonu
Nish Güzellik,+905522877946,Güzellik Salonu
Yıldız Kızılcan Güzellik Salonu,+905304780091,Güzellik Salonu
Kum Beauty Studio&Solarium,+905313934981,Güzellik Salonu
Nilgün Güzellik Salonu,+905327879014,Güzellik Salonu
Özge Özel Levent Güzellik Salonu,+905339504555,Güzellik Salonu
INDIS Güzellik Merkezi,+902122616267,Diş Kliniği
Art & Beauty,+905335016932,Güzellik Salonu
AYKANAİLSBAKU,+905538447278,Güzellik Salonu
Mehmet Tatlı Beşiktaş,+902128239001,Güzellik Salonu
NBA KUAFÖR VE GÜZELLİK SALONU,+905359763373,Güzellik Salonu
Beşiktaş mikro kaynak&kuaför&extension,+905336581112,Kuaför / Berber
Metin Kuaför Beşiktas,+902122277543,Kuaför / Berber
Lavinia Güzellik Salonu,+902122692841,Güzellik Salonu
Silay Güzellik Salonu,+902122595901,Güzellik Salonu
Bahadır güzellik salonu,+905324538808,Güzellik Salonu
Art Of Hair Beşiktaş,+905521809052,Kuaför / Berber
aru Salon Akaretler Kuaför,+902123270890,Güzellik Salonu
Derya Göze Kaş Kontur Güzellik Salonu,+905389622526,Güzellik Salonu
Blisslab Beauty Center Nail Art,+902128016164,Güzellik Salonu
Deniz Beauty Hair Studio Akaretler,+905369746471,Güzellik Salonu
"TEM güzellik salonu, Manikür, pedikür, ağda",+902122673439,Güzellik Salonu
Trio Kuaför Güzellik Salonu - Ulus,+902122846862,Güzellik Salonu
Dizayn Kuaför By Demet,+905322628748,Kuaför / Berber
Recai &Hilal kuaför,+902122605792,Kuaför / Berber
Volkan Taşcı Güzellik Salonu,+905355670508,Güzellik Salonu
İnci Soydan Güzellik Evi,+905334425656,Güzellik Salonu
Ametist Güzellik Salonu,+902122837902,Güzellik Salonu
Nail Lash & Brow Studio Istanbul,+905378149797,Güzellik Salonu
Beyaz Köşk Kuaför,+905456610914,Kuaför / Berber
Miss Güzellik & Kuaför,+902122725758,Güzellik Salonu
Liatris Güzellik,+902123276606,Güzellik Salonu
Gülşen Manikür Pedikür ve Kişisel Güzellik Bakım salonu,+905363904810,Güzellik Salonu
Bej Hair Studio ( Beşiktaş ),+905452459378,Kuaför / Berber
Hanna Makyaj & Güzellik Salonu,+902122270976,Güzellik Salonu
OTA Poliklinik,+902122364712,Güzellik Salonu
Avrupa Masaj & Ağda Salonu,+905462032121,Kuaför / Berber
The Brush Art Hair Studio,+905368674601,Kuaför / Berber
Umutay kuaför,+905323480335,Kuaför / Berber
Tırnak Deryası Beşiktaş,+905523523646,Güzellik Salonu
"Sabit Akkaya Hair Stylist, Swissotel",+905544247404,Kuaför / Berber
Kuaför Nihat,+902122582142,Güzellik Salonu
Oğuz Yanal Güzellik Salonu,+902122730246,Güzellik Salonu
Nizam yavuz kuaför,+905357993363,Kuaför / Berber
Happy Lady Güzellik Salonu,+902122683500,Güzellik Salonu
Bi’Kuaför,+905436823634,Kuaför / Berber
Kuaför Salon Cadde Beşiktaş,+902122271212,Kuaför / Berber
Tilia Güzellik Salonu,+902122580310,Güzellik Salonu
temizsarilar,+905385280058,Kuaför / Berber
Yıldız Aydugan Kuaför,+905532665565,Kuaför / Berber
Değişim Kuaför Dikilitaş,+905357272329,Kuaför / Berber
"Sabit Akkaya Hair Stylist, Conrad Hotel",+905551543491,Kuaför / Berber
Kuaför Fatih & Selçuk,+905304929991,Kuaför / Berber
OĞUZ YANAL SAÇ TASARIM,+902123276925,Kuaför / Berber
Beşiktaş Berberi ŞENOL ÇAPAN,+902123276837,Kuaför / Berber
EsteMagic Nişantaşı,+905373687629,Güzellik Salonu
Garage Hair Repair Studio Levent İstanbul Kuaför Salonu,+902122814444,Güzellik Salonu
Kuaför Erol,+905435837612,Kuaför / Berber
Ortaköy Erol Belgin Kuaför Beauty Center,+902122271189,Güzellik Salonu
Erol Bayan Kuaförü,+902122367848,Kuaför / Berber
Doris Estetik Ve Güzellik,+902122278477,Güzellik Salonu
Salon K&A kuaför,+902122611133,Kuaför / Berber
Salon Vedat,+905324556669,Kuaför / Berber
Gönül Kuaför & Güzellik Salonu,+902122842904,Güzellik Salonu
Kuaför Arif,+902122607583,Güzellik Salonu
Rami Gezer,+905413838840,Kuaför / Berber
Yasmin Güzellik,+905369514143,Güzellik Salonu
İmaj Berber Beşiktaş,+902122273072,Kuaför / Berber
Özgül Öndeş Güzellik Salonu,+905302663746,Güzellik Salonu
THECNAR - Kadın Kuaförü,+905070999131,Kuaför / Berber
Dez Kuaför,+902122369564,Kuaför / Berber
Estpoint Estetik Klinikleri,+905353490708,Güzellik Salonu
Zeynep Demir Beauty & Aesthetic,+902122602040,Güzellik Salonu
Kuaför Zeki Şan,+902122601239,Kuaför / Berber
Kuaför Necla,+902122594850,Kuaför / Berber
Salon Beşiktaş,+905333148829,Kuaför / Berber
Çetin Dilek Bayan Kuaför,+902123275018,Kuaför / Berber
Arelia Güzellik,+902123278587,Güzellik Salonu
Mk Kuaför,+902122363134,Kuaför / Berber
No 14 Hair Art/BAYAN KUAFÖRÜ,+905324716239,Kuaför / Berber
Who Hair House,+905344802216,Kuaför / Berber
Mas Kuaför - Saç Kaynak İstanbul,+902122364370,Kuaför / Berber
"Sabit Akkaya Hair Stylist, Çırağan Palace Kempinski",+905551543492,Kuaför / Berber
DEST HAIR BEŞİKTAŞ (berber),+905015813188,Kuaför / Berber
By Makas Erkek Kuaförü Beşiktaş,+905366839793,Kuaför / Berber
Prestij Kuaför,+902122363738,Kuaför / Berber
Elit Kuaför instagram elit_coiffeur,+905426847596,Kuaför / Berber
Bis Kuaför,+902122834223,Kuaför / Berber
Osman PEÇE,+902122594399,Kuaför / Berber
No:46 Hair Desing Studio,+902122731264,Kuaför / Berber
Still Still's Kuaför,+902122831744,Kuaför / Berber
London Kuaför,+902122875904,Kuaför / Berber
"Sabit Akkaya Hair Stylist, Raffles İstanbul",+905551543485,Kuaför / Berber
Balmumcu Hair Club,+902122724246,Kuaför / Berber
Berber Arif Beşiktaş Erkek Kuaförü 💈,+905453754885,Kuaför / Berber
Berber KM,+905394238741,Kuaför / Berber
Makas Bliss Beşiktaş,+902122779777,Kuaför / Berber
MUSTAFA SARIKAYA İMAGE MAKER,+905332679483,Kuaför / Berber
Beşiktaş Pet Kuaför,+905448560703,Kuaför / Berber
"Derya Eğilmez, Manikür & Pedikür",+905072231621,Kuaför / Berber
CutsBarbershop,+905322525526,Kuaför / Berber
RESSAM Hair studio,+902122155172,Kuaför / Berber
Golden Hair,+905323622155,Kuaför / Berber
C&C Erkek Kuaförü,+905063853410,Kuaför / Berber
Bay Bayan Kuaför,+905377493077,Kuaför / Berber
By Yılmaz Sağlam,+902122601672,Kuaför / Berber
Mac Hair Desing,+902122599092,Kuaför / Berber
Kuaför Ertuğrul,+902122619209,Kuaför / Berber
Address Hair Style,+902122720596,Kuaför / Berber
Vox Kuaför,+902122589801,Kuaför / Berber
Kb Kuaför,+902123581959,Kuaför / Berber
Selahattin Alan Kuaför,+902122600059,Kuaför / Berber
Berber Fatih,+902122369550,Kuaför / Berber
Gülay Tiran Hairstylist,+902123510976,Kuaför / Berber
Ema's Kuaför,+902122136379,Güzellik Salonu
Time 2044 Erkek Kuaförü,+905055187505,Kuaför / Berber
Özden Kuaför,+902122574873,Kuaför / Berber
M & M ERKEK KUAFÖRÜ,+905322545556,Kuaför / Berber
Traşhane Beşiktaş Pet Kuaför,+905334941788,Kuaför / Berber
Ahmet Kuaför,+902122362982,Kuaför / Berber
Salon Ahmet & Hasan,+902123273871,Kuaför / Berber
Koç Erkek Kuaförü,+902122612066,Kuaför / Berber
Kuaför Sabri,+902122587254,Kuaför / Berber
San Kuaför Etiler,+905333264902,Kuaför / Berber
Mehmet TATLI Kuaför Levent Özdilek Park,+902122830501,Kuaför / Berber
Bemjolie Kuaför,+902123514085,Kuaför / Berber
Elit Erkek Berberi,+905367733008,Kuaför / Berber
Rıdvan Erkek Kuaförü,+905324515857,Kuaför / Berber
Erkek Kuaförü Alamettin,+902122591082,Kuaför / Berber
S'Boss Bay/Bayan Kuaförü,+902122609800,Kuaför / Berber
Erkan Yılmaz Kuaför,+902123563656,Güzellik Salonu
Bliss Kuaför,+902123520360,Kuaför / Berber
City Hair Concept,+902122276222,Kuaför / Berber
Ertan Kuaför 1986`dan Beri Sizleri Güzelleştiriyoruz,+905380819961,Kuaför / Berber
Ulus İzzet Kuaför,+902122680686,Kuaför / Berber
Ebru Kuaför Ve Güzellik Merkezi,+902122605342,Güzellik Salonu
Kadir Erkek Kuaförü,+902122605207,Kuaför / Berber
Sait Ersan Kuaför,+902123519565,Kuaför / Berber
Onur Berber Salonu,+905427444336,Kuaför / Berber
Kadir Alkan Hair Artist Erkek Kuaförü Etiler Villa İstanbul,+905352563636,Kuaför / Berber
Dr. Esra Vardarman,+902122707060,Güzellik Salonu
Dr.Adnan Gürcan - Medikal Estetik Kliniği,+905472808030,Güzellik Salonu
Yeliz Aşık Güzellik Koçu,+905398495594,Güzellik Salonu
Lu Güzellik Merkezi,+902122570033,Güzellik Salonu
Prof. Dr Özlem Köse Estetik Kliniği,+905306157417,Güzellik Salonu
Linemed Poliklinik Levent,+902122801986,Güzellik Salonu
NFC ESTETİK,+905345604040,Güzellik Salonu
Lea Estetik,+905427360608,Güzellik Salonu
Libra Güzellik Fulya,+905375041262,Güzellik Salonu
Hatice Çavaş Estetik Güzellik Merkezi Etiler,+902122657427,Güzellik Salonu
Kimia Estetik Center,+902126807900,Güzellik Salonu
Dermatolog Dr. Sevgi Şükran Ekmen Çavuş -Etiler Estetik Dermatoloji,+905322230784,Güzellik Salonu
Mukaddes Alp Beauty | Güzellik Merkezi,+905319274417,Güzellik Salonu
Şevval Laçin Beauty,+905469700797,Güzellik Salonu
Fatma Süha Beauty,+905421072322,Güzellik Salonu
EsteticDerm Clinic Istanbul,+905384824585,Güzellik Salonu
Vip Med Klinik,+902122643030,Güzellik Salonu
Op. Dr. Ayaz Aslan,+902122703570,Güzellik Salonu
"Sara Yaman Beauty | Skin Care & Longevity & Soprano Buz Lazer, Permanent Make-Up , Microblading İstanbul",+905300853895,Güzellik Salonu
Murat Sepin Estetik ve Guzellik Merkezi,+902122696161,Güzellik Salonu
Lisya Beauty Güzellik Merkezi,+905462570504,Güzellik Salonu
Medikal Estetik Tıp Doktoru Selen Hanife HACIÖMEROĞLU,+905055784444,Güzellik Salonu
Serdar Eren Sağlık Ve Estetik Merkezi,+902122247715,Güzellik Salonu
Scala Clinic,+905497955050,Diğer (Sağlık & Bakım)
Ayla Er Beauty House,+905070531010,Güzellik Salonu
Vegayou Clinic | Medikal Estetik Kliniği,+905324797000,Güzellik Salonu
Este Medical - Hair Transplant Clinc Istanbul Türkiye,+902127060617,Kuaför / Berber
Dermalive,+902122687232,Güzellik Salonu
Eticlinic Estetik ve Güzellik Merkezi,+905325418900,Güzellik Salonu
Soprano Clinic - Laser Hair Removal - Buz Lazer Epilasyon,+902125612322,Güzellik Salonu
Nurten Akın Beauty,+905302932284,Güzellik Salonu
Dr.Devrim Çağlarer Avcı,+902126690045,Güzellik Salonu
FELİZ BEAUTYLAND,+905354673060,Güzellik Salonu
Dermatolog Dr. Süleyman İzzet Karahan Dermatolojik Muayene ve Doğal Estetik Uygulamalar,+905403465555,Güzellik Salonu
AKM Clinic - Plastic Surgery & Hair Transplant Istanbul,+902129633444,Güzellik Salonu
Serap Öz Studio,+905464656572,Güzellik Salonu
Didem ÖZKAN Beauty - 4D Erkek Kaş Tasarımı ve Güzellik Merkezi,+905305808100,Güzellik Salonu
M-Onep Etiler,+902123523233,Güzellik Salonu
Mina Estetik ve Kozmetik - Etiler,+902122680609,Güzellik Salonu
Dr. Onur Sümer,+905334172595,Güzellik Salonu
"BBL Tedavisi, Altın İğne Tedavisi, Soğuk Lipoliz, Dr. Yasemin Hızarcı",+902123521203,Güzellik Salonu
Özel Avşar Polikliniği,+902122700993,Güzellik Salonu
cocomaje,+902122638835,Güzellik Salonu
"Dr. Ozan Balık - BBL, Popo Estetiği, Meme, Facelift, Karın Germe, Rinoplasti, Cinsiyet Değişimi, Liposuction, Mommy Makeover",+902122155333,Güzellik Salonu
Op. Dr. Metin Kerem - Burun Estetiği - Vücut Biçimlendirme,+905334263226,Güzellik Salonu
Paris Health Clinic,+905444066234,Güzellik Salonu
Epi Beauty,+905327497526,Güzellik Salonu
Medest Polikliniği,+905303532243,Güzellik Salonu
Estepeak,+905335515070,Güzellik Salonu
Health Estetik,+902126807920,Güzellik Salonu
Op. Dr. Asu Deniz Burhanoğlu | Karın Germe | Meme Estetiği | Botoks & Botox | Kök Hücre Estetiği,+902123510200,Güzellik Salonu
Beşiktaş Saç Ekim Merkezi,+905423459002,Güzellik Salonu
Seyfi AKBAY estetik cerrahi Kliniği,+905559783509,Güzellik Salonu
Estemes Aesthetic,+905305681119,Güzellik Salonu
Roma Beaute Ortaköy,+905425335824,Güzellik Salonu
Hay Clinic | Dr. Ender Saraç Kliniği,+902122831080,Diğer (Sağlık & Bakım)
Batı Ortodonti Estetik Diş Kliniği Beşiktaş Fulya,+902128713700,Diş Kliniği
Neslim Güngen Levent,+905438603030,Güzellik Salonu
"Op. Dr. Burçak Erdinç, Plastk Cerrahi Uzmanı",+902123527575,Diğer (Sağlık & Bakım)
Deluxe Clinics İstanbul,+905356102784,Güzellik Salonu
Mezoklinik,+902124384020,Diğer (Sağlık & Bakım)
Jade Nail Club,+905324469010,Güzellik Salonu
ARİSTO GÜZELLİK,+902123249797,Güzellik Salonu
Başak Saygın Eyebrow Studio - Bebek,+905443350560,Güzellik Salonu
Clinic Etiler,+905321311616,Güzellik Salonu
Prof. Dr. Karaca Başaran,+905334622029,Güzellik Salonu
Oximed Life Estetik,+905531969996,Güzellik Salonu
Infinity Regenerative Clinic,+905452828200,Diğer (Sağlık & Bakım)
Zeliha & Co. Beauty,+905348446550,Güzellik Salonu
Doğa Arınma Merkezi,+902122800311,Diğer (Sağlık & Bakım)
Nureste Güzellik Fatih,+902124172017,Güzellik Salonu
estecel,+902122841505,Güzellik Salonu
Genital Estetik Op. Dr. Ayşe Solaroğlu Kadın Hastalıkları ve Doğum uzmanı İstanbul,+905350555777,Güzellik Salonu
Çağla Şahin Güzellik / Klinik,+905467475654,Güzellik Salonu
HappyYou Health,+905301841500,Güzellik Salonu
Uzm. Klinik Psikolog Selen Kılıç,+905435476279,Psikolog / Terapist
Uzman Klinik Psikolog Orhan Taruk| İstanbul-Beşiktaş-Online,+905523470020,Psikolog / Terapist
Beşiktaş Psikolog,+905050961109,Psikolog / Terapist
İstanbul Psikolog Onur CANSIZ - EMDR Terapisi - Çift Terapi - Evlilik Terapisi - Şema Terapisi- Çocuk Psikoloğu,+905530522098,Psikolog / Terapist
Sima Psikolojik Danışmanlık,+902122849720,Psikolog / Terapist
Uzman Psikolog Gamze Dağar,+905421467946,Psikolog / Terapist
Uzman Psikolog Göktuğ Koç,+905524515291,Psikolog / Terapist
"Done Psikoloji Eğitim ve Danışmanlık Merkezi |Dikkat,Zeka,Gelişim Testi- Etiler,Levent,Beşiktaş",+905063021044,Psikolog / Terapist
Onix İK Psikolojik Danışmanlık Merkezi - Etiler Nispetiye Nişantaşı Beşiktaş Psikolog,+905307743524,Psikolog / Terapist
Beşiktaş Psikolog A. Alparslan Sancar,+905518490236,Psikolog / Terapist
Uzman Klinik Psikolog Sena Kabul,+905314850800,Psikolog / Terapist
Uzman Klinik Psikolog: ÖZLEM EFE - İstanbul Psikolojik Terapi Hizmetleri (Yüz Yüze ve Online Yetişkin Psikolojik Danışmanlık),+905323714945,Psikolog / Terapist
Rama Psikolojik Danışmanlık ve Eğitim Merkezi,+905333747262,Psikolog / Terapist
Frame Psikoloji,+905395217030,Psikolog / Terapist
Klinik Psikolog Melek Merve Erkılınç Gül,+905072179140,Psikolog / Terapist
Klinik Psikolog Dilara Şimşek,+908504748495,Psikolog / Terapist
MEV Psikoloji - Beşiktaş,+905465624046,Psikolog / Terapist
Uzm.Klinik Psikolog ve Aile Danışmanı Nesrin KARA,+905535798224,Psikolog / Terapist
Arri Psikoloji,+905438827606,Psikolog / Terapist
Uzman Klinik Psikolog Mehmet Cem Yiğit,+905551965500,Psikolog / Terapist
"Uzm. Kl. Psk. Melisa Yılmaz Erdoğan, Psikoloji",+905325407115,Psikolog / Terapist
Klinik Psikolog Yeşim CANLI,+902129399380,Psikolog / Terapist
Özge Özkalay- İstanbul Psikolog,+905300530881,Psikolog / Terapist
Uzm.Klinik Psikolog Ahsen Aksüt,+905411927599,Psikolog / Terapist
Etiler PsikoYORUM Danışmanlık Merkezi,+905335517664,Psikolog / Terapist
Uzm. Selin ŞİT Çocuk Gelişim Merkezi,+905541117535,Psikolog / Terapist
Klinik Psikolog Beyza Seven,+905443740276,Psikolog / Terapist
Arkabahçe Psikolojik Danışmanlık,+905323706019,Psikolog / Terapist
Dr. Klinik Psikolog Büşra Birtane Doyum,+905441354754,Psikolog / Terapist
Orhan Gümüşel (Uzman Klinik Psikolog),+905323714065,Psikolog / Terapist
Dr. Psk. Zeynep Armay - Psikoonkolog,+902122305848,Psikolog / Terapist
Sirona Psikoloji,+905384127953,Psikolog / Terapist
Uzm. Psikolog Zeren Kadıoğlu,+905324409301,Psikolog / Terapist
You Psikoloji Danışmanlık Merkezi - Uzm. Klinik Psikolog Mert Koçak,+905012648484,Psikolog / Terapist
Klinik Psikolog Pınar Çakır Ataman,+908508113760,Psikolog / Terapist
Snotra Psikoloji,+905302146959,Psikolog / Terapist
Psikolog Zeynep Dursun,+908508110535,Psikolog / Terapist
Seliyha Elbeyoğlu Uzman Psikolog,+905324940420,Psikolog / Terapist
Psikolog Sevde Yıldırım,+905373610960,Psikolog / Terapist
Klinik Psikolog Gökhan Öztürk,+905314922175,Psikolog / Terapist
Uzman Klinik Psikolog Pınar Yörük ( Akatlar Psikolog ),+905373793950,Psikolog / Terapist
Lapis,+905398687764,Psikolog / Terapist
"Hande Akın - Uzman Psikolog, Yazar / Ben zamanı Danışmanlık & Eğitim Hizmetleri",+905327832141,Psikolog / Terapist
Mita Danışmanlık,+905537086482,Psikolog / Terapist
Uzman Klinik Psikolog Damla KUNT,+905441077177,Psikolog / Terapist
Klinik Psikolog,+905349602778,Psikolog / Terapist
İstanbul - Nişantaşı Psikolog - Dr. Klinik Psikolog Burak Okci,+905326166605,Psikolog / Terapist
Uzman Klinik Psikolog Hüseyin Yüksel,+905522426957,Psikolog / Terapist
Psk. Selin Kalabaş,+905064699395,Psikolog / Terapist
Klinik Psikolog Dila Teksin,+905442452999,Psikolog / Terapist
Klinik Psikolog Melika Zarei,+905365616268,Psikolog / Terapist
Poiesis Psikoloji,+905468931310,Psikolog / Terapist
Uzm. Kl. Psk. Eda Nur Irmak,+908508110730,Psikolog / Terapist
Klinik Psikolog Aslıhan Oskanbaş,+905345057055,Psikolog / Terapist
Uzman Psikolog Sena Sabanoğlu,+905060904455,Psikolog / Terapist
Klinik Psikolog Şenay Kahraman,+908504748453,Psikolog / Terapist
Uzman Psikolog Bedriye Dayanç - Etiler,+905523866827,Psikolog / Terapist
REEM Nöropsikiyatri - Levent Şubesi,+902122819191,Psikolog / Terapist
Uzman | Klinik Psikolog Aleyna Okur,+905422289980,Psikolog / Terapist
İstanbul Psikolog Mehmet Ali Yağcıoğlu,+905305977030,Psikolog / Terapist
Fide Danışmanlık,+905337718270,Psikolog / Terapist
Klinik Psikolog Halil İbrahim Yalçın,+905510058045,Psikolog / Terapist
Klinik Psikolog Mehtap Ak,+902122870444,Psikolog / Terapist
Jülide Sevim,+905396191814,Psikolog / Terapist
"Ayşe Abide Kırkan, Uzman Klinik Psikolog",+905355225056,Psikolog / Terapist
Uzm. Klinik Psikolog F. İrem ŞAHİN,+905426972927,Psikolog / Terapist
"Dr. Uzm. Tubanur Bayram Kuzgun, Davranış Bilimi Destek ve Danışmanlık",+905417613118,Psikolog / Terapist
Grace Psikoterapi Merkezi,+902122640033,Psikolog / Terapist
Beşiktaş Psikolog / Seda Doğmazer,+908504744562,Psikolog / Terapist
Psikolog Müjde Kezer,+905316971747,Psikolog / Terapist
Novo Psikoloji - Psikolojik Danışmanlık ve Eğitim,+905335066269,Psikolog / Terapist
Aba Psikoloji,+902122878606,Psikolog / Terapist
Psk. İlkay Tunca,+902129126387,Psikolog / Terapist
Klinik Psikolog Yasemin Ozan,+905417253546,Psikolog / Terapist
Ayben Ertem,+905379556540,Psikolog / Terapist
Yakın İlişkiler,+905366111532,Psikolog / Terapist
Uzman Klinik Psikolog Elif Çelik,+905301083223,Psikolog / Terapist
Klinik Psikolog ve Aile Danışmanı Esen Meltem Kaplan,+905524157414,Psikolog / Terapist
Thetra Psikoloji,+905334955665,Psikolog / Terapist
Ahmet Işın,+905326039783,Psikolog / Terapist
Grupdent Ağız ve Diş Sağlığı Polikliniği,+902122809090,Diş Kliniği
Özel Ihlamur Dent Ağız ve Diş Sağlığı Polikliniği,+902122363368,Diş Kliniği
Dent Corner Ağız ve Diş Sağlığı Polikliniği,+902122272084,Diş Kliniği
Özel Uzmanlar Ağız Ve Diş Sağlığı Polikliniği,+902122271610,Diş Kliniği
Besiktas Diş Hekimi Büşra Tekin Kliniği,+905324003368,Diş Kliniği
Özel Dentadres Ağız Ve Diş Sağlığı Polikliniği,+902122589980,Diş Kliniği
İstadental - Zahnklinik - Dental Clinic,+906933299962,Diş Kliniği
ÖZEL ADENT Ağız ve Diş Sağlığı,+905303157412,Diş Kliniği
ÖZEL DENTALIS AĞIZ VE DİŞ SAĞLIĞI POLİKLİNİĞİ,+905332302881,Diş Kliniği
Diş Hekimi Evren Özdemir,+902122160220,Diş Kliniği
DİKİLİTAŞ DİŞ KLİNİĞİ Dt.Nadide Zeynep Gümüşdüğme &Dt.Onur Şahin,+902122365041,Diş Kliniği
Diş Hekimi Dr. Özkan Çankaya,+902123525444,Diş Kliniği
Özel Mayadent Ağız Ve Diş Sağlığı Polikliniği,+902123246292,Diş Kliniği
Levent Diş - Özel Levent Ağız Ve Diş Sağlığı Polikliniği,+902123259250,Diş Kliniği
ATAMER Ağız ve Diş Sağlığı Polikliniği,+905527558018,Diş Kliniği
Urban Dental Clinic - Maslak,+902122903290,Diş Kliniği
DentEtiler Ağız ve Diş Sağlığı Polikliniği,+902123510515,Diş Kliniği
Levent Dent,+905412812401,Diş Kliniği
Dent4 Levent,+902122808584,Diş Kliniği
Diş Hekimi Esra OLGAÇ,+902122654287,Diş Kliniği
Beşiktaş Diş Doktorum,+902122274131,Diş Kliniği
YKN Ağız ve Diş Sağlığı Polikliniği,+905515543505,Diş Kliniği
Seher Pehlivanoğlu Diş Kliniği / Dental Clinic,+905324976786,Diş Kliniği
E. Aslı Aktı,+902122278063,Diş Kliniği
Uzman Diş Hekimi Adem Günaydın,+905074583534,Diş Kliniği
Diş Hekimi Rukiye BUĞRA,+905442556019,Diş Kliniği
Distanbul Diş Kliniği - Diş Hekimi Derya Demirçiler,+902123277623,Diş Kliniği
Diş Hekimi Bora MURAT,+905324290423,Diş Kliniği
Diş Hekimi Çağdaş Kışlaoğlu,+905317077777,Diş Kliniği
DMR Dent Ağız ve Dİş sağlığı Polikliniği,+902122703066,Diş Kliniği
Cem Alanya Diş Hekimi,+905322906238,Diş Kliniği
Dr. Ahmet Çetinkaya,+902122278210,Diş Kliniği
Prof. Dr. Saip Denizoğlu,+902123523398,Diş Kliniği
Cliniqa Dental World - Dental Treatment Clinic,+902126637758,Diş Kliniği
DRGO Smile Clinic - Istanbul Dental Aesthetic Clinic,+905465290681,Diş Kliniği
Özel DentalClinic Ağız ve Diş Sağlığı Polikliniği,+902123259659,Diş Kliniği
Dişhekimi Emrah Yüce,+905074295393,Diş Kliniği
Diş Hekimi Doğa Erginoğlu,+905451510609,Diş Kliniği
Dt. Engin Aksoy,+902122320085,Diş Kliniği
DİŞ HEKİMİ ŞENAY YILMAZ,+902123257323,Diş Kliniği
Etiler Diş Kliniği® - Diş Hekimi R. Hara,+902123517007,Diş Kliniği
Dişhekimi Tijen Secerli Dürer,+902122759330,Diş Kliniği
Dr.Hüsniye Ekinci Ortodonti Ağız ve Diş Sağlığı Polikliniği,+905332000426,Diş Kliniği
ERÇAĞ Ağız ve Diş Sağlığı Kliniği | Estetik Diş - Adeziv Sistemler - Periodontoloji,+902122828483,Diş Kliniği
Estetik Diş Hekimi,+902127066066,Diş Kliniği
Arslan& Arslan Diş Kliniği | Dr. Tuğçe Arslan | Etiler Diş Hekimi,+902122489512,Diş Kliniği
Ortoline Ağız ve Diş Sağlığı Kliniği,+902123516050,Diş Kliniği
Diş Hekimi Ahmet Şekip İnal,+902122614011,Diş Kliniği
NO7 INK,+905336132945,Dövme & Piercing
"Beşiktaş Tattoo, Piercing, Medical Make Up",+905325023206,Dövme & Piercing
İnk Station Tattoo gallery •Tattoo & Piercing studio,+905321753134,Dövme & Piercing
Beşiktaş dövme tattoo,+905426979683,Dövme & Piercing
KÜBRA ÜNLÜ TATTOO STUDİO-Beşiktaş Dövmeci,+905454926388,Dövme & Piercing
Freak Tattoo Studio,+902122511051,Dövme & Piercing
Linden Tattoo Beşiktaş,+905385503458,Dövme & Piercing
Eleven Tattoo Gallery | Tattoo & Piercing Studio,+905334411088,Dövme & Piercing
Aytuğ Tattoo Beşiktaş | Tattoo & Piercing,+905067705398,Dövme & Piercing
Beşiktaş Tattoo Shop,+905332612449,Dövme & Piercing
Beşiktaş Tattoo Art Mete,+905346588975,Dövme & Piercing
Tattoo Zenith,+905305276900,Dövme & Piercing
Go Tattoo Project,+905011013020,Dövme & Piercing
Tattoo Master Köşk,+905339745675,Dövme & Piercing
tolgakural.ink,+905555751675,Dövme & Piercing
YAPBİTATTOO & PİERCİNG,+905519494944,Dövme & Piercing
Zeus Tattoo - Beşiktaş,+905306431362,Dövme & Piercing
Dotwork Ink Beşiktaş,+905062528983,Dövme & Piercing
Infernum Ink Tattoo & Piercing Ortaköy - Dövme Piercing,+905365560709,Dövme & Piercing
Yokto Ink Tattoo,+905015309203,Dövme & Piercing
No15 TATTOO GALLERY DÖVME & PIERCING dövme stüdyosu,+905459613811,Dövme & Piercing
KAPADOKYA TATTOO PİERCİNG,+905302891270,Dövme & Piercing
Lava Tattoo Beşiktaş,+905416931396,Dövme & Piercing
KIZIL ODA TATTOO,+905312099333,Dövme & Piercing
Hey joe Tattoo & Piercing Shop,+905542902577,Dövme & Piercing
Zapatista Tattoo & Piercing,+905334804808,Dövme & Piercing
Erman Çetin Dövme Stüdyosu,+905317894436,Dövme & Piercing
Brother's Tattoo Academy,+905441551416,Dövme & Piercing
Tattooine Shop,+905343442832,Dövme & Piercing
Ortaköy Tattoo Club,+905352311724,Dövme & Piercing
manhattan tattoo 34,+905074215270,Dövme & Piercing
Jobs INK mini Beşiktaş,+905422164669,Dövme & Piercing
Red Cat Tattoo Factory,+902122874535,Dövme & Piercing
Raven Ink | Tattoo & Piercing,+905385607752,Dövme & Piercing
BURKAY ŞEKER TATTOO,+905462272622,Dövme & Piercing
Eternal Tattoo,+905394143484,Dövme & Piercing
InkBlaze Tattoo Studio,+905412529334,Dövme & Piercing
Toprak tattoo,+905437846456,Dövme & Piercing
Tattoofect,+905353047365,Dövme & Piercing
Deniz Tattooer,+905455466724,Dövme & Piercing
Artura Tattoo,+905522897252,Dövme & Piercing
Agila Tattoo Supply,+905330857126,Dövme & Piercing
Taha Tattoo Dövme & Ink Art,+905059275454,Dövme & Piercing
Pellas/tattoo/piercing,+905309493419,Dövme & Piercing
Diyetisyen Kübra Arı,+905307000392,Diyetisyen
Uzman Diyetisyen Nursel Eroğlu,+905551566762,Diyetisyen
DİYETİSYEN SEZEN ÇETİNKAYA BEŞİKTAŞ DİYETİSYEN,+905413717763,Diyetisyen
Diyetisyen Emre Uzun Etiler,+902163029508,Diyetisyen
Diyetolog Diyetisyen İsmail Aslan,+905445197709,Diyetisyen
"Diyetisyen Ceyda Aydın Sürdürülebilir, Sağlıklı Beslenme Danışmanlığı",+905314308437,Diyetisyen
Diyetisyen Nurdan Balakçı ile Sağlıklı Beslenme ve Diyet Danışmanlığı,+905422189533,Diyetisyen
Diyetisyen Tuanna Ak Sağlıklı Yaşam Merkezi,+905528087448,Diyetisyen
Nutrition İstanbul,+905492220222,Diyetisyen
Diyetisyen Beray Günay,+905535721520,Diyetisyen
Uzm. Dyt. Ayşenur Aköz,+905422976598,Diyetisyen
Diyetisyen Dilara Betül Gelişin Emeç,+905513807839,Diyetisyen
Diyetisyen Gözde Gül,+905321615823,Diyetisyen
FİDAN TURANLI FİT & BEAUTY STUDİO ETİLER,+905524041766,Diyetisyen
Diyetisyen Onurcan Yurtsever,+905399146658,Diyetisyen
Diyetisyen Ayşe Tuğba Şengel,+905466556676,Diyetisyen
Selay Turan Güzellik,+905072759540,Güzellik Salonu
Diyetisyen Uğur Yanık,+905303219459,Diyetisyen
Diyetisyen Gülçin ışık,+905541613030,Diyetisyen
Uzman Diyetisyen Zülal Yalçın,+905466092294,Diyetisyen
Diyetisyen Buse Çapraz Özer,+905458437877,Diyetisyen
Dilara Koçak,+902122401510,Diyetisyen
Begüm ORDU Beslenme Danışmanlığı,+905457863503,Diyetisyen
Beşiktaş Diyet Merkezi,+905538348067,Diyetisyen
Diyetisyen Beyza Erdoğan,+905431141523,Diyetisyen
Diyetisyen Kübra Yazıcı,+905397893551,Diyetisyen
Diyetisyen Canan Aksoy,+905462145758,Diyetisyen
Diyetisyen Gözde Karaca Kayan,+908508051415,Diyetisyen
Dyt. Burcu Üstad Arda | Bostancı Diyetisyen,+905510039597,Diyetisyen
"Uzman Diyetisyen Esra Şen, Diyetisyen",+905397086928,Diyetisyen
Diyetisyen Yasemin gün,+905324951190,Diyetisyen
Uzman Diyetisyen Okan Gül,+905364720840,Diyetisyen
Uzman Diyetisyen Müge Aksu,+902123450218,Diyetisyen
Uzman Diyetisyen Ayşegül Yağız,+905301120515,Diyetisyen
Deniz Şafak,+905302380686,Diyetisyen
Diyetisyen Serenay Bender,+905411032322,Diyetisyen
Uzman Diyetisyen Feyza Akbulut Çadırcı,+905345886979,Diyetisyen
DİYETEMA İSTANBUL BESLENME VE DİYET DANIŞMANLIK MERKEZİ UZMAN DİYETİSYEN ELİF MELEK AVCİ DURSUN,+905550762306,Psikolog / Terapist
Diyetisyenist Beşiktaş,+905465961010,Diyetisyen
"Dyt. Yıldız Tilbe Topçuoğlu, Diyetisyen",+905300656762,Diyetisyen
AFdiet Clinic Online Diyet Merkezi,+905531738185,Diyetisyen
Diyetisyen Şeyma Özkan,+902129126347,Diyetisyen
Uzman Diyetisyen Miray Elmalı,+905540226040,Diyetisyen
Uzman Diyetisyen Merve Yüksek,+905424231626,Diyetisyen
DİYETİSYEN ŞİRİN SEVAT,+905366283040,Diyetisyen
Öykü Kaçar,+905528962995,Diyetisyen
Sernaz Çakır Ercil Beslenme ve Diyet Danışmanlık Merkezi,+905435631616,Psikolog / Terapist
Nil Diyet Nişantaşı,+902122477385,Diyetisyen
Uzman Diyetisyen Arzu Menekşe,+905325622020,Diyetisyen
Diyetisyen İbrahim Halil Tay (Sporcudiyetisyeni),+905515974147,Diyetisyen
Diyetisyen Damla Türkay,+905301307933,Diyetisyen
Diyetisyen Nil Yurtbay,+905436270527,Diyetisyen
Diyetisyen Ayşegül Saroğlu,+905383346093,Diyetisyen
Uzm. Dyt. Hanse Nur Özyurt Beslenme ve Fitoterapi Merkezi,+905524400366,Psikolog / Terapist
Sabriye Akdeniz Pilates Studio,+905326227912,Pilates / Yoga
Sakura Pilates Beşiktaş,+905377440757,Pilates / Yoga
Beşiktaş Ota Pilates,+905323146897,Pilates / Yoga
His Pilates,+905348496677,Pilates / Yoga
Bloom Pilates,+902122362016,Pilates / Yoga
Stylelife Pilates-4.Levent Aletli Pilates Stüdyo,+902122645155,Pilates / Yoga
Beform Pilates Studio Levent,+905431549836,Pilates / Yoga
Pilates Evinizde,+905384901902,Pilates / Yoga
Fit Check Pilates Studio,+905345656642,Pilates / Yoga
Simple Pilates Stüdyo,+905434835150,Pilates / Yoga
Upgrade Studio Pilates Beşiktaş,+905304490501,Pilates / Yoga
Marven Pilates & Yoga Studio | Barbaros,+905415539753,Pilates / Yoga
Hi Pilates and Personal Training,+905366229366,Pilates / Yoga
FOR LIFE STUDIO,+905340864699,Kuaför / Berber
Deer Pilates Studio,+905352221457,Pilates / Yoga
PLTS CLUB,+905525891000,Pilates / Yoga
Nefes Pilates,+905376083107,Pilates / Yoga
Moonlight Pilates Studio Etiler,+905394300698,Pilates / Yoga
Triangle Workout Studio,+905342998874,Kuaför / Berber
No.18 Pilates & Yoga Studio,+905320583543,Pilates / Yoga
EVOLVE PİLATES,+902122575145,Pilates / Yoga
Fulya Pilates Studio,+905323902437,Pilates / Yoga
Nora Pilates,+905321568319,Pilates / Yoga
Ulus Pilates,+905335800190,Pilates / Yoga
Fizyo Ays Egzersiz Danışmanlık Merkezi,+905452946141,Psikolog / Terapist
Pilatist,+905333720231,Pilates / Yoga
Espilates Beşiktaş Pilates Stüdyosu,+905466536079,Pilates / Yoga
Nova Pilates Levent,+905458853441,Pilates / Yoga
Ece Pilates & Yoga / 4.Levent,+905438207454,Pilates / Yoga
Nispetiye form,+905324505539,Pilates / Yoga
Private Training Studio Etiler,+905327791868,Pilates / Yoga
Just Pilates,+905373823645,Pilates / Yoga
CURE Pilates,+905352601584,Pilates / Yoga
Interval45,+905330630145,Kuaför / Berber
Leyna Pilates Welness,+905456901145,Pilates / Yoga
Pilates istanbul,+905050284737,Pilates / Yoga
Palmiye pilates,+902122730099,Pilates / Yoga
Ortaköy Pilates Studio,+905078086533,Pilates / Yoga
PiYO House | Fitness - Pilates - Reformer - Fonksiyonel Antreman,+905551989819,Pilates / Yoga
Ortaköy Lotus Pilates Stüdyo,+905363133490,Pilates / Yoga
the power pilates,+905372576272,Pilates / Yoga
Simyfit Pilates ve Hamak Yogası,+905323793815,Pilates / Yoga
Lotus Pilates 4. Levent,+902128060533,Pilates / Yoga
Flexy Pilates ve Yoga Stüdyosu,+905301181453,Pilates / Yoga
Body Arts Pilates Studio,+902122637507,Pilates / Yoga
GYM WORKS,+902122589000,Kuaför / Berber
Gym Rat's Lab,+902123510475,Kuaför / Berber
FizyoFactory Fizyoterapi ve Pilates,+905013334834,Psikolog / Terapist
Move On Private Pilates Studio,+905454294453,Pilates / Yoga
Body Map Personal Training Studio,+905325221503,Kuaför / Berber
Di Pilates Studio,+905356382598,Pilates / Yoga
Polat Boks Necmi Polat,+902122653845,Kuaför / Berber
T-fit Pilates studio,+905357190292,Pilates / Yoga
Fit Corner Etiler,+902122638699,Kuaför / Berber
Korukent GYM,+902122759975,Kuaför / Berber
ARMYCOACH Fitness & Pilates,+905396370505,Pilates / Yoga
MAC/One Zorlu Center,+908502413000,Kuaför / Berber
Polestar Pilates Levent İş Kuleleri,+905324457418,Pilates / Yoga
Sukha Pilates,+905385882022,Pilates / Yoga
Etiler Pilates,+902123527046,Pilates / Yoga
BYS Pilates Studio,+905416339870,Pilates / Yoga
Therapy All | Pilates Studio,+905073880001,Pilates / Yoga
Body Arts Personal Training Studio,+905536391312,Kuaför / Berber
JOVA Pilates Studio,+902122682973,Pilates / Yoga
Pilates Studio Bebek,+902122295757,Pilates / Yoga
Bi training,+905543693254,Pilates / Yoga
Etilerform,+905421379983,Pilates / Yoga
Ela Emekli Pilates Studio Etiler,+905427643674,Pilates / Yoga
Pilates Therapy Performance,+905302857950,Pilates / Yoga
Thor Pilates Studio - Levent Location- Aletli Pilates Salonu -,+905374903037,Pilates / Yoga
Repiyo Reiki - Pilates - Yoga,+905302991630,Pilates / Yoga
Studio34 4. Levent Aletli pilates,+905396758782,Pilates / Yoga
Neo Fit,+902122803303,Kuaför / Berber
S.E.T.S Levent - Sportif Gelişim ve Sağlıklı Yaşam Merkezi,+902122787387,Kuaför / Berber
Voila Pilates By Melek,+905342917989,Pilates / Yoga
VOYAGE Pilates - Etiler,+902123511113,Pilates / Yoga
Mi Estilo Spor Merkezi,+905467428700,Kuaför / Berber
BEYOND PİLATES,+905443137015,Pilates / Yoga
Beşiktaş United Gym Fitness Yüzme Havuzu Sauna,+905331216887,Kuaför / Berber
FitUp Pilates - Aletli Pilates Salonu,+902122120016,Pilates / Yoga
G Yoga Caddebostan,+905052706050,Pilates / Yoga
Akademifit Personal Training Studio,+905552151454,Kuaför / Berber
Fit İstanbul,+902123524856,Kuaför / Berber
The GoldenBridge Studio,+905530527095,Kuaför / Berber
Circle Pilates Studio,+905354111891,Pilates / Yoga
pt ulus,+905353302214,Kuaför / Berber
Fit AF Etiler Personal Trainer,+905353147686,Kuaför / Berber
BJK Süleyman Seba Spor Salonu,+902122616319,Kuaför / Berber
Train Garage,+905425217008,Kuaför / Berber
CoreLab Pilates Studio,+902122740008,Pilates / Yoga
Super Slow Zone Etiler,+902122828687,Kuaför / Berber
Uğur Kara Spor Merkezi - Beşiktaş,+905416799794,Kuaför / Berber
Le Ciel Wellness Club,+902122177719,Diğer (Sağlık & Bakım)
Bodyography Studio,+905334516413,Kuaför / Berber
Ömer Seçkin Personal Training Studio,+905543693207,Kuaför / Berber
Joy Pilates Etiler,+902123525040,Pilates / Yoga
Tunç Fıtness Club,+902122592299,Kuaför / Berber
sanem pohrenk Pilates Studio,+905064674144,Pilates / Yoga
Ulus 10 Pilates,+905304742302,Pilates / Yoga
Levent Reformer,+902122782025,Pilates / Yoga
L'charme Beauty,+905320680551,Güzellik Salonu
Elegans Güzellik Salonu | Buz Lazer Epilasyon | Soprano Titanium | Cilt Bakımı | G5 Masajı,+905302033303,Güzellik Salonu
Beylikdüzü NiNa Güzellik Salonu,+905423522222,Güzellik Salonu
Lisa Güzellik Beylikdüzü,+905301667565,Güzellik Salonu
Mabel Beylikdüzü Güzellik Salonu - Lazer Epilasyon - Cilt Bakımı - Protez Tırnak - İpek Kirpik Hizmetleri,+905078294040,Güzellik Salonu
Yelsa Güzellik Salonu,+905307697019,Güzellik Salonu
Quzel Güzellik Salonu | Beylikdüzü Güzellik Merkezi | Buz Lazer Epilasyon | Cilt Bakımı | Bölgesel Zayıflama,+905387760777,Güzellik Salonu
Emsal Doğan Beylikdüzü By Ezgi Şenol,+905539341880,Güzellik Salonu
Carmine Beauty Beylikdüzü Epilasyon Cilt Bakımı,+905324871899,Güzellik Salonu
Mayya Beauty & Aesthetic | Beylikdüzü Kalıcı Makyaj | Beylikdüzü Cilt Bakımı | Beylikdüzü Make Up Artist | Profesyonel Makyaj,+905325030253,Güzellik Salonu
ANKA İSTANBUL GÜZELLİK SALONU,+905395904608,Güzellik Salonu
"La Perla | Beylikdüzü, Esenyurt Epilasyon ve Güzellik Merkezi",+905422845377,Güzellik Salonu
Esse Life Beylikdüzü Güzellik Merkezi,+905066913434,Güzellik Salonu
Şebnem Beauty Studio / سالن زیبایی شبنم,+905316994465,Güzellik Salonu
DUYGU ADALI GÜZELLİK SALONU,+905356171833,Güzellik Salonu
Sun Love Nail Art & Solarium Studio,+902128536052,Güzellik Salonu
Gülçin Güç Güzellik Merkezi,+905543640997,Güzellik Salonu
"Nevam Güzellik Salonu Beylikdüzü (İğneli ve Cımbızlı Acısız Epilasyon, Medikal ve Profesyonel Cilt Bakımı, Microblading )",+902125522040,Güzellik Salonu
"Beylikdüzü Protez Tırnak, İpek Kirpik Beylikdüzü, Aydora Beauty",+905441579403,Güzellik Salonu
DermaStar,+902128725580,Güzellik Salonu
Elif Cansu Şahin Güzellik Salonu,+905332476462,Güzellik Salonu
Nişantaşı No1 Beylikdüzü,+905434851536,Güzellik Salonu
Eda Öztürk Estetik ve Güzellik Beylikdüzü,+905359565938,Güzellik Salonu
Zeynep Çelebioğlu Güzellik Merkezi - Beylikdüzü Beykent,+905421088278,Güzellik Salonu
DUYGU ÖZKAN BEAUTY GÜZELLİK SALONU,+905382717860,Güzellik Salonu
Bella Beauty Beylikdüzü,+905375645626,Güzellik Salonu
Ezgi Nur Yüksel Güzellik,+905538759425,Güzellik Salonu
Bade Güldağ Beauty Zone,+902128711990,Güzellik Salonu
Este Verita Beylikdüzü Güzellik Merkezi,+905451417601,Güzellik Salonu
Mehtap Akdağ Güzellik Salonu,+905327065570,Güzellik Salonu
Aler Beauty Beylikdüzü,+905321797562,Güzellik Salonu
Fema Flora Beauty Center,+905075073362,Güzellik Salonu
Vista Beauty & Aesthetic Beylikdüzü,+905439604782,Güzellik Salonu
Diamond Güzellik Beykent,+905309208019,Güzellik Salonu
Beylikdüzü jel protez tırnak,+905446674022,Güzellik Salonu
Queen's Güzellik Salonu,+905332751367,Güzellik Salonu
EA Beauty Beylikdüzü Protez Tırnak - İpek Kirpik - Mikro Saç Kaynak Uygulama ve Toptan Mikro Kaynak Satış & Güzellik Salonu,+905353197058,Güzellik Salonu
Beylikdüzü Güzellik Merkezi,+905530813303,Güzellik Salonu
Lotus Beauty,+905523580978,Güzellik Salonu
TUAL GÜZELLİK,+905306449496,Güzellik Salonu
Kiana Beauty,+905530654261,Güzellik Salonu
Life Kuaför ve Güzellik,+902128555262,Güzellik Salonu
Sevim Alan Beylikdüzü,+905446126858,Güzellik Salonu
HAIR SETUP BAYAN KUAFÖR VE GÜZELLİK SALONU,+905415985798,Güzellik Salonu
MİYU GÜZELLİK SALONU,+905063451220,Güzellik Salonu
Selin Beauty Center Beylikdüzü,+905307050808,Güzellik Salonu
Bihter İlhan Güzellik,+905421204464,Güzellik Salonu
Mijo Beauty,+905435502203,Güzellik Salonu
Beautopia Güzellik Merkezi,+902128779759,Güzellik Salonu
Lavinya Güzellik Salonu,+905552451255,Güzellik Salonu
Değişim Kuaför Beylikdüzü Delta Plaza,+905311024191,Kuaför / Berber
DELUXE LİFE GÜZELLİK MERKEZİ,+905301806334,Güzellik Salonu
Glow Up Güzellik Merkezi,+902128560089,Güzellik Salonu
Beykent Beylikdüzü Protez Tırnak Labons Beauty Club,+902128551556,Güzellik Salonu
Beylikdüzü Bloom Spa ve Masaj Salonu,+905300973424,Kuaför / Berber
Farah güzellik salonu,+905342259298,Güzellik Salonu
Gizza Beauty Nail ve Güzellik Merkezi,+905313344992,Güzellik Salonu
Estella Güzellik Salonu,+905395429411,Güzellik Salonu
Aslı Öztürk Güzellik Salonu,+905362688181,Güzellik Salonu
Royal Bay & Bayan Kuaför Beylikdüzü,+905333997143,Kuaför / Berber
NN LOVE Güzellik Merkezi,+905441300404,Güzellik Salonu
ZeYe’s beauty,+905536405333,Güzellik Salonu
Esteporta Beylikdüzü Solaryum Ve Güzellik Merkezi,+905335922898,Güzellik Salonu
Besibiyerde Beauty,+905418340901,Güzellik Salonu
Fatma Doğan Güzellik Salonu,+905412649074,Güzellik Salonu
Neslim Güngen Beylikdüzü,+905528018150,Güzellik Salonu
Dilan Polat Beylikdüzü Güzellik Merkezi,+905302633057,Güzellik Salonu
Mehmet Tatlı Beylikdüzü,+902128520107,Kuaför / Berber
Mira Güzellik Salonu | Beylikdüzü,+905330674234,Güzellik Salonu
Beylikdüzü ipek kirpik,+905075660415,Güzellik Salonu
Casta Hair&Makeup Studio,+902129245500,Güzellik Salonu
İCLAL GÜZELLİK SALONU,+905370404206,Güzellik Salonu
Seda Dinçer Güzellik Salonu,+905309455144,Güzellik Salonu
BEBEAUTY,+902128737350,Güzellik Salonu
Mehmet Güzellik Salonları,+902128521559,Güzellik Salonu
The Most Beylikdüzü,+905304507730,Kuaför / Berber
Asya Bayan Kuaförü,+905070062176,Kuaför / Berber
ES Bay & Bayan Güzellik Salonu,+902128792695,Güzellik Salonu
Beylikdüzü Sunlife Solarium Beykent,+902128553161,Kuaför / Berber
EN LOTUS BEAUTYCENTER,+905422696561,Güzellik Salonu
Arzu Duran Kuaför Yakuplu Beylikdüzü,+902128792782,Güzellik Salonu
Simirna Güzellik Merkezi,+905334155946,Güzellik Salonu
Meliten Güzellik Dünyası,+902128536863,Güzellik Salonu
Artist Man Hair Lounge Beauty Beylikdüzü,+905321528357,Güzellik Salonu
Kuaför Sema,+902128539717,Kuaför / Berber
Kadir Alkan Beylikdüzü,+905326008263,Kuaför / Berber
Klas Spa ve Masaj Salonu Beylikdüzü,+905319972352,Kuaför / Berber
XBEAUTY▪️PROTEZ TIRNAK MALZEMELERI,+905415547050,Güzellik Salonu
HASRET HÜLAKÜ GÜZELLİK SALONU,+905326165096,Güzellik Salonu
Beylikdüzü Diyetisyen Melisa Sarıbeyoğlu Zayıflama ve Güzellik,+905512469840,Diyetisyen
Salon moda kuaför,+905426572364,Kuaför / Berber
Kübra K beauty güzellik ve bakım merkezi,+905343410912,Güzellik Salonu
VOGUE BAYAN KUAFÖR SALONU,+905301156471,Kuaför / Berber
Zeynebim Kadın Kuaförü,+905522952017,Kuaför / Berber
Hair Glow Coiffure,+905434793301,Güzellik Salonu
My güzellik salonu,+905418016850,Güzellik Salonu
Paris Kuaför,+905325442691,Kuaför / Berber
Serhan Bayraktar Hair Stylist,+905076111984,Kuaför / Berber
Aysa Kuaför Ve Tesettür Salonu,+905469436489,Kuaför / Berber
ADEM YILMAZ KUAFÖR BEYLİKDÜZÜ,+902129990566,Kuaför / Berber
MUSTAFA ÖZCAN HAIR STUDIO | BEYLİKDÜZÜ GELİN BAŞI | BEYLİKDÜZÜ OMBRE | BEYLİKDÜZÜ KUAFÖR | BEYLİKDÜZÜ BAYAN KUAFÖRÜ,+902128764011,Kuaför / Berber
HairİstanBulum By Ali Bulum Beylikdüzü Bayan Kuaförü,+905321322219,Kuaför / Berber
By Mustafa Hair Palace & Beauty Salon,+902128550504,Güzellik Salonu
OSSMAN KUAFOR UNISEX BEYLİKDÜZÜ,+905432597912,Kuaför / Berber
HARUN KAYA HAİR PALACE,+902128126723,Kuaför / Berber
Hair Academy Ali Türk Kuaför Beylikdüzü,+905326785337,Güzellik Salonu
GLAM Hair Studio,+905305751514,Güzellik Salonu
HL onur gülek kuaför,+905467679713,Kuaför / Berber
Naturel Kuaför,+902128543254,Kuaför / Berber
Devran kaya Hair design(DEÇA BAYAN KUAFÖRÜ)Beylikdüzü bayan kuaförü,+905050991722,Kuaför / Berber
Sadık Kuaför anatomik saç kesimi,+905357467939,Kuaför / Berber
SALOON AYNAZ,+905444350889,Güzellik Salonu
"Dr.Ali Aydın|Botoks, Dudak Dolgusu, Gençlik Aşısı, PRP, Mezoterapi",+905050001154,Psikolog / Terapist
"Özel Esteliv Polikliniği/Beylikdüzü | Botoks,Dudak Dolgusu,Gençlik Aşısı,PRP, Saç ve Kaş Ekimi,Epilasyon,Mezoterapi,Kök Hücre",+902128712750,Psikolog / Terapist
Dr. Kıymet Boz. Beylikdüzü Medikal Estetik,+905421826887,Güzellik Salonu
Mediful Güzellik Merkezi,+905441828434,Güzellik Salonu
Verosa,+905333982494,Güzellik Salonu
Özgür Alçın Estetik Kliniği,+905454184397,Güzellik Salonu
Enza Beauty & Aesthetic Beylikdüzü,+905425963692,Güzellik Salonu
Dermatech Beauty,+905525935555,Güzellik Salonu
"Dr. Erman YILMAZ | Botoks, Dudak Dolgusu, Gençlik Aşısı, PRP, Burun Dolgusu",+905366639434,Güzellik Salonu
Dr. Burak DEMİR - Medikal Estetik,+905325675356,Güzellik Salonu
Meditouch Beylikdüzü |Buz Lazer Epilasyon | Soprano Titanium | LPG Alliance | Frozen Face,+905428313266,Güzellik Salonu
Yüksel Psikoloji | İstanbul Beylikdüzü Psikolog | Çift Terapisi - Aile Terapisi,+905422043134,Psikolog / Terapist
Beylikdüzü Psikolog -Uzman Psikolog Tarık Türkmen,+905347993836,Psikolog / Terapist
Beylikdüzü Klinik Psikolog Elif Çelebi,+905511626919,Psikolog / Terapist
"Uzm. Klinik Psikolog Işılay Sarvan , Psikenue, Beylikdüzü İstanbul",+905530091379,Psikolog / Terapist
Optima Psikoloji Merkezi,+905326691032,Psikolog / Terapist
Beylikdüzü Uzman Klinik Psikolog Elif Demirci Çağlar,+905375628653,Psikolog / Terapist
Klinik Psikolog Yaren İlayda Korman,+905534104648,Psikolog / Terapist
Beylikdüzü Psikolog - Yenibir Yaşam Psikoloji,+902128738313,Psikolog / Terapist
Beylikdüzü Klinik Psikolog Alper Demir,+905525989484,Psikolog / Terapist
Mida Psikoloji Beylikdüzü Psikolog / Oyun Terapisi / Cinsel Terapi / Çift Terapisi / Baylikdüzü Pedagog,+905421053034,Psikolog / Terapist
Beylikdüzü Psikolog / Psikolog Gamze Adsay,+905357333416,Psikolog / Terapist
Beylikdüzü Psikolog / Klinik Psk. Rukiye Aydın,+905418959519,Psikolog / Terapist
SİNE PSİKOLOJİ- Uzm.Psk.Sinem ERUSTA-Beylikdüzü Psikolog,+905452125874,Psikolog / Terapist
Uzm.Klinik Psikolog-Atakan Yakalı,+905397036742,Psikolog / Terapist
Beylikdüzü Psikolog | Uzman Psikolog Mehmet Keşan,+905339254634,Psikolog / Terapist
Uzm. Klinik Psikolog Melisa Aktürk Asar | Beylikdüzü Psikolog,+905521549191,Psikolog / Terapist
Yaklaşım Eğitim ve Psikolojik Danışmanlık,+905418982474,Psikolog / Terapist
"Beylikdüzü Psikolog, Uzm. Klinik Psikolog Selen Çizmeci",+905425229723,Psikolog / Terapist
Klinik Psikolog Melek Berktaş Turan,+905055394927,Psikolog / Terapist
"Beylikdüzü Çift Terapisti, Evlilik Terapisti, İlişki Terapisti - Serhat DAMAR",+905323221770,Psikolog / Terapist
"Beylikdüzü Kiron Danışmanlık - Psikolog, Pedagog, Oyun ile Danışmanlık",+902128720103,Psikolog / Terapist
Uzm. Klinik Psk. Ali Özsoylu,+905419054933,Psikolog / Terapist
Beylikdüzü/Psikolog Ahmet Kütükoğlu,+905307115828,Psikolog / Terapist
Psikolog Fatih Hançer,+905458528734,Psikolog / Terapist
Lotusta Psikoloji,+905524456887,Psikolog / Terapist
"Beylikdüzü Psikolog, Kaktüs Psikoloji Eğitim ve Danışmanlık & Pedagog",+905054405501,Psikolog / Terapist
Giza Psikolojik Danışmanlık ve Eğitim Merkezi,+905394823863,Psikolog / Terapist
Özbu Psikoloji,+905444892323,Psikolog / Terapist
BEYLİKDÜZÜ KATRE PSİKOLOJİ - Uzman Psikolog Tuba Nur Özer,+905076419909,Psikolog / Terapist
Esenyurt Beylikdüzü Uzman Psikolog Saadet Erdoğan,+905384840866,Psikolog / Terapist
Beylikdüzü Psikolog- Rüya Psikoloji- Psikolog Zeynep Özgan-Defne Baykal- Çocuk Aile ve Yetişkin Danışmanlığı,+905334064486,Psikolog / Terapist
Klinik Psikolog Fatma Gülbahçe,+905305603739,Psikolog / Terapist
Beylikdüzü Klinik Psikolog Ercan Taş,+905057651797,Psikolog / Terapist
Ay Işığı Psikoloji,+905352069479,Psikolog / Terapist
Beylikdüzü psikolog- Kayra Psikolojik Danışma ve Kişisel Gelişim Merkezi,+902128712255,Psikolog / Terapist
Psikolog Semra Ekinci,+905323657398,Psikolog / Terapist
Beylikdüzü An-ki Psikolojik Danışma Merkezi,+905330464986,Psikolog / Terapist
Psikolog Esin Yıldız,+905065939460,Psikolog / Terapist
Senfoni Psikoloji,+905305011889,Psikolog / Terapist
Beylikdüzü Uzman Psikolog Burcu Tepret,+905010398458,Psikolog / Terapist
Uzman Psikolog Burcu Muşdal Çelebi,+902125566629,Psikolog / Terapist
"İz Eğitim ve Danışmanlık (Beylikdüzü Adakent) | Psikolog-Psikoloji (Çocuk, Bireysel, Aile) | Dil Terapi | Enneagram",+905424775995,Psikolog / Terapist
"Beylikdüzü Klinik Psikolog Beyza Gülmez , Lavien Psikoloji",+905310113414,Psikolog / Terapist
Beylikdüzü Uzman Klinik Psikolog Mustafa Özay,+905066119878,Psikolog / Terapist
Beylikdüzü Psikolog - Panorama Psikoloji,+905331413633,Psikolog / Terapist
Psikolog Burak Çil,+902129126360,Psikolog / Terapist
Güneş Psikoloji ve danışmanlık kliniği,+905344102155,Psikolog / Terapist
Psk. Veysel Demirkol,+905392307177,Psikolog / Terapist
SenSum Psikolog,+905364305056,Psikolog / Terapist
Nova Psikoloji | Uzman Psikolog & Oyun Atölyesi,+905375053928,Psikolog / Terapist
İRSA Psikolojik Danışmanlık Merkezi,+905322264524,Psikolog / Terapist
Mod Psikoloji ve Danışmanlık,+905356676397,Psikolog / Terapist
Beylikdüzü Psikoloji Merkezi,+902128755099,Psikolog / Terapist
Psikohis Psikoloji,+905324508812,Psikolog / Terapist
Psikolog Ecenur Çalışkan,+908504740317,Psikolog / Terapist
"Uzman Psikolog Aslı Altuntaş,Psikoloji",+905396079970,Psikolog / Terapist
İskender Yusuf,+905553165349,Psikolog / Terapist
"Psikolog Simay Güney, Psikoloji",+905074176929,Psikolog / Terapist
Beylikdüzü Psikolog/Psychologist Ebrar Ekinci,+905444389823,Psikolog / Terapist
Uzman Klinik Psikolog Gökçe Mamati,+905332215873,Psikolog / Terapist
Klinik Psikolog İlayda Yenigün-Özel Sağlık Meslek Hizmet Birimi,+905332650940,Psikolog / Terapist
Uzman Klinik Psikolog Cansın Arslantaş,+905535620303,Psikolog / Terapist
"Uzm. Kl. Psk. Merve Yiğit, Psikolog",+905378102380,Psikolog / Terapist
İrsa Psikoloji,+902128134044,Psikolog / Terapist
Uzman psikolog Selman SONĞUR,+905312122212,Psikolog / Terapist
Psikolog Emre Başak - Beylikdüzü Psikolog - Beylikdüzü Terapi,+905393998594,Psikolog / Terapist
İstanbul - Beylikdüzü Psikolog - Artı Psikoloji,+905412890999,Psikolog / Terapist
Beylikdüzü klinik psikolog Gamze Akbulut,+905377343601,Psikolog / Terapist
Uzm. Kl. Psk. Onur Gümüş,+905415175909,Psikolog / Terapist
TERAPİEVİ - Ruh Sağlığı Rehberi,+905348197142,Psikolog / Terapist
Klinik Psikolog Aslı Hilal Çiftçi - Özel Sağlık Meslek Hizmet Birimi,+905357982292,Psikolog / Terapist
Dr Arzu Somay Psikolog,+905079266122,Psikolog / Terapist
Psk. Buket Denkdemir,+905365159975,Psikolog / Terapist
Psikolog Hilal Göksu,+908508116341,Psikolog / Terapist
Psikolog Gaye Demir,+905556701122,Psikolog / Terapist
Klinik Psikolog K. Tuğçe Çolakoğlu,+905012393539,Psikolog / Terapist
Uzman Klinik Psikolog Hilal Can,+905054025143,Psikolog / Terapist
Zeynep Güzel Psikoloji ve Matematik Danışmanlık Merkezi,+905323806646,Psikolog / Terapist
Uzman Psikolojik Danışman Enes ÇELİK,+905549595164,Psikolog / Terapist
Uygun Ücretli Terapi,+905309172590,Psikolog / Terapist
Psikolog Psikodestek Beylikdüzü Şubesi,+902128063482,Psikolog / Terapist
Esnan Ağız ve Diş Sağlığı Merkezi - Beylikdüzü Şubesi,+902128552727,Diş Kliniği
Fi Dent Ağız ve Diş Sağlığı Polikliniği Beylikdüzü,+902128728234,Diş Kliniği
Peradent Ağız Ve Diş Kliniği,+902128808686,Diş Kliniği
Su Klinik Ağız ve Diş Sağlığı Polikliniği,+905455430943,Diş Kliniği
Nova Diş Ağız ve Diş Sağlığı Merkezi,+902128710072,Diş Kliniği
Nöbetçi Dişçi Beylikdüzü | Diş Kliniği Güleryüz Ağız ve Diş Sağlığı Polikliniği,+905416928558,Diş Kliniği
BAŞARAN AĞIZ VE DİŞ SAĞLIĞI POLİKLİNİĞİ BEYLİKDÜZÜ ŞUBESİ,+905015272726,Diş Kliniği
T.C. Sağlık Bakanlığı Beylikdüzü Ağız ve Diş Sağlığı Merkezi,+902128768199,Diş Kliniği
Nil Klinik Ağız ve Diş Sağlığı Polikliniği,+905416342220,Diş Kliniği
Diş Marmara Beylikdüzü Ağız Ve Diş Sağlığı Polikliniği,+902128093130,Diş Kliniği
DST Ağız ve Diş Sağlığı Polikliniği,+905362061480,Diş Kliniği
Özel Reyhan Ağız ve Diş Sağlığı Polikliniği,+905376436455,Diş Kliniği
Özel Beylikdüzü Sistem Ağız ve Diş Sağlığı Polikliniği - İmplant -Estetik Diş Hekimliği - Ortodonti,+902128539676,Diş Kliniği
Uzman Diş Ağız ve Diş Sağlığı Polikliniği,+902128711101,Diş Kliniği
Özel Anı Ağız ve Diş Sağlığı Polikliniği,+905525179193,Diş Kliniği
Glorydent Ağız ve Diş Sağlığı Polikliniği,+905493861010,Diş Kliniği
Beydiş Ağız ve Diş Sağlığı Polikliniği,+905013514611,Diş Kliniği
Nöbetçi Dişçi Beylikdüzü | Acil Diş Kliniği | AL Dental Ağız ve Diş Sağlığı Polikliniği Beylikdüzü Şubesi,+902129931668,Diş Kliniği
Kaledent Ağız ve Diş Sağlığı Polikliniği Beylikdüzü,+902125002700,Diş Kliniği
Özel Dalyan Ağız ve Diş Sağlığı Polikliniği,+905335988820,Diş Kliniği
SD-Smile Design Ağız ve Diş Sağlığı Polikliniği,+905323920013,Diş Kliniği
Özel Liva Ağız Ve Diş Sağlığı Polikliniği,+902128550465,Diş Kliniği
ZÜMRÜT DİŞ POLİKLİNİĞİ ORTODONTİ İMPLANT,+905326967400,Diş Kliniği
Rüya Dent / Rüya Ağız ve Diş Sağlığı Polikliniği,+902127414901,Diş Kliniği
Dent Palas Ağız Ve Diş Sağlığı Polikliniği,+902128557257,Diş Kliniği
Diş Kliniği - Dental Clinic Dt. Eren Can Dursun Beylikdüzü Marina,+905400341365,Diş Kliniği
Kulvar Ağız ve Diş Sağlığı Polikliniği,+902128921434,Diş Kliniği
"Beylikdüzü Diş Hekimi Candan Melis Abacıoğlu , ABA , Diş Kliniği , Acil Diş",+905305194120,Diş Kliniği
Dental Clinic Dijident Beylikdüzü,+905538373839,Diş Kliniği
OZZ Clinic - Ağız Ve Diş Sağlığı Polikliniği - Nöbetçi Diş Kliniği,+902128136071,Diş Kliniği
Özel As Marmara Dent Ağız ve Diş Sağlığı Polikliniği,+902128090030,Diş Kliniği
Özel Nesin Ağız ve Diş Sağlığı Polikliniği beylikdüzü,+905062762222,Diş Kliniği
Dentaloji Ağız ve Diş Sağlığı Polikliniği,+905355751010,Diş Kliniği
Dent Clinique Ağız ve Diş Sağlığı Polikliniği,+905013716890,Diş Kliniği
Özel Beykent Ağız ve Diş Sağlığı Polikliniği,+902128550595,Diş Kliniği
"Açelya Ağız ve Diş Sağlığı Polikliniği (Beylikdüzü Diş Polikliniği, Kavaklı Diş Polikliniği, Nöbetçi Diş Polikliniği)",+905541282450,Diş Kliniği
MEDAY DİŞ Ağız ve Diş Sağlığı Polikliniği,+902128556040,Diş Kliniği
Marin Clinic Ağız Diş Sağlığı Polikliniği,+905073173996,Diş Kliniği
Ada Ağız ve Diş Sağlığı Polikliniği,+905325101250,Diş Kliniği
Rahat Dent Ağız ve Diş Sağlığı Polikliniği,+905411456440,Diş Kliniği
DentalPort Ağız ve Diş Sağlığı Polikliniği,+905448552232,Diş Kliniği
"Dent32 Diş Kliniği | İmplant diş, Zirkonyum Kaplama, Emax, Hollywood gülüşü, Gülüş tasarımı, Emax, Lamine Kaplama",+905550113368,Diş Kliniği
Hospitali Dental Clinic,+905370270837,Diş Kliniği
I Klinik Marina,+905347096500,Diş Kliniği
Özel FAMA Ağız ve Diş Sağlığı Polikliniği,+905513463435,Diş Kliniği
Golden Smile Beylikduzu,+902128559805,Diş Kliniği
Bir Dilek Ağız ve Diş Sağlığı Polikliniği,+902128230820,Diş Kliniği
Diş Hekimi | Dt. Cemal Hanifa - Oral Surgeon Dentist Dr. Cemal Hanifa,+905461095100,Diş Kliniği
Diş Hekimi Derya Konyar,+902128721620,Diş Kliniği
Karaca Ağız ve Diş Tedavisi Merkezi Beykent,+905334016803,Diş Kliniği
Özel Doğa Ağız ve Diş Sağlığı Polikliniği,+905333755605,Diş Kliniği
Kristaldent Ağız Ve Diş Sağlığı Polikliniği,+902129396991,Diş Kliniği
Özel Ivory Dent Ağız ve Diş Sağlığı Polikliniği,+905313598210,Diş Kliniği
ÖZEL WEISSE ZAHNE AĞIZ VE DİŞ SAĞLIĞI POLİKLİNİĞİ,+905438072032,Diş Kliniği
3D Klinik Ağız ve Diş Sağlığı Polikliniği,+905425346136,Diş Kliniği
Özel Dört Yaprak Ağız ve Diş Sağlığı Polikliniği,+902128232230,Diş Kliniği
Clinic InIstanbul | Dental Clinic In Istanbul,+902128801111,Diş Kliniği
Azur Dental Clinic,+905462923552,Diş Kliniği
Özel Gürpınar Ağız ve Diş Sağlığı Polikliniği,+902128806697,Diş Kliniği
Dişhekimi Dr.Atakan Yontuç,+902128767732,Diş Kliniği
Eren Keser Ağız ve Diş Sağlığı Muayenesi,+905464549510,Diş Kliniği
DREAM ORTODONTİ VE CERRAHİ AĞIZ VE DİŞ SAĞLIĞI POLİKLİNİĞİ,+902128131363,Diş Kliniği
Özel Dent Gardenya Ağız ve Diş Sağlığı Polikliniği,+902128560800,Diş Kliniği
Net Dental Clinic / dr.tanyel,+905330630656,Diş Kliniği
Özel Akadental Diş Polikliniği,+905308790678,Diş Kliniği
Özel Lena Ağız ve Diş Sağlığı Polikliniği,+905325298498,Diş Kliniği
Özel MG Ağız ve Diş Sağlığı Polikliniği,+905412455931,Diş Kliniği
Osman Çengel Beykent Ağız ve Diş Sağlığı Kliniği,+905523967929,Diş Kliniği
Diş Hekimi Ahmet Yaman,+902128554027,Diş Kliniği
Dr. Dt. Esra Kurt Ortodonti Kliniği,+905073126757,Diş Kliniği
U SMILE,+905312608754,Diş Kliniği
DİŞ HEKİMİ SEVCAN BİÇER,+902128739993,Diş Kliniği
Diş Hekimi Ayşe Gür,+902128720005,Diş Kliniği
Dış Hekimi Nalan Şalva,+902128730597,Diş Kliniği
Beautica Clinic بيوتيكا كلينيك,+905352528955,Diş Kliniği
Diş hekimi Melike Nur Temiz Can,+905059983325,Diş Kliniği
Nurdide Ural Candan Diş Kliniği,+905327648929,Diş Kliniği
Diş Hekimi Yasin Çelik,+905056461488,Diş Kliniği
Mkm Klinik Beykent,+902129244861,Diş Kliniği
Istanbul Ortodonti Ağız ve Diş Sağlığı Polikliniği,+902128560437,Diş Kliniği
Alesta Estetik | Ağız ve Diş Sağlığı Polikliniği,+902128309666,Diş Kliniği
Habibler Clinic,+905494020202,Diş Kliniği
Smile Dent,+905421254621,Diş Kliniği
Diş Hekimi - Salih Şişmanoğlu,+902128724369,Diş Kliniği
Diş Hekimi Nuray Tekeoğlu,+905550893889,Diş Kliniği
Dövme Silme Beylikdüzü,+905467697288,Dövme & Piercing
Beylikdüzü Tattoo,+905419095656,Dövme & Piercing
Berk Beylikduzu Dövme Studyosu,+905418451997,Dövme & Piercing
Beylikdüzü Tattoo Mina,+905333549622,Dövme & Piercing
Selfmade INK Tattoo & Piercing,+905392394334,Dövme & Piercing
Marina Tattoo Piercing - Beylikdüzü,+905370140092,Dövme & Piercing
Soulland Studio,+905454724115,Dövme & Piercing
Tual Tattoo & Nails,+905414283628,Dövme & Piercing
"Tattoo Tamara Nişantaşı ,,Beykent”",+905308904979,Dövme & Piercing
3H Tattoo Dövme Sanatları Stüdyosu,+905302213384,Dövme & Piercing
Tattoo Master Academy Beylikdüzü,+905332714978,Dövme & Piercing
Esenyurt Dövmeci & Piercing Stüdyo,+905550570368,Dövme & Piercing
Tattoo Şahin,+905424735591,Dövme & Piercing
Şafak tattoo beylikduzu,+905510149849,Dövme & Piercing
Tattoo Studio Ck,+905054510662,Dövme & Piercing
Etik Tattoo,+902128539339,Dövme & Piercing
DC Steel Piercing,+905061170759,Dövme & Piercing
ALAS TATTOO,+905388296296,Dövme & Piercing
The Monkey İnk Beykent,+905336355695,Dövme & Piercing
Moon Tattoo & Piercing / Tuğçe Ay,+905536819396,Dövme & Piercing
Ramiztattooofficall,+905395690395,Dövme & Piercing
Tuana Ekmen Beauty&Tattoo Studio,+905050342499,Dövme & Piercing
A1TATTOO.ISTANBUL,+905055625601,Dövme & Piercing
Dövme&piercing&dükkanı,+905315599373,Dövme & Piercing
W Tattoo House,+905330790666,Dövme & Piercing
AEM TATTOO STUDIO,+905324566090,Dövme & Piercing
Tattoo Art,+905384781818,Dövme & Piercing
Miki Tattoo,+905330889103,Dövme & Piercing
Esma Saç Tasarım & Güzellik,+905337195380,Güzellik Salonu
407 Art Collection,+905497179761,Dövme & Piercing
Corvos Tattoo,+905436574970,Dövme & Piercing
Furkan TATTOO ART 34,+905458316149,Dövme & Piercing
Kalıcı Makyaj & Tattoo Studyo,+905321625317,Dövme & Piercing
LONELİGHT STUDİO,+905337398244,Dövme & Piercing
Saoc Tattoo.,+905302845290,Dövme & Piercing
"Beylikdüzü dövme (Piercing, Dövme silme)",+905468801127,Dövme & Piercing
Beylikdüzü Selfmade Ink Tattoo,+905522831564,Dövme & Piercing
Ezotto.ink Tattoo & Piercing Studio,+905327641909,Dövme & Piercing
AGRESİF TATTOO,+905330259181,Dövme & Piercing
southsideink,+905380615210,Dövme & Piercing
Diyetisyen Saliha Türk,+902129126548,Diyetisyen
Uzman Diyetisyen Gamze Altınay Beslenme ve Danışmanlık Merkezi - Beylikdüzü Diyetisyen,+905448366306,Psikolog / Terapist
Beylikdüzü Diyetisyen Kübra Irmak,+905348963101,Diyetisyen
Uzman Diyetisyen Gamze Durman - Beylikdüzü Beykent,+905331534765,Diyetisyen
Diyetisyen Özlem Erişmiş & Zehra Emiroğlu | Beylikdüzü Diyetisyen,+905413622059,Diyetisyen
Beylikdüzü Diyetisyen Helin Şen,+905365246565,Diyetisyen
Diyetisyen Eslem Güler - Beylikdüzü Diyetisyen,+902128560185,Diyetisyen
Beylikdüzü Diyetisyen | Nurseda Demir Sağlıklı Yaşam Merkezi,+905336181469,Diyetisyen
Beylikdüzü Diyetisyen Özge Baştürk,+905414545724,Diyetisyen
Beylikdüzü Diyetisyen Naz Kaynak Beslenme ve Diyet Danışmanlığı,+905362258686,Diyetisyen
Beylikdüzü Diyetisyen Yazgı Murat Sağlıklı Beslenme ve Andülasyon Terapi,+905355074143,Psikolog / Terapist
Akdeniz Diyet Beslenme Danışmanlığı Merkezi Uzm. Dyt. Mehmet Mahmut ÜNAL,+905347965515,Diyetisyen
Diyetisyen Buse Su Danışmanlık Merkezi,+905316277893,Psikolog / Terapist
Diyetisyen Dilem irkin-Beylikdüzü,+905428905040,Diyetisyen
Beylikdüzü Diyetisyen Büşra Bayram,+905532105002,Diyetisyen
Denge Diyetisyen Kliniği,+905364754812,Diyetisyen
Diyetisyen Şimal TÜRE,+905434299329,Diyetisyen
Uzman Diyetisyen Nur Çaldıran Dağıdır Beylikdüzü Diyetisyen,+905422830799,Diyetisyen
Uzman Diyetisyen Enda Uğurlu Beslenme ve Diyet Danışmanlığı,+905334400284,Diyetisyen
Uzm. Dyt. Elif Ağca | Beylikdüzü Diyetisyen & Zayıflama Uzmanı,+905522744246,Diyetisyen
Diyetisyen Kerem Tulga,+905524047577,Diyetisyen
Diyetisyen Ayla Yüksel,+905346802990,Diyetisyen
Uzman Diyetisyen Murat MERCAN,+905427631301,Diyetisyen
Medita Beslenme Ve Diyet Danışmanlık,+902128303535,Psikolog / Terapist
Beylikdüzü Diyetisyen Seda Baskın Freeform Diyet Merkezi,+905466891297,Diyetisyen
BEYLİKDÜZÜ DİYETİSYEN SELMİN KAYA FONKSİYONEL TIP,+905418828559,Diyetisyen
Diyetisyen Arefe Kumtepe Benli Beslenme ve Diyet Danışmanlığı,+905536151244,Diyetisyen
Diyetisyen Gülşen Lükel,+905322672896,Diyetisyen
Yonca Diyet Ve Beslenme Danışmanlığı,+905423240361,Diyetisyen
Beylikdüzü Diyetisyen Merkezi,+902128727271,Diyetisyen
Beslenme ve Diyet Uzmanı Diyetisyen Esra Balkan,+905412008686,Diyetisyen
Uzman Diyetisyen Melisa Özdoğan,+905514431797,Diyetisyen
Diyetisyen Berat Demircigil,+905442095029,Diyetisyen
İPEK TOPRAKÇI STUDIO,+905343103034,Diyetisyen
Diyetisyen Seren Budak,+905448054045,Diyetisyen
Dyt. Şevval Maciter,+905372656200,Diyetisyen
Beylikdüzü Diyetisyen Esra Aslan,+905387060735,Diyetisyen
Diyetisyen Nisa Berra Pirhan,+905350135560,Diyetisyen
Diyetisyen Nurseda Aysan Sevindik,+905324378917,Diyetisyen
Uzman Diyetisyen Fatma Feyzan Aydın Beslenme Danışmanlığı,+905451777970,Diyetisyen
DİYETİSYEN ALİ KELEŞ,+905364854505,Diyetisyen
FİDAYET KOÇARSLAN PİLATES STUDİO,+905464318390,Pilates / Yoga
Beylikdüzü Diyetisyen Özlem Baltacı,+905316838436,Diyetisyen
STUDIO N98,+905385950598,Pilates / Yoga
Fitamine Beylikdüzü,+905443772525,Kuaför / Berber
DİYETİSYEN BERİN KARA SAĞLIKLI YAŞAM MERKEZİ,+905323591790,Diyetisyen
Diyetisyen Eda Aygan Sağlıklı Yaşam Merkezi,+905347484441,Diyetisyen
Ortofizyo,+905395150888,Diğer (Sağlık & Bakım)
Nefis Beslenme Ve Diyet Danışmanlığı,+902128769314,Diyetisyen
Diyetisyen Sena Altunsoy & Büyükçekmece Beslenme ve Diyet Danışmanlığı,+905434404341,Diyetisyen
Uzman Diyetisyen Seminur Fındıkcı,+905346681847,Diyetisyen
Diyetisyen Fulya Taşçı,+905323184464,Diyetisyen
Uzman Diyetisyen Duygu PINARCI,+905058662768,Diyetisyen
Diyetisyen İclal ÖZDURNA,+905342282613,Diyetisyen
Diyetisyen Aysel Uluhatun,+908504747947,Diyetisyen
Diyetisyen Gülbanu Yumuşak,+905053986033,Diyetisyen
Diyetisyen Kübra Aykut,+905542347171,Diyetisyen
Diyetisyen Sena Özbek,+905454346292,Diyetisyen
FizyoKA Sağlıklı Yaşam Merkezi,+905346950474,Fizyoterapi
diyetisyen semra uysal,+905421588015,Diyetisyen
Diyetisyen Başak (Günay) Gelmez,+905541389579,Diyetisyen
Beslenmerehberin,+905445844470,Diyetisyen
Fizyoestet,+902128092860,Diğer (Sağlık & Bakım)
Diyetisyen Hicran Önal,+902128066710,Diyetisyen
Fizyotay Beykent Bireysel Egzersiz & Pilates Studio,+905325499137,Pilates / Yoga
Diyetisyen Anıl Uluç,+905423923193,Diyetisyen
Best Body beylikdüzü pilates,+905445337908,Pilates / Yoga
"Mercan Clinic - Zehra MERCAN (Çocuk Gelişim, Uzman Öğretici)",+905010107117,Diğer (Sağlık & Bakım)
Dr. Veysel Umut Sadıkoğlu,+905525757421,Diğer (Sağlık & Bakım)
Beylikdüzü Vista Diyet,+905325258380,Diyetisyen
EVO Fitness Özel Ders Salonu (Personal Training),+905378848436,Kuaför / Berber
Mixfit stüdyo,+905311610579,Kuaför / Berber
RE-SHAPE GYM CLUB,+905441346135,Kuaför / Berber
Aris Ezgi Doğan Beylikdüzü VIP Güzellik Merkezi,+905330736102,Güzellik Salonu
The PAP Studio,+905412475497,Pilates / Yoga
CT Diyet & Pilates Studio | Beylikdüzü Pilates - Zumba - Yoga - Diyetisyen,+905335939643,Diyetisyen
Swiss FitClub,+905520346777,Kuaför / Berber
Beylikdüzü İstanbul kardeşler sk,+905015662014,Pilates / Yoga
ALFA ONE GYM Beylikdüzü Beykent Spor Salonu,+905448529905,Kuaför / Berber
Avrupa Pilates Stüdyosu,+905334768077,Pilates / Yoga
Balance Up Pilates Studio,+905527452837,Pilates / Yoga
Muscle Gym,+902128808788,Kuaför / Berber
Fitpark Fitness & Spa,+905411182525,Kuaför / Berber
EMS Line Beylikdüzü,+905431380305,Kuaför / Berber
Akın Gym/Fitness Spor Salonu,+905465004496,Kuaför / Berber
FERRUM GYM,+902128710500,Kuaför / Berber
Momboysjoy Pilates,+905315625253,Pilates / Yoga
MCS Fitness,+905369719449,Kuaför / Berber
PlayStüdyo Beylikdüzü | Kadınlara Özel Spor Salonu,+902125997529,Kuaför / Berber
Big Fit Studio,+905323541192,Kuaför / Berber
Banze Training Club,+905373222693,Kuaför / Berber
Krios Athletics,+905353612272,Kuaför / Berber
Orion Gym,+905312354700,Kuaför / Berber
Power Pump Station BEYKENT SPOR SALONU,+905347693413,Kuaför / Berber
Spine Align Private Studio,+905423837291,Pilates / Yoga
Spine Pilates Studio,+905531032304,Pilates / Yoga
Beylikdüzü Spa Ve Fitness Merkezi,+905327839960,Kuaför / Berber
Beylikdüzü Zafer Spor Kulübü,+905546983111,Kuaför / Berber
Just Pilates,+905335503583,Pilates / Yoga
Kangoo Club Beylikdüzü,+902128711211,Kuaför / Berber
Yeny Gym Fitness,+905330853943,Kuaför / Berber
Flamingo Pilates,+905324975610,Pilates / Yoga
Let's Gym,+902128728818,Kuaför / Berber
"Panax Pro Gym - Yakuplu, Beylikdüzü Spor Salonu",+905396519044,Kuaför / Berber
Beylikdüzü Beykent Güneş Pilates,+905375471498,Pilates / Yoga
Reform Pilates Beylikdüzü,+905332023211,Pilates / Yoga
Beylikdüzü Lotus Pilates Studio,+905322904203,Pilates / Yoga
Pamelia Pilates Stüdyo,+905434582207,Pilates / Yoga
Pilates Studio Pınar,+905308475039,Pilates / Yoga
Fizyolo Beylikdüzü,+905551725394,Pilates / Yoga
Geps Garden Pilates Beylikdüzü,+905322123075,Pilates / Yoga
Therapyfit Pilates - Beylikdüzü Pilates,+905343678527,Pilates / Yoga
Zeyhan Pilates Beylikdüzü,+905306648460,Pilates / Yoga
Flex Pilates,+905396993720,Pilates / Yoga
Pilates Akademi Beylikdüzü,+905071342905,Pilates / Yoga
Pisa Pilates,+905449178488,Pilates / Yoga
Beylikdüzü My Control Pilates,+905054340911,Pilates / Yoga
Şahna Pilates,+902128556262,Pilates / Yoga
Moonlight Pilates Studio Beylikdüzü,+905451510698,Pilates / Yoga
MARİN GYM & PİLATES,+905340578588,Pilates / Yoga
SEVGİ KILIÇ STÜDYO,+905449101933,Pilates / Yoga
olea pilates studio,+905079705006,Pilates / Yoga
Panax Pro Gym Kavaklı,+905333556692,Kuaför / Berber
Pole2Fit Training Center,+905359243896,Kuaför / Berber
City Cyclers,+905462621222,Kuaför / Berber
Beylikdüzü Turkuaz Akademi (Baynaz) Spor Kulübü,+905326860579,Kuaför / Berber
Senjutsu Dojo Savunma Sanatları Akademisi,+905424160919,Kuaför / Berber
Stüdyo J Pilates,+905362180340,Pilates / Yoga
B FİT BEYLİKDÜZÜ ADNAN KAHVECİ PİLATES VE SPOR SALONU,+905053696929,Pilates / Yoga
Mind And Body Stüdyo,+905372803853,Pilates / Yoga
Oya Pilates Beylikdüzü,+905325405597,Pilates / Yoga
UpLift EMS & Pilates Studio Beylikdüzü,+902128724882,Pilates / Yoga
Loya Pilates,+905372065415,Pilates / Yoga
Pilates Orion,+905373478568,Pilates / Yoga
Orjin Life Club Perlavista,+902128730351,Kuaför / Berber
Loya Studio,+905337115692,Pilates / Yoga
Fizyo Balance Pilates Studio,+905528545664,Pilates / Yoga
LAGOM Pilates & Training Studio,+905058765534,Pilates / Yoga
By OKTAY ASLAN Fitness Pilates academy,+905432280726,Pilates / Yoga
She Club Beylikdüzü Bayanlara Özel Spor Salonu,+902128524667,Kuaför / Berber
Beylikdüzü Soho Pilates & Traning Spor Salonu Gym Center Studio,+905453595509,Pilates / Yoga
Soyer Baş Gym & More,+905323527025,Kuaför / Berber
Body Control Pilates Studio Beylikduzu,+905419137063,Pilates / Yoga
FizyoKaps,+905399358793,Pilates / Yoga
Sindy Pilates ve Güzellik Merkezi,+905300402049,Pilates / Yoga
Orjin Fitness Kubist Park,+902128713948,Kuaför / Berber
Beylikdüzü The Pilates Lab.,+905342258799,Pilates / Yoga
Diamond Fitness,+902128902017,Kuaför / Berber
Fit-co Pilates,+905523735474,Pilates / Yoga
MİA ACADEMY,+905326778710,Kuaför / Berber
Merve Küpeli Beauty,+905304575688,Güzellik Salonu
Gözde Barlak Beauty Studio Güzellik ve Bakım Stüdyosu,+905545903642,Güzellik Salonu
Esse Guzellik Salonu,+905531478109,Güzellik Salonu
Mediten,+905050157521,Güzellik Salonu
MV Kuaför ve Güzellik Salonu,+905070212458,Güzellik Salonu
Pınar Arslan Coiffure & Beauty,+902122521317,Güzellik Salonu
Aslı Beauty & Concept,+905314914070,Güzellik Salonu
Sembol Güzellik Salonu,+902122357991,Güzellik Salonu
Anka Beauty ( Güzellik Salonu ve Kuaför ) Beyoğlu,+905319051001,Güzellik Salonu
elena beauty,+905525197243,Güzellik Salonu
ELEGANCE BEAUTY CENTRE,+905010868585,Güzellik Salonu
Queens Nail Studio,+905525223012,Güzellik Salonu
"Galata No5 Beauty, Hairdresser & Cosmetic Store",+905398401120,Güzellik Salonu
Gönül Güzellik Salonu,+905358614569,Güzellik Salonu
HİLAL GÜZELLİK SALONU,+905070504337,Güzellik Salonu
Maksem Kuaför Women & Men Beauty Saloon,+905356685252,Güzellik Salonu
Beyoğlu Gel Nails & Permanent Makeup Istanbul | Protez Tırnak & Kalıcı Makyaj by DRTU,+905302010938,Güzellik Salonu
Saina Beauty Salon,+905526965752,Güzellik Salonu
May Kuaför 2 | Bay & Bayan Kuaförü,+905330582493,Kuaför / Berber
Cihangir Mini Güzellik Salonu,+905327692665,Güzellik Salonu
Follow Kuafor Taxim Hairdresser,+905537169682,Güzellik Salonu
Sercan Barber s Club,+905415459208,Kuaför / Berber
Zelal Unisex Kuaför,+905373025560,Kuaför / Berber
Makas Cihangir,+902122438911,Kuaför / Berber
Medusa By özlem halatçı,+905414046712,Kuaför / Berber
Düşüm Kuaför,+902122560676,Kuaför / Berber
Alan Kuaför,+905462380908,Kuaför / Berber
Ali Naz,+902128302888,Kuaför / Berber
Zevahir Kuaför,+905393117900,Güzellik Salonu
Nazay Güzellik Salonu,+902122375577,Güzellik Salonu
Galata 10'LA kuaför HairDresser Beauty Salon /Cosmostic,+905326982392,Güzellik Salonu
KUAFÖR MUHARREM (BAY/BAYAN) GÜZELLİK MERKEZİ,+905378237235,Güzellik Salonu
MEB Özel Hülya Yılmaz Estetik ve Güzellik Akademisi,+902125300033,Güzellik Salonu
May Kuaför 1 | Bay & Bayan Kuaförü,+905323925077,Güzellik Salonu
Epilady Güzellik Salonu,+902122351848,Güzellik Salonu
Vip Kuaför - Man & Woman,+905051345244,Kuaför / Berber
Sertac Kılıç güzellik salonu,+905375424119,Güzellik Salonu
Wo Spa,+905414034336,Diğer (Sağlık & Bakım)
zelish ile güzellik,+905377256546,Güzellik Salonu
Galata Yasin Aydın Beatuy hairdesigner,+905305112319,Kuaför / Berber
Ayşe Güzellik Merkezi,+905456605353,Güzellik Salonu
Gizem Kuaför,+902123617882,Kuaför / Berber
Yavuz Kuaför,+902122442066,Kuaför / Berber
Smile face salon,+905443632889,Diş Kliniği
Maskülen Cihangir kuaför,+905453213455,Kuaför / Berber
Beyoğlu Erkek Kuaförü,+905355089722,Kuaför / Berber
Kuaför Galatalı berber,+905439564234,Kuaför / Berber
Makkas Kuaför İstanbul,+905348842496,Kuaför / Berber
Saray Peruk,+902122389646,Kuaför / Berber
HAZAL ERKEK KUAFÖR,+905415161096,Kuaför / Berber
Kuaför Fevzi Unisex Bay&Bayan,+905325922201,Kuaför / Berber
Beyoğlu Bayan Kuaförü,+905324270335,Kuaför / Berber
Kuaför Seyfi & Kadir,+905316003053,Kuaför / Berber
Msm Kuaför,+902122499189,Kuaför / Berber
Sinyor Hairdresser,+905326002285,Kuaför / Berber
FADE BARBER SHOP ✂️,+905446103155,Kuaför / Berber
MG Fitness Pilates Spa,+905522985858,Pilates / Yoga
Kuaför Bülent Öner,+902122511132,Kuaför / Berber
EMİR YEŞİLLİLER HAIR STYLIST,+905530167778,Kuaför / Berber
Kuaför Soner,+902122561116,Kuaför / Berber
Unisex Kuaför Tekin,+902122973027,Kuaför / Berber
Fi Club Spa&Wellness Piyalepaşa,+902123114300,Diğer (Sağlık & Bakım)
Bu Kafa,+902122922272,Kuaför / Berber
Maça Kızı Erkek Kuaförü Barber Shop,+905354958338,Kuaför / Berber
Este Su Estetik,+905422028800,Güzellik Salonu
Mert Çalışkan Hair Styler,+905535736690,Kuaför / Berber
Emre's Barber Shop Dolapdere İstanbul,+905458300038,Kuaför / Berber
Kıvırcık Kuaför,+905368610650,Kuaför / Berber
newo bayan kuaför,+905316182075,Kuaför / Berber
Oya Tolga Make Up Studio,+902122616875,Güzellik Salonu
Loca Hair Studio (Masum Erkek Kuaförü),+905307487017,Kuaför / Berber
Elysium Spa,+902123114311,Diğer (Sağlık & Bakım)
Yücel kuaför salonu,+905363898088,Kuaför / Berber
Nişans Kuafor ve Guzellik Salonu,+902122190024,Güzellik Salonu
AKIN KUAFÖR,+905352900667,Kuaför / Berber
The Best barber,+905414980013,Kuaför / Berber
Kuaför | Sofitel Hotel | Man & Women Hair and Beauty Salon,+905465338786,Güzellik Salonu
Maxim Coiffeur,+905432422800,Kuaför / Berber
tünel hairdresser / kuaför,+905317010332,Kuaför / Berber
Kuaför SedatKarahan Hairdresser,+905325665018,Kuaför / Berber
LUXUS Galata - Hair | Beauty | Nail Salon,+905322662716,Güzellik Salonu
HAİRDRESSER MUSTİ KUAFOR,+902122497220,Kuaför / Berber
Tülay Çayan Bay & Bayan Kuaför & Güzellik Salonu,+905342392930,Güzellik Salonu
Waterfall Hair Salon for Men and Women,+902122541703,Kuaför / Berber
San Kuaför Karaköy,+905376055001,Kuaför / Berber
Sara Bağdat Bay Bayan Kuaförü,+905317305021,Kuaför / Berber
Kupa Kızı Erkek Kuaförü,+905330549227,Kuaför / Berber
Lamartin Kuaför,+905383713440,Kuaför / Berber
Ar Kuaför,+902122445344,Kuaför / Berber
Brothers Barber Shop,+905312887375,Kuaför / Berber
BARBERSHOP MEDET YÜRE men's barber medet yüre,+905459322163,Kuaför / Berber
Naturel kuaför,+905362436291,Kuaför / Berber
Ar Kuaför 2,+902122526667,Kuaför / Berber
Karaköy Hair Design,+905530614748,Kuaför / Berber
Kuaför İlker since 1950 tarihi berber dükkan,+905443806797,Kuaför / Berber
Yaman Erkek Kuaförü,+902122456394,Kuaför / Berber
Selcuk erkek kuaförü,+905380277652,Kuaför / Berber
Özgür Şahin Saç Tasarım,+902122920066,Kuaför / Berber
Imagine Kuaför,+902122939649,Kuaför / Berber
Ahmet Berber Salonu,+902122450977,Kuaför / Berber
Ömer Berber Salonu,+905355789884,Kuaför / Berber
Nunaat Kuaför,+905432543082,Kuaför / Berber
Ersin Erkek Kuaförü,+905389150056,Kuaför / Berber
Kuaför Cemil,+905389513450,Kuaför / Berber
Yiğit Erkek Kuaförü İstanbul Beyoğlu,+905363301590,Kuaför / Berber
bubi petshop ve Kuaför,+905323058109,Kuaför / Berber
Yunus erkek kuaförü,+905368207447,Kuaför / Berber
BLUE STAR ERKEK KUAFÖRÜ,+902122441289,Kuaför / Berber
Dallas Erkek Kuaförü,+905323832973,Kuaför / Berber
Şükran Kuaför,+902122545843,Kuaför / Berber
Yalçın Erkek Kuaförü,+905373121407,Kuaför / Berber
Kuaför Serkan,+905355534033,Kuaför / Berber
Hair Extension Taxim Wholesale Hair World,+905352401974,Kuaför / Berber
Değişim kuaför,+905345501259,Kuaför / Berber
Baloğlu Erkek Kuaförü,+905337796100,Kuaför / Berber
Hair İstanbul TR,+905380377718,Kuaför / Berber
Duygu Bayan Kuaförü,+902122353262,Kuaför / Berber
Eleven Estetik,+908505322511,Güzellik Salonu
LK Güzellik ve Yaşam Merkezi,+905537592919,Güzellik Salonu
Berkay Tulpar Clinic | Saç Ekimi ve Estetik Kliniği | Hair Transplant Turkey Istanbul | Aesthetic Clinic | Berkay Tulpar,+902129093746,Güzellik Salonu
Opr. Dr. Oytun İdil Muayenehanesi | Buz Lazer Nişantaşı - Nişantaşı Lazer Epilasyon - Nişantaşı Cilt Bakımı,+902122963656,Güzellik Salonu
Estetik Dream,+905466864554,Dövme & Piercing
Estemank Estetik,+902165149358,Güzellik Salonu
Özel Okmeydanı Polikliniği,+902122373727,Diğer (Sağlık & Bakım)
Euro Estetik Beauty CENTER,+905521506464,Güzellik Salonu
Uzman Klinik Psikolog/ Aile Danışmanı Ve Çift Terapisti Esra Sayın,+905386503217,Psikolog / Terapist
OTRA Psikoloji Merkezi,+905072519430,Psikolog / Terapist
Psk. Melih Gündeş,+908508118177,Psikolog / Terapist
Psikolog Onur Bal,+905061640605,Psikolog / Terapist
Mozmar Aile Psikolojik Danışmanlık,+905326309725,Psikolog / Terapist
Psk. Behlül K. Doğruer,+908508118816,Psikolog / Terapist
"Aura Psikoterapi, Sanatla Tedavi ve Eğitim Merkezi",+902122516809,Psikolog / Terapist
Lunar Psikoterapi Merkezi,+902122451146,Psikolog / Terapist
Pera Counseling,+905335020525,Psikolog / Terapist
Uzm. Feyza Kutlu Konuk Çocuk Gelişim Merkezi,+905334767404,Diğer (Sağlık & Bakım)
Uzman Klinik Psikolog Büşra Güzel,+905384778082,Psikolog / Terapist
Uzm Kln Psk Şahin Torgut,+905373050098,Psikolog / Terapist
Uzman Psikolog Alanur ÖZALP,+905322639447,Psikolog / Terapist
Selman Yetkin | klinik psikolog | şişli psikolog | nişantaşı psikolog,+905067890130,Psikolog / Terapist
Nadas Psikolojik Danışmanlık,+902122439447,Psikolog / Terapist
Pozitif Psikoloji Danışmanlık ve Eğitim Merkezi,+905303625564,Psikolog / Terapist
Online Psikolog Selda Yılmaz,+905419237660,Psikolog / Terapist
Uzman Psikolog Şevval YILDIZ,+905379184789,Psikolog / Terapist
analitik perspektif,+905066374927,Psikolog / Terapist
Klinik Psikolog Mervenur Çelik,+905455113926,Psikolog / Terapist
Doç. Dr. Murat Artıran,+905465673420,Psikolog / Terapist
Adapte Psikoloji - Kln. Psk. Dilara Irmak Gaygusuz,+905456768826,Psikolog / Terapist
Psikolog Gizem Şener Oflezer,+905066192210,Psikolog / Terapist
Klinik Psikolog Tuğçe Turanlar,+905320533992,Psikolog / Terapist
Eutopia Psychotherapy,+905438369782,Psikolog / Terapist
Jungiyen Psikodrama,+905333629311,Psikolog / Terapist
Pegah Ada İpekçi,+905548829583,Psikolog / Terapist
Uzm. Psk. ALKIM SEVEN / Psikoterapist - Nöropsikolog,+905534173748,Psikolog / Terapist
Karaca Klinik Fizyoterapist Alper Karaca Fizyoterapi Manuel Terapi Pilates Yoga,+905418070249,Psikolog / Terapist
İletişim Psikolojik Danışma ve Eğitim Merkezi,+902122519235,Psikolog / Terapist
damla çimen,+905437348083,Psikolog / Terapist
Uzman Psikolog Pınar ERKMEN,+905300811835,Psikolog / Terapist
Yolda Psikoloji,+905369801109,Psikolog / Terapist
Psikolog Ali Türkden,+905393485266,Psikolog / Terapist
"Uzman Klinik Psikolog Sultan Seçkin,",+902122525216,Psikolog / Terapist
Uzman Klinik Psikolog Beste Işıklı,+905057250998,Psikolog / Terapist
"Uzm. Kl. Psk. Gülbeyaz İnalı, Psikoloji",+905556985419,Psikolog / Terapist
Beylikdüzü- Çocuk ve Yetişkin Psikolog/ Klinik Psk. Gamze Demir,+905316094918,Psikolog / Terapist
Klinik Psikolog Çağla Şen,+902123567676,Psikolog / Terapist
Doktor Hayrettin Kundur İç Hastalıkları Uzmanı,+902122443357,Diğer (Sağlık & Bakım)
Varoluşçu Akademi Galata,+905307845640,Psikolog / Terapist
Psikolog Ümit KILIÇLIOĞLU,+905364816044,Psikolog / Terapist
psycup,+905426480821,Psikolog / Terapist
İstanbul Terapi,+902122926020,Psikolog / Terapist
Klinik Psikolog Büşra Berna Yılmaz,+905445622759,Psikolog / Terapist
"Uzm. Kl. Psk. Ayşenur Yüksel, Psikoloji",+905304823110,Psikolog / Terapist
Psikiyatr - Prof.Dr.Ayhan Kalyoncu,+902122513030,Diğer (Sağlık & Bakım)
Terapist Psikolog Büşra Yurtsever,+905422733190,Psikolog / Terapist
Uzman Psikolog Hanife Nur Ergand,+908504747837,Psikolog / Terapist
Psikolog Narek Karasu ( Şişli ),+905318941018,Psikolog / Terapist
Mentalift,+905068729313,Psikolog / Terapist
Klinik Psikolog Aleyna Kaloş,+905318201208,Psikolog / Terapist
Uzman Psikolog Gizem Topkara,+905466967978,Psikolog / Terapist
"Uzm. Klinik Psikolog Cansu Yırtar, Psikoloji",+905534701173,Psikolog / Terapist
Gökhan Avcı Hair Studio Man & Woman,+905426405798,Kuaför / Berber
Ayyıldız Kuaför,+902127871998,Kuaför / Berber
Seda KOÇ Kuaför/ Güzellik merkezi,+905305238413,Güzellik Salonu
Sevil TÜZÜN Saç Atölyesi,+902127892624,Kuaför / Berber
Kuaför Zeki Volkan,+902127871119,Kuaför / Berber
İkbal kuafor ve guzellik merkezi,+905464020611,Güzellik Salonu
Capital Hair Studio,+905432196490,Kuaför / Berber
Çınar Kuaför,+902127893801,Kuaför / Berber
Derya Kaya Hair & Makeup Studio,+905453702557,Güzellik Salonu
Bülent Kadir Saç Tasarım,+902127893666,Kuaför / Berber
DIAMOND GÜZELLİK MERKEZİ,+905321798038,Güzellik Salonu
Egemen ozansak hair,+905439511712,Kuaför / Berber
--,+905375233116,Kuaför / Berber
Moon Güzellik Merkezi,+905374098080,Güzellik Salonu
Polo Erkek Kuaförü,+905382287070,Kuaför / Berber
Eren Erkek Kuaförü,+905353569469,Kuaför / Berber
Kestanelik Erkek kuaförü,+905385412338,Kuaför / Berber
Halil Erkek Kuaförü,+905358197923,Kuaför / Berber
FERDİ ÇAM HAİR DESİGN,+905396331246,Kuaför / Berber
Elit Erkek Kuaforu,+905326386950,Kuaför / Berber
Güzel Erkek Kuaförü,+905453120795,Kuaför / Berber
EmrahBarber,+905433765213,Kuaför / Berber
ESRA YAZER GÜZELLİK SALONU,+905433741941,Güzellik Salonu
Çarşı Kuaför,+905444205161,Kuaför / Berber
Seher Koca Beauty Center Çatalca Güzellik Merkezi,+905541861160,Güzellik Salonu
Vanessa Güzellik ve Bakım Stüdyosu,+905435270850,Güzellik Salonu
Saloon Hakan,+905393580138,Kuaför / Berber
Aleyna Beauty Center,+905550735749,Güzellik Salonu
Öznur & Selda Kuaför,+902127892127,Kuaför / Berber
ASLAN BERBER & DUŞ & ÇAMAŞIRHANE,+905544650289,Kuaför / Berber
İlknur Kuaför,+902127891170,Kuaför / Berber
Esin Uzer Güzellik Merkezi,+905011661630,Güzellik Salonu
Eymen Erkek Kuaförü Çatalca,+905349726698,Kuaför / Berber
ÇAKIL BAYANKUAFÖR💇‍♀️ Nilgün filiz,+905337346756,Güzellik Salonu
Gidişoğlu Berber Salonu,+905348953043,Diş Kliniği
Anıl güler Erkek Kuaförü,+905423806617,Kuaför / Berber
Tufan Erkek Kuaförü,+905427760913,Kuaför / Berber
Pınar Çakı Nail Studio,+905434849940,Güzellik Salonu
Plaçka,+905386558668,Kuaför / Berber
Ali erkek kuaförü,+905426803817,Kuaför / Berber
Esse Klinik Güzellik Merkezi,+905443730966,Güzellik Salonu
22 /INK TATTOO STUDIO,+905442590774,Dövme & Piercing
Çatalca Arkadia Kuaför ve Güzellik Salonu,+905301132436,Güzellik Salonu
Grow Art Tattoo & Piercing,+905307297912,Dövme & Piercing
BLAC Tattoo & Piercing,+905350553226,Dövme & Piercing
Atolye X,+905434642284,Dövme & Piercing
Z&B TATTOO STUDIO,+905373838287,Dövme & Piercing
vision tattoo studio,+905411159996,Dövme & Piercing
Dövme Stüdyosu,+905350193399,Dövme & Piercing
Sez Tattoo Gallery,+905399891697,Dövme & Piercing
GUJU Tattoo,+905326747412,Dövme & Piercing
Getink Tattoo Studio,+905422409342,Dövme & Piercing
Babylon Tattoo,+905346262398,Dövme & Piercing
Mayda Tattoo - Piercing,+905326779029,Dövme & Piercing
Dakota Tattoo Gallery,+905355203108,Dövme & Piercing
SİS TATTOO PİERCİNG,+905414264983,Dövme & Piercing
Inkland Tattoo Studio Karaköy,+905537722890,Dövme & Piercing
DOVENADAM TATTOO,+905444828866,Dövme & Piercing
Blacksilvertattoo,+905526049210,Dövme & Piercing
AAE Design,+905431001700,Dövme & Piercing
Ink11 Art Studio,+905317456194,Dövme & Piercing
BienArt Tattoo Gallery,+905055124021,Dövme & Piercing
BEYOGLUM TATTOO,+905374001313,Dövme & Piercing
JUST TATTOO INK,+905364750744,Dövme & Piercing
Hat Tattoo pıercıng silver shop,+905309436798,Dövme & Piercing
Sullen İstanbul Dövme Stüdyosu,+905078107669,Dövme & Piercing
Odabaşı Tattoo,+905343940071,Dövme & Piercing
Tattoo Arjin Tattoo Studio,+905320678918,Dövme & Piercing
Kalıcı Makjay ve Dövme Tattoo Piercing Merkezi,+905325959139,Dövme & Piercing
Fırat Tattoo Studio – Beyoğlu,+905010473669,Dövme & Piercing
FLAP INK,+905063735379,Dövme & Piercing
Black Tattoo Silver,+905452424700,Dövme & Piercing
resul odabaş,+905323221696,Dövme & Piercing
Vors Tattoo Studio,+905302444770,Dövme & Piercing
Tattoo Atelier/Dövme Atölyesi,+905424590699,Dövme & Piercing
The grey beautycenter& Tatto,+905386673096,Dövme & Piercing
One & Nıne Tattoo supplyy,+905321602857,Dövme & Piercing
Dövme Stüdyosu ENGİN ŞAHİN,+905545653739,Dövme & Piercing
212 Tattoo&Piercing&Permanent Make-Up,+902122524655,Dövme & Piercing
Urania Tattoo Design,+905346359912,Dövme & Piercing
Andok Çelik Tatto Art,+905060245082,Dövme & Piercing
Ruhsel,+902122528055,Dövme & Piercing
Hygge Skin Art,+905337194678,Dövme & Piercing
Gold Ink Tattoo Piercing,+905321689663,Dövme & Piercing
Antique Tattoo Galata,+905551905895,Dövme & Piercing
Arsin Tattoo,+905010820094,Dövme & Piercing
Tattoo CADU,+905388709228,Dövme & Piercing
Tattoo And Tuğba,+905536099034,Dövme & Piercing
BEYAZITINK,+905414044017,Dövme & Piercing
Nirvana Tattoo,+905353274884,Dövme & Piercing
Elix Tattoo,+905303411938,Dövme & Piercing
tattoo pandaria,+905320574300,Dövme & Piercing
UGUR AVCU TATTOO ART,+905443663349,Dövme & Piercing
byvasovasiko,+905332036740,Dövme & Piercing
Artist Tattoo Studio,+905496392090,Dövme & Piercing
deq tattoo,+905435110686,Dövme & Piercing
Me Tattoo Needle Art Studio,+905346528987,Dövme & Piercing
Geçici_tatto_centre,+905451281119,Dövme & Piercing
Lima Tattoo,+905449280005,Dövme & Piercing
Tattoom Art Gallery,+905325036662,Dövme & Piercing
Siiid station,+905522500943,Dövme & Piercing
SPEEDY STUDIO CENTER,+905312933162,Dövme & Piercing
By Şebnem Art Tattoo,+905425995796,Dövme & Piercing
Petra Tatto,+905369733398,Dövme & Piercing
74.CADDE TATTOO,+905343335110,Dövme & Piercing
Demirhan Calda - Dövme Sanatçısı,+905428355440,Dövme & Piercing
Tattoo Ömür,+905359629883,Dövme & Piercing
INKODA Studio,+905389718052,Dövme & Piercing
Ink Parlour Tattoo&Piercing&Beauty,+905380368018,Dövme & Piercing
HaTtatto,+905334333847,Dövme & Piercing
Permanent Make Up Tattoo,+902122347358,Dövme & Piercing
Uğur Polat Tattoo Studio,+905308955056,Dövme & Piercing
edovmemalzemesi.com,+902122458863,Dövme & Piercing
Art Stage Tattoo,+905411340010,Dövme & Piercing
DY TATTOO & JEWELLERY,+905550201405,Dövme & Piercing
Diyetisyen Nursemin Yitgin Sağlıklı Yaşam Merkezi,+905340789900,Diyetisyen
Diyetisyen Ayşenur İNAN Beyoğlu,+905510785170,Diyetisyen
Dyt. Zeynep Pelin Genç,+905301852206,Diyetisyen
Diyetisyen Esra Günaydın Beslenme ve Diyet Danışma Merkezi,+905063132292,Diyetisyen
Uzman Diyetisyen Şevval Bozkurt Beslenme ve Diyet Danışmanlığı,+905355634938,Diyetisyen
Dilay Yavuz Beslenme ve Diyet Danışmanlığı,+905532323098,Diyetisyen
Diyetisyen Cansu Demirbağ Altun Beslenme Danışmanlığı,+905511636408,Diyetisyen
Tutar'lı Diyet Beslenme Danışmanlık&Yaşam Koçluğu,+902122507698,Psikolog / Terapist
"Dyt. Gökçe Kapçak, Diyetisyen",+902122364003,Diyetisyen
Diyetisyen Dilek Şen,+905313276010,Diyetisyen
Bir Şef Bir Diyetisyen Klinik,+905456035605,Diyetisyen
Diyetisyen Ece Doğan,+905318893356,Diyetisyen
Beslenme ve Diyet Uzmanı Hale Taşgın,+908508118886,Diyetisyen
Diyetisyen Fatma Hilal Boduroğlu,+905395474242,Diyetisyen
Uzman Diyetisyen Fatma Kahraman Gök / Online Diyetisyen,+905557222907,Diyetisyen
Focus Fitness Sports Center,+905375079600,Kuaför / Berber
Sura Pilates Studio,+905401507550,Pilates / Yoga
Cihangir Pilates,+905336664045,Pilates / Yoga
Pss Pilates Cihangir,+905334105984,Pilates / Yoga
Akira Pilates,+905411499844,Pilates / Yoga
Kriya Pilates Studio,+905061035372,Pilates / Yoga
Studio Mavi Beyaz,+905326258640,Pilates / Yoga
The Corner Pilates,+905421057500,Pilates / Yoga
Pilateshane,+905068175946,Pilates / Yoga
Pilates Room,+902122491338,Pilates / Yoga
Goal Fitness & Pilates,+905411958007,Pilates / Yoga
Baze Gym & Pilates,+905313838693,Pilates / Yoga
Rouma Fitness Pilates,+902122459982,Pilates / Yoga
Ace Of Gym & Pilates,+905322409731,Pilates / Yoga
Bounce Pilates Beyoğlu,+905321727534,Pilates / Yoga
Training House No:4,+905547236545,Pilates / Yoga
XOOM Training Club Piyalepaşa,+908507111171,Kuaför / Berber
Flash Gym,+902122495347,Kuaför / Berber
Pilates Mood,+902122451255,Pilates / Yoga
RU Healthy Cihangir,+905403130173,Diğer (Sağlık & Bakım)
Piyalepaşa Fitness,+905354662511,Kuaför / Berber
NOAGYM,+905303433736,Kuaför / Berber
GYROTONIC Istanbul Center,+902164781768,Kuaför / Berber
FitCat Pilates & Personal Training,+905548482588,Pilates / Yoga
Quake Exercises,+905303901453,Kuaför / Berber
HASKÖY PROPLUS SPOR FİTNESS GYM,+905050988765,Kuaför / Berber
Ft &Fitness,+905423510853,Kuaför / Berber
Spoıum Gym,+902122387170,Kuaför / Berber
Cihangir Yoga,+905317423210,Pilates / Yoga
Spor City,+903488132525,Kuaför / Berber
"Krav Maga, Krav Magen İstanbul",+905354669266,Kuaför / Berber
Defence & Athletics Club Piyalepaşa Şubesi,+905349844878,Kuaför / Berber
Urban Boxing Turkey,+905307674732,Kuaför / Berber
Hasköy Sporium,+905376601373,Kuaför / Berber
İBRAHİM YURDAKUL Kick Boks Spor Salonu,+905535814569,Kuaför / Berber
Qualia Spa & Fitness Radisson Blu hotel Pera ( Massage & Turkish bath hammam ),+905389284659,Diş Kliniği
Şişli Pilates Reformer Stüdyo( Em Sports ),+905314575693,Pilates / Yoga
Stylelife Şişli Pilates Merkezi,+902122661345,Pilates / Yoga
Jatomi Fitness Demirören,+902129118225,Kuaför / Berber
Herkes İçin Pilates,+905436271463,Pilates / Yoga
Kübra Sülün Beauty,+905368304269,Güzellik Salonu
SEVIMLI GUZELLIK SALONU,+905537046472,Güzellik Salonu
Anıls secret estetik ve güzellik,+905523355667,Güzellik Salonu
Tykhe Beauty Güzellik Merkezi,+902128642574,Güzellik Salonu
Magiclife Güzellik Salonu Büyükçekmece,+905530690306,Güzellik Salonu
Pervin Güzellik Salonu,+905065083434,Güzellik Salonu
Sies Güzellik Salonu,+905330330202,Güzellik Salonu
NÜKHET KUAFÖR & GÜZELLİK SALONU,+905397982350,Güzellik Salonu
Zuhal Çağlar Güzellik Salonu,+905392335490,Güzellik Salonu
Nimera Güzellik,+905461294020,Güzellik Salonu
BÜŞRA ÖNAL BEAUTY,+905442529001,Güzellik Salonu
Salon Cevdet Eroğlu Bay & Bayan Kuaför,+905413693455,Kuaför / Berber
Blush Beauty İstanbul,+905336732023,Güzellik Salonu
Neli Güzellik Salonu,+905321609950,Güzellik Salonu
Merve Uzun Beauty Cosmetic,+905442981311,Güzellik Salonu
güzellik merkezi,+905383513329,Güzellik Salonu
DG Güzellik Salonu,+905421445365,Güzellik Salonu
EMVY GÜZELLİK MERKEZİ,+902128642414,Güzellik Salonu
Rönesans Büyükçekmece Güzellik Merkezi,+905308336385,Güzellik Salonu
SALON ELİF BAY BAKIM MANİKÜR SALONU (ERKEK MANİKÜR SALONU),+905327925912,Kuaför / Berber
Güven Ayhan Kuaför,+905327664929,Kuaför / Berber
Emre Tunca Bayan Kuaför,+902127415100,Kuaför / Berber
NORTH GÜZELLİK,+902128837676,Güzellik Salonu
Somer Karaz Güzellik Salonu,+902128824245,Güzellik Salonu
Öznur Güzellik salonu,+905309647676,Güzellik Salonu
Este Vizyon - Estetik & Güzellik Epilasyon Batık Tedavisi Lazer Cilt Bakımları Akne Sivilce İzleri Çatlak Selülit Zayıflama 3D Microbloding Kalıcı Makyaj,+902128642636,Güzellik Salonu
MEHMET ERKAN,+902128820712,Kuaför / Berber
Liatris&Mya Güzellik Salonu,+905317227661,Güzellik Salonu
Mesut Altınbaş Güzellik Salonu,+905340680591,Güzellik Salonu
Semra Taniş Güzellik Salonu,+905335148767,Güzellik Salonu
Ceylin&Serdar Bayan kuaförü,+905434984644,Güzellik Salonu
D&G Hair Makeup Studio,+905303062610,Güzellik Salonu
best beauty saloon,+905352246300,Güzellik Salonu
Esse Kuaför Alkent,+902128580318,Kuaför / Berber
Kuaför Beşir Aydin,+905368866047,Kuaför / Berber
E.Didem Toktaş Beauty,+905338994665,Güzellik Salonu
Svitlana Güzellik,+905396838151,Güzellik Salonu
Paris Kuaför,+902128816209,Kuaför / Berber
Büyükçekmece Masaj Salonu,+902128562057,Kuaför / Berber
Eminem & Selçuk Bayan Kuaförü,+902128815898,Kuaför / Berber
Şahin Kuaför,+902128821638,Kuaför / Berber
İnci Oğlak Hair Design Makeup,+905415140617,Güzellik Salonu
BARIŞEFİLOĞLUBARBER'SCLUB,+905078185234,Kuaför / Berber
Turkey Hair Clinic,+902125917291,Güzellik Salonu
Cem Bayan Kuaförü,+905365286412,Kuaför / Berber
Nehir Ulus Güzellik,+905443711426,Güzellik Salonu
ÖMER AKINCI BARBERSHOP,+902128303125,Kuaför / Berber
Zen Premium Fitness & Spa,+905305249103,Diğer (Sağlık & Bakım)
Salon Prestij Erkek Kuaförü,+905327852954,Kuaför / Berber
KUAFÖR YUSUF,+905370576075,Kuaför / Berber
Lucca barber studio,+905356766575,Kuaför / Berber
Adm Erkek Kuaförü,+905363666314,Kuaför / Berber
Sam Saç Dünyası - Doğal Ve Ham Saç Toptan-Perakende Satış,+905411585151,Kuaför / Berber
Lütfiye Oktay Kuaför,+905385012283,Kuaför / Berber
Gülender Berber Club,+905388301964,Kuaför / Berber
Factory Athletic Atirus,+905344397174,Kuaför / Berber
Büyükçekmece Dövme Pınar,+905364824079,Dövme & Piercing
Monalis Sa Hair,+905348984742,Kuaför / Berber
Nagi Bayan Kuaförü,+905456650145,Kuaför / Berber
Vogue Hair Studio Fatih Mestan Kuaför,+905345199818,Güzellik Salonu
HAMZA SARI BAYAN KUAFÖRÜ H&S HAİR STUDİO,+905458252030,Kuaför / Berber
Bangs kuaför güzellik merkezi,+905535828308,Güzellik Salonu
Emrah İlbin Hair Palace,+905326650262,Güzellik Salonu
Beyefendi Kuaför İstanbul,+902128556214,Kuaför / Berber
NAİL KUTMAN BAYAN KUAFÖRÜ,+905396199878,Güzellik Salonu
Hair house,+902128827473,Kuaför / Berber
İmaj Bay ve Bayan Kuaförü,+905305428542,Kuaför / Berber
MEX HAIR STUDIO BAY&BAYAN&ÇOCUK,+905384630151,Kuaför / Berber
Nedim Karalar kuaför,+905542459128,Güzellik Salonu
THOR Kuaför & Güzellik,+905467272656,Güzellik Salonu
İREM BAYAN KUAFÖRÜ,+902128641090,Kuaför / Berber
THE TOLUN BAY BAYAN KUAFÖR,+905464621777,Kuaför / Berber
Elit Bayan Kuaför ve Güzelllik Merkezi,+905422647048,Kuaför / Berber
Ali Kılıçoğlu Bayan Kuaförü,+905427119956,Kuaför / Berber
Salon by Ulaş,+902128812301,Kuaför / Berber
Kılıç Hair Studio,+905431971432,Kuaför / Berber
Mehmet Turgut Saç Tasarım,+905449268088,Kuaför / Berber
Kuaför Süleyman Yavuz,+905356839778,Kuaför / Berber
Belinda Kuaför,+902128810518,Kuaför / Berber
Zeynel Kübra Bayan Kuaförü,+905326553448,Kuaför / Berber
Salon Mac,+902128861222,Kuaför / Berber
SALON GRAVAT,+905321733978,Kuaför / Berber
NEZİHA YAVUZBİLGE BAYAN KUAFÖRÜ,+905064787520,Kuaför / Berber
Makkas Bayan Kuaförü,+905316275779,Kuaför / Berber
Yağmur Bayan Kuaförü,+905537703225,Kuaför / Berber
ALKENT ERKEK KUAFÖRÜ,+905367480757,Kuaför / Berber
Elmas Bayan Kuaförü,+905309647690,Kuaför / Berber
Şahin Hair Palace,+905551709591,Kuaför / Berber
HIRA HAIRDESIGN,+902128830768,Kuaför / Berber
Gölge Bayan Kuaförü,+905352303753,Kuaför / Berber
Viyana Erkek Kuaförü,+905074488098,Kuaför / Berber
Salon Müjgan,+902128825552,Kuaför / Berber
Mesut Özcan Erkek Kuaförü,+905353625622,Kuaför / Berber
PARK PET KUAFÖR & SPA VE PET SHOP,+905303078585,Kuaför / Berber
ALTAY ERKEK KUAFÖRÜ,+905433760647,Kuaför / Berber
By Bora Erkek Kuaförü,+905323863591,Kuaför / Berber
Oba Erkek Kuaförü - Büyükçekmece Erkek Kuaförü,+905370336810,Kuaför / Berber
Gür Erkek Kuaförü,+905359763269,Kuaför / Berber
EMİR KUAFÖR,+905394211978,Kuaför / Berber
Blue White Esra Bayan Kuaförü,+905330354612,Kuaför / Berber
Beylikdüzü beykent serbest bayan kuaförü evlere,+905344088575,Kuaför / Berber
Baysoy Erkek Kuaförü,+905469495604,Kuaför / Berber
Bado Erkek Kuaförü,+905374506249,Kuaför / Berber
Beria Estetik Güzellik,+902128720600,Güzellik Salonu
İnnovation Beykent Güzellik Merkezi,+905451009091,Güzellik Salonu
Clara Güzellik Salonu,+905537105175,Güzellik Salonu
MAYMİRA ZAYIFLAMA VE GÜZELLİK MERKEZİ,+905302666472,Güzellik Salonu
Mina Güzellik Merkezi - Lazer Epilasyon - Cilt Bakım - İpek Kirpik,+905418253959,Güzellik Salonu
Klinik Psikolog Vedat Demiral,+905325480780,Psikolog / Terapist
Klinik Psikolog Uzman Kaan Üçyıldız,+905421240635,Psikolog / Terapist
Klinik Psikolog Uzman Nergiz Tuba Çağıl,+902129094179,Psikolog / Terapist
Klinik Psikolog Uzman Sevde Türk Göktaş,+905351081088,Psikolog / Terapist
Klinik Psikolog Uzman Ebru SOYDAŞ,+905300825200,Psikolog / Terapist
Klinik Psikolog Selin Turan Altıer,+905398255991,Psikolog / Terapist
Esra Erkişi Psikoloji & Danışmanlık,+905394071050,Psikolog / Terapist
Uzman Psikolog Büşra Üstün,+905421527751,Psikolog / Terapist
Uzman Psikolog Melikşah ÇIKRAK,+905459719956,Psikolog / Terapist
Brain Danışmanlık,+905425412016,Psikolog / Terapist
Klinik Psikolog Necla Tarı - Bireysel Terapiler/Aile ve Çift Terapisti,+905526681663,Psikolog / Terapist
Klinik Psikolog Merve Çiltaş Demirdelen,+905319295158,Psikolog / Terapist
Uzman Klinik Psikolog Saadet Yavuzbilge Bedir,+905424684806,Psikolog / Terapist
Klinik Psikolog Doğukan Terzi,+905011388434,Psikolog / Terapist
Uzm. Psikolog İrem Arslan,+905435412948,Psikolog / Terapist
Klinik Psikolog Merve Koldaş,+905438758883,Psikolog / Terapist
Uzm. Kl. Psk. Nur Eda Kaplan,+905530876004,Psikolog / Terapist
KLİNİK PSİKOLOG KIYMET YAMAN,+902128638898,Psikolog / Terapist
Uzman Klinik Psikolog İzlem Seçil Sarı,+905347643545,Psikolog / Terapist
Klinik Psikolog Dilara Pampal,+905323359573,Psikolog / Terapist
HÜMA Psikoloji & Biorezonans - Uzm. Kln. Psk. Asya Kübra Cankara,+905322038009,Psikolog / Terapist
Klinik Psikolog İrem Akkan,+905324032689,Psikolog / Terapist
Uzm. Kl. Psk. Merve Mulcar,+905353638900,Psikolog / Terapist
Klinik Psikolog Selma Boztaş,+905300349087,Psikolog / Terapist
Uzman Klinik Psikolog Yaren İlayda Korman,+905345857101,Psikolog / Terapist
Klinik Psikolog Evin Şen,+905303388564,Psikolog / Terapist
Psikolog Ege Çağın Ziylan,+905356255065,Psikolog / Terapist
Nars Psikoloji Kliniği,+905303504637,Psikolog / Terapist
Cansu Aslankaya Psikoloji Danışma Merkezi/Büyükçekmece EMDR Terapi / Ergen Terapi / Online Terapi / Aile Ve Çift Terapisi,+905468533223,Psikolog / Terapist
Uzm. Kl. Psk. Dilek Memnun,+908504742814,Psikolog / Terapist
Atılım Psikoloji Kliniği,+905056326249,Psikolog / Terapist
KLİNİK PSİKOLOG SOLMAZ ALTUNÇANAK BEYLİKDÜZÜ,+905522019900,Psikolog / Terapist
Psikolog Nur Banu Öz,+908504746757,Psikolog / Terapist
Psikolog Yağmur Kaplan,+905533930520,Psikolog / Terapist
Psk. Hande Gizem Yılmaz,+905415668464,Psikolog / Terapist
Klinik Psikolog Osman BAHÇECİ,+902127710058,Psikolog / Terapist
Karşı Koltuk Psikiyatri,+905467911671,Psikolog / Terapist
روانشناس فارسی,+905348341588,Psikolog / Terapist
Psikolog Öykünaz Banaz,+908504747478,Psikolog / Terapist
Uzm. Klinik Psikolog Serdar Vatansever,+905495801313,Psikolog / Terapist
Klinik Psikolog Başak AKÇA ARSLAN,+905349105198,Psikolog / Terapist
Uzman.Psikolog.Gulten Koç Sanioglu,+905302291141,Psikolog / Terapist
Psikolojiden.com,+905073795937,Psikolog / Terapist
Uzman Klinik Psikolog Tuğçe Gürsoy Çamlıca,+902129126560,Psikolog / Terapist
Klinik Psikolog Nursena Ocak Çiçek,+905525024590,Psikolog / Terapist
Uzm. Kl. Psk. Melike Çapkın,+908504746365,Psikolog / Terapist
Piyodi Studio,+905458659390,Pilates / Yoga
Uzm. Psk. Ayşegül Akgün Sütcü,+905347234340,Psikolog / Terapist
"Kl. Psk. İpek Karğun, Psikoloji",+905315938875,Psikolog / Terapist
Diyetisyen Melek Çavuş,+905061284947,Diyetisyen
Psikolog Zeynep Aksu,+905307834388,Psikolog / Terapist
Prof. Dr. Baha Çelik - Fiziksel Tıp ve Rehabilitasyon Uzmanı & Akupunkturist,+902125431010,Fizyoterapi
Vajinismus Tedavisi - Uzman Psikolog Gizem Çelik,+905393738826,Psikolog / Terapist
"Çocuk, Ergen ve Oyun Terapisti Aysel Atalay",+905459560136,Psikolog / Terapist
Küçükçekmece Psikolog | Psikolog Berfin Yıldız,+905392713406,Psikolog / Terapist
Psikolog Berfin Eyemen,+905412468773,Psikolog / Terapist
Ceylan Koç Beauty,+905466516139,Güzellik Salonu
YÜCELER Ağız ve Diş Sağlığı Polikliniği Büyükçekmece,+902124000013,Diş Kliniği
ALBATROS Ağız ve Diş Sağlığı Polikliniği,+902128304424,Diş Kliniği
Loradent Ağız Ve Diş Sağlığı Polikliniği,+905469060794,Diş Kliniği
Marinadiş Ağız ve Diş Sağlığı Polikliniği,+902128820802,Diş Kliniği
ElsaDENT Ağız Ve Diş Sağlığı Polikliniği,+905337147010,Diş Kliniği
ÖZEL ASDENT AĞIZ VE DİŞ SAĞLIĞI POLİKLİNiĞi,+902128826982,Diş Kliniği
ASLIDENT AĞIZ VE DİŞ SAĞLIĞI POLİKİLİNİĞİ,+905468815526,Diş Kliniği
Özel Büyükçekmece Ağız ve diş sağlığı polikliniği,+905365171718,Diş Kliniği
Dent Akdeniz Şifa Ağız Diş Sağlığı polikliniği,+905306377307,Diş Kliniği
Alkent Ağız Ve Diş Sağlığı Polikliniği,+905528827778,Diş Kliniği
özel mine ağız ve diş sağlığı polikliniği,+902128836221,Diş Kliniği
Özel Ersa Ağız ve Diş Sağlığı Polikliniği,+902128560050,Diş Kliniği
Yıldırım Ceylan Dental Klinik,+905323691066,Diş Kliniği
Hakan Aksu Dental Klinik Ağız Ve Diş Sağlığı Polikliniği,+902128643452,Diş Kliniği
AsilDiş Ağız ve Diş Sağlığı Polikliniği,+905070491509,Diş Kliniği
WeDent DİŞ Ağız ve Diş Sağlığı Polikliniği,+905353201010,Diş Kliniği
Nöbetçi dişçi | Büyükçekmece Diş Hekimi Arif Can Kaya,+905522866365,Diş Kliniği
WeDent Tepecik Dişçi Ağız ve Diş Sağlığı Polikliniği,+905365174661,Diş Kliniği
Diş Hekimi Kenan ÇALIŞKANOĞLU,+902128834644,Diş Kliniği
Diş Hekimi Murat Kefkir Diş Kliniği,+905466737738,Diş Kliniği
Dentinart Ağız ve Diş Sağlığı Polikliniği,+902128540467,Diş Kliniği
DİŞ HEKİMİ MERTKAN KARADENİZ,+902128830676,Diş Kliniği
Özel Detay Ağız ve Diş Sağlığı Polikliniği,+902128728562,Diş Kliniği
Dtzirkon ağız ve diş sağlığı polikinliği,+905421499021,Diş Kliniği
Diş Hekimi Eşkan Eminferzane,+905323331504,Diş Kliniği
Everydent Ağız ve diş sağlığı polikliniği,+905549628237,Diş Kliniği
Şebnem Öntürk Dental Klinik,+905312881358,Diş Kliniği
Dt. Murat Kozan,+902128640956,Diş Kliniği
DİŞ HEKİMİ Uğur ALTUNKAYA,+902128814049,Diş Kliniği
Diş Hekimi Emrah Girgin,+905013230192,Diş Kliniği
Diş Hekimi Gülizar Çelik,+902128835382,Diş Kliniği
Büyükçekmece ağız ve diş sağlığı merkezi Selimpaşa Diş Tedavi Ve Protez Merkezi,+902127318255,Diş Kliniği
Dent Akdeniz Şifa Ağız Ve Diş Sağlığı Polikliniği,+902126353560,Diş Kliniği
Diş Hekimi Yıldız Can,+902128633332,Diş Kliniği
Dental Clinic - Klinik 34 Ağız ve Diş Polikliniği,+905461491062,Diş Kliniği
Aliv Clinic Dental Implants & Hollywood Smile Istanbul,+905431922792,Diş Kliniği
Melsadent Ağız ve Diş Sağlığı Polikliniği - Tuzla Diş Kliniği,+905461913210,Diş Kliniği
Diş hekimi 6161,+902128610877,Diş Kliniği
The Loft Clinic - Nişantaşı Diş Kliniği,+905411004243,Diş Kliniği
Dt. Özlemin Eriçyel,+908508115238,Diş Kliniği
Dentaneva Ağız ve Diş Sağlığı Polikliniği Fatih,+905321760642,Diş Kliniği
Özel Dentema Ağız Ve Diş Sağlığı Polikliniği,+902126357131,Diş Kliniği
Yeni Huzur Ağız ve Diş Sağlığı Polikliniği,+905528246921,Diş Kliniği
RO Dental Clinic,+905421210347,Diş Kliniği
Fetih Dent Ağız ve Diş Sağlığı Polikliniği,+905550550814,Diş Kliniği
Korudent Ağız ve Diş Sağlığı Polikliniği,+902125403434,Diş Kliniği
Özel Konuralp Ağız Ve Diş Sağlığı Polikliniği,+905559943551,Diş Kliniği
Özel Kuzey Diş Ağız ve Diş Sağlığı Polikliniği - Üsküdar Diş,+905527478998,Diş Kliniği
Orient Dental Clinic,+905075738275,Diş Kliniği
Colored Needle Tattoo,+905414169000,Dövme & Piercing
TATTOOPLAY Dövme Stüdyosu,+905362505299,Dövme & Piercing
Zuzink Tattoo,+905393111815,Dövme & Piercing
Elite Ink Tattoo & Piercing Studio Sinanoba,+905411230242,Dövme & Piercing
Bezo tattoo & piercing,+905300369140,Dövme & Piercing
Black Banner Tattoo Studio,+905453012580,Dövme & Piercing
Engravetattoo91,+905522378290,Dövme & Piercing
TattooHub34,+905453594059,Dövme & Piercing
Tattoo'LGa Studio,+905436285610,Dövme & Piercing
Elif & Ayşe Hair Make-up Studio,+905076300959,Kuaför / Berber
Ayten Velioğlu,+902126493327,Güzellik Salonu
EMRAH ÜNLÜ HAIR DESIGNER,+905616132014,Kuaför / Berber
Des Kuaför,+905319137008,Kuaför / Berber
MODA KUAFÖR,+902126744564,Güzellik Salonu
Ebru Şimşek Studio,+905394507734,Kuaför / Berber
Fuat uykan hair desing,+902126170052,Güzellik Salonu
Birsen Yıldız,+902125785554,Kuaför / Berber
Gökhan Eriş Saç Tasarım,+902124791280,Kuaför / Berber
The Paris Kuaför&Solaryum,+905350418566,Kuaför / Berber
Yasmin Bayan Kuaförü,+905340112304,Kuaför / Berber
Aynur Aygül Hair & Makeup Studio,+905340335938,Güzellik Salonu
Değişim Bayan Kuaför,+902125444796,Kuaför / Berber
By Ali Koçak Kuaför,+905535259013,Kuaför / Berber
Kuaför Murat,+905369365451,Kuaför / Berber
Salon Serkan,+905464045730,Kuaför / Berber
Kuafor SAS,+905352347803,Kuaför / Berber
Women city Bayan Kuaförü,+905070592099,Kuaför / Berber
Kada Kuaför,+905324052227,Kuaför / Berber
Beyaz KUAFÖR,+905327613977,Kuaför / Berber
Murat Aygen Saç Tasarım,+902125671300,Kuaför / Berber
Damla Arı,+902125383637,Kuaför / Berber
Dilber Savuran Hair Make Up Studio,+905436762123,Kuaför / Berber
Berna Bayan Kuaförü,+902126182517,Kuaför / Berber
Prestij Kuaför Men,+905359495268,Kuaför / Berber
Maxim Kuaför,+905384073211,Kuaför / Berber
Ayşegül Bayan Kuaförü,+902125675140,Kuaför / Berber
Hucci Hair Design- BAYAN KUAFÖRÜ,+905364960648,Kuaför / Berber
SALON EYLÜL BAYRAMPAŞA,+905330862210,Kuaför / Berber
Tırnak Kirpik Atölyesi -Delfin bayan kuaförü-Misswolla,+905549741917,Güzellik Salonu
Pınar Demirok Hair & Makeup Studio,+905541356665,Güzellik Salonu
Değişim Bayan Kuaförü,+902126179793,Kuaför / Berber
Mehtap Bayan Kuaförü,+902125380035,Kuaför / Berber
SALON MELİH KARTAL,+905398625234,Kuaför / Berber
Güneş Bayan Kuaförü,+902124370020,Kuaför / Berber
YavuzCan Kuaför Malzemeleri,+905523995148,Kuaför / Berber
Caprise Bayan Kuaförü,+902125650575,Kuaför / Berber
Şükran Kuaför,+902125781016,Kuaför / Berber
gamze bayan kuaförü,+905313663112,Kuaför / Berber
Selami Kuaför,+905323141563,Kuaför / Berber
Fenomen Erkek Kuaförü,+905446982001,Kuaför / Berber
Ali Kuaför,+902125651348,Kuaför / Berber
Kuaför Hayriye,+902125457200,Kuaför / Berber
Ünlü Eller Coiffeur,+905074063201,Kuaför / Berber
Diva Kuaför,+905364358101,Kuaför / Berber
My Style Kuaför,+905326515524,Kuaför / Berber
Ebrum Kuaför,+902126745159,Kuaför / Berber
Alâ Moda Evi Ve Kuaför,+905355162828,Kuaför / Berber
Nihat Erkek Kuaförü,+905382332496,Kuaför / Berber
Yeditepe Kuaför Salonu,+905359614297,Kuaför / Berber
Diyetisyen Dilara Çaçan,+905445452581,Diyetisyen
Diyetisyen Sefa Merve Aydın,+905451764961,Diyetisyen
Dyt. Buse Küçükdemir,+905322920244,Diyetisyen
Diyetisyen Ezgi Muşlu,+905377827013,Diyetisyen
Diyetisyen Simay GÜNEY ŞENTÜRK,+905441992633,Diyetisyen
Diyetisyen EMİRE SEZGİN - BÜYÜKÇEKMECE,+905303243396,Diyetisyen
Diyetisyen Bahar İshakoğlu,+905365156151,Diyetisyen
DİYETİSYEN NURTAÇ ZEYNEP KALKAN,+905356640680,Diyetisyen
Diyetisyen Burcu YILDIZ,+902128633438,Diyetisyen
Diyetisyen Melis Ece,+902128636313,Diyetisyen
Diyetisyen Ecenur Bozacı,+905382879590,Diyetisyen
Diyetisyen Sümeyra Kumru,+908508110334,Diyetisyen
Diyetisyen Özge Akçöltekin,+905459583192,Diyetisyen
Diyetisyen Semanur Küçük,+905380125655,Diyetisyen
Diyetisyen Seda Nur Çıray,+905010367944,Diyetisyen
Diyetisyen İclal ÖZ,+905307371878,Diyetisyen
Diyetisyen Sema Çolak Beslenme ve Diyet Danışmanlığı,+905061507297,Diyetisyen
Wellness Yaşam Merkezi,+905057781146,Diyetisyen
Diyet Merkez / Uzman Diyetisyen Hatice Özer,+905423832408,Diyetisyen
İNLİFE PİLATES,+902128642822,Pilates / Yoga
Pilates House,+905317615543,Pilates / Yoga
Eylemsi Pilates Stüdyosu,+905304724074,Pilates / Yoga
Fit Body Training Pilates Stüdyosu,+905078819570,Pilates / Yoga
TO PİLATES,+905307019371,Pilates / Yoga
Nicely Pilates Studio,+905348945302,Pilates / Yoga
Pelin Tek Studio,+905394958507,Kuaför / Berber
MST Studio Pilates,+905355555942,Pilates / Yoga
Rota Pilates Studio,+905418598626,Pilates / Yoga
Forme Clubhouse,+905333846493,Kuaför / Berber
Joseph's Ladies Pilates Studio Büyükçekmece,+905538686253,Pilates / Yoga
Albatros Fit Stüdyo - Pilates ve Fitness,+905313165363,Pilates / Yoga
AFC Alvina Fit Club Kadınlara Özel Spor Pilates ve Yoga Salonu,+905558584652,Pilates / Yoga
HY Pilates & Yoga,+905308131426,Pilates / Yoga
PRUVA FIT,+905347145095,Kuaför / Berber
im fit pilates & pole studio,+905417923076,Pilates / Yoga
Avenue Pilates Studio,+905394971167,Pilates / Yoga
InPilates,+905451889295,Pilates / Yoga
Clam Fizyoterapi & Pilates – Büyükçekmece,+905550534723,Psikolog / Terapist
MY Pilates Studio - Alkent şube,+905422826248,Pilates / Yoga
ONS PİLATES,+905550317172,Pilates / Yoga
"EMS LINE ( EMS FITNESS, EMS PILATES / REFORMER )",+905063991904,Pilates / Yoga
Luma Fizyoterapi & Pilates – Beylikdüzü,+905335727080,Psikolog / Terapist
STUDIO 2 BUÇUK,+905382400340,Kuaför / Berber
D-Balance Pilates Studio,+905055861538,Pilates / Yoga
Summer Fit Club,+902128680606,Kuaför / Berber
Artı Pilates,+902128640727,Pilates / Yoga
Kintsugi Pilates Büyükçekmece,+905355614675,Pilates / Yoga
MOVE BETTER Fizyoterapi & Fitness & Pilates,+902129126386,Psikolog / Terapist
istanbul olimpik spor kulübü,+905340680612,Kuaför / Berber
GYM YARD CLUB,+902128551728,Kuaför / Berber
Planet Fitness,+905522858212,Kuaför / Berber
Marin34 Fitness Club (VIP),+902129459798,Kuaför / Berber
Chai Fizyoterapi & Pilates,+905415816662,Psikolog / Terapist
MAKEOVER BESLENME VE ESTETİK MERKEZİ,+905369821530,Diyetisyen
Anatolium Vip Çatalca,+905074640434,Güzellik Salonu
Zara Güzellik Salonu,+905319517798,Güzellik Salonu
İxir Güzellik Salonu,+902125624191,Güzellik Salonu
Cennet güzellik salonu,+902126285253,Güzellik Salonu
Neslim Güngen Esenler,+905309459334,Güzellik Salonu
Arna Bayan Kuaförü Ve Güzellik Salonu,+905459359651,Güzellik Salonu
Emine Arslan Güzellik Estetik,+905523035812,Güzellik Salonu
Magiclife Güzellik Salonu Esenler,+905412719144,Güzellik Salonu
EPİBEYS ESENLER GÜZELLİK SALONU,+902125621617,Güzellik Salonu
Asel Güzellik Merkezi,+905531046111,Güzellik Salonu
Elithrabeauty,+905375592664,Güzellik Salonu
Tubaliss Beauty,+905331324750,Güzellik Salonu
Yeni Dünya Güzellik Salonu,+905056751013,Güzellik Salonu
AYMİRA KOÇAKLI ESENLER,+905338967587,Güzellik Salonu
Zevahir Güzellik salonu,+905433994127,Güzellik Salonu
BONİTA GÜZELLİK,+905334251256,Güzellik Salonu
Rones Güzellik Merkezi,+905333143020,Güzellik Salonu
Hülya Güzellik Merkezi,+902124326646,Güzellik Salonu
Chrıs Güzellik Salonu,+902126111100,Güzellik Salonu
Dessa güzellik,+905057580965,Güzellik Salonu
Fidan Çakmak Güzellik Salonu,+905362400215,Güzellik Salonu
GRİ Bayan Kuaför Salonu,+905531781178,Kuaför / Berber
Eluxe Life Esenler Güzellik Merkezi,+905421566165,Güzellik Salonu
Ecem Güzellik Merkezi,+905524038285,Güzellik Salonu
HD Bayan Kuaförü Esenler,+905359642712,Kuaför / Berber
savva hair club,+902122179751,Güzellik Salonu
Eren Saç Tasarım,+905316705489,Kuaför / Berber
GÖLGE ELLER ERKEK KUAFÖRÜ ŞEHİT AİLELERİNE ÜCRETSİZDİR ESENLER İSTANBUL,+905070828136,Kuaför / Berber
Lüx Life Güzellik Salonu,+905417715023,Güzellik Salonu
Sükse Kuaför Esenler,+902126291382,Güzellik Salonu
ÖMER AKÇAY HAIR PALACE,+905451765515,Kuaför / Berber
Esenler Gelinlik Nurbella & Güzellik Salonu,+905416400155,Güzellik Salonu
Tuğba güzellik salonu,+902124297080,Güzellik Salonu
toućh exclusive HAIR DESIGN GÜZELLİK MERKEZİ,+902128034745,Güzellik Salonu
Sevgi Kuaför,+905550828889,Kuaför / Berber
Emine Pekdemir kuaför ve güzellik salonu,+905423324928,Güzellik Salonu
Ayla Kuaför Salonu,+905454278638,Kuaför / Berber
Merve Genç Saç Tasarım Ve Güzellik Salonu,+905308239628,Güzellik Salonu
Ayfer Timurtaş Güzellik Salonu,+905013664313,Güzellik Salonu
(Şerife Kuaför Eski adı) Taşındı Nihal Alataş Coiffeur&Beauty yeni adı,+902125689447,Güzellik Salonu
Hilal Şirin Güzellik Salonu,+905536860314,Güzellik Salonu
İkizler Bayan kuaförü,+905332765610,Kuaför / Berber
Büşra Karakaş Güzellik ve Bakım,+905421077894,Güzellik Salonu
Canan Bayan Kuaförü,+905310151716,Kuaför / Berber
Uzm. Klinik Psikolog Melike ÖZTÜRK ÇAPKIN,+905302489120,Psikolog / Terapist
Uzm. Klinik Psikolog Hande UYSAL GEZEN,+905449618332,Psikolog / Terapist
Klinik Psikolog Berna Özkan,+905469743401,Psikolog / Terapist
Klinik Psikolog Yeşim Işık,+905395732873,Psikolog / Terapist
TERMA SAĞLIK DİŞ POLİKLİNİĞİ,+905327891368,Diş Kliniği
Diş hekimi tolga hilal özsoy,+905327871905,Diş Kliniği
DiS HEKiMi Tarkan İp,+902127894989,Diş Kliniği
Esenler Bayan Kuaförü-Cevdet Genç,+905359632898,Kuaför / Berber
PERA BAYAN KUAFÖRÜ VE MİCROBLADİNG SALONU,+905380249338,Kuaför / Berber
Black & White Kuaför Salonu(BAY)💇🏻‍♂️💇🏻‍♂️,+905376810075,Kuaför / Berber
ORTAÇ BERBERHANE,+905050184488,Kuaför / Berber
Göksu bayan kuaförü,+905511945273,Kuaför / Berber
SALONMUSTAFA BARBERSHOP,+905074422500,Kuaför / Berber
Nes Kuaför Nurcan,+905309726605,Kuaför / Berber
KUAFÖR İSRAFİL ZENGİN (bay ve bayan lazer epilasyon ),+905444746616,Güzellik Salonu
MAADA KUAFÖR,+905465722008,Kuaför / Berber
SALON RÜZGAR ERKEK KUAFÖRÜ,+905456693828,Kuaför / Berber
Prenses Kuaför,+905377018256,Kuaför / Berber
Lina Bayan Kuaförü,+902125680075,Kuaför / Berber
Ahmetçelikhairstudio,+902125690262,Kuaför / Berber
Elit Erkek Kuaför Salonu,+902126454512,Kuaför / Berber
By Lila Kuaför,+905415417728,Kuaför / Berber
Kuaför Tifil,+905425179080,Kuaför / Berber
Kuaför Melek,+902126467576,Kuaför / Berber
Kuaför Hakan,+905423920402,Kuaför / Berber
Diyetisyen Zeynep Türker,+905306824500,Diyetisyen
Diyetisyen Almina Aksu,+905356547770,Diyetisyen
Diyetisyen Büşra Gündoğan,+905333376200,Diyetisyen
Merve Gözlü Beslenme ve Diyet Danışmanlığı,+905447952809,Diyetisyen
Diyetisyen Murat MERİÇ,+905431824325,Diyetisyen
Diyetisyen İpek Patu,+905375160117,Diyetisyen
Diyetisyen Beyza Göksel,+905342109034,Diyetisyen
çatalca sağlıklı yaşam merkezi,+905527392317,Diğer (Sağlık & Bakım)
Diyetisyen Sude Salıcı,+905521807833,Diyetisyen
Diyetisyen Sıla Çağlar,+905334435797,Diyetisyen
Diyetisyen Sena Tepe,+905436608435,Diyetisyen
Diyetisyen Sanem Küçükkılıç,+908508113763,Diyetisyen
Meltem Bilgen,+905345453384,Diyetisyen
ZEM PİLATES ÇATALCA,+905421817822,Pilates / Yoga
Fatma Işık Pilates Studio,+905340144952,Pilates / Yoga
Çiğdem Keskin Pilates,+905422248613,Pilates / Yoga
PİLASİS PİLATES STÜDYO,+905334381317,Pilates / Yoga
MCU Aesthetic Clinic - Op.Dr.Mehmet Can Ubur,+905331598555,Güzellik Salonu
Estetik İncim Esenler Ağız ve Diş Sağlığı Polikliniği,+902125683400,Diş Kliniği
Dr Cleanse Güzellik & Sağlıklı Yaşam - Esenler Dörtyol Meydanı,+902126100063,Güzellik Salonu
Gülay Topdemir Güzellik,+905077483880,Güzellik Salonu
Anatolia Güzellik Hizmetleri,+902126102028,Güzellik Salonu
Mona Estetik ve Güzellik Salonu,+905010525940,Güzellik Salonu
BİG BOSS BEAUTY CENTER,+905304324634,Güzellik Salonu
Avicenna Estetik | Rinoplasti | Lipoşaksın,+902124403200,Güzellik Salonu
Este Avva Saç Ekimi & Estetik Merkezi,+905332474232,Güzellik Salonu
Chris Güzellik merkezi,+902124759961,Güzellik Salonu
Cemile Bayram Saç Bakım ve Güzellik Merkezi,+902124270005,Güzellik Salonu
Nazlı Akkaş Estetik ve Güzellik Merkezi,+905451771747,Güzellik Salonu
Medi-kim Tibbi Ve Estetik Cihazlar,+902126597001,Güzellik Salonu
İntime Estetik Merkezi,+905445468575,Güzellik Salonu
Charms Beauty - Botoks Dolgu Mezoterapi,+905314080250,Psikolog / Terapist
Mor Life Güzellik Salonu,+902124795818,Güzellik Salonu
Breeze Güzellik Merkezi,+902128039393,Güzellik Salonu
Black Star Beauty,+905469064334,Güzellik Salonu
ESENLER ÖZEL IŞILAY AĞIZ VE DİŞ SAĞLIĞI POLİKLİNİĞİ,+905544996706,Diş Kliniği
Este Nivo,+905451491823,Güzellik Salonu
Özel Emre Ağız Ve Diş Sağlığı Polikliniği,+905323045230,Diş Kliniği
Özel Avicenna Ağız ve Diş Sağlığı Polikliniği,+902125682532,Diş Kliniği
Esnan Ağız ve Diş Sağlığı Merkezi-Esenler Şubesi,+902124310606,Diş Kliniği
e-Diş Esenler Ağız ve Diş Sağlığı Polikliniği,+905068543435,Diş Kliniği
Özel Vera Diş Ağız ve Diş Sağlığı Polikliniği | مستشفى ڤيرا للأسنان,+902126284488,Diş Kliniği
Dent of Istanbul | Turkey’s Leading Dental Clinics,+902124314748,Diş Kliniği
Monolit Ağız ve Diş Sağlığı Polikliniği,+905428467805,Diş Kliniği
Dentagür Ağız Ve Diş Sağlığı Polikliniği,+902125680132,Diş Kliniği
Medicalife Esenler,+902125083080,Diş Kliniği
Safir Ağız ve Diş Sağlığı Polikliniği,+905058037471,Diş Kliniği
T.C. Sağlık Bakanlığı Esenler Bülent Doğanlar Ağız ve Diş Sağlığı Polikliniği,+902125087771,Diş Kliniği
DİŞ HEKİMİ RAHMAN YENİTURAN,+902124329394,Diş Kliniği
ARES Ağız ve Diş Sağlığı Polikliniği Esenler,+905010827660,Diş Kliniği
DT AYŞE KÖSE YENİTURAN,+905330407818,Diş Kliniği
Diş Hekimi Dr. Deniz Başaran,+902124381525,Diş Kliniği
Ayazma Ağız ve Diş Sağlığı Polikliniği | Esenler Diş Klinikleri | Yakındaki Diş Hekimi,+905313455141,Diş Kliniği
Özel 724 Esenler Ağız ve Diş Sağlığı Polikliniği,+905327257724,Diş Kliniği
Özel Avrasya Ağiz ve Diş Sağlığı Polikliniği,+902128030109,Diş Kliniği
Diş Hekimi İnci Topçu,+902126283169,Diş Kliniği
Özel Esenler ağız ve diş sağlığı polikliniği,+905323113061,Diş Kliniği
Diş Hekimi İbrahim Güleç,+902126286633,Diş Kliniği
Diş Hekimi Necati Uç,+902125089333,Diş Kliniği
Dr. Erhan Özgür,+902124315900,Diş Kliniği
Diş Hekimi Rüştü Can,+902125687831,Diş Kliniği
Diş Hekimi Halit Gür,+902124292600,Diş Kliniği
Diş Hekimi Muharrem Efe,+905323201829,Diş Kliniği
Ramazan ÖZTÜRK,+902124291907,Diş Kliniği
Güngören Ağız Ve Diş Sağlığı Merkezi,+902125563636,Diş Kliniği
Diş Hekimi Mohamed Rahal & Diş Hekimi Mohamad Muzayek,+905551464010,Diş Kliniği
Diş Hekimi Hüseyin Niyazi Kiraz | Diş Hekimi Mustafa Taşkıran Diş Kliniği,+905374080042,Diş Kliniği
Dr. Hüseyin Demirtaş,+902125089993,Diş Kliniği
Diş Hekimi Kadir Koğuk,+905552081032,Diş Kliniği
Diş hekimi Tolga Çetintaş,+905513703451,Diş Kliniği
Diş Hekimi Hasan Göktaş,+902125621471,Diş Kliniği
Diş hekimi Süheyla çakar,+905348713117,Diş Kliniği
Vip Esthetic Dental Clinic,+905551718274,Diş Kliniği
DİŞ HEKİMİ ADEM ANIL AKDEMİR,+902125622700,Diş Kliniği
Diş Hekimi Mehmet Bora Arıcı,+902126111549,Diş Kliniği
Diş Hekimi Büşra Akpınar Maçin,+905524809068,Diş Kliniği
Diş Hakimi Egemen Esen,+905324723319,Diş Kliniği
Avicenna Çocuk Gelişim Merkezi,+902124403232,Diğer (Sağlık & Bakım)
Sevil Usanmaz,+905327416568,Psikolog / Terapist
Bulut Klinik Teknoloji A.Ş. (Ar-Ge),+908507110258,Diğer (Sağlık & Bakım)
Çocuk Psikoloğu İstanbul,+905444400880,Psikolog / Terapist
Küre Psikoloji - Bakırköy,+905456724116,Psikolog / Terapist
Psikolog Suzan Onur,+905359534155,Psikolog / Terapist
Yer6 Tatto & esenler dövmeci,+905304064178,Dövme & Piercing
Diyetisyen Büşra Sungur Beslenme ve Diyet Danışmanlığı,+905550579676,Diyetisyen
Uzman Diyetisyen Rukiye Kaya Beslenme & Diyet Danışmanlığı,+905527408203,Diyetisyen
Uzman Diyetisyen Nevin Tipi,+905438227843,Diyetisyen
Diyetisyen Tuba Turkut,+905379618862,Diyetisyen
