Isletme_Adi,Telefon,Sektor
Tattoorbali Dövme ve Piercing,+905533223737,Dövme & Piercing
Yankee Tattoo Piercing,+905544002720,Dövme & Piercing
Owl Ink Tattoo İzmir,+905301591935,Dövme & Piercing
VENC TATTOO İZMİR,+905050507856,Dövme & Piercing
İzmir Tattoo Collective,+905528533904,Dövme & Piercing
NORTH TATTOO & PİERCİNG,+905432199795,Dövme & Piercing
Piercing Clinic - Muzaffer Maral,+905335754856,Dövme & Piercing
Monstera Tattoo & Piercing Studio,+905367608577,Dövme & Piercing
Cleopatra INK Tattoo & Piercing Bostanlı Studio,+905411015101,Dövme & Piercing
Lucky Ink Tattoo,+905300274514,Dövme & Piercing
Hipnoz Dövme Salonu,+905527342243,Dövme & Piercing
Asil Tattoo | Dövme & Piercing,+905549658948,Dövme & Piercing
Tattoo İzmir,+905418142732,Dövme & Piercing
Aytuğ Tattoo İzmir | Tattoo & Piercing,+905053935398,Dövme & Piercing
MYTH INK TATTOO & PIERCING,+905333779130,Dövme & Piercing
Alina Tattoo & Piercing,+905316173532,Dövme & Piercing
ONUR ÖNEN TATTOO,+905358152752,Dövme & Piercing
Interrail Tattoo Studio Bybatu Tattoo Dövme,+905073702050,Dövme & Piercing
InkMade Tattoo & Piercing Studio,+905335199331,Dövme & Piercing
Mergen Tattoo & Piercing Studio,+905448563331,Dövme & Piercing
Black Bolt Dövme Stüdyosu,+905546386482,Dövme & Piercing
Ena Tattoo Studio | İzmir Alsancak Dövme,+905414774784,Dövme & Piercing
InkSide Tattoo Studio,+905384832678,Dövme & Piercing
Travelers Tattoo,+905433068707,Dövme & Piercing
triyandatattoo Ayrancılar Dövme Stüdyosu,+905537053599,Dövme & Piercing
Mai Zen Tattoo Studio,+905536521750,Dövme & Piercing
İzmir Balçova Dövme Stüdyosu | Soner Cura Tattoo Art,+905548329338,Dövme & Piercing
ASLAN TATTOO & PİERCİNG,+905414802623,Dövme & Piercing
304 Tattoo Studio,+905403043500,Dövme & Piercing
Doji Tattoo Izmir,+905523803919,Dövme & Piercing
Darkgate Tattoo Studio,+905556311684,Dövme & Piercing
Tattoobull Studio,+905317285482,Dövme & Piercing
More Ink Tattoo Studıo,+905413480597,Dövme & Piercing
L'art Tattoo & Piercing Studio - Dövme Stüdyosu,+905078195345,Dövme & Piercing
Shelan Ink Tattoo & Piercing,+905417306203,Dövme & Piercing
Özgür Yurdusev Tattoo,+905378910136,Dövme & Piercing
Deniz Tattoo,+902324486543,Dövme & Piercing
Mon Tattoo Studio,+905359212582,Dövme & Piercing
Titan Tattoo Piercing,+905327490721,Dövme & Piercing
Tattoo House By Cura 2,+905319351916,Dövme & Piercing
Venüs Tattoo İzmir,+905076201086,Dövme & Piercing
Holdink Tattoo Ayrancılar Dövme Stüdyosu,+905394839862,Dövme & Piercing
LightFire.ink TATTOO,+905379244273,Dövme & Piercing
Mert Tattoo Piercing Studıo,+905556183104,Dövme & Piercing
İzmir Geçici Dövme SKİN ART TATTOO,+905325746943,Dövme & Piercing
Madhouse Tattoo Studio,+905370630837,Dövme & Piercing
Elizi Tattoo Gaziemir Dövme ve Piercing Stüdyosu,+905336508479,Dövme & Piercing
Miu TATTOO GALLERY/Hilton Hotel İzmir,+905423501849,Dövme & Piercing
Inkstation Tattoo&Piercing Alsancak,+905052088835,Dövme & Piercing
Panormos Tattoo - İzmir,+905384108911,Dövme & Piercing
Goofy Piercing Tattoo,+905549440478,Dövme & Piercing
Lucifer Tattoo Studio,+905433444244,Dövme & Piercing
Don Kişot Tattoo Studio,+905075669381,Dövme & Piercing
35 Skin Art İzmir Dövme-İzmir Piercing-Alsancak Dövme-Alsancak Piercing,+905058871336,Dövme & Piercing
Forza Tattoo Piercing,+905418008444,Dövme & Piercing
Aphrodite Piercing Tattoo,+905059872507,Dövme & Piercing
Last Mohıcan Tattoo & Piercing,+905057142746,Dövme & Piercing
Outlaw Tattoo Studio,+905412559935,Dövme & Piercing
Ma Boy Tattoo,+905529474056,Dövme & Piercing
Sport's Forever,+902322717677,Kuaför / Berber
İzmir Pilates Studio,+902322565585,Pilates / Yoga
NOİFİT EMS FITNESS (GÖZTEPE),+905537028080,Kuaför / Berber
Emstech.İzmir,+905010702030,Kuaför / Berber
TAŞTAN SPOR MERKEZİ,+905449565817,Kuaför / Berber
QFit Ems Studio,+905443487348,Kuaför / Berber
Three Go Training Club,+905060341925,Kuaför / Berber
Ares Gym,+902322282226,Kuaför / Berber
Mataleon Sport Center - Mataleon Spor Salonu,+905308328688,Kuaför / Berber
Sportland,+902322436002,Kuaför / Berber
Bozyaka Sporium Spor Kulübü,+905079387883,Kuaför / Berber
Hero Gym,+905444253401,Kuaför / Berber
Performanss Pilates,+905403107777,Pilates / Yoga
Polifiz,+905387493797,Fizyoterapi
İhsan Alyanak Kapalı Spor Salonu,+902324147752,Kuaför / Berber
ULTIMATE EMS FITNESS (POLIGON),+905461054261,Kuaför / Berber
Hatay 19 Mayıs Spor Tesisleri,+902322509515,Kuaför / Berber
Tüdsad Spor Kulübü,+905316658869,Kuaför / Berber
Formella Pilates Ve Reformer Merkezi,+905013294293,Pilates / Yoga
DD PILATES STUDIO,+905534331864,Pilates / Yoga
The Pilates Studio & More,+905513453559,Pilates / Yoga
Performanss Reformer Pilates Studio,+905350366358,Pilates / Yoga
Viento Pilates,+905523010473,Pilates / Yoga
İzmir Bassel Pilates Studio,+905436818111,Pilates / Yoga
Hilates Pilates Studio,+905366362093,Pilates / Yoga
Plus pilates studio,+905419525296,Pilates / Yoga
Studio 23 Pilates,+905544696344,Pilates / Yoga
Body Flow Pilates & Training Studio,+905358102689,Pilates / Yoga
AY Sports Studio,+905522491925,Pilates / Yoga
Pilates Life & Workout Station,+905050971397,Pilates / Yoga
Rua Reformer Pilates,+905330201490,Pilates / Yoga
Pink and grey pilates studio,+905072301996,Pilates / Yoga
LS LEO SPORT,+905446543553,Kuaför / Berber
Ebru Bozyiğit Pilates Stüdio,+905536400066,Pilates / Yoga
Sport Station,+905536814407,Kuaför / Berber
Power Plate,+905318336050,Kuaför / Berber
Ali Ayır Reformer Pilates Stüdyo Basınsitesi,+905558607711,Pilates / Yoga
Studio Tuğçe Budak,+905542298484,Kuaför / Berber
Unıted Sports Akademi,+902322248283,Kuaför / Berber
ERİŞEN SPOR MERKEZİ,+905324470636,Kuaför / Berber
B-fit Kadınların Spor ve Yaşam Merkezi Karabağlar/Yeşilyurt,+905521798535,Kuaför / Berber
Neva Sports Studio,+902322276597,Kuaför / Berber
Max Life Fitness,+902322561997,Kuaför / Berber
Miyofiz Fizik Tedavi Kliniği - Reformer Pilates -Klinik Pilates- Cpm cihazı Kiralama- Evde Fizik Tedavi,+905516816502,Fizyoterapi
PARS SPOR SALONU,+905379545050,Kuaför / Berber
FORMFIT PT Studio,+905355258971,Kuaför / Berber
"BigM Team, Personal Trainer, Kişisel Antrenör",+905412421889,Diğer (Sağlık & Bakım)
Yoganka Yoga Studio,+905066892828,Pilates / Yoga
Performanssgym,+905313550058,Kuaför / Berber
Body Flow Training Studio,+905373211202,Kuaför / Berber
Full Form Fitness,+902322319898,Kuaför / Berber
Ali Ayır Sports Center - Yeşilyurt,+902322321755,Kuaför / Berber
Californium Fitness&Gym,+905550111599,Kuaför / Berber
Sportsbox Fitness Club,+902322452508,Kuaför / Berber
Ali Ayır Sports Center - Basınsitesi,+902322325444,Kuaför / Berber
Bornova Reformer Pilates Stüdyo Yağmur Akdemir,+905357419595,Pilates / Yoga
Yaşam Spor Merkezi,+905554508822,Kuaför / Berber
RepizuPlusSportCenter,+905455146526,Kuaför / Berber
Diyetisyen Nesibe Ulaşmış,+905531351739,Diyetisyen
Diyetisyen Nurcan Bayındır,+905334255510,Diyetisyen
"Dyt. Cansu Yavaşoğlu, Diyetisyen",+905069438563,Diyetisyen
Selma Sevda Güzellik Salonu,+902323472821,Güzellik Salonu
Sakura Güzellik Salonu Bayraklı,+905367683020,Güzellik Salonu
Reine Güzellik Merkezi,+905558059150,Güzellik Salonu
Melissa Güzellik Salonu,+905323964545,Güzellik Salonu
Tülay Güzellik Salonu,+905534480988,Güzellik Salonu
Elin Güzellik,+905433483636,Güzellik Salonu
BeautyOne Exclusive,+902325033606,Güzellik Salonu
Bayraklı Hayat Güzellik Merkezi | Bayraklı Güzellik Merkezi,+905357838487,Güzellik Salonu
Serap Öncel Beauty Center,+905421635660,Güzellik Salonu
Medikadom,+905317819080,Güzellik Salonu
Fullderm Cilt Merkezi & Güzellik Salonu,+905497703535,Güzellik Salonu
Stil Güzellik Salonu,+902323472507,Güzellik Salonu
Ezgi Takmaz Güzellik Merkezi,+905468803944,Güzellik Salonu
Dr.Well Bayraklı,+908506110911,Güzellik Salonu
Abel güzellik İzmir,+905076299238,Güzellik Salonu
Yağmur Eroğlu Bayraklı Güzellik Salonu,+905318911336,Güzellik Salonu
Slimfit Estetik Bayraklı (Lider Centrio),+905301774001,Güzellik Salonu
Aydan Gürece Güzellik,+905525839872,Güzellik Salonu
Essi Güzellik Merkezi Bayraklı,+902325202595,Güzellik Salonu
Pera Beauty Plus,+905415062907,Güzellik Salonu
Lamona Güzellik & Estetik,+905076031966,Güzellik Salonu
Altınay güzellik salonu,+905375060588,Güzellik Salonu
Cliniczer Official & İzmir Güzellik Salonu & İzmir Lazer Epilasyon & İzmir En İyi Güzellik Merkezi,+905305586885,Güzellik Salonu
Meliha Tolun Kuaför & Güzellik Salonu,+902323481521,Güzellik Salonu
Gizem Akalan Estetik I Bölgesel Zayıflama İzmir I Lazer Epilasyon I Heykelplus+ I Protez Tırnak I Cilt Bakımı I Microblading,+905469306123,Güzellik Salonu
Mia Life Bayraklı,+902323414242,Güzellik Salonu
Ceren Güzellik Salonu,+902323451374,Güzellik Salonu
Angel Of Beauty,+905330162473,Güzellik Salonu
Radeka Nail Studio,+905058088410,Güzellik Salonu
VENOM KUAFÖR,+905012954145,Kuaför / Berber
Salon Ebru,+902323451919,Kuaför / Berber
Kader Güzellik Salonu,+902323530853,Güzellik Salonu
Güneş Güzellik Salonu,+905537248978,Güzellik Salonu
İbrahim & İbrahim Kuaför Bornova Özkanlar,+902323471236,Kuaför / Berber
ESTEVİLLA GÜZELLİK SALONU,+905452642440,Güzellik Salonu
ESİN GÜZELLİK SALONU / BAYRAKLI GÜZELLİK SALONU / CİLT BAKIMI / LAZER \ MASAJ \ PROTEZ TIRNAK,+905401353597,Güzellik Salonu
Gözde güzellik salonu,+905379422131,Güzellik Salonu
Canan Güzellik Ve Sir Ağda Salonu,+905394543235,Güzellik Salonu
Arya Clinic | Medikal Cilt Bakımı,+905331963340,Güzellik Salonu
Ces Hair Studio,+905077147235,Kuaför / Berber
Salon Melis,+902323717262,Güzellik Salonu
AYLİZ KUAFÖR GÜZELİK SALONU,+905327367609,Kuaför / Berber
Sister Güzellik Salonu,+905449458710,Güzellik Salonu
Setu Güzellik Merkezi & Merkezleri,+905535583842,Güzellik Salonu
Dr Osman Tan- İzmir Göz Kapağı Estetiği & Dudak Dolgusu,+905320545886,Güzellik Salonu
"Sirius Beauty And Nail ( İpek Kirpik , Protez Tırnak, Microblading, Cilt Bakımı ,Epilasyon , Zayıflama)",+905308839111,Güzellik Salonu
PERLA BEAUTY CENTER,+905052685050,Güzellik Salonu
Arzu Güzellik Salonu,+905359263576,Güzellik Salonu
Rönesans Vip Bayraklı,+905012501901,Güzellik Salonu
HAİRDAY GÜZELLİK SALONU,+905550620056,Güzellik Salonu
Room Beauty İzmir,+905339349113,Güzellik Salonu
Gülcan&Faruk güzellik salonu,+905547285451,Güzellik Salonu
Anka Saç Tasarım ve Güzellik Salonu,+905394564187,Güzellik Salonu
Hasan Gezginci Kuaför – İzmir Nano Kaynak & Profesyonel Saç Renklendirme Uzmanı,+905451925125,Kuaför / Berber
Sirius güzellik merkezi,+905076380262,Güzellik Salonu
Salon Yıldız Bayraklı,+905466089576,Kuaför / Berber
Kuaför Güzellik Salonu,+905397820259,Güzellik Salonu
MenGüş Kuaför Salonu,+905454623561,Kuaför / Berber
Nilay Güzelik Salonu,+902329667633,Güzellik Salonu
Kuaför Ahmet,+902323470191,Kuaför / Berber
MURAT ŞAHİN HAIR STUDIO,+905445862011,Kuaför / Berber
Serap Kuaför,+905063649703,Kuaför / Berber
"S Clinic İzmir - Saç Çoğaltma, Saç Bakım ve Güzellik Merkezi",+905523550355,Güzellik Salonu
Yıldız Saç Tasarım,+902323450135,Kuaför / Berber
By Semih Gürkan Kuaför Salonu,+905530733047,Kuaför / Berber
Doç. Dr. Saime İrkören - Estetik Cerrahi,+902325025818,Güzellik Salonu
Diler TAN Kuaför / izmir,+905377659805,Kuaför / Berber
ENS Kuaför Stüdyo,+905399125348,Kuaför / Berber
Kuaför Erol - Figen (bayraklı-izmir),+905323459227,Kuaför / Berber
Show Kuaför,+905553907467,Kuaför / Berber
Emine kuaför,+905070627739,Kuaför / Berber
BB BEAUTY ESTHETİC,+905060568335,Güzellik Salonu
Gül Ağda Ve Manikür Salonu,+902323483737,Güzellik Salonu
Nezi Reyhan Kuaför,+902323455499,Kuaför / Berber
Sayen Kuaför,+905393801925,Kuaför / Berber
Havva Karaman Makeup Studio,+905546982488,Güzellik Salonu
BEAUTY,+902323710055,Güzellik Salonu
Afitap Kuaför & Güzellik Salonu,+905074231930,Güzellik Salonu
ÖNDER KAYA KUAFÖR ViP SALON,+905389153981,Kuaför / Berber
Glamour Hair Dresser,+905436359417,Kuaför / Berber
Derya&Derya Hair Makeup,+905530238414,Güzellik Salonu
Salon Mehmet Can,+902323479390,Kuaför / Berber
Elite Bayan Kuaförü,+902323434471,Kuaför / Berber
Kuaförtanerizmir,+905355642853,Kuaför / Berber
Ahmet Tatlıgün Bayan Kuaförü İzmir | Bayraklıda Makyaj | Bayraklıda Saç Kesimi | Bayraklıda Ombre | Bayraklıda Gelin Başı,+905534786765,Güzellik Salonu
Efendi Kuaför,+905068466666,Kuaför / Berber
Kuaför Kadir,+905445620953,Kuaför / Berber
Kuaför Engin,+905355266457,Kuaför / Berber
Bayan Kuaförü Koray,+902323427677,Güzellik Salonu
Freshlight Hair Design Studio,+905077775176,Kuaför / Berber
Mio Olga Bayraklı,+905366170234,Kuaför / Berber
MAKU Hair Beauty,+905547037728,Güzellik Salonu
Fatih Kuaför,+902323480010,Kuaför / Berber
Beyefendi Boutique Erkek Kuaförü,+905068238426,Kuaför / Berber
BEY KUAFÖR,+905322679082,Kuaför / Berber
Gözde Kuaför,+902323411188,Kuaför / Berber
Kuaför FATOŞ,+902323417273,Kuaför / Berber
KAT HAİR ( BAYAN KUAFÖRÜ ),+905065494262,Kuaför / Berber
İmaj Kuaför,+905368153408,Kuaför / Berber
Mehmet & Halil Kuaför,+902323391910,Kuaför / Berber
SEVİM HAİR MAKE-UP,+905367035009,Kuaför / Berber
GÜRDAL KUAFÖR,+902323479747,Kuaför / Berber
Salon Paşa,+902323397677,Kuaför / Berber
Erkek Kuaförü Burak Özten,+905549992192,Kuaför / Berber
Dilara Kuaför,+902323463987,Kuaför / Berber
Ceyhan Arslan - Erkek Kuaförü ve Protez Saç Merkezi,+905547235182,Kuaför / Berber
Volkan Saç Tasarim,+905530224438,Kuaför / Berber
Kuaför Yıldıray,+902329664698,Kuaför / Berber
Ekol Erkek Kuaförü,+905324401477,Kuaför / Berber
Tuana Kuaför (Aydın&Buğse),+905545102555,Kuaför / Berber
Elit erkek kuaförü servan tümtaş,+905325244730,Kuaför / Berber
Kuaför Gamze,+902323486681,Kuaför / Berber
MÇ Erkek Kuaförü,+905462934521,Kuaför / Berber
KasıMetin Boutique Kuaför,+905321713969,Kuaför / Berber
Bahar Kuaför,+905330210268,Kuaför / Berber
Çiçek Bayan Kuaför,+902323411180,Kuaför / Berber
Salon Bade,+902323630205,Kuaför / Berber
Kuaför Sevilay Karapınar,+905075169513,Kuaför / Berber
By Yasin sivridağ Erkek Kuaförü,+905356895848,Kuaför / Berber
Elegance Kuaför&Güzellik Bayraklı,+905332851882,Güzellik Salonu
Kuaför Hakan,+905549854320,Kuaför / Berber
Bayraklı Kuaförüm UğurLayık,+905322751274,Kuaför / Berber
The Saloon Bay Bayan Çocuk Kuaförü Ege Perla,+902322905458,Kuaför / Berber
Kuaför Suat,+905075835654,Kuaför / Berber
Nebahat Cenan Saç Tasarım Bakım ve Ürünleri,+905336216213,Kuaför / Berber
Cookie Pet Kuaför Bayraklı Şubesi,+905414311062,Kuaför / Berber
Coşkun Saç Tasarım - İzmir Bornova Kuaför,+905413889229,Kuaför / Berber
Hakan erkek kuaförü,+905346882727,Kuaför / Berber
Kuaför Hülya,+905521803519,Kuaför / Berber
Kuaför Tolga,+905417197959,Kuaför / Berber
Gizay Pet Kuaför,+905070079849,Kuaför / Berber
Dilek Kuaför,+902323630454,Kuaför / Berber
Kuaför baysal,+905346880215,Kuaför / Berber
Çevik Erkek Kuaförü,+905497366600,Kuaför / Berber
SELMA KUAFÖR,+905434208160,Kuaför / Berber
Moda Erkek Kuaförü,+905555366910,Kuaför / Berber
Kuaför Berrin,+905435503694,Kuaför / Berber
Ziloş Kuaför,+905304237635,Kuaför / Berber
Ayışığı Bayan Kuaförü,+902323824059,Kuaför / Berber
Gözde Erkek Kuaförü,+905324804702,Kuaför / Berber
Nil Kuaför,+902323530976,Kuaför / Berber
Kuaför İbrahim,+905469493036,Kuaför / Berber
MN'S KUAFÖR,+905434887418,Kuaför / Berber
Mina Bayan Kuaförü Özlem Gök,+905529485806,Kuaför / Berber
Yalçın Erkek Kuaförü,+905424077939,Kuaför / Berber
ERKEK KUAFÖRÜ ✂️BY ASİM,+905548965183,Kuaför / Berber
Zirve Erkek Kuaforü,+905073405045,Kuaför / Berber
Nazlı Kuaför,+902323637194,Kuaför / Berber
Tuana Bayan Kuaförü,+905417178722,Kuaför / Berber
Estetika Kuaför Gülden,+905072801010,Güzellik Salonu
Saloon yüksel,+905465505035,Kuaför / Berber
Tırnakstore & Studio,+905321726090,Güzellik Salonu
O'nail Tırnak ve Güzellik Merkezi Bayraklı,+905461713535,Güzellik Salonu
Tanya Premium Nails Bayraklı,+905513424040,Güzellik Salonu
Tırnak Lounge Bayraklı,+905072353079,Güzellik Salonu
İzmir Protez Tırnak’s - İzmir Protez Tırnak Salonu - Jel Tırnak - Kalıcı Oje - Nail Art,+905315735062,Güzellik Salonu
Art of Nail's,+905541226513,Güzellik Salonu
Ceren Nail Beauty Studio,+905339480535,Güzellik Salonu
Kunnails,+905385538507,Güzellik Salonu
İzmir tırnak Hatıra Nail Studio,+905072441486,Güzellik Salonu
Buse Yalçın Nail Art Studio,+905466275731,Güzellik Salonu
therapy beauty center,+905069368972,Güzellik Salonu
"Premium Beauty House (Nail Art, Protez Tırnak, Kalıcı Oje, İpek Kirpik, Microblading, Manikür, Pedikür, Kalıcı Makyaj)",+905510976593,Güzellik Salonu
O Tırnak,+905547549349,Güzellik Salonu
İzmir Jel Tırnak Küçükpark,+905469610211,Güzellik Salonu
Tırnakmanya Pazarlama İth ve İhr. Ltd. Şti.,+905333450035,Güzellik Salonu
RUMORS | NAIL & BEAUTY,+905057407786,Güzellik Salonu
Parissa Nail Art,+905522825917,Güzellik Salonu
Pınar baysal nail art & beauty studio,+905332178839,Güzellik Salonu
Karşıyaka protez tırnak | Nail House,+905548211912,Güzellik Salonu
mahsa nail studio,+905464658184,Güzellik Salonu
Sibel & Sema Beauty Studio,+905541967135,Güzellik Salonu
Jasnil Nail & Beauty,+905333704500,Güzellik Salonu
Ceren Beauty Studio,+905435494344,Güzellik Salonu
Nail Fabrice,+905331432972,Güzellik Salonu
Rose Nail Beauty | Konak Protez Tırnak,+905419354298,Güzellik Salonu
Cilooje Nail Studio | Karşıyaka Protez Tırnak,+905070223712,Güzellik Salonu
Valentina Nails - Bostanlı Protez Tırnak,+905345256048,Güzellik Salonu
ECLAT PRO TIRNAK VE KİRPİK MALZEME SATIŞI VE GÜZELLIK SALONU,+902324085045,Güzellik Salonu
FAYA GÜZELLİK SALONU,+905443218983,Güzellik Salonu
Matruşka Beauty,+905067870730,Güzellik Salonu
Lina Protez Tırnak Karşıyaka,+905309331735,Güzellik Salonu
Shining Stars Beauty Center,+905331609004,Güzellik Salonu
RİVER BEAUTY BAYRAKLI,+905071273506,Güzellik Salonu
Güzellik Cadısı İzmir,+905013634694,Diş Kliniği
Burcu Yılmaz Beauty,+905388251461,Güzellik Salonu
İnanır Protez Tırnak,+905426467296,Güzellik Salonu
Selma Albayrak Nail Artist,+905074829565,Güzellik Salonu
Marilyn Nail Center,+905013483599,Güzellik Salonu
Karşıyaka Protez Tırnak by Şeyda,+905434509503,Güzellik Salonu
Merve Özkan Beauty Studio,+905363903530,Güzellik Salonu
SU NAİL ART,+905072663577,Güzellik Salonu
Özge Nail Studio - Protez Tırnak Stüdyosu,+905517237376,Güzellik Salonu
Gözde Kaya Nail Studio,+905551053036,Güzellik Salonu
Aurum Nail Studio,+905015359698,Güzellik Salonu
SEQU Nail Studio,+905372431582,Güzellik Salonu
Lumiera Beauty Hub,+905315831224,Güzellik Salonu
Sude nails,+905530259082,Güzellik Salonu
NURAY YAŞA NAİL STUDİO,+905332794059,Güzellik Salonu
MEL'S STUDIO,+905079782223,Güzellik Salonu
Nail Pro İzmir,+905335193035,Güzellik Salonu
Alesta NailArt Studio,+905529420113,Güzellik Salonu
Ella Beauty Center,+905067713552,Güzellik Salonu
Mine Efe beauty center,+905059804576,Güzellik Salonu
"QEN Beauty | Microblanding - İpek Kirpik - Kaş Renklendirme - Kaş, Kirpik Laminasyonu - Eyeliener - Dipliener",+905400609191,Güzellik Salonu
Tuğba Yıldırım Beauty Studio - Bayraklı Lazer Epilasyon - Bayraklı Kalıcı Makyaj,+905392848089,Güzellik Salonu
GÇ BEAUTY,+905326554495,Güzellik Salonu
Canan Kaya Beauty Center,+905054660103,Güzellik Salonu
Ceren Şahin Beauty House,+905536501662,Güzellik Salonu
Verano Beauty,+905366113515,Güzellik Salonu
MatmaZen Beauty,+905323769606,Güzellik Salonu
Nebahat Özaydın Beauty,+905326433235,Güzellik Salonu
Sena Beauty İzmir,+905435443235,Güzellik Salonu
Els beauty izmir,+905468170308,Güzellik Salonu
Özlem Yıldız Beauty Center,+905372614331,Güzellik Salonu
Rock'n Beauty Studio,+905059390630,Güzellik Salonu
Freem Beauty Lounge Güzellik Salonu,+902324800036,Güzellik Salonu
Beauty Care İzmir,+905523653741,Güzellik Salonu
Didem Beauty Center,+905337926563,Güzellik Salonu
Mihrace Beauty Estetik,+905077419147,Güzellik Salonu
Oya Eda Beauty,+905349137214,Güzellik Salonu
Nurs Beauty Center,+905413249064,Güzellik Salonu
fernur ferit luxury beauty,+905526754243,Güzellik Salonu
Davina Beauty,+905323891335,Güzellik Salonu
Gamze Aydın beauty center,+905304492945,Güzellik Salonu
Nilay Erkoç Bayraklı,+905545957015,Güzellik Salonu
Kalıcı Oje Gülgün,+905309292520,Kuaför / Berber
Hilal Nail Beauty,+905334895112,Güzellik Salonu
Rose beauty saç tasarım,+905315611123,Güzellik Salonu
LR Health & Beauty,+905538949424,Güzellik Salonu
RİVER BEAUTY ÜÇYOL,+905536573506,Güzellik Salonu
Özgür Saç Tasarım,+905369959528,Kuaför / Berber
Çiğdem Kuaför,+902323678787,Kuaför / Berber
Şehit Asteğmen Adem Dertsiz Huzurevi Yaşlı Bakım ve Rehabilitasyon Merkezi,+902323638083,Diğer (Sağlık & Bakım)
Zesu Estetik,+905555168080,Güzellik Salonu
Meditouch İzmir | Buz Lazer Epilasyon | Soprano Titanium | LPG Alliance | Frozen Face | Aquapure | Jetpeel | Mobilift,+905325296965,Güzellik Salonu
Esline Estetik ve Cerrahi danışmanlık Merkezi,+905308446430,Psikolog / Terapist
Opr. Dr. Ebru Durmuş - Estetik Cerrah,+905530267547,Güzellik Salonu
Op. Dr. Nejdet Şişman,+905308248949,Güzellik Salonu
Hedonya Clinic,+905411933667,Güzellik Salonu
Eda Savut Güzellik,+905067434127,Güzellik Salonu
PELİT MEDİCAL AESTHETICS,+905013393436,Güzellik Salonu
Laita Güzellik,+905446327799,Güzellik Salonu
Op. Dr. Görkem Çalışkan | Meme Estetiği | Meme Büyütme | Göğüs Estetiği,+905326322518,Güzellik Salonu
Doç. Dr. Önder Karaaslan,+908508117381,Güzellik Salonu
Özel Likya Saç Ekim ve Estetik Cerrahi Polikliniği,+905326769707,Güzellik Salonu
Luxen Clinic,+905307330084,Diğer (Sağlık & Bakım)
Clinic Mono,+905448524526,Güzellik Salonu
Elen Plus Estetik ve Güzellik Merkezi,+902323418899,Güzellik Salonu
Dr Çağlar İmançer | Estetik ve Kozmetoloji,+902322182307,Güzellik Salonu
Dr. Bilal ANİ,+905441713235,Diğer (Sağlık & Bakım)
DR. Tera Estetik,+905076534178,Güzellik Salonu
İz Clinic,+905424081881,Diğer (Sağlık & Bakım)
İvoria Güzellik,+905453979721,Güzellik Salonu
ESRA KOÇAK Güzellik&Estetik,+905308791690,Güzellik Salonu
İzmir Estetik,+905415250214,Güzellik Salonu
Tuby Beauty Aestetic,+905411239293,Güzellik Salonu
"JFS Clinic – Plastic Surgery & Dental Treatment Izmir, Turkey",+905554204502,Diş Kliniği
"Op.Dr. Murat Ataseven - Meme Büyütme | Botox | Gözaltı ışık dolgusu, Dudak Dolgusu | Meme Küçültme | Karın Germe| Jinekomasti",+902324866678,Güzellik Salonu
GC Klinik | Op. Dr. Görkem Çalışkan | Lazer Epilasyon Merkezi,+905538674001,Güzellik Salonu
Aura Derma&Beauty House,+905072923938,Güzellik Salonu
Op.Dr. Rıza İnan KOCAARSLAN - Göz kapağı estetiği ve düşüklüğü (blefaroplasti) ameliyatı,+902324044141,Güzellik Salonu
izmirhair Saç Ekim ve Estetik Merkezi,+905308204247,Güzellik Salonu
Funce Medical İzmir,+905453533581,Güzellik Salonu
Ezgi Sert Estetik & Güzellik,+905330323677,Güzellik Salonu
Monaderm,+905383035590,Güzellik Salonu
İzmir Saç Ekim Merkezi | Eges Hair Clinic,+902324800061,Kuaför / Berber
Castelvia Clinic - İzmir Estetik Kliniği,+901727039270,Güzellik Salonu
"Bengi Güzellik, Estetik ve Diş Sağlığı Polikliniği",+905309176756,Diş Kliniği
Op. Dr. Muhammet Eren Ersöz,+905439169000,Güzellik Salonu
Mawien Beauty,+905354635708,Güzellik Salonu
Clinichair,+902323432585,Kuaför / Berber
Egederm Estetik & Güzellik,+902323732162,Güzellik Salonu
Sunestet Estetik Kliniği | Saç Ekim Merkezi,+905548181211,Güzellik Salonu
Op. Dr. Rıdvan Duran Klinik|Burun Estetiği,+905334725359,Diğer (Sağlık & Bakım)
İzmir Ozon Klinik - Dr. Aslıhan İnce,+905421263535,Diğer (Sağlık & Bakım)
Özel Ariatta Polikliniği,+902324216500,Güzellik Salonu
Can Çalışkan Güzellik Koçu,+905061794174,Güzellik Salonu
Tolga Yılmaz Estetik,+905325624460,Güzellik Salonu
Ma Vie Estetik,+902324860046,Güzellik Salonu
İzmir Saç Ekim Merkezi | Loya Clinic | Fue saç ekimi | İzmir saç PRP ve Mezoterapi | Sakal ekimi | Kaş ekimi,+905331334780,Psikolog / Terapist
Hera Estetik Medikal,+902324620456,Güzellik Salonu
Estetik Cerrahi - Op. Dr. Dilek Bağdatlı,+905462169465,Güzellik Salonu
Gümüş Psikoloji Merkezi Psk. Selin Gümüştekin,+905396995809,Psikolog / Terapist
Aliye Kut | Online Psikolog | İzmir Bayraklı Psikolog | Çocuk Psikoloğu,+905521612330,Psikolog / Terapist
İzmir Şans Psikoloji Danışmanlık Merkezi,+905387756835,Psikolog / Terapist
Klinik Psikolog Ezgi Aktaş,+908508113601,Psikolog / Terapist
"EBRU ÖZER | Uzman Psikolog, İzmir Psikolog, Bayraklı Psikolog",+905302302210,Psikolog / Terapist
Kağan AY Danışmanlık | İzmir Psikolog,+905054216270,Psikolog / Terapist
İzmir Psikolog | Anka Psikoloji Merkezi,+905079140026,Psikolog / Terapist
İzmirde Psikolog | Psikolog Ceren Yağcıköseoğlu,+905539638513,Psikolog / Terapist
Uzman Klinik Psikolog Zübeyde Ezgi Horzum,+905523923435,Psikolog / Terapist
Uzman Psikolog - Doç. Dr. Gizem Akcan,+908508116286,Psikolog / Terapist
Psikolog Ülkü Aktaş,+905071537203,Psikolog / Terapist
İzmir Psikolog - Uzman Klinik Psikolog Elif Işık Çebi,+905337273325,Psikolog / Terapist
Uzm. Kl. Psk. Tuğba Aksu,+905308988222,Psikolog / Terapist
Psikolojik Danışman Hasan İncesu,+905058051735,Psikolog / Terapist
Uzman Psikolog Buse Şentürk,+902323520932,Psikolog / Terapist
"Psk. Bahriye Kıroğlu, Psikoloji",+908503338344,Psikolog / Terapist
İzmir Psikolog Uzman Psikolog Aslıhan Değerli Aytoğan,+905339286063,Psikolog / Terapist
Bayraklı Uzman Psikolog Aleyna Yaman,+905461331888,Psikolog / Terapist
Uzman Psikolog Esra Aydınlı,+905417752802,Psikolog / Terapist
Bayraklı Psikolog,+905318866645,Psikolog / Terapist
İzmir Limen Psikoloji,+905402750035,Psikolog / Terapist
Uzman Psikolog Gülendam OZAN,+902323740407,Psikolog / Terapist
İzmir Bayraklı Psikoloji | İrem Tavukcular Psikolojik Danışmanlık | Çocuk Ergen Yetişkin Psikolojik Danışmanlık Merkezi,+905050076602,Psikolog / Terapist
MİZMER DANIŞMANLIK,+905334230909,Psikolog / Terapist
Psikolog Tuana ÖZBEK,+905421228713,Psikolog / Terapist
Psikolog İrem Varol,+905414123665,Psikolog / Terapist
İzmir Psikolog Altan Demirel - İzmir Bayraklı'da Psikolog,+905346684177,Psikolog / Terapist
Klinik Psikolog Berk Bodur & Ümit Ege Işık Bodur | İzmir Bayraklı,+905354674110,Psikolog / Terapist
İZMİR PSİKOLOG- PSİKOLOJİK DANIŞMAN | İZMİR PERA PSİKOLOJİK DANIŞMANLIK,+905077958037,Psikolog / Terapist
Bayraklı Pedagog - Psikolog - Ege Pozitif Psikoloji,+905377767060,Psikolog / Terapist
Klinik Psikolog Ebru Kaya,+905400180292,Psikolog / Terapist
Klinik Psikolog Ayşe Tuğba SİLAY ÖZ | Veya Psikoloji,+905400105110,Psikolog / Terapist
Psikolog & Uzman Psk.Dan. Pınar Akdemir,+905304150082,Psikolog / Terapist
"İzmir Alkol, Kumar, Madde, Sigara, İnternet Bağımlılık Terapi Danışmanlık",+905389841896,Psikolog / Terapist
Portera Psikoloji,+905384779222,Psikolog / Terapist
Şeyma Altunkalem Danışmanlık,+908504741763,Psikolog / Terapist
Conatus Psikolojik Danışmanlık,+905404799370,Psikolog / Terapist
Bayraklı Klinik Psikolog Hatice Aktakka,+905526898805,Psikolog / Terapist
Blanka Psikolojik Danışmanlık Merkezi İzmir - Online Psikolog,+905060673805,Psikolog / Terapist
Bayraklı Psikolog Uzman Pedagog Aile Evlilik Çift Ergen Terapi Danışmanlık Merkezi,+902329990828,Psikolog / Terapist
Kabile Psikoloji,+905411883918,Psikolog / Terapist
Klinik Psikolog Esra Pektaş Kıldiş,+905548252111,Diş Kliniği
Klinik Psikolog Özgün Engün,+905057876856,Psikolog / Terapist
"Bayraklı Pedagog, İzmir Çocuk Psikologu, Bayraklı Psikolog Merkezi",+905377767061,Psikolog / Terapist
Klinik Psikolog Semih Şan | Karşıyaka Psikolog | İzmir Psikolog | Psikoterapist,+905468782033,Psikolog / Terapist
Klinik Psikolog Cansu Dağdemir Sur,+905538086249,Psikolog / Terapist
Klinik Psikolog Belkıs Abacı,+908504742247,Psikolog / Terapist
Uzman Psikolog Merve Çalışır,+905437756469,Psikolog / Terapist
Psikolog Çağlar Akbaş,+908504740282,Psikolog / Terapist
Klinik Psikolog Ezgi Demirtürk,+905301779690,Psikolog / Terapist
"Aile Danışmanı Abdullah Özer - Uzman Aile Danışmanı, Psikoterapi, Cinsel Terapi, Hipnoterapi, Çift Terapisi",+908504746208,Psikolog / Terapist
Klinik Psikolog Gülfem Mahpeyker ÇELİK,+908504746257,Psikolog / Terapist
Aden Psikolojik Danışmanlık Merkezi İZMİR/BAYRAKLI,+905301861388,Psikolog / Terapist
Klinik Psikolog Özge Köseoğlu,+905355283500,Psikolog / Terapist
İzmir Psikolog Fatma Bilici – Online & Yüz Yüze Terapi,+905302667546,Psikolog / Terapist
Altuğ Psikoloji | İzmir Psikolog,+905011123575,Psikolog / Terapist
Uzm. Klinik Psk. Elif Bascelik Yavuz,+905019420035,Psikolog / Terapist
İzmir Pedagog | Uzman Çocuk Psikologu,+905303708596,Psikolog / Terapist
İzmir Psikolog Elif Özlem Cebeci - Karşıyaka Psikolog,+905071928218,Psikolog / Terapist
Klinik Psikolog Gökçe Gürlek | İzmir,+905392013080,Psikolog / Terapist
Güneş Psikoloji İzmir,+905431270105,Psikolog / Terapist
Psikolog/Aile Terapisti Dr. Mehmet KILIÇ Danışmanlık Merkezi İZMİR,+905076230209,Psikolog / Terapist
Uzman Psikolog Buse Özdede,+905303939672,Psikolog / Terapist
Bostanlı Psikoloji ve Psikodrama Merkezi | İzmir Psikolog & Online Terapi,+905461333500,Psikolog / Terapist
İzmir çocuk Psikolog Merkezi,+905436447351,Psikolog / Terapist
Uzm. Dr. İlker Erdoğan,+908508117730,Diğer (Sağlık & Bakım)
Aile Terapisti İzmir - Uzman Evlilik Çift Danışmanlığı - Ay Psikoloji,+902329992619,Psikolog / Terapist
Duyu Psikoloji - İzmir Psikolog,+905539759635,Psikolog / Terapist
Psk. Nagehan Erkaya Baş,+905313033407,Psikolog / Terapist
Psikolog Nihal Gümülcine,+905524274544,Psikolog / Terapist
Psikolog Gizem Saray,+908508116202,Psikolog / Terapist
Kl. Psk. Gülşah Sak,+905439169274,Psikolog / Terapist
İzmir Psikiyatri Uz. Dr. Olga Gökbulut - İzmir Bayraklı'da Psikiyatrist,+905323502828,Psikolog / Terapist
Uzman Klinik Psikolog Hasan Arslan,+905367795739,Psikolog / Terapist
"Psk. Ebru Çetin Sert, Psikoloji",+905356652382,Psikolog / Terapist
PSY-Q Psikoloji,+905325419666,Psikolog / Terapist
İzmir Psikolog Hipath Psikoloji Merkezi,+905380944304,Psikolog / Terapist
Uzm. Dr. Önder KÜÇÜK,+905424799370,Psikolog / Terapist
Klinik Psikolog Cansu BİNGÜL,+905533979535,Psikolog / Terapist
Klinik Psikolog Fulya Kökden Akdoğan,+905058966710,Psikolog / Terapist
Psikolog Aile Danışmanı Gül Özge BAY,+905327127472,Psikolog / Terapist
Psikolog Sedef Yıldırım Saruhan,+905524635035,Psikolog / Terapist
İzmir Psikolog Elvan Bacanlı,+908504741534,Psikolog / Terapist
"Yaşam Boyu Psikolojik Danışmanlık Merkezi, İzmir Psikolog",+905397073524,Psikolog / Terapist
"Uzm.Dr Armağan İngeç, Psikiyatrist & Psikoterapist",+905326293539,Psikolog / Terapist
SVS Klinik İzmir,+905358710650,Diş Kliniği
"Dent GLOW Clinic⎮İmplant Diş⎮Kozmetik Diş⎮Diş Kaplama⎮İzmir, Bayraklı Diş Kliniği, Diş Hekimi Dt.Dr.Gürkan Metin",+902322030000,Diş Kliniği
Smile İzmir,+905539355141,Diş Kliniği
Dentaglobal Ağız Ve Diş Sağlığı Polikliniği,+908503998282,Diş Kliniği
BAYRAKLI SHİNE AND SMİLE AĞIZ VE DİŞ SAĞLIĞI POLİKLİNİĞİ,+905338116484,Diş Kliniği
es-dent ağız ve diş sağlığı polikliniği,+902329660929,Diş Kliniği
Locadent Ağız Ve Diş Sağlığı Polikliniği - Bayraklı | İmplant Tedavisi | Gülüş Estetiği | Zirkonyum,+902325029596,Diş Kliniği
Özel Vega Ağız ve Diş Sağlığı Polikliniği,+905431253500,Diş Kliniği
Özel Smyrna Ağız ve Diş Sağlığı Polikliniği,+905380833899,Diş Kliniği
Dentagora Ağız ve Diş Sağlığı Polikliniği Bayraklı Şubesi,+902323435608,Diş Kliniği
Özel Dentall Ağız ve Diş Sağlığı Polikliniği,+902324352233,Diş Kliniği
Dent Hayat Ağız ve Diş Sağlığı Polikliniği,+905317212171,Diş Kliniği
Omnia Dental Clinic,+905016006786,Diş Kliniği
Özel Duo Dental Ağız Ve Diş Sağlığı Polikliniği,+905327666377,Diş Kliniği
Uzm. Dt. Mehmet Ali Koldaş – Çene Cerrahı & 20'lik Diş Çekimi,+905453809012,Diş Kliniği
Özel Ege Freshdent Ağız ve Diş Sağlığı Polikliniği,+902324356914,Diş Kliniği
İntegrum Ağız ve Diş Sağlığı Polikliniği | Integrum Dental Clinic,+905309096278,Diş Kliniği
Diş Hekimi Ülkü Sevinç Dental Medical Esthetic,+905435439016,Diş Kliniği
Özel Dent Snow Ağız ve Diş Sağlığı Polikliniği,+905077031424,Diş Kliniği
Dentafix Bayraklı Ağız ve Diş Sağlığı Polikliniği,+905443432584,Diş Kliniği
Diş Hekimi Ayşegül Onuşluel,+902323412102,Diş Kliniği
Uzman Diş Hekimi Fatma Türktekin,+902325039492,Diş Kliniği
Doç.Dr.Halise Aydemir – İzmir Ortodonti Uzmanı (Folkart Towers)Ortognatik Cerrahi.Şeffaf plak(İnvisalign). Dijital Ortodonti,+905301550952,Diş Kliniği
Özel İzmir ECE Ağız ve Diş Sağlığı Polikliniği,+902324864020,Diş Kliniği
Özel Dent İlena Ağız ve Diş Sağlığı Polikliniği,+905305645788,Diş Kliniği
Diş Hekimi Berkay Değer,+905349423500,Diş Kliniği
Diş hekimi yusuf başkan,+905333318122,Diş Kliniği
Ecren Çolak Dent Clinic,+905518221333,Diş Kliniği
DENTELORA AĞIZ VE DİŞ SAĞLIĞI POLİKLİNİĞİ,+905408448484,Diş Kliniği
OMNİA KİDS Ağız ve Diş Sağlığı Polikliniği,+905332906786,Diş Kliniği
Hollywood Dental Clinic,+905304808835,Diş Kliniği
Dent Bonova Çocuk ve Yetişkin Diş Polikliniği,+905495868835,Diş Kliniği
"Dt. Gamze Bayındır | Dt. Hande Uzunallı Yerlikaya İzmir Diş Hekimi İmplant, Zirkonyum, Gülüş Tasarımı",+905327429660,Diş Kliniği
İzmir Diş İmplantı Tedavisi | Avrupadent Bornova Özkanlar Ağız ve Diş Sağlığı Polikliniği,+902322072200,Diş Kliniği
Diş Hekimi Anıl Tunçay,+902323480011,Diş Kliniği
Uzm. Dt. Gülçin Sarsılmazer | İzmir Diş Eti Hastalıkları ve İmplant Tedavisi,+905300528592,Diş Kliniği
ImpOrth Smile Studio,+905495851964,Diş Kliniği
Uzman Dt. Kutay Karaca Muayenehanesi,+905326860396,Diş Kliniği
"Dr. Dt. Fulya Karaoğlan, Diş Hekimi",+905335750171,Diş Kliniği
Diş Hekimi Alper ŞENYÜZ,+905424407441,Diş Kliniği
My Nova Ağız ve Diş Sağlığı Polikliniği İzmir İmplant,+902323300467,Diş Kliniği
Locadent Ağız ve Diş Sağlığı Polikliniği - Mavişehir,+905453886060,Diş Kliniği
Diş Hekimi Hanife Nur Ok,+905537837010,Diş Kliniği
Uzm. Dt. Hakan Bilen | Restoratif Diş Tedavisi Uzmanı | Gülüş Tasarımı | Kompozit Lamina | Bonding | İzmir,+905369773291,Diş Kliniği
Doç.Dr. Önder Gürlek,+905057555888,Diş Kliniği
"Pedodonti İzmir, Dr.Dt. Ebru Keleş Gülbahçe",+905447626080,Diş Kliniği
Dt. Mert Birancı,+905323903596,Diş Kliniği
Diş Hekimi Fatih Karadayı,+905303511645,Diş Kliniği
Dr. Serhat Doğru,+902323430615,Diş Kliniği
Ortodonti Uzmanı Çağrı Şibal - Ortodontik Tedavi I İzmir Şeffaf Plak I invisalign,+905325054008,Diş Kliniği
Diş Hekimi Ahmet Üstel,+902323714212,Diş Kliniği
Smile To World With Us,+905411304235,Diş Kliniği
Diş Hekimi Cem Özboyacı,+902323430734,Diş Kliniği
Bornova Semt Ağız ve Diş Sağlığı Polikliniği,+902323735944,Diş Kliniği
İzmir Dişhekimleri Odası,+902324613615,Diş Kliniği
Uzm. Dr. Berrin Ünek,+908504746835,Diş Kliniği
Bornova Ağız Ve Diş Sağlığı Merkezi,+902324357073,Diş Kliniği
Diş Hekimi Fatma Anaç,+902323660667,Diş Kliniği
Diş Hekimi Şahin Badem,+905336908255,Diş Kliniği
Diş Hekimi Dr. Dt. Ömer Ankaya ( Çene Cerrahisi Uzmanı),+902323444494,Diş Kliniği
Pol Smile,+902325033737,Diş Kliniği
Dent Clinic Turkey,+905539150664,Diş Kliniği
Saygin Health,+905443174849,Diğer (Sağlık & Bakım)
Çocuk Diş Hekimi Uzm.Dt.Nazlı Sevilmiş,+905324684096,Diş Kliniği
Gamze Ağız ve Diş Sağlığı Merkezi,+905323026013,Diş Kliniği
Yalı Ağız ve Diş Sağlığı Polikliniği,+902322242050,Diş Kliniği
Esn Dental Diş Hekimi Dr. Esin Baycan,+902324617801,Diş Kliniği
Dr. Dt. Çağlar Körcük,+902322905676,Diş Kliniği
Dr. Dt. Seyfi Kelebek,+908508119201,Diş Kliniği
Ece Çavdar Ortodonti Kliniği,+905528769300,Diş Kliniği
Diş Hekimi Ebru Peçel,+902323470155,Diş Kliniği
Özel Dent Agora Ağız ve Diş Sağlığı Polikliniği Bornova Şubesi,+902323745055,Diş Kliniği
Dis Hekimi Çigdem Idiz,+902325021110,Diş Kliniği
Ortodonti Uzmanı Dr. Sıla Bilgin Yener,+905466613690,Diş Kliniği
Diş Hekimi Kanun Mercimek,+902324481747,Diş Kliniği
Ağız ve Diş Sağlığı Polikliniği,+902324630939,Diş Kliniği
Özel Batı Diş Ağız Ve Diş Sağlığı Polikliniği,+902323727722,Diş Kliniği
Diş Hekimi Demet Fırat & Diş Hekimi Z. Defne Kırım,+902323488175,Diş Kliniği
Özel Art Ağız ve Diş Sağlığı Polikliniği,+902323811074,Diş Kliniği
Diş Hekimi Ali Kara,+905403564000,Diş Kliniği
Smiles İzmir,+902324088884,Diş Kliniği
Diş Hekimi Emre Ersaçan Diş Kliniği,+902323690919,Diş Kliniği
Burcu Benler Tattoo Atelier,+905535383836,Dövme & Piercing
Şakre Tattoo Exclusive,+905056735345,Dövme & Piercing
KaanSeyhan Tattoo Studio,+905531743585,Dövme & Piercing
GOAT TATTOO INK,+905423052884,Dövme & Piercing
Cloud Ink,+905074078067,Dövme & Piercing
Kepez tattoo,+905050397672,Dövme & Piercing
Dövme Silme Uzmanı,+905421158335,Dövme & Piercing
Magic World Tattoo,+905528832252,Dövme & Piercing
Karşıyaka Dövmecisi,+905452958835,Dövme & Piercing
Stone ink Tattoo&Piercing,+905434665733,Dövme & Piercing
Rec Tattoo,+905078183558,Dövme & Piercing
Toxin Tattoo Studio,+905443359535,Dövme & Piercing
Smiley Tattoo Studio,+905074208040,Diş Kliniği
Tattoo Dodo,+905468841912,Dövme & Piercing
SPACE TATTOO PİERCİNG / by Erman CAN,+905517127040,Dövme & Piercing
Kubilay Küçük Tattoo Studio,+905547558211,Dövme & Piercing
enso ink Tattoo Studio,+905454852419,Dövme & Piercing
Garaj 808 Tattoo Studio & Art Gallery,+905538083000,Dövme & Piercing
INKY TATTOO STUDIO,+905384319465,Dövme & Piercing
Can Demirkaya | Dövme sanatçısı,+905518432763,Dövme & Piercing
Now ink Tattoo & Design Studio,+905050150026,Dövme & Piercing
Halil Asuraci Tattoo Art,+905073473202,Dövme & Piercing
Agartha Tattoo Studio,+905461107248,Dövme & Piercing
Ink Town Tattoo Studio,+905074991346,Dövme & Piercing
Nautilus Tattoo Art,+905443669843,Dövme & Piercing
INKSPACE Tattoo & Piercing,+905309123522,Dövme & Piercing
inkworks tattoo piercing,+905350333515,Dövme & Piercing
katvice. | tattoo & art gallery,+905428083513,Dövme & Piercing
Fenrir Tattoo,+905013651202,Dövme & Piercing
Ares Tattoo Piercing,+905535247184,Dövme & Piercing
SOLAKARTTATTOO,+905324896935,Dövme & Piercing
Emrah Yılmaz Art Studio,+905448886011,Dövme & Piercing
Luna Tattoo & Piercing | Karşıyaka Dövme Stüdyosu,+905060414091,Dövme & Piercing
Hörü Ink Dövme Dükkanı,+905544403997,Dövme & Piercing
The Monarch Ink,+905330137218,Dövme & Piercing
Black Pearl Tattoo,+905395095951,Dövme & Piercing
İzmir Dövme Malzemeleri SKİN ART TATTOO,+905054903519,Dövme & Piercing
Umutcan Yurdusev TATTOO,+905342121061,Dövme & Piercing
Tattoo Okan Çarga,+905449515554,Dövme & Piercing
Tattoo Emko,+905070624297,Dövme & Piercing
TATTOO vetattoo,+905339132436,Dövme & Piercing
HALİT DEMİRALAY Tattoo & Piercing,+905050600995,Dövme & Piercing
35 INK TATTOO STUDIO,+905062460754,Dövme & Piercing
Bros.co.studio,+905528071988,Dövme & Piercing
Homeros Ink Bostanlı Tattoo Piercing,+905378668899,Dövme & Piercing
X232 TATTOO STUDIO,+905314930232,Dövme & Piercing
Duo Inked Home Tattoo Studio,+905546721241,Dövme & Piercing
Durukan Tattoo Piercing,+905070734535,Dövme & Piercing
Splash Ink Tattoo & Piercing Studio,+905464306001,Dövme & Piercing
Pineapple Art Studio,+905068181846,Dövme & Piercing
Köprüaltı Tattoo,+902323686188,Dövme & Piercing
Sayrax.ink Tattoo,+905537652670,Dövme & Piercing
Alpha Monkey Tattoo,+905372556912,Dövme & Piercing
MCA TATTOO,+905526111912,Dövme & Piercing
Pud.Ink Tattoo Studio,+905447967170,Dövme & Piercing
Köprüaltı Tattoo & Piercing,+902324653536,Dövme & Piercing
INKED-UP TATTOO ART GALLERY,+905551616963,Dövme & Piercing
BİG BOSS TATTOO,+905061919457,Dövme & Piercing
Akropol Tattoo & Piercing,+905422533211,Dövme & Piercing
Art Tattoo Coffee,+905079352180,Dövme & Piercing
TNT TATTOO INK,+905336576781,Dövme & Piercing
EPİPHANY TATTOO,+905392380168,Dövme & Piercing
Turtle İnk Tattoo Studio,+905076615399,Dövme & Piercing
Mariposa Tattoo Art Studio,+905056645533,Dövme & Piercing
MC Tattoo & Piercing,+905366947219,Dövme & Piercing
Ankh Tattoo Studio,+905060990214,Dövme & Piercing
BKT TATTOOS,+905549498735,Dövme & Piercing
Backwards Tattoo,+905069414708,Dövme & Piercing
Rusty Hands,+905308153620,Dövme & Piercing
Enes Acar Tattoo,+905522462683,Dövme & Piercing
Jt tattoo,+905050648425,Dövme & Piercing
Tabula Rasa Tats,+905526019914,Dövme & Piercing
Davinci Tattoo Studio,+905303449572,Dövme & Piercing
35oz Tattoo | İzmir Alsancak Dövmeci,+905549168819,Dövme & Piercing
Diyetisyen Gürkan Hınız | İzmir Diyetisyen,+908504746761,Diyetisyen
Diyetisyen Tuba Kılınç Üzümcü | İzmir Diyetisyen,+902322182192,Diyetisyen
Diyetisyen Çağrı ÜZÜMCÜ | İzmir Diyetisyen,+905457188118,Diyetisyen
İzmir - Bayraklı Diyetisyen Gizem Tunçtürk Ege,+905058540960,Diyetisyen
Diyetisyen Simge Altınoluk - İzmir Bayraklı Diyetisyen,+905010906090,Diyetisyen
Diyetisyen Burcu Mehmetoğlu | İzmir Diyetisyen | Sporcu Diyetisyeni,+905073078878,Diyetisyen
Diyetisyen Melike Karaca Denizli,+905309401535,Diyetisyen
Diyetisyen Neslihan Yeşilotalı,+905513510835,Diyetisyen
Diyetisyen Ceren Sağır,+905317125711,Diyetisyen
Uzman Dyt. Candan Varol | İzmir Diyetisyen | Bayraklı Diyetisyen,+908504333961,Diyetisyen
Dyt. Şeyma Türkoğlu - İzmir Diyetisyen,+905542278652,Diyetisyen
Diyet Vizyon | Şükran Vural | İzmir Diyetisyen | Uzman Diyetisyen,+902324212442,Diyetisyen
Diyetisyen Selin Sat- İzmir Diyetisyen Selin SAT,+905362481689,Diyetisyen
Online Diyetisyen,+905346932447,Diyetisyen
Esra Aran | İzmir Diyetisyen| Özel Sağlık Meslek Hizmet Birimi,+905336563047,Diyetisyen
Diyetisyen Tuğçe Tunçtürk,+902324220002,Diyetisyen
Deniz Zünbülcan,+905537478132,Diğer (Sağlık & Bakım)
Sümeyye Yan Beslenme ve Diyet Merkezi,+905545019334,Diyetisyen
Diyetisyen İpek Yıldız Girgin,+905525724296,Diyetisyen
"Diyetisyen Merve Dişyar - İzmir Diyetisyen, Mide Botoksu",+905449171672,Diş Kliniği
Diyetisten Fulya Türkoğuz,+905010351301,Diyetisyen
İZMİR DİYETİSYEN İREMNAZ ASLANMİRZA,+905538397976,Diyetisyen
"Diyetisyen Nuralem Tozoğlu - Fonksiyonel Tıp, Beslenme Danışmanlığı",+902323520921,Diyetisyen
Diyetisyen Ecem Kaynar,+905308470471,Diyetisyen
Diyetisyen Bengü Burcu İpek,+905533073963,Diyetisyen
Uzman Diyetisyen Yelda Mansuroğlu,+902324868808,Diyetisyen
Diyetcin Beslenme ve Diyet Danışmanlığı,+905337046503,Diyetisyen
İzmir Diyetisyen Sevde Varol,+908504744428,Diyetisyen
İzmir Diyetisyen Ece Kayabey,+905548538199,Diyetisyen
Diyetisyen Aslı Kürkçü | İzmir Diyetisyen,+905459406296,Diyetisyen
Diyetisyen Buse Ergin,+902329661414,Diyetisyen
Healthy Way For You,+905456976383,Diyetisyen
Diyetisyen Ömer Faruk Korkmaz | İzmir | Online Diyet,+905436020592,Diyetisyen
Go Diyet | İzmir Diyetisyen,+905539166083,Diyetisyen
Diyetisyen Duygu Öztürk Vargör|İzmir Diyetisyen,+905076765314,Diyetisyen
Diyetisyen Berna Çoban Dinler,+905436646095,Diyetisyen
"Diyetisyen Ezgi Bayram Binli / Dr. Biyokimyager, Fonksiyonel Beslenme",+905350501795,Diyetisyen
Diyetisyen Beyza Kılıç,+902325046884,Diyetisyen
İzmir Diyetisyen - Diyet Sante,+905068000070,Diyetisyen
Diyetisyen Cerennur Turan-Karşıyaka Diyetisyen,+905350349835,Diyetisyen
Dyt. Şenay Ünal / Bayraklı Diyetisyen,+905548331149,Diyetisyen
NEO Diyet ve Dönüşüm Merkezi | İzmir Diyetisyen | İzmir Online Diyetisyen | Uzm. Dyt. Nurça Eda OĞUZ,+905374903460,Diyetisyen
Uzman Diyetisyen Bilgehan Şekerci,+905387719071,Diyetisyen
Uzman Diyetisyen Gülce Gencan,+905321318243,Diyetisyen
Diyetisyen Andaç Yeşilyurt,+905075324004,Diyetisyen
Diyetince Beslenme ve Diyet Danışmanlığı,+905411902235,Diyetisyen
Diyetisyen Kadriye Adıkutlu,+905536296205,Diyetisyen
Uzman Çocuk Diyetisyeni Kader Atlı | İzmir Diyetisyen,+905412504860,Diyetisyen
Diyetisyen Melisa Saklı,+905378293666,Diyetisyen
İzmir Diyetisyen Hanife Kara,+905380496433,Diyetisyen
Uzman Diyetisyen Tuba Büyükoral | FITWITHTUBA,+905068315080,Diyetisyen
Diyetisyen Uğur Taylan,+905010927335,Diyetisyen
İzmir Diyetisyen | Uzman Diyetisyen Buse Epikler,+905343214747,Diyetisyen
Uzman Diyetisyen Semiha Özge Kara Beslenme ve Diyet Danışmanlığı,+905395723657,Diyetisyen
Diyetisyen & Fizyoterapist Ayşe Şahbaz,+905335623500,Psikolog / Terapist
DİYETİSYEN AYGÜL KEKEÇDİL SAĞLIKLI YAŞAM VE DANIŞMANLIK MERKEZİ,+905526225089,Psikolog / Terapist
Global EMS Fitness (BAYRAKLI),+905303849889,Kuaför / Berber
Diyetisyen Büşra Taşçı Dilmen,+905367484879,Diyetisyen
Dyt. İrem ÇAKMAK & Dyt. Ecem BALKAN,+905016521603,Diyetisyen
Diet Time | İzmir Diyetisyen | İzmir Beslenme ve Diyet Uzmanı,+902324224492,Diyetisyen
Diyetisyen Yasemin Bilgili,+905538313800,Diyetisyen
Diyetisyen İrem Tekin - fİT Beslenme Eğitimi ve Diyet Danışmanlığı,+905435879443,Diyetisyen
Dietician Gülden Karadeniz,+905413052212,Diyetisyen
Diyetisyen Burcu Tunç,+905346946669,Diyetisyen
Diyetisyen Rumeysa Dikbaş | Mavişehir Diyetisyen | Karşıyaka Beslenme Uzmanı,+902324224491,Diyetisyen
HAFİF TARTI DİYET OFİSİ,+905421500136,Diyetisyen
Diyetisyen Melike ALTINDAĞ,+905362425634,Diyetisyen
Diyetisyen Cennet Harman,+905457706545,Diyetisyen
Diyetisyen Özge Aykır,+905425281934,Diyetisyen
Diyetisyen Rojhat Koparan,+905438257281,Diyetisyen
SlimWorld Bayraklı,+905302596802,Kuaför / Berber
Diyetisyen İrem Deveci / İzmir Sağlıklı Beslenme ve Diyet,+905304318980,Diyetisyen
Diyetisyen Aybüke SUBAŞIOĞLU YEŞİLYURT,+905373042525,Diyetisyen
"Uzm. Dyt. Simge Becer - İzmir Diyetisyen, Online Diyet",+905055944008,Diyetisyen
Diyetisyen Mert Yorulmaz,+905415898202,Diyetisyen
Nutreolife Beslenme ve Danışmanlık,+905326230282,Psikolog / Terapist
Karşıyaka Sarya Güzellik Salonu-Karşıyaka Cilt Bakımı- Dudak Renklendirme - Protez Tırnak - Pudralama,+905012462135,Güzellik Salonu
Diyetisyen Deniz Karakuş,+905327017402,Diyetisyen
Diyetisyen Ali Mutlu,+905065858888,Diyetisyen
İzmir Diyetisyen Deniz Kutluk,+908504749110,Diyetisyen
Diyetisyen Sıla Yalçıntekin Karadağ I Özel Sağlık Meslek Hizmet Birimi,+905075861102,Diyetisyen
Diyetisyen / Fonksiyonel Tıp Diyetisyeni Ruken Kuzu,+908504748595,Diyetisyen
Metafiz,+905303478200,Diğer (Sağlık & Bakım)
Dyt. Buket Adanç - Online Diyetisyen Online Diyet Hizmeti,+905076521514,Diyetisyen
Uzman Diyetisyen Ayşenur Bozkurt Beslenme Danışmanlık Merkezi,+905064808130,Psikolog / Terapist
Diyetisyen Ayşe Güneş,+905364481692,Diyetisyen
"Dyt. Fatma Yılmaz, Diyetisyen, Online Diyet, İzmir",+905398225952,Diyetisyen
BirKalori İzmir Diyet Merkezi,+905521883505,Diyetisyen
Uzman Diyetisyen Görkem Mercan,+905367451881,Diyetisyen
Diyetisyen Özge Bayraktar,+908504740113,Diyetisyen
Uzman Diyetisyen Aysu Altar,+905558786486,Diyetisyen
Diyetisyen Şüheda Bengisu Rodop,+905061663701,Diyetisyen
Sportfiz Bayraklı | Reformer Pilates Studio,+905312649570,Pilates / Yoga
Bayraklı As Pilates,+902325030712,Pilates / Yoga
Shine Pilates Studio,+905337157229,Pilates / Yoga
ROR and Pilates,+905327862210,Pilates / Yoga
Bayraklı Pilates ve Yoga,+905516419072,Pilates / Yoga
PilateSystem İzmir,+905441538248,Pilates / Yoga
Encore Pilates,+905468505599,Pilates / Yoga
S Pilates Studio,+908502833858,Pilates / Yoga
Noxx Pilates - Bayraklı,+905529451914,Pilates / Yoga
Studio 2K Pilates,+902323630335,Pilates / Yoga
Pumpkin Gym & Pilates Studio,+905010129092,Pilates / Yoga
Ilgın Süsin Pilates Studio,+905333160639,Pilates / Yoga
BES PİLATES STUDİO,+905063773199,Pilates / Yoga
O2xygen Gym Bayraklı,+905011343435,Kuaför / Berber
Omnia Personal Training & Pilates Studio,+905068332805,Pilates / Yoga
Jade Pilates Club,+905412320109,Pilates / Yoga
Ezgi Kırmızıtaş Pilates Stüdyo,+905071383449,Pilates / Yoga
Büşra Günay Training Studio İzmir,+905061114474,Kuaför / Berber
GYMLIFE,+902323417999,Kuaför / Berber
Ers Personal Training Studio,+905332470660,Kuaför / Berber
Dori Pt - Personal Training ve Reformer Pilates Stüdyosu,+905515043674,Pilates / Yoga
Vita Fitness,+902326835053,Kuaför / Berber
NOİFİT EMS FITNESS (BAYRAKLI),+905540287070,Kuaför / Berber
Mr Olympia Spor Salonu,+902323458880,Kuaför / Berber
WILD CLUB Training Studio,+905070437629,Kuaför / Berber
INSPIRE TRANING STUDIO | Personal Training & Fitness | Bayraklı İzmir,+905419531383,Kuaför / Berber
Slimshape Bayraklı,+905330299378,Kuaför / Berber
Focus Pt Studio,+905317316720,Kuaför / Berber
Like Fit-Bayrakli,+905301088623,Kuaför / Berber
Anka Pilates İzmir,+905545660365,Pilates / Yoga
Wod Studio,+905466076734,Kuaför / Berber
UNDERFIT SPORT CENTER,+905074097175,Kuaför / Berber
Fortius Fitness Club,+905374749185,Kuaför / Berber
Perform-x Studio,+905076231958,Diğer (Sağlık & Bakım)
Saga,+905326055786,Kuaför / Berber
Liva Fitness Center,+905358387616,Kuaför / Berber
Doğan ATEŞDAĞLI PT STUDIO,+905324576151,Kuaför / Berber
Bornfit Stüdyo,+905066151788,Pilates / Yoga
Fit & Fiz Sağlıklı Yaşam Merkezi,+905320540676,Kuaför / Berber
Olimpos gym,+905060584629,Kuaför / Berber
Shine training studio,+905359551508,Kuaför / Berber
ALP Boxing Team Bayraklı,+905342043966,Kuaför / Berber
Body Balance Gym,+905548808053,Kuaför / Berber
İZEFE SK SPOR SALONU,+905363711616,Kuaför / Berber
Yücelişli PT Studio,+905315809256,Diğer (Sağlık & Bakım)
Osa pilates stüdyo,+905308930846,Pilates / Yoga
Osman Baysal Hairdesigner,+902326315858,Kuaför / Berber
Bergama Güzellik Dünyası Katre-i Şifa (BAY ve BAYAN),+905050399935,Güzellik Salonu
Marvel Güzellik Salonu Bergama,+905525844445,Güzellik Salonu
BK Smooth Life Beauty Center,+905055252122,Güzellik Salonu
Zen Güzellik Salonu,+905073606100,Güzellik Salonu
Didemsi Beauty,+905362156882,Güzellik Salonu
Naz clas güzellik salonu,+905354377885,Güzellik Salonu
En Beauty Bergama,+905424873967,Güzellik Salonu
My style hair,+905306933862,Kuaför / Berber
Seren Baskın Beauty Studio,+905536361200,Güzellik Salonu
Emy & Cey Güzellik Salonu,+902326314536,Güzellik Salonu
Shine Beauty Center Bergama,+905435533544,Güzellik Salonu
Kumsal Güzellik Salonu,+905415278547,Güzellik Salonu
Pınar Beauty Center,+905374311082,Güzellik Salonu
Minerva güzellik salonu,+905301002873,Güzellik Salonu
KUAFÖR MERVEMM,+905061100428,Kuaför / Berber
Kuaför Ozi,+902326332656,Kuaför / Berber
Last Summer Beauty,+905464560257,Güzellik Salonu
Saloon Bossmer,+905076556364,Güzellik Salonu
dazzle HAİR DESİGNER,+905451383290,Kuaför / Berber
Saloon Bermens,+905356304749,Kuaför / Berber
Diamond Kuaför,+905416298046,Kuaför / Berber
Net Saç Tasarım,+905075457281,Kuaför / Berber
Çağrı Özçimenli Güzellik ve Bakım Merkezi,+905312613511,Güzellik Salonu
Alperen Yoldaş Hair Artist,+905530182435,Kuaför / Berber
Cansu Kaya Beauty,+905432853534,Güzellik Salonu
Hasret Vural Saç Tasarım,+905456416963,Kuaför / Berber
Tuncay Kuaför,+902326333406,Kuaför / Berber
Liz Kardeşler,+905352812646,Kuaför / Berber
Özge saç tasarım,+905326876274,Kuaför / Berber
Özgür Uşak Kuaför,+902326315739,Kuaför / Berber
Berk Babacan kuaför salonu,+905426647529,Kuaför / Berber
Kuaför Çağlar,+905453564055,Güzellik Salonu
Saloon Cix,+905354204137,Kuaför / Berber
HD kuaför Bergama,+905071502147,Kuaför / Berber
Kardelen Berber Salonu,+905305846194,Kuaför / Berber
Halil Banar Hair Center,+905362832091,Kuaför / Berber
Gizem Erkek Kuaförü,+905304093128,Kuaför / Berber
Bsy Kardelen Saç Tasarım Merkezi,+902326327774,Kuaför / Berber
Efe Ateş Hair Design,+905516932037,Kuaför / Berber
HÜSEYİN AL HAİR CENTER,+905546830363,Kuaför / Berber
Salon İlknur Emre,+905056317327,Kuaför / Berber
Kuaför Seher Durmuş,+905543472142,Kuaför / Berber
Berber İbo,+905353067330,Kuaför / Berber
İbrahim Dalgıç Haır Desıgner,+905533240268,Kuaför / Berber
Kuaför büşra,+905054292096,Kuaför / Berber
Makas Erkek Kuaförü,+905464775808,Kuaför / Berber
Kuaför Ayfer,+902326321411,Kuaför / Berber
Kuaför Nurdan,+902326331535,Kuaför / Berber
Vizy10 Hair Designer,+905301509685,Kuaför / Berber
Ebru Tülü Hairdresser,+905303422990,Kuaför / Berber
Seybes Saç Tasarım,+905376099112,Kuaför / Berber
Kuzey Berber Salonu,+905343293586,Kuaför / Berber
Karadut Erkek Kuaförü,+902326314249,Kuaför / Berber
Saloon Vakko saç tasarım,+905547778325,Kuaför / Berber
Kuaför Koray,+902326315033,Kuaför / Berber
Meva Saç Tasarım,+905544399556,Kuaför / Berber
Jet Turgay Bıyık Hair Center,+905558834193,Kuaför / Berber
Kuaför Ayşe,+905511748803,Kuaför / Berber
Madam Dory Saç Tasarım,+902326325452,Kuaför / Berber
Cix Berber Hair Desing,+905387303802,Kuaför / Berber
Dilberay,+905541242966,Kuaför / Berber
Kuaför Filiz,+902326334738,Kuaför / Berber
Kuaför Gülce,+902326325084,Kuaför / Berber
SelinKaraGuzellikSalonu&Kuaför,+905538016451,Güzellik Salonu
Stüdyo Helenia,+905426336311,Kuaför / Berber
Kanaat Berber Salonu,+905364638190,Kuaför / Berber
Kuaför nurşen,+905459521616,Kuaför / Berber
Yıldırım &emine kuaför,+902322782370,Kuaför / Berber
Inci saç tasarım,+902326324100,Kuaför / Berber
By minik hairdesigner,+905015517875,Kuaför / Berber
By_ Kadir TEKİNER,+905413239654,Kuaför / Berber
Genç oğlu erkek kuaförü,+905545854366,Kuaför / Berber
Ekol Erkek Kuaförü,+905356537995,Kuaför / Berber
Kuaför Gülden,+902326314252,Kuaför / Berber
SEVGİNUR UYSAL HAİRDRESSER,+905526359736,Kuaför / Berber
Özcan Erkek Kuaförü,+905546883305,Kuaför / Berber
Mert Erkek Kuaförü,+902326310107,Kuaför / Berber
Vedat Berber Salonu,+905375761061,Kuaför / Berber
TUĞBA ZORLU BEAUTY&ESTETIC BERGAMA,+905011090789,Güzellik Salonu
Berber ömür,+905314720989,Kuaför / Berber
BOSS ERKEK BERBERİ,+905363985212,Kuaför / Berber
"Barış Güzellik, Aliağa Güzellik Merkezi",+905357170787,Güzellik Salonu
PUREBELLA ESTETİK VE GÜZELLİK MERKEZİ,+905416819935,Güzellik Salonu
P&F Beauty Time Estetik ve Güzellik,+905396404402,Güzellik Salonu
Lilya Estetik ve Güzellik Merkezi,+905327642647,Güzellik Salonu
PARLA GÜZELLİK SALONU,+905327294325,Güzellik Salonu
İzmir Beauty,+905469038791,Güzellik Salonu
Esse Bien Nail And Beauty Studio,+905380306800,Güzellik Salonu
🏻SAMİRA ZEYNEP GÜZELLIK MERKEZI,+905075902723,Güzellik Salonu
Diamond Beauty Center,+905317784604,Güzellik Salonu
Ebru güzellik,+905444204307,Güzellik Salonu
ASSYA EPİLASYON GÜZELLİK ALİAĞA,+905055736001,Güzellik Salonu
Lilium Güzellik Merkezi,+902326160094,Güzellik Salonu
Erengül Dinçer Güzellik,+905010287735,Güzellik Salonu
Meral Yıldırım Beauty,+905425903532,Güzellik Salonu
Ludo Nail and Beauty Aliağa Şubesi,+905320608621,Güzellik Salonu
Fikaart / Protez tırnak / Nail art / Kalıcı oje / Güçlendirme,+905458491005,Güzellik Salonu
Ozme Estetik Kuaför,+905303098558,Güzellik Salonu
Protez tırnak kalici makyaj diyot lazer aliaga saloon meltem,+905075464865,Güzellik Salonu
Gloria Güzellik Salonu,+905414122864,Güzellik Salonu
Ece Bella Güzellik Salonu,+905513771201,Güzellik Salonu
Maya Beauty,+905010661858,Güzellik Salonu
By Makass,+905543975253,Kuaför / Berber
aliağa protez tırnak deniz beauty,+905537998065,Güzellik Salonu
Leyla Saç Tasarım,+902326170785,Kuaför / Berber
SEVİNÇ EREN KUAFÖR,+902326162166,Kuaför / Berber
Arzum Güzellik ve Kuaför Salonu,+905342270279,Güzellik Salonu
Stilmen hair academy,+905397053531,Kuaför / Berber
Difference kuaför,+902326161797,Kuaför / Berber
Duru Güzellik Salonu,+905428423585,Güzellik Salonu
Kuaför Özlem,+902326169459,Kuaför / Berber
Serramor bayan kuaförü,+905427422178,Kuaför / Berber
bukettasbeauty,+905424353128,Güzellik Salonu
Güzellik Salonu Charm Alıağa,+905461488814,Güzellik Salonu
MELİNAY GÜZELLİK,+905306093035,Güzellik Salonu
Estel Kuaför Salonu,+902326165058,Kuaför / Berber
Goldstar Kuaför,+902326170555,Kuaför / Berber
Aşina Erkek Kuaförü,+905398333918,Kuaför / Berber
Berber AyS TaŞ MakaS,+905413156953,Kuaför / Berber
Hakan alkan kuaför salonu,+905453144522,Kuaför / Berber
Saloon Turgay Erkek Kuaförü,+905343523068,Kuaför / Berber
Lumiere studio,+905465885921,Güzellik Salonu
Melisa Bayan Kuaförü,+905447278659,Kuaför / Berber
Nazan güler beauty stüdyo,+905321556483,Güzellik Salonu
Pilatesium Aliağa,+905337260373,Pilates / Yoga
neşem bayan kuaförü,+902326161477,Kuaför / Berber
"Ayzone Klinik, Aliağa Ozon Tedavi Merkezi",+905312322177,Güzellik Salonu
Kuaför eres İzmir Aliağa hair desıgner,+905077489035,Kuaför / Berber
Çağdaş ataş kuaför aliağa,+902326167121,Kuaför / Berber
Şimal Hair Makeup Studio,+905445400809,Güzellik Salonu
Dilay Kuaför,+902326169443,Kuaför / Berber
Nazar Bayan Kuaför Salonu,+902326165553,Kuaför / Berber
Biqnet Güzellik Merkezi,+902326170777,Güzellik Salonu
Aliağa Dövme (Perfect Tattoo),+905543543351,Dövme & Piercing
İzmir BarberShop - Aliağa Berber,+905011773535,Kuaför / Berber
Kuaför Şerife,+902326161974,Kuaför / Berber
Angora Kuaför,+902326172340,Kuaför / Berber
Meli Nail Stüdyo,+905466034284,Güzellik Salonu
Dilara Gezer - Hair Makeup Studio,+905383560835,Güzellik Salonu
Kuaför Fatih Aliağa,+902326162808,Kuaför / Berber
Blue Moon Erkek Kuaförü,+905365262823,Kuaför / Berber
ADEV GÜZELLİK SALONU,+905073425426,Güzellik Salonu
Çağın Kuaför,+902326160586,Kuaför / Berber
ALİAĞA GENÇLİK MERKEZİ,+902326167071,Kuaför / Berber
Jasmin Güzellik Salonu,+902326166864,Güzellik Salonu
Dr. Seyhan Günay - Aliağa Medikal Estetik Doktoru,+908504741230,Güzellik Salonu
ŞULE Ç. BAYAN KUAFÖRÜ,+905075472052,Kuaför / Berber
Nilüfer Bakır | Sirius Nail Art | Protez Tırnak,+905071478358,Güzellik Salonu
Le Paris bayan kuaförü,+905437225359,Kuaför / Berber
Rain Kuaför,+905015293945,Kuaför / Berber
Salon Nokta Kuaför ve güzellik,+905467855453,Güzellik Salonu
Volkan Madenli Hair & Makeup Studio,+905300180395,Güzellik Salonu
Uğur bağcı hair palaces,+905070934612,Kuaför / Berber
Melek Saç Tasarım,+905427186458,Kuaför / Berber
Fatma Aydoğdu Hair And Beauty Studio,+905315291294,Güzellik Salonu
Mari Kuaför,+905357282335,Kuaför / Berber
Şahin Hair Design,+905462180700,Kuaför / Berber
AĞAR ERKEK KUAFÖRÜ (SAÇ TASARIM MERKEZİ),+905370633094,Kuaför / Berber
BY Tunçkol,+905304134980,Kuaför / Berber
KuaförYılmaz,+905315772761,Kuaför / Berber
By Emrah Erkek Kuaförü | Aliağa Erkek Kuaförü | Aliağa Erkek Berberi,+905333038958,Kuaför / Berber
PEYRUZE BAYAN KUAFÖRÜ,+905010313572,Kuaför / Berber
Fidan Parfümeri & Kuaför,+902326163272,Kuaför / Berber
Aura hair studio,+905419427816,Kuaför / Berber
Değişim Erkek Kuaförü,+905387179130,Kuaför / Berber
Saloon Zengin,+905333207235,Kuaför / Berber
By Burhan Hair Design,+905387277293,Kuaför / Berber
Nergis Kuaför Salonu,+902326164130,Kuaför / Berber
Umutcan nar hair artist,+905535673887,Kuaför / Berber
Deniz bayan kuaförü,+902326005656,Kuaför / Berber
ARDA BAĞBAŞI & VIP BARBER STUDIOS,+905426246906,Kuaför / Berber
Calista Beauty,+905368697435,Güzellik Salonu
Demir Erkek Kuaförü,+905340793531,Kuaför / Berber
Kuaför Mustafa,+902326167899,Kuaför / Berber
İstanbul Saç Tasarım Aliağa,+905456740704,Kuaför / Berber
Saçlı erkek kuaförü,+905300492356,Kuaför / Berber
HAİRAPİST BY YUNUS GÜLTEPE,+902326166000,Kuaför / Berber
Kuaför Serap,+902326166462,Kuaför / Berber
Deniz bay bayan kuaför salonu,+902326170626,Kuaför / Berber
Ersan Erkek Kuaförü,+905064032232,Kuaför / Berber
Hasan Tutar Erkek Kuaförü,+905064236419,Kuaför / Berber
Elit Bayan Kuaförü,+902326171672,Kuaför / Berber
HAİR DESİGN,+905528647247,Kuaför / Berber
Kuaför Arzu Taşdelen,+902326162373,Kuaför / Berber
Mirza Berber,+905342107608,Kuaför / Berber
Kuaför İlknur,+902326169551,Kuaför / Berber
Ayhan Erkek Kuaförü,+902326171443,Kuaför / Berber
Kuaför Ancelika,+902326164895,Kuaför / Berber
Sefa Erkek Kuaförü,+902326170719,Kuaför / Berber
Kokosh Kuaför,+902326166783,Kuaför / Berber
Nil Kuaför,+902326164602,Kuaför / Berber
Alyona Nail Studio,+905061145506,Güzellik Salonu
DoRa Clinics,+905389430064,Güzellik Salonu
zirve psikoloji,+905375145420,Psikolog / Terapist
Psikolog Bensu Donat,+908504743134,Psikolog / Terapist
"Bergama Pedagog, Ege Pozitif Psikoloji - Psikolog",+905377767063,Psikolog / Terapist
Uzm. Dr. Deniz Bayındırlı PSİKİYATRİST & PSİKOTERAPİST,+905527201879,Psikolog / Terapist
Diş Hekimi Sercan Düşmez,+902326326238,Diş Kliniği
Özel SR Dental Ağız ve Diş Sağlığı Polikliniği,+902326310615,Diş Kliniği
Bergama Ağız Ve Diş Sağlığı Merkezi,+902329550023,Diş Kliniği
Cadde Diş Bergama Özel Ağız ve Diş Sağlığı Polikliniği,+902326314050,Diş Kliniği
Dr. İlker Ersezgin,+902326315452,Diş Kliniği
dişhekimi umut genç,+902326315161,Diş Kliniği
Diş Hekimi Seçkin Türkmen,+902326323334,Diş Kliniği
Diş Hekimi Emine YILDIRIMER BALIK,+905537810438,Diş Kliniği
Diş Hekimi İrem Bolat,+905526320111,Diş Kliniği
Arthistik Creative Studio,+902326315986,Diğer (Sağlık & Bakım)
"Uzman Diyetisyen Gizem Dinç,Beslenme ve Diyet Danışmanlık Merkezi",+905302429505,Psikolog / Terapist
Diyetisyen Seda Nalçacı Sağlıklı Beslenme ve Diyet Danışmanlık Merkezi,+908504743664,Psikolog / Terapist
Diyetisyen Çağatay Kutnal,+905344641390,Diyetisyen
Uzman Diyetisyen Cahide Tankı Beslenme ve Diyet Danışmanlığı,+905428068740,Diyetisyen
Bergama Beslenme Koçluğu,+905322074977,Diyetisyen
Diyetisyen Mediha Nur Ergül Beslenme ve Diyet Danışmanlığı,+905319595479,Diyetisyen
PERGAMON BESLENME KULÜBÜ,+905397722288,Diyetisyen
My Sports Club Bergama Reformer Pilates Atatürk Şubesi,+905345975181,Pilates / Yoga
Master Life Pilates,+905063556950,Pilates / Yoga
B-MOVE PİLATES REFORMER STUDİO,+905056147350,Pilates / Yoga
Prime Fitness Bergama,+905465382461,Kuaför / Berber
Best Premium Fitness,+905512796499,Kuaför / Berber
Esra Zengin Güzellik Salonu,+905536493779,Güzellik Salonu
Ojda Nail Art,+905350208396,Güzellik Salonu
Bilge Beauty,+905344178370,Güzellik Salonu
Psikolog Berk Karaoğlu,+905325074940,Psikolog / Terapist
Oz Psikolojik Danışmanlık (Oz Psychological Consultancy),+905454222729,Psikolog / Terapist
Nora Psikoloji - İzmir Psikolog Alsancak,+902324086672,Psikolog / Terapist
Yankı Psikoloji | İzmir Psikolog,+905519640507,Psikolog / Terapist
Polidea Ağız ve Diş Sağlığı Polikliniği Altındağ Şubesi,+905461354332,Diş Kliniği
Dentalogos Ağız ve Diş Sağlığı Polikliniği,+902325431212,Diş Kliniği
Dentavia Ağız ve Diş Sağlığı Polikliniği,+902323350075,Diş Kliniği
Özel Çağdaş Dent Ağız ve Diş Sağlığı Polikliniği,+905303551575,Diş Kliniği
Polidea Ağız ve Diş Sağlığı Polikliniği,+905451354332,Diş Kliniği
Özel İzmir Dental Klinik Ağız ve Diş Sağlığı Polikliniği,+902325024284,Diş Kliniği
Özel DENT KONAK Ağız ve Diş Sağlığı Polikliniği,+905441121414,Diş Kliniği
Üçkuyular Ağız ve Diş Sağlığı Polikliniği,+902322776242,Diş Kliniği
Dentalogos Ağız ve Diş Sağlığı Polikliniği Kiraz Şubesi,+902325725350,Diş Kliniği
Özel Çamdibi Ağız Ve Diş Sağlığı Polikliniği,+902324868083,Diş Kliniği
Özel Dentin Ağız ve Diş Sağlığı Polikliniği Alsancak Şubesi,+902324460790,Diş Kliniği
Özel Karabağlar Ağız ve Diş Sağlığı Polikliniği,+902322534581,Diş Kliniği
"Dt. Özlem Gülbenli Yılmaz, Diş Hekimi",+905354104444,Diş Kliniği
DİŞ MUAYENEHANESİ Dt.Murat BAYRAMOĞLU,+905419793233,Diş Kliniği
Diş Hekimi Serdar Açar,+905367856995,Diş Kliniği
Mehtap Çoban Güzellik Merkezi,+905347892235,Güzellik Salonu
DRITA BEAUTY HOME,+905515110535,Güzellik Salonu
Aygül Hoşer Beauty Studio,+905334330568,Güzellik Salonu
Özlem Güleç Estetik & Güzellik,+905077805708,Güzellik Salonu
VİTALİA BESLENME KULÜBÜ,+905453211935,Diyetisyen
Bohem Güzellik,+905339161103,Güzellik Salonu
Dr. Belgin Aygün Muayenehanesi -Ozon Tedavi- Botoks-Dolgu- Medikal Estetik,+908504742372,Güzellik Salonu
Maysa Estetik & Güzellik Salonu,+905403555325,Güzellik Salonu
İzmir Estetik Plus,+905010876676,Güzellik Salonu
Kl. Psk. Elif Nur TANFENER,+905364025115,Psikolog / Terapist
FLOS PSİKOLOJİ,+905467193567,Psikolog / Terapist
"Uzm. Kl. Psk. Asena Kantar, Psikolojik Danışma ve Rehberlik",+908504741040,Psikolog / Terapist
Güven Psikolojik Danışmanlık Merkezi,+902326166868,Psikolog / Terapist
Albayrak Psikoloji ve Danışmanlık,+905327479066,Psikolog / Terapist
Klinik Psikolog Feyza Topçu,+908504746223,Psikolog / Terapist
Psikolog Ceren Şimşek,+908508113214,Psikolog / Terapist
Çocuk-Ergen-Bireysel Uzm.Klinik Psikolog Şilan Akçadağ,+905457900921,Psikolog / Terapist
...,+902323812832,Psikolog / Terapist
Psikolog Dilay Ünlü,+905531887398,Psikolog / Terapist
Mg Dent-iz Ağız ve Diş Sağlığı Polikliniği,+905407653535,Diş Kliniği
Özel Bahçedent Ağız ve Diş Sağlığı Polikliniği,+905447256377,Diş Kliniği
Özel Dentsite Ağız ve Diş Sağlığı Polikliniği,+902325028880,Diş Kliniği
Suat Eroğlu Diş Kliniği (Dt Suat Eroğlu-Dt Eda Birer),+905435623572,Diş Kliniği
Dentalizm Aliağa Ağız ve Diş Sağlığı Polikliniği,+902326169035,Diş Kliniği
DENTORA Ağız ve Diş Sağlığı Polikliniği,+902323321661,Diş Kliniği
Diş Hekimleri Ali - Nesrin Beykoz Aliağa,+905367738697,Diş Kliniği
Aliağa Diş Polikliniği,+902326163600,Diş Kliniği
Dr. Coşkun İhsan Sargut,+905422669012,Diş Kliniği
Diş Hekimi ERKAN AKDENİZ,+902326169900,Diş Kliniği
Diş Hekimi Barış Berker Diş Kliniği,+902326168390,Diş Kliniği
Diş Hekimi Aysel Engin Ay,+902326164703,Diş Kliniği
Uzm.Dt.Seher Gözde UĞUR Aliağa çocuk diş hekimi (pedodonti),+905406806040,Diş Kliniği
Diş Hekimi İlknur Esen Şahin,+902326170784,Diş Kliniği
Diş Hekimi Murat ALTUN,+902326168826,Diş Kliniği
Diş Hekimi Levent GÖNÜL,+902326163222,Diş Kliniği
INKORA Tattoo Studio,+905415459203,Dövme & Piercing
zeytin takı & dövme studyosu,+905058918482,Dövme & Piercing
CatBlue Tattoo Studio,+905304078300,Dövme & Piercing
Eray Tattoo,+905302941217,Dövme & Piercing
Seyf Tattoo,+905535254286,Dövme & Piercing
Diyetisyen Lava öner,+905417332319,Diyetisyen
DİYETİSYEN ZEYNEP DURSUN OĞUZ- Özel Sağlık Meslek Hizmet Birimi,+905050236547,Diyetisyen
"Dyt. Mazlum Tan, Diyetisyen",+905459752430,Diyetisyen
Diyetisyen Sabriye Bilgili Sağlıklı Beslenme ve Diyet Danışmanlığı,+905546218829,Diyetisyen
Uzm. Diyetisyen Zeynep ÇİFTCİ Beslenme ve Diyet Danışmanlığı,+905372159454,Diyetisyen
Diyetisyen Simge OZAN ARSLAN,+905300539060,Diyetisyen
HURACAN,+905449172635,Kuaför / Berber
Stayfitaliağa,+905302847710,Pilates / Yoga
Famespor Pilates - Reformer Pilates - Pilates Stüdyosu - Kişiye Özel Ders,+905302861195,Pilates / Yoga
Pilates UP Studio,+905532816786,Pilates / Yoga
Gülhan Ceren Pilates,+905467215816,Pilates / Yoga
Ceypilatesstudio,+905438746791,Pilates / Yoga
Asi GYM Pilates - Aliağa,+905534766670,Pilates / Yoga
FitoFiz,+905442417175,Diğer (Sağlık & Bakım)
Vogue Fitness Club,+905453408483,Kuaför / Berber
Yoga Academy Aliağa,+905067691085,Pilates / Yoga
İcone Güzellik Salonu | Lazer Epilasyon | | Bölgesel İncelme | Cilt Bakım | Kalıcı Makyaj | Protez Tırnak | Meridyen Masaj,+905323999803,Güzellik Salonu
Lady's Aura Güzellik Salonu,+902322782268,Güzellik Salonu
Blue Life Beauty,+905013350009,Güzellik Salonu
Ensari Beauty Center,+905528725293,Güzellik Salonu
Cliniczer Balçova | Balçova Güzellik Salonu | Balçova Lazer Epilasyon,+905395486785,Güzellik Salonu
Yılmaz Bayraktar Beauty | Güzellik Salonu | Kalıcı Makyaj | Tırnak | Cilt Bakımı | Solaryum |,+905393200435,Güzellik Salonu
Pınar akademi estetik&güzellik merkezi,+902322783400,Güzellik Salonu
Gizem Seven Beauty,+905464414171,Güzellik Salonu
Evren Güzellik Salonu,+902322789540,Güzellik Salonu
Sezen Keser Studio,+905077432424,Güzellik Salonu
Lamona Güzellik & Estetik Balçova,+905359339435,Güzellik Salonu
BLASH KUAFÖR İZMİR,+902322790013,Kuaför / Berber
Slimfit Estetik Balçova,+905392615416,Güzellik Salonu
Deniz Bulduk Bayan Kuaförü,+902322791232,Kuaför / Berber
Burcu Aslan Güzellik Merkezi,+905392509213,Güzellik Salonu
Hira Güzellik Salonu,+905415716972,Güzellik Salonu
Osman & Sevda Kuaför,+902322785744,Kuaför / Berber
By Aykut Kuaför Salonu,+902322780011,Kuaför / Berber
C&C Kuaför Güzellik,+902322770097,Güzellik Salonu
Melekler Estetik & Güzellik,+905435530065,Güzellik Salonu
Gamze Güzellik Salonu,+902322771991,Güzellik Salonu
Castles Spa & Wellness,+905449529191,Diğer (Sağlık & Bakım)
Kuaför Ercan Erdinç,+902322787138,Kuaför / Berber
Balçova - Güzellik Merkezi,+902327105056,Güzellik Salonu
Sukuaför Güzellik Salonu,+905331681103,Güzellik Salonu
SAÇAVRA,+905061098452,Kuaför / Berber
Kuaför Kemal & Mustafa Bay-Bayan,+902322784300,Kuaför / Berber
Güzellik Merkezi,+908500000000,Güzellik Salonu
She Life Guzellik Salonu,+902322772957,Güzellik Salonu
Sunshine nail art,+905077317267,Güzellik Salonu
Art Tırnak Stüdyosu,+905324795210,Güzellik Salonu
Silviya Clinic Center - Balçova Şubesi,+905537462020,Güzellik Salonu
SEDAT GÜDER HAİR MAKE UP STUDİO,+905052618434,Kuaför / Berber
Sosyete Güzellik Salonu,+905058970709,Güzellik Salonu
Gümüş güzellik salonu,+905063859059,Güzellik Salonu
Yella Donna Kişisel Bakım Salonu,+902322790966,Güzellik Salonu
Kübra Güzellik Merkezi,+905060572764,Güzellik Salonu
De'luxe estetik ve güzellik,+905362000211,Güzellik Salonu
Kuaför Suna & Fatih,+902322772321,Kuaför / Berber
İlkan kaymak hair artist balçova,+905531283843,Kuaför / Berber
Remziye güzellik salonu,+905067133080,Güzellik Salonu
İnci Kuaför & Güzellik Salonu ( UNİSEX),+905326509535,Güzellik Salonu
MASTER & APPRENTICE ERKEK GÜZELLİK MERKEZİ,+905308410235,Güzellik Salonu
Güneş Güzellik Salonu,+905548538984,Güzellik Salonu
Salon Gökhan Erkek Kuaförü,+905333543232,Kuaför / Berber
Nezahat kuzu beauty saloon,+905358967039,Güzellik Salonu
Kuaför Ertan,+902322781377,Kuaför / Berber
Yıldız Kuaför ve Güzellik Salonu,+905532145116,Güzellik Salonu
Madam Gold Vip Güzellik,+902329351255,Güzellik Salonu
Deniz Bulduk Erkek Kuaförü,+902322790747,Kuaför / Berber
Menekşe Nail Ayak Bakım Güzellik Salonu,+902322479708,Güzellik Salonu
Tırnak Atölyesi,+905537286890,Güzellik Salonu
ZEHRA & GÜLER KUAFÖR & GÜZELLİK SALONU,+905544497680,Güzellik Salonu
Moneta Güzellik,+902322777772,Güzellik Salonu
KISAKES SAÇ SAKAL KESİM SALONU BALÇOVA/İZMİR,+905412483553,Kuaför / Berber
Rüyam Güzellik Salonu (Balçova),+905306375202,Güzellik Salonu
Selma Kadan Beauty Center& Nail Art Studio,+905532320408,Güzellik Salonu
By Serkan Erkek Kuaförü ve Güzellik Merkezi,+905553144230,Güzellik Salonu
Kuaför Fikret,+902322772240,Kuaför / Berber
Kuaför Erman,+905549072482,Kuaför / Berber
Balçova Lobby Kuaför,+905356999225,Kuaför / Berber
Sare Güzellik Salonu,+905443605797,Güzellik Salonu
Selin Kuaför Ve Güzellik Salonu,+902322774030,Güzellik Salonu
Lotus Kuaför Balçova,+905065941208,Kuaför / Berber
Kuaför Şeyda,+902322591169,Kuaför / Berber
Ayşegül & Nihal Kuaför,+902322772633,Kuaför / Berber
Kuaför Barış cirtil,+902322595910,Kuaför / Berber
Ekip Kuaför,+902322771817,Kuaför / Berber
Kuaför Serkan,+902322778889,Kuaför / Berber
Hair Gloss Kuaför,+902322785752,Kuaför / Berber
Ali Kuaför,+902322775561,Kuaför / Berber
Black Star Erkek Kuaförü,+905326872179,Kuaför / Berber
Kanat Erkek Kuaförü,+905364347091,Kuaför / Berber
Kuaför Gökhan,+902322773334,Kuaför / Berber
Studio Mia Balçova,+905412532529,Pilates / Yoga
Rüzgâr kuaför,+905435071597,Kuaför / Berber
Gül Durgun Hair&Makeup Studio,+902322773495,Güzellik Salonu
Little One Kız-Erkek Çocuk Kuaförü,+905550645587,Kuaför / Berber
Barber Shop BY Cevdet,+905454618709,Kuaför / Berber
Damla Güzellik Salonu,+905070981716,Güzellik Salonu
Kuaför Flash,+905334606021,Kuaför / Berber
By Özkan Saç Tasarım,+905453353091,Kuaför / Berber
CAN PİERCİNG & CAN BONCUK,+905063812911,Dövme & Piercing
Kuaför İbrahim,+905545900457,Kuaför / Berber
Serpil Aferin Güzellik Salonu,+902322591116,Güzellik Salonu
Divine Clinic İzmir,+905330283517,Güzellik Salonu
Yuxell Kuaför,+905358858942,Kuaför / Berber
Elit Kuaför Ali,+902322786919,Kuaför / Berber
Erkan Bora Erkek Kuaförü,+905074510045,Kuaför / Berber
Kuaför Celile,+902322777006,Kuaför / Berber
RFS Güzellik Salonu,+902322386555,Güzellik Salonu
Özlem Ural Bayan Kuaförü Balçova,+905068329036,Kuaför / Berber
Mona Lisa Kuaför,+902322770605,Kuaför / Berber
Arzu Kuaför,+905353655773,Kuaför / Berber
AZAD TUĞRUL HAİR ARTİST,+905550572402,Kuaför / Berber
mooi saç tasarım,+905454787186,Kuaför / Berber
Hatice Kuaför,+902322785823,Kuaför / Berber
BERBER 35,+905435241326,Kuaför / Berber
Yılmaz İpek Hair & Makeup Studio,+905396239358,Güzellik Salonu
Cenk Yurdakul Hair Design,+905525374032,Kuaför / Berber
Mustafa Aydemir,+905445150031,Kuaför / Berber
Tina Kuaför,+905375890642,Kuaför / Berber
Kuaför Serkan,+905059843340,Kuaför / Berber
KM Kuaför Metin,+902322772920,Kuaför / Berber
Oğulcan Meriç Erkek Kuaförü,+905377706498,Kuaför / Berber
BY ERKAN KOLUMAN ERKEK KUAFÖRÜ,+905516646022,Kuaför / Berber
Kuaför Emrah Kaplan,+905358430116,Kuaför / Berber
Kuaför Oğuz,+905335194974,Kuaför / Berber
Servet Ulucan - Erkek Kuaförü,+905325889603,Kuaför / Berber
Tolga Erkek Kuaförü,+905558579587,Kuaför / Berber
Serkan Söylemez Saç Tasarım,+902322770796,Güzellik Salonu
Saç Tasarım By Engin,+905327742782,Kuaför / Berber
Kuaför Ergun,+905543832821,Kuaför / Berber
Engin Doğanay Fantaisie sac merkezi,+905417407391,Kuaför / Berber
Salon Edessa,+905458489157,Kuaför / Berber
Fatoş Kuaför,+902322792465,Kuaför / Berber
Kuaför Ayça,+902322791421,Kuaför / Berber
UYAR ERKEK KUAFÖRÜ... ( MUSTAFA UYAR),+905557691980,Kuaför / Berber
Derya Düz Nail Studio,+905538628683,Güzellik Salonu
Ciciş Pet Kuaför,+905326073977,Kuaför / Berber
Ramazan & Hilal Kuaför,+905542345433,Kuaför / Berber
Kent Bayan Kuaförü,+905375492205,Kuaför / Berber
Erkek Kuaförü Soner,+905354249412,Kuaför / Berber
Mech Kuaför,+902322778309,Kuaför / Berber
Caner Erkek Kuaförü,+905067901166,Kuaför / Berber
Salon By Cağdas Erkek Berberi,+905548838790,Kuaför / Berber
Paris Bayan Kuaförü,+902322786278,Kuaför / Berber
Kuaför Arif,+902322786734,Kuaför / Berber
Murat Erkek Kuaförü,+905061328730,Kuaför / Berber
Kuaför Sabri,+902322597138,Kuaför / Berber
Laila,+902322785475,Güzellik Salonu
Poyraz Erkek Kuaförü,+905551033505,Kuaför / Berber
Filiz kuafor,+905424661176,Kuaför / Berber
Salon Mustafa,+902322593777,Güzellik Salonu
KUAFÖR NEVİN,+905544880087,Kuaför / Berber
Esila Kuaför,+905541118108,Kuaför / Berber
Yeni Çizgi Erkek Kuaförü,+905074998226,Kuaför / Berber
Serkan kuaför,+905366636418,Kuaför / Berber
Ayzen Men & Women Coiffeur,+902322780077,Kuaför / Berber
Kuaför Serdar,+902322592223,Kuaför / Berber
Hasanalim Erkek Kuaförü,+902322596988,Kuaför / Berber
Florya V.I.P Erkek Kuaförü Güzellik Merkezi,+905075557541,Güzellik Salonu
ipyos men coiffeur,+905432862011,Kuaför / Berber
ERKAN KUAFÖR,+905375175382,Kuaför / Berber
Erkek Kuaförü Erdal,+905313776696,Kuaför / Berber
Stil Erkek Kuaförü,+902322776375,Kuaför / Berber
Çıt Çıt Kuaför,+908502260908,Kuaför / Berber
Uyar Erkek Kuaförü,+902322591999,Kuaför / Berber
Emrah erkek kuaförü,+905074302944,Kuaför / Berber
N&A Güzellik Salonu,+908503031442,Güzellik Salonu
Bornova Güzellik Merkezi | GAMLİSA GÜZELLİK SALONU,+905303108299,Güzellik Salonu
EGE PLUS GÜZELLİK,+905334059906,Güzellik Salonu
BORNOVA GÜZELLİK VE TIRNAK SALONU | Golden Touch By Asya Akın Studio,+905318701025,Güzellik Salonu
Ena Güzellik Merkezi,+905531309393,Güzellik Salonu
EN.BEAUTY STUDIO | Lazer Epilasyon | Protez Tırnak | Güzellik Merkezi,+905056558525,Güzellik Salonu
Melike Güngör Güzellik & Head Spa,+905054714445,Güzellik Salonu
Liya Güzellik Ve Sir Salonu,+905536152489,Güzellik Salonu
Diva Dermal Güzellik Merkezi,+902323433707,Güzellik Salonu
Dermaface Güzellik Salonu,+905493738855,Güzellik Salonu
Anima Güzellik Salonu,+902323883630,Güzellik Salonu
HARİKA KUAFÖR VE GÜZELLİK SALONU,+905465900110,Güzellik Salonu
Birgül Güzellik Salonu,+902323433515,Güzellik Salonu
Muna Beauty Center - Bornova Güzellik Salonu,+905333957383,Güzellik Salonu
Naz Estetik Güzellik Salonu,+905523723488,Güzellik Salonu
Dilek Karahan Güzellik Salonu,+905326077185,Güzellik Salonu
Songül Avcı Beauty Studio Güzellik Merkezi,+905338105188,Güzellik Salonu
Ten Güzellik Salonu,+905333076886,Güzellik Salonu
Tuğçe Güzellik Merkezi,+905011868823,Güzellik Salonu
Slimfit Estetik Bornova,+905343346159,Güzellik Salonu
LENORA Güzellik Merkezi,+905457485008,Güzellik Salonu
Mirabella,+902323750202,Güzellik Salonu
GÜLNİHAL SİR AĞDA SALONU,+905306411337,Güzellik Salonu
Nets Club Güzellik Salonu,+902323882888,Güzellik Salonu
Özüm Cevher Beauty Salonu,+905070346256,Güzellik Salonu
Zen Beauty,+905367997735,Güzellik Salonu
Nergis Karatay Güzellik Merkezi,+905453730880,Güzellik Salonu
Dermisia Beauty,+905528805435,Güzellik Salonu
Elenora Güzellik İzmir,+905527356835,Güzellik Salonu
Lal Manikür-Pedikür-Ağda Salonu,+902323434288,Güzellik Salonu
Nurdnss Beauty Güzellik Stüdyosu | Bornovada İpek Kirpik | Bornovada Dudak Dolgusu | Bornovada İğnesiz Dudak Dolgusu,+905530834969,Güzellik Salonu
Heaven güzellik salonu sema_akkus34,+905534850526,Güzellik Salonu
Mani Di Fata İzmir Güzellik Salonu,+905054909335,Güzellik Salonu
Şirin Güzellik Salonu,+902323759439,Güzellik Salonu
İBRAHİM & İBRAHİM Kuaför bornova,+902323420022,Kuaför / Berber
Hacer Çal Kaş Salonu,+905468694485,Güzellik Salonu
Gizem Buldu Güzellik Naldöken,+905539432610,Güzellik Salonu
Nora Kuaför ve Güzellik Salonu,+905334063950,Güzellik Salonu
Majestic Nails Center | Bornova Protez Tırnak | Bornovada Kalıcı oje | Bornovada Manikür & Pedikür | Bornovada Ölçülü Kaş,+905456761234,Güzellik Salonu
Paris Kuaför Güzellik Salonu,+905317217234,Güzellik Salonu
Busece saç tasarım ve güzellik salonu,+905353703584,Güzellik Salonu
Goncam Güzellik Salonu,+905072066157,Güzellik Salonu
Şâz-İ Gül Güzellik Salonu,+902329999391,Güzellik Salonu
Linemed Poliklinik İzmir,+902122801986,Güzellik Salonu
.,+905321745604,Güzellik Salonu
Lafemme Güzellik Merkezi,+905545698515,Güzellik Salonu
Yağmur Güzellik Salonu,+905068557854,Güzellik Salonu
Beyza Güzellik Salonu,+905357891126,Güzellik Salonu
Soner Saç Tasarım,+902323422248,Kuaför / Berber
Nora Coiffeur & Güzellik Salonu,+902329999970,Güzellik Salonu
Paradise Kuaför,+902323435701,Diş Kliniği
Bir Ay Güzellik Salonu,+902323756067,Güzellik Salonu
Murat & Vedat Saç Tasarım Evka3,+905331207989,Kuaför / Berber
Kardelen Kuaför ve Güzellik Salonu,+902323881418,Güzellik Salonu
Eda Öztürk Güzellik Salonu,+905070272075,Güzellik Salonu
Kadriye Kuaför & Güzellik Salonu,+902324493785,Güzellik Salonu
Elit Saç Tasarım,+902324672252,Kuaför / Berber
LA VİVA KUAFÖR&GÜZELLİK SALONU,+905415908017,Güzellik Salonu
Emine Kuaför,+902323752696,Kuaför / Berber
Arven Epilasyon & Güzellik Salonu,+902323886677,Güzellik Salonu
Bay Bornova Kuaför,+905354743321,Kuaför / Berber
Hasan Kuytu Saç tasarım,+902329991505,Kuaför / Berber
Öznur Kuaför & Güzellik Salonu,+905464910151,Güzellik Salonu
Dilşad Kuaför Ve Güzellik Salonu,+902323471757,Güzellik Salonu
Elegance Erkek Kuaförü,+905378849249,Kuaför / Berber
Şanzelize Kuaför,+902323730376,Kuaför / Berber
Pia saç tasarım & güzellik,+905555817410,Güzellik Salonu
peri güzellik salonu,+905427912517,Güzellik Salonu
Suen Güzellik Salonu,+902323744075,Güzellik Salonu
Thalianur Estetik Saç Güzellik,+902323747418,Güzellik Salonu
Füsun Güzellik Salonu,+905316982485,Güzellik Salonu
NOBLE WOMEN saç tasarım ve güzellik salonu,+905443313032,Güzellik Salonu
Yeliz Dalkara Güzellik Merkezi,+905370638084,Güzellik Salonu
Kuaför ender,+905539663480,Kuaför / Berber
MeGa Güzellik Salonu,+905547367426,Güzellik Salonu
Biray güzellik,+905075612305,Güzellik Salonu
Macha Kuaför,+902329995627,Kuaför / Berber
Yes Beauty Gülsen Sarı,+905519008785,Güzellik Salonu
İzmir Bornova Anka Spa ve Masaj salonu,+905400263500,Kuaför / Berber
Pervin Kuaför,+902323392055,Kuaför / Berber
Daisy Kuaför,+902323752028,Kuaför / Berber
Erkek Kuaförü Faruk,+905366249245,Kuaför / Berber
Scherie Club,+902323420945,Güzellik Salonu
Mez Kuaför Ve Sir Ağda Salonu,+905433730733,Kuaför / Berber
NK GUZELLİK MERKEZİ İZMİR,+905069729823,Güzellik Salonu
Meriç kuaför,+905425694831,Kuaför / Berber
Neşe Kayacı Beauty Center,+905449367084,Güzellik Salonu
CK Saç Tasarım,+905335801274,Kuaför / Berber
GONCA & UĞUR KUAFÖR,+905069381680,Kuaför / Berber
Epilasyon İzmir,+905423646557,Güzellik Salonu
ZÜHAL AKMAN -Kuaför / Güzellik Salonu,+905359771583,Güzellik Salonu
Cicim Kuaför,+905308164585,Kuaför / Berber
Alinda Nail Studio,+905442441149,Güzellik Salonu
Kuaför Hanifi,+902323482026,Kuaför / Berber
Aylin Güzellik salonu,+905367613540,Güzellik Salonu
Zafer Erkek Kuaförü,+905365802131,Kuaför / Berber
The Barber Company - Bornova Erkek Kuaförü,+905532690516,Kuaför / Berber
Celil & Atilla,+902323390039,Güzellik Salonu
Irmak Güzellik Salonu,+905315050372,Güzellik Salonu
Başak kuaför salonu,+905373834916,Kuaför / Berber
HairClub,+902323759105,Kuaför / Berber
Affa Kuaför,+902323881120,Kuaför / Berber
★ HAİR MAKEUP İREM NUR İŞLER ★,+905060506874,Güzellik Salonu
Mavro Kuaför,+902329997375,Kuaför / Berber
Black Sea Kuaför,+905539526135,Kuaför / Berber
YES KUAFÖR,+905071180986,Kuaför / Berber
Dilek Kalbent Beauty Salon,+905375272077,Güzellik Salonu
Seher Kuaför,+902323744414,Kuaför / Berber
Saloon Locca,+902323420313,Kuaför / Berber
BACCA Hair Studio,+902329998329,Kuaför / Berber
Venedik kuaför &Kaynak Merkezi CAVİT ATAR,+905469724210,Kuaför / Berber
Melih Karahan Bayan Kuaförü,+905548294193,Kuaför / Berber
Defnem Bayan Kuaförü,+905302892238,Kuaför / Berber
Semiha Saç Tasarım,+902324588026,Kuaför / Berber
Gülsüm Bayan Kuaförü,+902323432885,Kuaför / Berber
Salon Mix,+905076370268,Kuaför / Berber
Fethiye Kuaför,+902323392100,Kuaför / Berber
By Serdar Hair Palace,+905423312018,Kuaför / Berber
Cüneyt Uğur Kuaför,+905057046992,Kuaför / Berber
Gürkan Turan Hair Art | Profesyonel Erkek Kuaför ve Erkek Berberi,+905431238535,Kuaför / Berber
Elmira Bayan Kuaförü,+905526631883,Kuaför / Berber
SERRA KUAFÖR,+902323434219,Kuaför / Berber
Erkan Yıldırım kuaför,+902329999018,Kuaför / Berber
Anıl İrtem Saç Tasarım,+902329996501,Kuaför / Berber
Salon Gamze,+902323512225,Kuaför / Berber
Kuaför Salon Önder Bakır,+902323442440,Kuaför / Berber
Salon Munchen (Münih Kuaför),+905382555707,Kuaför / Berber
Eliza kuaför,+902324671307,Kuaför / Berber
Ferhat Erkek Kuaför,+905542471486,Kuaför / Berber
Cosmo Kuaför,+902323731040,Kuaför / Berber
First İbrahim,+902323396093,Kuaför / Berber
Kuaför Kemal Levent,+905514609493,Kuaför / Berber
Hair Art Erkek Kuaförü,+905447203517,Kuaför / Berber
Rose Kuaför,+902324672141,Kuaför / Berber
Özen Hair Make-Up Studio,+905347944393,Kuaför / Berber
Barış Erkek Kuaförü,+905353271545,Kuaför / Berber
DENİZ KUAFÖR,+902324867246,Güzellik Salonu
Erkan Hair Studio,+902323883313,Kuaför / Berber
Patron Erkek Kuaförü,+905535737992,Kuaför / Berber
LEGOZ KUAFÖR,+905356850161,Kuaför / Berber
Başkent Kuaför,+902324696427,Kuaför / Berber
Ahmet Camcı Hair Studio,+902323431984,Kuaför / Berber
Reis Karakuş Micro Kaynak Kuaför,+905078636814,Kuaför / Berber
Salon Paris,+902323735639,Güzellik Salonu
Bornova Pet Kuaför,+902323423430,Kuaför / Berber
Emel Kuaför,+905363910571,Kuaför / Berber
Kuaför Bekir & Müzeyyen,+902323880861,Kuaför / Berber
İLKER AVCI,+905069691681,Kuaför / Berber
Sevcan Kurt Kuaför,+905533967725,Kuaför / Berber
Onur Avcı Erkek Kuaför&Güzellik Merkezi,+905065161330,Güzellik Salonu
Barbizon Kuaför,+902323424433,Kuaför / Berber
İmza Bayan Kuaförü,+902323517161,Kuaför / Berber
Özgür Saç Tasarım Myvia414 Erkek kuaförü,+905330229471,Kuaför / Berber
Backstage by Mert Kaya,+905079351079,Kuaför / Berber
KUAFÖR GAMZE (Bornova-Merkez),+905356432314,Kuaför / Berber
Tılsım Kuaför,+902324672221,Kuaför / Berber
Paris Kuaför,+905070994642,Kuaför / Berber
Altın Makas Saç Tasarım Erkek Kuaförü,+905552976789,Kuaför / Berber
Erkek Kuaförü Ferdi,+905354280333,Kuaför / Berber
Taner Erkek Kuaförü,+902323739686,Kuaför / Berber
Saloon Buket,+902324359176,Kuaför / Berber
Bülent & Yasin Kuaför,+902323421039,Kuaför / Berber
Değişim Kuaför,+902324616687,Kuaför / Berber
Ayşegül Kuaför,+902323426046,Kuaför / Berber
Kuaför Ertuğ Erkandır saç tasarım,+905452876306,Kuaför / Berber
Cansu Kuaför,+902324584323,Kuaför / Berber
Saloon nazeli_izmir,+905523312228,Güzellik Salonu
Lotus Kuaför,+902323434352,Kuaför / Berber
Vakko exclusive Kuaför,+905353011451,Kuaför / Berber
Coiffeur Mabelle,+905542678751,Kuaför / Berber
Fehmi Korkmaz Man Hair Studio Erkek Kuaförü,+905322580481,Kuaför / Berber
truva erkek kuaförü,+905379707316,Kuaför / Berber
Sea Hair Port İzmir,+905398335145,Kuaför / Berber
Rebel HAir MAKEUP STUDİO,+902323747552,Güzellik Salonu
Kuaför Seval,+902324611156,Kuaför / Berber
Kenza Kuaför,+905434313338,Kuaför / Berber
Gümüş Makas Kadir,+902324672030,Kuaför / Berber
Pırıltı Kuaför,+902324612115,Kuaför / Berber
Kadınca Kuaför,+902324675957,Kuaför / Berber
Kuafor gokhans,+905548724819,Kuaför / Berber
By Sezo - Bornova Erkek Kuaförü,+905327715224,Kuaför / Berber
Ara Makas Erkek Kuaförü,+905464274314,Kuaför / Berber
Çağdaş Hair Design,+905350883130,Kuaför / Berber
Sudem Kuaför,+905536480480,Kuaför / Berber
Sebahattin Ve Ramazan Bayan Kuaförü,+902324674180,Kuaför / Berber
Tarık Kuaför,+902324691515,Kuaför / Berber
Begüm Boz Kaş Kirpik Tırnak Stüdyo,+905316617241,Güzellik Salonu
Bonita nail art,+905304224512,Güzellik Salonu
Dora Nail Art,+905446656689,Güzellik Salonu
Nail Art Museum - Balçova,+905432805105,Güzellik Salonu
Art Nail Beauty,+905396111985,Güzellik Salonu
Ena Beauty Center,+905330511362,Güzellik Salonu
Lana Beauty Güzellik salonu,+905453551200,Güzellik Salonu
AURA BEAUTY CENTER,+905400102406,Güzellik Salonu
Hermoso Beauty Nail Center,+905319931957,Güzellik Salonu
Junghof Beauty & Tattoo Studio,+905529245818,Dövme & Piercing
Derya Eser Beauty Studio,+905514149074,Güzellik Salonu
Seval Beauty,+905535376325,Güzellik Salonu
5,+905308520435,Güzellik Salonu
Kozmetra Beauty,+902324076666,Güzellik Salonu
yina beauty studio,+905451631880,Güzellik Salonu
NeoBod Health Care Beauty,+905423585313,Güzellik Salonu
Tuana Beauty,+905422570522,Güzellik Salonu
Beauty Oceans,+902322788485,Güzellik Salonu
Berfin Aytar Makeup Artist,+905374905178,Güzellik Salonu
Sarya Mengüş Beauty İzmir,+905461215762,Güzellik Salonu
SEROHAN BEAUTY KALICI MAKYAJ,+905384827432,Güzellik Salonu
Santora Lazer Epilasyon Cilt Bakım Merkezi Balçova,+905493473535,Güzellik Salonu
Burak Derdiyok Hair Design,+905532747879,Kuaför / Berber
MeralKaftancı MakeUp Arts. Studio,+905072042737,Güzellik Salonu
Oje's,+905434083421,Kuaför / Berber
Saloon Sedat & Umut,+902322790000,Güzellik Salonu
Dilara Özbek Nail Studio,+905526509735,Güzellik Salonu
İzmir Bornova Glowup Protez Tırnak Stüdyosu,+905066912593,Güzellik Salonu
Özge Nail Studio | Bornova Kalıcı Oje & Tırnak Tasarım,+905455717773,Güzellik Salonu
OLGA TIRNAK BORNOVA,+905303646296,Güzellik Salonu
İzmir Protez Tırnak İpek Kirpik -Dilek Girti,+905079857539,Güzellik Salonu
Zoe Nail&Beauty - Protez Tırnak ve Güzellik Salonu,+905435081201,Güzellik Salonu
Gamze Sürgün Nail Studio,+905452558952,Güzellik Salonu
Milena Nail&Beauty,+905061710666,Güzellik Salonu
Ebru Sert Nail Art Studio,+905070305335,Güzellik Salonu
BE Nail Studio,+905455284224,Güzellik Salonu
Liora Nail Studio,+905457367350,Güzellik Salonu
Aura nail studio Küçükpark,+905067109975,Güzellik Salonu
Tuğçe Türker Nail Studio,+905444077209,Güzellik Salonu
Aleynails Tırnak Stüdyosu,+905378151413,Güzellik Salonu
Best Nail Art Home Studio,+905445380288,Güzellik Salonu
Apexe Nail,+905466852991,Güzellik Salonu
İrem Suna Nail Studio,+905333231590,Güzellik Salonu
House Of Nails,+905065597494,Güzellik Salonu
Tamay Beauty Studio Nail Art,+905428218798,Güzellik Salonu
Melindanailsstudio,+905533367733,Güzellik Salonu
EVA TIRNAK CENTER,+905050610148,Güzellik Salonu
Duru nail art studio,+905422481561,Güzellik Salonu
Luna Beauty Center,+905411353485,Güzellik Salonu
Beauty & NailSpa By Sevcan Bolugur,+905322800103,Güzellik Salonu
Sisi,+905309504809,Kuaför / Berber
Caba Nail,+902329991435,Güzellik Salonu
Deniz Maniküryum,+905331613735,Güzellik Salonu
Sevim Ekinci Nail Studio,+905433560593,Güzellik Salonu
Mes Nail Lounge,+905061181382,Güzellik Salonu
Nevesta Nail Art,+905380744816,Güzellik Salonu
Zey tırnak,+905382353454,Güzellik Salonu
Ms Beauty Lounge Bornova,+905432742224,Güzellik Salonu
İZ Beauty,+905056971417,Güzellik Salonu
Meral Beauty Studio,+905308759587,Güzellik Salonu
EB SHİNE BEAUTY,+905317497623,Güzellik Salonu
elif öz beauty studio,+905537010422,Güzellik Salonu
Seval İlkin Beauty Studio,+905321789130,Güzellik Salonu
Tülin turan beauty,+905078929436,Güzellik Salonu
Helen Beauty Studio,+905318340089,Güzellik Salonu
Nana Beauty Maison - İzmir Güzellik Merkezi,+905354510788,Güzellik Salonu
Z&S Beauty Center,+905400032844,Güzellik Salonu
Ceylan keserci beauty,+905010273513,Güzellik Salonu
Sıla Cüceoğlu Beauty Center,+905399288303,Güzellik Salonu
MERVE DOĞANDEMİR BEAUTY STUDIO,+902324154541,Güzellik Salonu
HANDAN BEAUTY,+905075200020,Güzellik Salonu
vusale beautyy,+905461703506,Güzellik Salonu
Selin Sintaç Beauty,+905353455305,Güzellik Salonu
Nirvana Hair & Beauty Salon,+905050608421,Güzellik Salonu
Neria Estetik ve Güzellik Salonu,+902323434602,Güzellik Salonu
B&A beauty club,+905052242689,Güzellik Salonu
The Magic Studio,+905512337970,Güzellik Salonu
ANDRA BEAUTY,+905308863000,Güzellik Salonu
sahra.beauty.studyo,+905076014852,Güzellik Salonu
Eylül Kuaför/Güzellik,+902329990784,Güzellik Salonu
ZühalAkman Beauty m.a.t-izmir,+905542447575,Güzellik Salonu
Nira Beauty Center,+902324219092,Güzellik Salonu
The barber Lounge,+905050047897,Kuaför / Berber
Famn. Beauty Atelier,+905339271191,Güzellik Salonu
Zendiva Beauty Salon,+905304752630,Güzellik Salonu
BY Adem,+905079316604,Kuaför / Berber
FATOŞ KAYA,+905461253135,Kuaför / Berber
Burak Saç Tasarım,+905369817602,Kuaför / Berber
Salon elit mustafa,+905051250914,Kuaför / Berber
My Master beauty salon,+905338947939,Güzellik Salonu
Valorem Beauty by Kıymet Özcan,+905528583035,Güzellik Salonu
VAGOS BERBER,+905061078835,Kuaför / Berber
Welsa Kuaför,+905347027062,Kuaför / Berber
OG HAİR STUDİO,+905427280525,Kuaför / Berber
Bio & Ten,+902323734746,Güzellik Salonu
Yeşil Bornova Kilo Kontrol Merkezi • Herbalife,+905069834031,Diyetisyen
Berber Bornova,+905545622516,Kuaför / Berber
By Sezer,+905534953234,Kuaför / Berber
Gamzeyarsibeauty,+905313283817,Güzellik Salonu
Duygum Kuaför,+905394235225,Kuaför / Berber
sidelya mevsimi,+905059852183,Güzellik Salonu
Mine Kuaför,+905366460879,Kuaför / Berber
Sisnova Beauty Center,+905078375735,Güzellik Salonu
SALON JASMİN sac kaynak merkezi,+905070000000,Kuaför / Berber
NURİYE BOZKURT ESTETİK GÜZELLİK MERKEZİ,+905415662300,Güzellik Salonu
GİZA GÜZELLİK ATÖLYESİ,+905400352001,Güzellik Salonu
Berlin Estetik |Lazer Epilasyon|Estetik|Saç Ekimi|Antiaging,+905442905525,Güzellik Salonu
Rüerma Beauty,+905079843030,Güzellik Salonu
Assya Epilasyon ve Güzellik Yeşilova,+902324616001,Güzellik Salonu
Op. Dr. Çağhan Baytekin,+902324633544,Güzellik Salonu
Prof. Dr. Gönül Sağıroğlu,+908504748304,Güzellik Salonu
Yasemin Gülgör Saç Ekim Güzellik ve Estetik Merkezi,+905364096905,Güzellik Salonu
Mest Estetik,+905335828400,Güzellik Salonu
Linera Face Contour Studio,+905324708950,Güzellik Salonu
Avrupa Estetik ve Güzellik Merkezi | Soprano Ice Buz Lazer İzmir-Cilt Bakımı-Lazer Epilasyon İzmir-Beauty Center İzmir,+905533020900,Güzellik Salonu
Pro Estetik Ağız ve Diş Sağlığı Polikliniği,+902324634747,Diş Kliniği
Heys Güzellik Salonu,+905462740939,Güzellik Salonu
LORWEN BEAUTY,+905314099442,Güzellik Salonu
Estpoint - İzmir Estetik Kliniği Şubesi,+905433428509,Güzellik Salonu
Esiderm Güzellik & Estetik,+902323437333,Güzellik Salonu
Op. Dr. Şenol Durukan,+905526475237,Güzellik Salonu
Eser Yılmaz Estetik ve Güzellik,+905010784678,Güzellik Salonu
Novus Estetik,+905331409933,Güzellik Salonu
Elif Dinçarslan Polikliniği - İzmir Saç Ekimi & Estetik Merkezi,+902324001001,Güzellik Salonu
Bornova Psikolog - Çift Aile Evlilik Terapisti Pedagog,+905318866647,Psikolog / Terapist
Uzman Klinik Psikolog Alperen Karabulut,+905067020534,Psikolog / Terapist
Espero Psikoloji | Bornova Psikolog,+902323737150,Psikolog / Terapist
Uzman Psikolog Vedat Akdemir,+905511537825,Psikolog / Terapist
"Dr. Psikolog Murat Sarısoy, 7/24 Hizmetinizdeyiz",+902324640060,Psikolog / Terapist
Uzman Klinik Psikolog Simge Zorlu,+905422683335,Psikolog / Terapist
"Klinik Psikolog Nuray ER - İzmir Psikolog, Aile Danışmanı, Çift Terapisti, EMDR Terapisti",+905374159038,Psikolog / Terapist
Uzman Psikolog Çiçek Tarla,+908504741021,Psikolog / Terapist
Uzm.Psikolog Nihal AKSOY,+905556040890,Psikolog / Terapist
Uzman Klinik Psikolog Beyza Akyurt,+905350351840,Psikolog / Terapist
Doç.Dr. Ülkü AKYOL ARDIÇ,+905525382881,Psikolog / Terapist
İzmir Pedagoji Merkezi,+905384812084,Psikolog / Terapist
Uzman Klinik Psikolog Nihal Sena Çetin,+905458017010,Psikolog / Terapist
Klinik Psikolog Fatma Zehra Çetin,+905334807437,Psikolog / Terapist
Accepta Psikoloji | Psk. D. Mert Diktaş,+905074778523,Psikolog / Terapist
PSK Danışmanlık,+902323883221,Psikolog / Terapist
Bornova Dikkatliyizbiz Dikkat Geliştirme ve Psikolojik Danışmanlık,+905423370635,Psikolog / Terapist
Uzm. Klinik Psk.Buğra Yerlikaya,+905077520711,Psikolog / Terapist
Psk. Burak Dere,+905539798479,Psikolog / Terapist
İzmir Pasaport Psikoloji Danışmanlık Merkezi | İzmir Psikolog - Aile Danışmanı,+905317117090,Psikolog / Terapist
Psk. Ersin Sancak,+908503330388,Psikolog / Terapist
BDT İZMİR Psikoloji,+905526578417,Psikolog / Terapist
"Uzman Klinik Psikolog Çağlar Elbirlik, İzmir Psikolog",+905525952505,Psikolog / Terapist
İZMİR PSİKOLOG Dr. HATİCE TOPÇU ERSOY,+902324211248,Psikolog / Terapist
Medifiz Fizyo&Sports,+905543685939,Diğer (Sağlık & Bakım)
Özel Yağmur Psikoloji Kliniği,+905354105252,Psikolog / Terapist
İzmir Panik Atak Tedavi Merkezi Uzm. Psikolog Cinsel Terapist,+905346932350,Psikolog / Terapist
İZMİR SİNERJİM PSİKOLOJİK HİZMETLER,+905323751618,Psikolog / Terapist
Serenitas Psikoloji,+905455358816,Psikolog / Terapist
PSYART Kişisel Gelişim ve Atölye,+905011852364,Psikolog / Terapist
İDA Psikolojik Danışmanlık,+905448901504,Psikolog / Terapist
Uzman Klinik Psikolog Ece Ergür,+905313077279,Psikolog / Terapist
Psikolog Barış Soylu,+905445227082,Psikolog / Terapist
Klinik Psikolog Merve Tahiroğlu,+905513661353,Psikolog / Terapist
"Özel Bornova Özel Eğitim Rehabilitasyon, Dil Konuşma ve Fizik Tedavi Merkezi",+902323429342,Fizyoterapi
Eskülap Danışmanlık,+905067811756,Psikolog / Terapist
İzmir Pedagog Oyun Terapisti Psikolog Nigar Banu Kına,+905073430161,Psikolog / Terapist
BORNOVA PSİKOLOG/YETİŞKİN TERAPİSTİ,+905330165733,Psikolog / Terapist
Uzm. Psikolog Hatice Ünal Demir,+905367713820,Psikolog / Terapist
CK PSİKOLOJİ,+905549960604,Psikolog / Terapist
GAIA Psikolojik Danışmanlık Merkezi,+905330682645,Psikolog / Terapist
Bilgi Psikoloji,+905535643026,Psikolog / Terapist
Psikolojik Danışman Duygu Elçi Topal,+905075282057,Psikolog / Terapist
Psikolog Eslem Yıldırım,+905537697091,Psikolog / Terapist
"Uzman Klinik Psikolog Berken Gündüz, İzmir Tavsiye Edilen Psikolog",+905075331212,Psikolog / Terapist
Denta Köşk Özel İzmir Ağız ve Diş Sağlığı Merkezi,+902323433222,Diş Kliniği
Dentilyum Ağız ve Diş Sağlığı Polikliniği,+905333095171,Diş Kliniği
DENT232 Ağız ve Diş Sağlığı Polikliniği (implant Ortodonti Pedodonti Zirkonum Estetik Diş),+905550055232,Diş Kliniği
Key Smile Ağız ve Diş Sağlığı Polikliniği,+905015393535,Diş Kliniği
Özel MLS Dental Ağız ve Diş Sağlığı Polikliniği,+905526057680,Diş Kliniği
Özel Bornova Tanı Ağız ve Diş Sağlığı Polikliniği,+905528659435,Diş Kliniği
Özel Dentral Ağız ve Diş Sağlığı Polikinliği,+902324791482,Diş Kliniği
Işık Dental Bornova - Ağız ve Diş Sağlığı Polikliniği,+902323740077,Diş Kliniği
"AllOnSmiles Dental Implants | Hollywood Smile in Izmir, Turkey 7/24",+905011222939,Diş Kliniği
Dentilla Ağız Ve Diş Sağlığı Polikliniği,+905055929112,Diş Kliniği
Dent Üniversal Ağız ve Diş Sağlığı Poliklinik Hizmetleri Ticaret Ltd. Şti.,+905395756860,Diş Kliniği
Diş Hekimi N.Ceyda Gökgöz (Bornova Doktor Klinikleri),+908508116733,Diş Kliniği
ÖZEL TUBA ÇELİK AĞIZ ve DİŞ SAĞLIĞI POLİKLİNİĞİ,+902323424848,Diş Kliniği
Tamdent Ağız ve Diş Sağlığı Polikliniği,+902324673599,Diş Kliniği
Özel Gamze Gergük Ağız ve Diş Sağlığı Polikliniği,+905551871331,Diş Kliniği
UltimaDent Ağız ve Diş Sağlığı Kliniği,+902324040144,Diş Kliniği
Özel Avrupadent Bornova Lusso Ağız ve Diş Sağlığı Polikliniği,+902324392020,Diş Kliniği
Dt. Gamze Gergük | Zirkonyum İzmir İmplant Diş doktoru Diş hekimi Yeşilova,+905551871351,Diş Kliniği
Özel Dünya Diş Ağız Ve Diş Sağlığı Polikliniği,+902324862013,Diş Kliniği
Evka 3 Ağız ve Diş Sağlığı Polikliniği,+905335696377,Diş Kliniği
Medisam Health Center - Ağız ve Diş Sağlığı Polikliniği,+905066791835,Diş Kliniği
Diş Hekimi Gökhan ÖZGÜR,+905412333500,Diş Kliniği
Qairy Dent Ağız ve Diş Sağlığı Polikliniği,+905531826335,Diş Kliniği
Dichland Dent Ağız ve Diş Sağlığı Polikliniği,+902324356060,Diş Kliniği
Dent Harmony Ağız ve Diş Sağlığı Polikliniği,+902329998092,Diş Kliniği
Diş Hekimi Atilla İnanöz,+905541758335,Diş Kliniği
"Dr. Dt. Naile Cura, Ağız Diş Ve Çene Cerrahisi",+905453354504,Diş Kliniği
Diş Hekimi Mücevher ÖZTÜRK Kliniği,+902324792529,Diş Kliniği
NİFA DENT AĞIZ VE DİŞ SAĞLIĞI POLİKLİNİĞİ,+902322020055,Diş Kliniği
DentBulut Ağız Diş Sağlığı Polikliniği,+905337362798,Diş Kliniği
Diş Hekimi Onur KINAY,+905326393500,Diş Kliniği
Özel Smile Lounge Ağız ve Diş Sağlığı Polikliniği,+905469044808,Diş Kliniği
Özel Müftüoğlu Ağız ve Diş Tedavi Polikinliği,+902323885719,Diş Kliniği
Nord Dental Clinic,+905454209414,Diş Kliniği
Diş Hekimi Taşkın ÖGEL (Bornova İmplant),+902323886214,Diş Kliniği
Disentra Dental Clinic,+905386452303,Diş Kliniği
Diş Hekimi İlhan Kahveci,+908504747481,Diş Kliniği
Diş Hekimi Birand Gümüş,+902324353569,Diş Kliniği
Diş Hekimi Şenel Akbulut,+902323745656,Diş Kliniği
Diş Hekimi Ferhat Ağın,+905453481361,Diş Kliniği
Özel Family Dent Ağız ve Diş Sağlığı Polikliniği,+905471233535,Diş Kliniği
Diş Hekimi Gizem KÜÇÜKAK,+905517433235,Diş Kliniği
Diş Hekimi Dila Naz Yiğitalp,+905053551535,Diş Kliniği
Diş Hekimi Sena TAYLAN,+905493734443,Diş Kliniği
Diş Hekimi Ozan Akkuş,+902323744777,Diş Kliniği
C&O DENTAL CLINIC,+905535532544,Diş Kliniği
Diş Hekimi Cenk Kavut,+902323745523,Diş Kliniği
DİŞ HEKİMİ MERVE KAR KOCAKURT,+905516474824,Diş Kliniği
Grand Dental,+902324616126,Diş Kliniği
Klinik35,+905017075025,Diş Kliniği
Diş Hekimi Çağıl Çevikel,+905365225647,Diş Kliniği
Diş Hekimi Filiz Yamaner,+902323396948,Diş Kliniği
"Dt. Emre Sarkın, Diş Hekimi",+908504742672,Diş Kliniği
Diş Hekimi Ilhan Kocatepe,+902324337860,Diş Kliniği
Diş Hekimi Muhammed Alperen BALCI,+905303691035,Diş Kliniği
"Turkuaz Dental Özel Diş Hekimliği Hizmetleri, İth., İhr. San. Ve Tic. Ltd. Şti",+902324640666,Diş Kliniği
Eds Med Care,+905375204777,Diğer (Sağlık & Bakım)
NezTIP,+902324351142,Diş Kliniği
Dr. Deniz Çağında,+902323736197,Diş Kliniği
Diş Hekimi Kamuran Belkıs Şaşal,+902323888445,Diş Kliniği
Diş Hekimi Levent Apak,+902323423413,Diş Kliniği
Diş Hekimi Funda Akıncı,+902323473644,Diş Kliniği
Dr. Tülin Durukan İnli,+902323480843,Diş Kliniği
Queen Of İnk Tattoo Studio,+905313034742,Dövme & Piercing
Nous Art Tattoo,+905555965669,Dövme & Piercing
Deep Night Tattoo,+905334803069,Dövme & Piercing
166st. Tattoo Piercing Studio,+905376665316,Dövme & Piercing
Eac Tattoo,+905385190920,Dövme & Piercing
Insomnia Tattoo Studio,+905431129335,Dövme & Piercing
Skyink - Tattoo Studio,+905050675416,Dövme & Piercing
Gülşah Engin Tattoo Studio,+905541312572,Dövme & Piercing
Hex Tattoo Studio,+905078207530,Dövme & Piercing
Bornova INK Tattoo | Küçükpark Tattoo | Bornova Tattoo | Bornova Piercing,+905540127500,Dövme & Piercing
Tattoo Store - Eray YAVAŞ,+905532878747,Dövme & Piercing
Tattoo Art Özge Ceylan,+905385421401,Dövme & Piercing
Sunset Tattoo Studio,+905446041925,Dövme & Piercing
Khaos Tattoo & Art Studio,+905536137043,Dövme & Piercing
tattoo dara stüdyo,+905443437933,Dövme & Piercing
Art Attack Design,+905368671023,Dövme & Piercing
Ank Gümüş Hediyelik Tattoo Piercing,+902323421774,Dövme & Piercing
FocusArt Tattostudio,+905419070354,Dövme & Piercing
Tattoo BoyalıKuş,+905394556440,Dövme & Piercing
TAU TATTOO,+905421052319,Dövme & Piercing
izmir no13tattoo,+905399581335,Dövme & Piercing
İZMİR İNK TATTOO STUDIO,+905546772863,Dövme & Piercing
Baseline Ink,+905534024041,Dövme & Piercing
Janpoll Tattoo İzmir,+905548007220,Dövme & Piercing
Zeph Ink Studio,+905317874061,Dövme & Piercing
Bakink Tattoo Stüdio,+905332862716,Dövme & Piercing
ABB Sanat,+905413779450,Dövme & Piercing
MK ART STUDIO,+905432204654,Dövme & Piercing
Ravel Tattoo Studio,+905330381084,Dövme & Piercing
Denizyıldızı Dövme Malzemeleri,+905367186006,Dövme & Piercing
Hygge Skin Art,+905337194678,Dövme & Piercing
İnk Void Tatto,+905318851132,Dövme & Piercing
ink technique tattoo,+905531121707,Dövme & Piercing
Reflect Tattoo Studio İzmir,+905318187501,Dövme & Piercing
Legendary Tattoo,+905536583758,Dövme & Piercing
Berataslantattoo,+905412630221,Dövme & Piercing
Tak Tak Tattoo Studio,+905412717665,Dövme & Piercing
Green Arrow Tattoo,+905549490465,Dövme & Piercing
Sev İnk Tattoo Studıo,+905057043963,Dövme & Piercing
Dreamers Tattoo Studio,+905316963766,Dövme & Piercing
tattoospecial.ink | Mert Bildik,+905543811160,Dövme & Piercing
West Side Tattoo Studio,+905318729420,Dövme & Piercing
Tautau Tattoo,+905050142728,Dövme & Piercing
Line Tattoo,+905078344483,Dövme & Piercing
Hekate Tattoo & Styling,+905557207100,Dövme & Piercing
Oxara Tattoo Lab,+905538347802,Dövme & Piercing
Alaca Tattoo & Piercing,+905523047000,Dövme & Piercing
TattooBull Studio Bornova,+905307051035,Dövme & Piercing
Lipödem ve Fonksiyonel Tıp Diyetisyeni Pınar Ergül,+905534477331,Diyetisyen
Diyetisyen Merve Kalmış,+905526814518,Diyetisyen
Diyetisyen Cansu Koyuncu Öztürk,+908504741169,Diyetisyen
İzmir Diyetisyen Beyza Yalav | Beslenme Uzmanı | Online Diyet,+905548670562,Diyetisyen
Diyetisyen Damla Görkem Aktekin / Lera Wellbeing,+905372666252,Diyetisyen
Bornova - Fonksiyonel Tıp Diyetisyeni Ceylin Sude Oğuz,+905401553577,Diyetisyen
Diyetisyen Metin Bodur,+902323428292,Diyetisyen
Diyetisyen Sümeyye Top Beslenme ve Diyet Danışmanlığı,+905521527792,Diyetisyen
Diyetisyen Sebahat Neşeli,+905355622780,Diyetisyen
Bornova Diyetisyen - Uzm. Dyt. Merkezi,+905393349774,Diyetisyen
Diyetisyen Öznur Adak Beslenme ve Diyet Danışmanlığı,+905357143941,Diyetisyen
Diyetisyen Ayça Ayaz,+908504745108,Diyetisyen
KEYF_iM ÇAMDiBİ KİLO KONTROL,+905547009476,Diyetisyen
Diyetisyen Ceren Gümüş,+905367077323,Diyetisyen
Diyetisyen Emine Karabıyık,+905435074645,Diyetisyen
Dyt. Bengü Ünal,+908504748192,Diyetisyen
Diyetisyen Kübra Atıcı,+905534597681,Diyetisyen
Health Co. Fitness and Nutrition personal coaching,+905326220009,Diyetisyen
Karşıyaka Dyt Melisa EMİNE BAKIR - Karşıyaka Diyetisyen Randevu - Sağlıklı Beslenme - Tavsiye Diyetisyen - Beslenme Danışmanı,+905433027183,Diyetisyen
Diyetisyen Yağmur Çoban,+905313121587,Diyetisyen
Dyt. Gül İncekara,+908504741992,Diyetisyen
Orkide Aktif yaşam,+905377077684,Diyetisyen
Psikolog Diyetisyen Gülşen Sarı,+902325703726,Psikolog / Terapist
Sport Vision Plus - Bornova Reformer Pilates & Spor Salonu,+905305001849,Pilates / Yoga
Aqua Pilates Reformer Studio Bornova,+905057928343,Pilates / Yoga
ASI Pilates Studıo Bornova,+905557170701,Pilates / Yoga
M.E.S Pilates & Training Studio,+905309033500,Pilates / Yoga
Positive Pilates Bornova,+905438703500,Pilates / Yoga
Pilates İzmir,+905425919635,Pilates / Yoga
Tekin Spor Studio,+905524856982,Pilates / Yoga
Halime Uludağ Pilates Studio,+905539826085,Pilates / Yoga
Fast Up PT Pilates Studio,+905525875669,Pilates / Yoga
Pan Yoga & Reformer Studio,+905548841212,Pilates / Yoga
Lumia Pilates Stüdyo,+905425269777,Pilates / Yoga
Zyra Pilates & Yoga Studio,+905542386522,Pilates / Yoga
NONSTOP PT / REFORMER STUDIO,+905076263665,Kuaför / Berber
Fit Yaşam Studio Forum Bornova Villalar,+905516511927,Pilates / Yoga
Eylül Özkan Pilates Studio,+905307491533,Pilates / Yoga
Let's Sport,+902325203989,Kuaför / Berber
Nova Pilates Studio,+902323436798,Pilates / Yoga
Aqua Pilates Bornova,+905325834951,Pilates / Yoga
More Studio Pilates,+905368293510,Pilates / Yoga
ANKA REFORMER PİLATES STUDİO,+905549094824,Pilates / Yoga
İZ PİLATES Filiz Algüney,+905072975792,Pilates / Yoga
Esperto Training Studio,+905323544331,Kuaför / Berber
Prime Plus Sport,+905523287597,Pilates / Yoga
Genç Türk Sağlikli Yaşam ve Spor Merkezi,+902323742026,Kuaför / Berber
REFORMER COACH STUDIO,+905545025151,Kuaför / Berber
"Sportfiz Bornova | Kayropraktik, Reformer Pilates, Fizyoterapi, Manuel Terapi",+905312665982,Psikolog / Terapist
Gym Bornova,+902323424849,Kuaför / Berber
Just Training Studio,+905428190503,Pilates / Yoga
Bornova Kapalı Spor Salonu,+902323883494,Kuaför / Berber
Joyfit Pilates,+905493990035,Pilates / Yoga
Home Training Studio,+905536632109,Kuaför / Berber
Yeni Bornova Spor Kulübü KİCK BOKS -TAEKWANDO- PİLATES GRUP VE ÖZEL DERSLER,+905362687455,Pilates / Yoga
Instasports2,+905556495401,Kuaför / Berber
İzmir Vali Hüseyin Öğütçen Spor Salonu,+902323740702,Kuaför / Berber
SMYRNA BORNOVA SPOR KULÜBÜ,+905535027574,Kuaför / Berber
Athletica Sports Club,+905427600912,Kuaför / Berber
KOÇOĞLU SPOR KULUBU,+905332671064,Kuaför / Berber
Court 35 Sport Center,+902323733035,Kuaför / Berber
Next Fit Studio,+905331553599,Kuaför / Berber
Pilates Studio By Tomris,+905320511985,Pilates / Yoga
FP Arena,+902324351285,Kuaför / Berber
Gym Struggle Bornova Reformer stüdyo,+905535788635,Pilates / Yoga
PlayStüdyo Bornova | Kadınlara Özel Spor Salonu,+902323623500,Kuaför / Berber
KERBEROS SPOR KULÜBÜ,+905071601230,Kuaför / Berber
Club Sportiva (Evka-3),+902323732019,Kuaför / Berber
S.E.T 7 Sports,+905053477400,Kuaför / Berber
Şavkar Fitness,+902323757524,Diğer (Sağlık & Bakım)
MACFit Kidsmall,+908505327000,Kuaför / Berber
Gold Fitness,+905061552574,Kuaför / Berber
Pilates Yoga İzmir,+905388155333,Pilates / Yoga
Kontrol7 Kilo Kontrol Merkezi,+905317361828,Diğer (Sağlık & Bakım)
Colourfit training zone,+905331443737,Kuaför / Berber
Ayyıldızım spor kulübü,+905074611367,Kuaför / Berber
ALPHA AKTİF YAŞAM KULÜBÜ,+905325792231,Diğer (Sağlık & Bakım)
CDF Sport,+905065718862,Kuaför / Berber
Workoutzonesport,+905527831806,Kuaför / Berber
Köklü Ata Spor Kulübü,+905427601388,Kuaför / Berber
Fox Beauty Center,+905437177131,Güzellik Salonu
Funda Ak Buca Güzellik Epilasyon İpek Kirpik Kalıcı Oje Protez Microbilding Kıl Tekniği Kaş Zayıflama Saç ve Ağda Cilt Bakımı,+905379264196,Güzellik Salonu
Derma Es Güzellik Salonu,+902324404797,Güzellik Salonu
AYSEL SEVİMLİ GÜZELLİK,+905532269597,Güzellik Salonu
Zirve Güzellik Salonu,+902324390304,Güzellik Salonu
Damla güzellik salonu,+905532249844,Güzellik Salonu
Tınaztepe Güzellik Merkezi,+902324541484,Güzellik Salonu
Derya Ataş Beauty - Hair & Make Up,+905304999035,Güzellik Salonu
Cas Güzellik Merkezi,+905323604614,Güzellik Salonu
Egedermalife Güzellik Merkezi - Buca,+905524333837,Güzellik Salonu
İZMİR / BUCA GÜZELLİK SALONU ŞÜKRİYE ATICI Şirinyer Cilt Bakımı Lazer Epilasyon Selülit Protokolü Bölgesel Zayıflama,+905368943098,Güzellik Salonu
Nur VIP Güzellik Merkezi,+902324485950,Güzellik Salonu
NARGES Güzellik Merkezi,+905551021305,Güzellik Salonu
"Başak Beauty Center (Protez Tırnak, Kalıcı Oje, Manikür, Pedikür, Profesyonel Makyaj, İpek kirpik,Microblading)",+905533895834,Güzellik Salonu
Larissa Güzellik Salonu,+902324536162,Güzellik Salonu
Halime Doğandemir Güzellik,+905435476002,Güzellik Salonu
Ayşe Gönültaş Epilasyon & Güzellik Merkezi,+905424876800,Güzellik Salonu
Clinique Era(EraGüzellik Salonu Buca),+905405753535,Güzellik Salonu
La Liva Beauty Studio Academy,+905323597525,Güzellik Salonu
Özlem Beauty & Nail Art,+905512191452,Güzellik Salonu
Dilek Akyüz Güzellik Merkezi,+905312056380,Güzellik Salonu
Şirince Güzellik Salonu,+905326358641,Güzellik Salonu
ŞAN KUAFÖR buca bayan kuaför güzellik salonu,+902322621923,Güzellik Salonu
Ayşe Naz Güzellik Salonu,+902324484222,Güzellik Salonu
MADAME RUUJ,+905396485548,Kuaför / Berber
Pelin Gündüz Güzellik Şirinyer,+902324263434,Güzellik Salonu
Seyhandan Güzellik,+902324536515,Güzellik Salonu
Saloon Elit Bayan Kuaförü,+902324480856,Kuaför / Berber
Mehmet Aktaş Bayan Kuaförü Buca İZMİR,+905544862168,Kuaför / Berber
WO-MEN KUAFÖR,+905072974045,Kuaför / Berber
Kuaför Emrah Atak & Hi Light | Hair Make Up Studio | Bayan Kuaförü | Güzellik Salonu | Buca,+902324262244,Güzellik Salonu
GÜZELLİK DURAĞI SİNAN GEZDİR,+902322750253,Güzellik Salonu
Greenlife Vip Güzellik Salonu,+905526117088,Güzellik Salonu
Vanessa Atelier (Nail Art Vanessa),+905354493575,Güzellik Salonu
Cinderella Glow Beauty Buca Güzellik Salonu,+905401271177,Güzellik Salonu
Su Derma Güzellik Salonu,+905331680973,Güzellik Salonu
Eylül's Güzellik Salonu Buca,+905422986976,Güzellik Salonu
Mehtap Güzellik Salonu,+902324265769,Güzellik Salonu
Nehir Saç Tasarım Güzellik Salonu,+905013409975,Güzellik Salonu
Berceste Tırnak ve Güzellik Salonu,+905319955330,Güzellik Salonu
Senem Küçük Güzellik Salonu,+905541212805,Güzellik Salonu
Papatya Güzellik Salonu,+902324873043,Güzellik Salonu
New Face Güzellik Salonu & Kuaför,+902324387585,Güzellik Salonu
Eylem kuaför,+905070731898,Kuaför / Berber
Ümran Civan Güzellik Salonu,+902324524041,Güzellik Salonu
Carmen Güzellik ve Lazer Merkezi,+905529352347,Güzellik Salonu
Güleser Yılmaz Saç ve Güzellik Merkezi,+905545742134,Güzellik Salonu
Slimfit Estetik Buca,+905451883535,Güzellik Salonu
SALON KESS,+905513743535,Kuaför / Berber
Selin Güzellik Salonu,+902324206840,Güzellik Salonu
Met Kuaför,+902324422662,Kuaför / Berber
Liva Güzellik Salonu,+905343254100,Güzellik Salonu
Işilti Güzellik Salonu,+902324263310,Güzellik Salonu
Buca Bayan Kuaförü,+905532495794,Kuaför / Berber
Saloon Sevcan,+905532949966,Güzellik Salonu
Dr. Naturel Lazer Epilasyon Merkezi,+905412353929,Güzellik Salonu
Sultan Kuaför Güzellik Salonu,+905059876130,Güzellik Salonu
Almira güzellik salonu,+905349797730,Güzellik Salonu
Buca Kuaför & Salon Mia Kuaför & Güzellik Merkezi,+902324535339,Güzellik Salonu
Aşk Kuaför,+905532700329,Kuaför / Berber
Happy Club Güzellik,+905383413562,Güzellik Salonu
Cadde Coiffeur & Güzellik Salonu,+902324520436,Güzellik Salonu
Serenity Hair&Beauty,+905437744585,Güzellik Salonu
Kız Kulesi Güzellik Salonu,+905387803500,Güzellik Salonu
Makas'h Kuaför ve Güzellik Salonu,+905059972192,Güzellik Salonu
Sem Tırnak Atölyesi Güzellik Salonu,+905432391727,Güzellik Salonu
Vegas-Mikrokaynak İzmir-Saç Kaynak Merkezi-Buca,+905075743921,Güzellik Salonu
Nevin Yıldız Güzellik Salonu,+905411490917,Güzellik Salonu
Yıldız & Barış Kuaför Salonu,+905075058803,Kuaför / Berber
Selin Güzellik Salonu,+905551732527,Güzellik Salonu
Güzellik Salonu,+905519464363,Güzellik Salonu
Buket Yıldız Güzellik Salonu,+905417969108,Güzellik Salonu
Nehir Güzellik Salonu,+905369201795,Güzellik Salonu
Sbl Kuaför,+905549749446,Kuaför / Berber
Mina Estetik Güzellik,+905550570435,Güzellik Salonu
Mayasanté Life Güzellik Salonu,+905058657861,Güzellik Salonu
Kardelen Kuaför ve Güzellik Salonu,+905079957486,Güzellik Salonu
KUAFÖR BuRaK,+905078630037,Kuaför / Berber
Kuaför Niko,+905547501414,Kuaför / Berber
Saloon Barış Bayan Kuaförü,+905531269796,Kuaför / Berber
MOS KUAFÖR,+905538098709,Kuaför / Berber
Şenol&Gülcan Bayan Kuaförü,+905544367551,Kuaför / Berber
Gaye Kuaför,+902324381618,Kuaför / Berber
SaloonSeval,+905052521346,Kuaför / Berber
İlhan Oktay exclusive,+905546281825,Kuaför / Berber
Yalçın ertaş hair& Makeup studio bayan kuaförü,+905076517160,Güzellik Salonu
Başaran Saç Tasarım Merkezi,+902322752026,Kuaför / Berber
Salon VOJO sac tasarim & makyaj,+905327183647,Güzellik Salonu
Kuaför CEM ALAGÖK,+905325714326,Kuaför / Berber
Kuaför Özkan,+902324482224,Kuaför / Berber
Kuaför Ceyhun,+905077349829,Kuaför / Berber
Ferdi Cihan Kuaför,+902324404058,Kuaför / Berber
İnci Ünal Hair Studio,+905555084270,Kuaför / Berber
Dilara İzol Hair Makeup Vip Bay & Bayan Kuaförü,+905054730235,Güzellik Salonu
Kuaför Kenan,+905557858088,Kuaför / Berber
Doğukan Hair Place,+905516519597,Kuaför / Berber
Kuaför Kamil,+902324381593,Kuaför / Berber
Elit Burcu Bayan Kuaförü,+905535318357,Kuaför / Berber
Kuaför Ebru,+902324537552,Kuaför / Berber
Salon Pandora bayan kuaförü,+905312847461,Kuaför / Berber
Fmakas Kuaför,+902324263526,Kuaför / Berber
ZEN BAYAN KUAFÖRÜ,+905332751928,Kuaför / Berber
Simel Kuaför,+905534652139,Kuaför / Berber
Saç Tasarım Efe HairDesigner-Buca Bayan Kuaförü,+905467962235,Kuaför / Berber
Fov Professional Men’s Care,+905339211842,Kuaför / Berber
Saloon Hacer Yılmaz,+902324494917,Kuaför / Berber
Rujj Kuaför Şirinyer,+905066032434,Kuaför / Berber
Şengül&Kito Bay&Bayan Kuaförü,+902324420550,Kuaför / Berber
Zahide Kuaför,+902322752226,Kuaför / Berber
Saloon 911,+905543540394,Kuaför / Berber
S&B COİFFEURE,+905010947394,Kuaför / Berber
Men Erkek Bayan Kuaför &Bakım Merkezi,+902324870201,Kuaför / Berber
Efsane erkek kuaförü,+905448101691,Kuaför / Berber
By Tahsin Saç Tasarım,+905358633860,Kuaför / Berber
Ebruli Bayan kuaförü,+902324202832,Kuaför / Berber
Dizayn Kuaför,+902324528473,Kuaför / Berber
Kuaför Suat,+905545927302,Kuaför / Berber
SALON FIRAT BAYAN KUAFÖRÜ,+905070282624,Kuaför / Berber
Kuaför Serkan Özer,+902324268181,Kuaför / Berber
Lanse kuaför,+905433743515,Kuaför / Berber
Melike Kuaför,+905551716055,Kuaför / Berber
Serdar Kuaför,+905547939020,Kuaför / Berber
Kuaför Aysel,+905382389422,Kuaför / Berber
Erdi Uyar Hair Studio | Berber Buca,+905526269413,Kuaför / Berber
Kuaför Özkan,+905065727903,Kuaför / Berber
Kuaför Sertan Çapkın,+905532901335,Kuaför / Berber
The Brothers Hair Studio | Erkek Kuaför Buca | Berber Buca,+905558816970,Kuaför / Berber
Hakan Erkek Kuaförü,+905543742663,Kuaför / Berber
ABDULLAH YUSUF HAIRDRESSER,+902324262606,Kuaför / Berber
Salon Rüzgar İsmail,+905445233403,Kuaför / Berber
Hakan Kuaför,+902324486005,Kuaför / Berber
KUAFÖR AHMET,+905060201801,Kuaför / Berber
Kuaför By Volkan,+902324487343,Kuaför / Berber
Kuaför Nur,+902324536006,Kuaför / Berber
Sevcan Tosunlar Beauty,+902324421473,Güzellik Salonu
MF Erkek Kuaförü,+905556112870,Kuaför / Berber
Kuaför Burcu,+902324385855,Kuaför / Berber
Ayşegül Kuaför,+902324489040,Kuaför / Berber
EGE KUAFÖR,+902324381331,Kuaför / Berber
Bayan Kuaförü Cumhur,+905530559394,Kuaför / Berber
Kuaför Sevdam,+905530636543,Kuaför / Berber
Hatice Kuaför,+902324392563,Kuaför / Berber
Kuaför Derya,+902324535957,Kuaför / Berber
İlkim Kuaför,+905465674025,Kuaför / Berber
Emre Erkek Kuaförü,+905073298699,Kuaför / Berber
Birgül Kuaför,+902324528792,Kuaför / Berber
SALON SERVET SAKCI,+905326607586,Güzellik Salonu
toprak ç erkek kuaförü,+905523831382,Kuaför / Berber
Deniz Bayan Kuaförü,+902322751604,Kuaför / Berber
Numan erkek kuaförü,+905548999295,Kuaför / Berber
Fatih Erkek Kuaför Salonu,+905556088571,Kuaför / Berber
Müjgan Kuaför,+902324401078,Kuaför / Berber
Papatya kuaför alev,+905531618946,Kuaför / Berber
Hüseyin Akbaş Hair Saloon,+905448167265,Kuaför / Berber
Ferhat Meşinci Erkek Kuaförü,+905308757695,Kuaför / Berber
Ayşegül Kuaför,+905415274791,Kuaför / Berber
Kuaför Yeliz,+905399135938,Kuaför / Berber
Salon Gizem Arslan,+905395199313,Kuaför / Berber
Kuaför İnci,+905394984728,Kuaför / Berber
Tuğba Bayan Kuaförü,+905532228617,Kuaför / Berber
Yunus Göktürk Hair Design,+905074163326,Kuaför / Berber
Çağlayan Erkek Kuaförü,+905545612227,Kuaför / Berber
Başak Kuaför,+905545101658,Kuaför / Berber
Aydınoğlu Beauty Kuaför ve Güzellik Salonu,+905320600262,Güzellik Salonu
Kuaför Eren Eryılmaz,+905070609107,Kuaför / Berber
Kuaför Şükrü,+902324875269,Kuaför / Berber
Songül Kuaför,+902324207007,Kuaför / Berber
S&M beauty bayan kuaförü,+905448512831,Güzellik Salonu
Altın Makas Erkek Kuaförü,+905545514166,Kuaför / Berber
Adress Kuaför,+905077656716,Kuaför / Berber
Alin Nail Art Studio,+905330364601,Güzellik Salonu
Buca Protez Tırnak Center,+905541332167,Güzellik Salonu
Blush Nail Beauty Studio,+905336351722,Güzellik Salonu
İzmir Jel Tırnak Buca,+905415818694,Güzellik Salonu
Sibel Tırnak Center,+905469537341,Güzellik Salonu
Soje Protez Tırnak Buca - Şirinyer,+905356501836,Güzellik Salonu
"Buca Protez Tırnak, Gamze Nail Studio",+905524103511,Güzellik Salonu
Tırnaks,+902324486878,Güzellik Salonu
Nail Studio Nail Art Buca 35 Protez Tırnak,+905451486638,Güzellik Salonu
"Buca Protez Tırnak, Kalıcı Oje | Studio Melinay İzmir",+905366628454,Güzellik Salonu
Luna Tırnak Merkezi,+905051876990,Güzellik Salonu
Nuga Tırnak Merkezi,+905380268550,Güzellik Salonu
Doa nail & art studio,+905345884801,Güzellik Salonu
Naura Beauty | İzmir Buca | Protez Tırnak Kalıcı Oje Nailart Studio,+905376568946,Güzellik Salonu
Şermin Beauty,+905456104013,Güzellik Salonu
Miray Akzeybek Nail Studio,+905073810555,Güzellik Salonu
Olga Tırnak,+905434876640,Güzellik Salonu
Nailartbuket,+905387917001,Güzellik Salonu
Ece Uzun Nail House,+905077083505,Güzellik Salonu
Lina Protez Tırnak Merkezi,+905523201735,Güzellik Salonu
Yeşim Taşkın Nail Studio,+905308279612,Güzellik Salonu
Pink Polish Güzellik Salonu,+905304205311,Güzellik Salonu
Nailora,+905401823535,Güzellik Salonu
Bengi NailArt,+905424613964,Güzellik Salonu
BÜŞRA YILMAZ BEAUTY,+905534993294,Güzellik Salonu
Simya beauty,+905532392020,Güzellik Salonu
Cisotte Nail & Beauty,+905530823535,Güzellik Salonu
Ebrar Beauty Studio,+905303801035,Güzellik Salonu
Nara Güzellik,+905392039893,Güzellik Salonu
Merve Evrim Nail Beauty,+905538684741,Güzellik Salonu
The wind nail studio,+905058081896,Güzellik Salonu
İzmir Tinka Protez Tırnak - Gaziemir Protez Tırnak Salonu - Jel Tırnak - Kalıcı Oje - Nail Art,+905070372374,Güzellik Salonu
Hazel Ağaoğlu Nail Art Studio,+905515448060,Güzellik Salonu
NailArt.İzmir,+905526560094,Güzellik Salonu
VİKTORЯ nail Shop,+905301166713,Güzellik Salonu
Gamze Akyurt Nail & Beauty Studio,+905321701633,Güzellik Salonu
Veranika_Studio,+905519748812,Güzellik Salonu
Nail’UZ Studio,+905529496704,Güzellik Salonu
Ezber Nail Studio,+905378711107,Güzellik Salonu
DÜZEY BEAUTY,+905056811985,Güzellik Salonu
Neşe Nail Art,+905376614773,Güzellik Salonu
Emsel Beauty,+905523777070,Güzellik Salonu
Tuğba Arı Nail Art,+905078332054,Güzellik Salonu
Beauty Çiğdem'ce,+905060320926,Güzellik Salonu
DG Hair Nail Art Studio,+905422642090,Güzellik Salonu
mimi tırnak stüdyo,+905064453732,Güzellik Salonu
Aybüke Güzellik Atölyesi,+905323872946,Güzellik Salonu
Brc Ynr Nailart Studio,+905422324645,Güzellik Salonu
My Beauty Güzellik Salonu,+905011573313,Güzellik Salonu
BEST NAİL STUDİO,+905075701100,Güzellik Salonu
Sena Beauty Buca,+905522981099,Güzellik Salonu
Mia Beauty Kalıcı Oje ve Tırnak Protez Salonu Şirinyer,+905532727671,Güzellik Salonu
Aysegül Beauty Center,+905010190813,Güzellik Salonu
Salon Tuba Beauty-Sir Ağda Salonu-Mikroblading-Kalıcı Makyaj-Buca,+905071311494,Güzellik Salonu
Vaov Beauty,+905304317419,Güzellik Salonu
Gül Yıldız Beauty,+905070049430,Güzellik Salonu
Kübra Murat Beauty,+905012500519,Güzellik Salonu
Naturabeautycenter,+905302324481,Güzellik Salonu
BAHAR DURAL BEAUTY HAUSE MYD PROJE,+905324907012,Güzellik Salonu
WOOW Beauty Center & Kuaför ve Güzellik Salonu,+905516480528,Güzellik Salonu
Yağmur Kent Beauty Center,+905545890324,Güzellik Salonu
Adarya Beauty Center,+905433021981,Güzellik Salonu
Özlem Beauty Center,+905524107942,Güzellik Salonu
seher yılmaz makeup studio,+905413403350,Güzellik Salonu
Holly Beauty,+905382835000,Güzellik Salonu
Burçin Kılıç Beauty,+905306629231,Güzellik Salonu
Saparova Beauty Center,+905520102049,Güzellik Salonu
Anka Beauty Center by Serap KARAZEYBEK,+905062053035,Güzellik Salonu
Öznur Kılınç Beauty Şirinyer Güzellik Salonu,+905332834167,Güzellik Salonu
Ena beauty Hair,+905431657905,Güzellik Salonu
EK BEAUTY,+905364094429,Güzellik Salonu
M&A Beauty Saloon,+905417650710,Güzellik Salonu
Shine Beauty Buca,+905444619160,Güzellik Salonu
H&D Beauty,+905545041873,Güzellik Salonu
Mine Artuç Beauty Güzellik,+905528573504,Güzellik Salonu
Merve Esmer Beauty Studıo | Buca Güzellik Merkezi,+905436096363,Güzellik Salonu
Beauty vibe nataliia & tanya,+905525850539,Güzellik Salonu
Masal Beauty Studıo,+905469574020,Güzellik Salonu
Liscio Beauty Lounge,+905528217088,Güzellik Salonu
SEDA GÜLBAHARLI BEAUTY CENTER,+905411177332,Güzellik Salonu
İlkim Ekiz Beauty,+905075615575,Güzellik Salonu
Tusem Beauty Center,+905417312699,Güzellik Salonu
Rainrose Beauty Center,+905540051946,Güzellik Salonu
Serşah Beauty,+905421422529,Güzellik Salonu
Ceyda AMAT Beauty Lounge,+905536038213,Güzellik Salonu
İrem beauty center,+905378125906,Güzellik Salonu
HK Makeup Studio,+905333298026,Güzellik Salonu
Samira Beauty Saloon,+905524872193,Güzellik Salonu
Fearless Beauty center,+905534581424,Güzellik Salonu
GoBeauty,+905367753792,Güzellik Salonu
Aysun Alpay Beauty & Nail Studio,+905321664013,Güzellik Salonu
natalia kalıcı makyaj,+905469334842,Güzellik Salonu
Menalinda Beauty,+905418341689,Güzellik Salonu
EZER BEAUTY,+905304959335,Güzellik Salonu
Aytaş Beauty Center,+905300660639,Güzellik Salonu
İrem Bulca Beauty Center,+905013550230,Güzellik Salonu
GD Gülay Beauty,+905537340040,Güzellik Salonu
Seher Beauty Center,+905529272783,Güzellik Salonu
Duru Bella Beauty,+905365239659,Güzellik Salonu
Zelal Beauty Center,+905010173435,Güzellik Salonu
BY LENİ BEAUTY CENTER,+905056639795,Güzellik Salonu
Glowe Beauty Studio,+905531896284,Güzellik Salonu
FeMoon Beauty,+905316265287,Güzellik Salonu
Ela Bella Beauty Shop,+905366361409,Güzellik Salonu
Noralife Beauty Aestetic,+905521721685,Güzellik Salonu
Asya Beauty Center,+905313791847,Güzellik Salonu
Arya Clinic Estetik ve Güzellik Merkezi,+902324265562,Güzellik Salonu
Ceren Ceviz Estetik,+905524135265,Güzellik Salonu
Şirinyer AnatoliumVİP Estetik&Güzellik,+902324269599,Güzellik Salonu
Selin&Beyza Güzellik,+905449028515,Güzellik Salonu
SG Clinic Estetik Merkezi,+905392218928,Güzellik Salonu
LABİANCA GÜZELLİK MERKEZİ,+905333261598,Güzellik Salonu
Şirinyer Estetik Merkezi,+905448493535,Güzellik Salonu
Estetik Spor Fitness,+902324527275,Güzellik Salonu
Sia Estetik Güzellik Merkezi,+905536452266,Güzellik Salonu
Aysel Durman Güzellik Merkezi,+905524720405,Güzellik Salonu
Atis Kalıcı Makyaj ve Güzellik Merkezi,+902324385398,Güzellik Salonu
Pırıl Güzellik Merkezi,+905051347528,Güzellik Salonu
Maya Klinik Epilasyan & Güzellik Merkezi,+905462516292,Güzellik Salonu
Ceylan Çiçek Bay Bayan Güzellik Merkezi,+905304807302,Güzellik Salonu
Likya Saç Ekim & Estetik | Alsancak,+902324651255,Güzellik Salonu
Yeliz Güzellik Merkezi,+905447985268,Güzellik Salonu
Zk Estetik Buca,+902324261226,Güzellik Salonu
ESTENOAH - Estetik & Güzellik,+905055122023,Güzellik Salonu
İpek Ersin Estetik,+905326114098,Güzellik Salonu
En Gözde,+902324401640,Güzellik Salonu
BUCA AYAK BAKIM MERKEZİ,+905468221848,Diğer (Sağlık & Bakım)
La Vita Bella,+902322201918,Güzellik Salonu
ARLİNA ESTETİK,+905012359190,Güzellik Salonu
Gülşen Işık Estetik & Güzellik,+902322505656,Güzellik Salonu
Valery Epilasyon ve Güzellik Salonu,+905538658590,Güzellik Salonu
KARYA ESTETİK VE GÜZELLİK,+905550984799,Güzellik Salonu
Tan panjur ve cam balkon sistemleri,+905065701271,Güzellik Salonu
Reborn Estetik Güzellik,+905077600109,Güzellik Salonu
Moon Esthetics Beauty,+905534663290,Güzellik Salonu
Atölye Vera Güzellik,+905421270809,Güzellik Salonu
Güzellik Merkezi,+905050710441,Güzellik Salonu
Laura Derma Plus,+905051153525,Güzellik Salonu
Esmarin Güzellik Merkezi,+905071505455,Güzellik Salonu
Marde Psikoloji | Psikolog Helin AKGÜN,+905385988007,Psikolog / Terapist
Dese Psikoloji Buca Psikolog,+905545944227,Psikolog / Terapist
Psikolog Yeşim Aydın,+905331318880,Psikolog / Terapist
Umut Psikoloji Merkezi | Buca Psikolog (Uzm. Klinik Psk. Derya Demir),+905313955233,Psikolog / Terapist
Psikolog Büşra Yılmaz,+908504744309,Psikolog / Terapist
Güneş Psikoloji Uzm. Psikolog Balkı Deveci İzmir Psikolog,+905422012011,Psikolog / Terapist
Pozitif Psikoloji Buca Psikolog,+905072353525,Psikolog / Terapist
Özgün Psikoloji,+905551951607,Psikolog / Terapist
Oyun Terapisi İzmir | Psikolog Alper Yalçın | Yetişkin Terapisi,+905013193002,Psikolog / Terapist
Nirvana Aile ve Psikolojik Danışmanlık Merkezi,+905527322602,Psikolog / Terapist
"Psikolog Ömer Aslantaş,İzmir Yön Psikoloji",+908504744247,Psikolog / Terapist
İzmir Psikolog | Psikolog & Aile Danışmanı Sıla Sari,+905070086576,Psikolog / Terapist
DİŞ HEKİMİ İPEK AYDIN MUAYENEHANESİ,+905530907578,Diş Kliniği
Dr. Psk. Ayşe Devrim Masalcı Burçak,+908504746213,Psikolog / Terapist
İzmir Analiz Psikoloji,+905469303530,Psikolog / Terapist
İzmir Psikolog Çağla Çanakcı (Online ve Uygun Seans Randevu Ücretleri ile Terapi),+905418863089,Psikolog / Terapist
Psikolog-Aile Danışmanı Ömer Aslantaş,+905395747663,Psikolog / Terapist
Klinik Psikolog Güner Karacasu,+908504746537,Psikolog / Terapist
Klinik Psikolog Dilan Demirdöven,+908508119087,Psikolog / Terapist
Nil Psikoloji- Uzm. Klinik Psikolog Nilay Ayvaz Halıcı,+905545149157,Psikolog / Terapist
Nil Psikoloji Uzman Psikolog Nilay İnceman Buca / İzmir,+902322182360,Psikolog / Terapist
Hana Danışmanlık | Psikolog Sena YİĞENLİ,+905317040629,Psikolog / Terapist
Psikolojik Danışman Burakcan Demirdöven - Psikohealing Psikoloji,+908508113468,Psikolog / Terapist
Psikolog Gizem Oytun,+905011209350,Psikolog / Terapist
Klinik Psikolog Emre MURAT,+905342514662,Psikolog / Terapist
Uzman Klinik Psikolog Büşra Arkalı,+905511751024,Psikolog / Terapist
Uzm. Psk. Dan. Özlem Mutlu Işık,+908508118942,Psikolog / Terapist
Estafiz Sağlıklı Yaşam Merkezi,+905079350070,Pilates / Yoga
Klinik Psikolog Seren Suner Şengül | Alsancak Klinik Psikolog,+908504746858,Psikolog / Terapist
Uzman Psikolog Eda Banisi l Mersin Psikolog l Online Psikolog l Yüz Yüze Danışmanlık,+905336967933,Psikolog / Terapist
Uzman Psikolog Gizem Tutku Yaşar Gaziemir Psikolog/ Pedagog Çocuk Ergen Psikolog Psikoterapi,+905061866386,Psikolog / Terapist
Psikolog Öykü Kırdiken,+905452081880,Psikolog / Terapist
İzmir Oyun Terapisi,+905534888490,Psikolog / Terapist
Psikolog Pelin Akgün | İzmir Psikolog,+905539732527,Psikolog / Terapist
Uzman Psikolog Merve Nur GÜN,+905555154884,Psikolog / Terapist
Liman Psikoloji / İzmir Psikolog,+905321344235,Psikolog / Terapist
"Doç. Dr. Börte Gürbüz Özgür, Çocuk ve Ergen Psikiyatrisi",+902324525252,Psikolog / Terapist
Gaziemir Psikolog Pedagog Uzman Çocuk Ergen Psikoloğu - Aybros Psikoloji,+905458388880,Psikolog / Terapist
Denta İzmir Ağız ve Diş Sağlığı Polikliniği,+905444380510,Diş Kliniği
Özel Avrupadent Buca Üçkuyular Ağız ve Diş Sağlığı Polikliniği,+902324202200,Diş Kliniği
Avrupadent Buca Forbes Ağız ve Diş Sağlığı Polikliniği İzmir Gülüş Tasarımı,+902324382000,Diş Kliniği
Özel Buca Dent Ağız ve Diş Sağlığı Polikliniği,+902324385858,Diş Kliniği
Özel Avrupadent Buca Gediz Ağız ve Diş Sağlığı Polikliniği,+902322602222,Diş Kliniği
Dentey Klinik Ağız ve Diş Sağlığı Polikliniği,+902324527777,Diş Kliniği
Touch Dent Ağız ve Diş Sağlığı,+902324405054,Diş Kliniği
Özel Eliz Dent Ağız ve Diş Sağlığı Polikliniği - Buca,+902324537979,Diş Kliniği
KORHAN AĞIZ VE DİŞ SAĞLIĞI POLİKLİNİĞİ,+905396502418,Diş Kliniği
Dent Universe Ağız Ve Diş Sağlığı Polikliniği,+905010933510,Diş Kliniği
Denta Klinik Ağız ve Diş Sağlığı Polikliniği,+902324380510,Diş Kliniği
Özel Gazi Ata Ağız ve Diş Sağlığı Polikliniği Buca Heykel,+902324202042,Diş Kliniği
Dent Silver Ağız Ve Diş Sağlığı,+905055500445,Diş Kliniği
Dentafe Ağız ve Diş Sağlığı Polikliniği | Dentafe Dental Clinic,+905074688887,Diş Kliniği
Dent Bulut Ağız ve Diş Sağlığı Polikliniği,+905301232797,Diş Kliniği
İzmir İşçievleri Ağız ve Diş Sağlığı Polikliniği,+905421714135,Diş Kliniği
Denteymen ağız ve diş sağlığı polikliniği,+902324425656,Diş Kliniği
Özel DENTAL Boutique Ağız ve Diş Sağlığı Polikliniği,+905413440345,Diş Kliniği
Özel Deniz Doğan Ağız ve Diş Sağlığı Polikliniği,+902322756663,Diş Kliniği
Özel Dent KM Ağız ve Diş Sağlığı Buca Şubesi | İmplant | Diş Kaplama | Restoratif Diş Tasarımı,+902324527452,Diş Kliniği
İzmir-Buca-Dt.Uğur Erçiftci-Özel Dentasey-Ağız ve Diş Sağlığı Polikliniği- Diş Hekimi (Doktoru) - İmplant--Protez,+902324522967,Diş Kliniği
Özel Dent Mega Ağız ve Diş Sağlığı Polikliniği,+905552969415,Diş Kliniği
Laviva Ağız ve Diş Sağlığı Polikliniği,+905444606080,Diş Kliniği
Locadent Ağız Ve Diş Sağlığı Polikliniği - Şirinyer | İmplant Tedavisi | Gülüş Estetiği | Zirkonyum,+902324390777,Diş Kliniği
Özel Uray Ağız ve Diş Sağlığı Polikliniği,+905059079397,Diş Kliniği
Değirmenci Ağız Ve Diş Sağlığı Polikliniği,+905324297975,Diş Kliniği
ÖZEL İŞÇİEVLERİ AĞIZ VE DİŞ SAĞLIĞI POLİKLİNİĞİ,+905327080570,Diş Kliniği
Özel İzmir Ortodonti 2 Ağız ve Diş Sağlığı Polikliniği,+902324267080,Diş Kliniği
Özel Avrupadent Şirinyer Ağız ve Diş Sağlığı Merkezi- İzmir Gülüş Tasarımı -Zirkonyum Tedavisi,+902324872222,Diş Kliniği
Özel Zeus Ağız ve Diş Sağlığı Polikliniği,+902327659387,Diş Kliniği
Tanem Ağız Ve Diş Sağlığı Polikliniği,+905073397348,Diş Kliniği
Özel Avrupadent Karabağlar Ağız ve Diş Sağlığı Polikliniği,+905010832201,Diş Kliniği
Diş Hekimi Yaren Diker-Buca-İzmir,+905074309611,Diş Kliniği
Özel Avrupadent Bozyaka Ağız ve Diş Sağlığı Polikliniği,+902322502200,Diş Kliniği
Diş Hekimi Faris Bahtiyar,+902324421909,Diş Kliniği
Özel Hipokrat Ağız Diş Sağlığı Polikliniği,+902324260093,Diş Kliniği
Diş Hekimi Alperen Salih,+905077475779,Diş Kliniği
Diş Hekimi Fazıl Önür,+905064437850,Diş Kliniği
ZOE Ağız ve Diş Saglığı,+905325463828,Diş Kliniği
Diş Hekimi Ayşenur Karaman,+905515303500,Diş Kliniği
Diş Hekimi İlksen Telli,+908508117325,Diş Kliniği
ÖZEL İLGİ AĞIZ VE DİŞ SAĞLIĞI POLİKİNİĞİ,+905533492323,Diş Kliniği
FLORA DENT,+905071491060,Diş Kliniği
Özel Yaylacık Ağız ve Diş Sağlığı Polikliniği,+905527443848,Diş Kliniği
Özel Altuğ Pınar Ağız ve Diş Sağlığı Polikliniği,+902324201096,Diş Kliniği
Özel Dent Ulucan Ağız ve Diş Sağlığı Polikliniği | Diş Hekimi Hıdır Ulucan,+902324873933,Diş Kliniği
Dişhekimi Güngör ÇALIŞKAN İNNALI,+905528501992,Diş Kliniği
Özel Orkide Ağız Ve Diş Sağlığı Polikliniği,+905330554795,Diş Kliniği
Özel Ufuk Dent Ağız ve Diş Sağlığı Polikliniği,+905062104135,Diş Kliniği
DentHa Plus | Buca Diş Hekimi | Buca Diş Doktoru | Buca Diş Polikliniği,+902324530302,Diş Kliniği
Dent Lotus Ağız ve Diş Sağlığı Polikliniği,+902322767610,Diş Kliniği
Diş hekimi Ahmet Barış Kural,+905387298175,Diş Kliniği
Diş Hekimi Ecem Gümüş,+905558809914,Diş Kliniği
Özel Dental Center Ağız ve Diş Sağlığı Polikliniği,+905433201515,Diş Kliniği
DentalExpertsTurkey | Özel Venta Klinik Ağız ve Diş Sağlığı Polikliniği,+902322811075,Diş Kliniği
Diş Hekimi Erdem SELVİ,+905424350982,Diş Kliniği
Diş Hekimi Murat Kaya,+905559896942,Diş Kliniği
Diş Hekimi Arda Emre Yünük,+905395982753,Diş Kliniği
Diş Hekimi Efe Yavuz,+905403650035,Diş Kliniği
Diş Hekimi Sitare Özlem Meşekoparan,+902324403430,Diş Kliniği
Diş Hekimi Ali Rıza Kaya,+902324873055,Diş Kliniği
"DentaPoint International - Alsancak Şubesi Zirkonyum , Diş İmplantı , Estetik Diş Tedavileri , Çocuk Diş",+905435267670,Diş Kliniği
Diş Hekimi Aslı Günay Karakoç,+902324529990,Diş Kliniği
Özel Yeşilyurt Ağız Ve Diş Sağlığı Polikliniği,+908508501276,Diş Kliniği
Özel Gazi Ata Ağız ve Diş Sağlığı Polikliniği Gaziemir,+905431938420,Diş Kliniği
Diş Hekimi Dt. Vahit Mirzai,+905324684940,Diş Kliniği
Diş Hekimi Yasin Durman,+905345601013,Diş Kliniği
Diş Hekimi İlhan Öztürk,+902322750689,Diş Kliniği
Diş Hekimi Zafer Kahya,+902324200565,Diş Kliniği
Diş Hekimi Meriç Göçmenata,+902324400912,Diş Kliniği
Dt. Nigar Hatipoğlu,+908504746906,Diş Kliniği
Dental Clinic,+905529395020,Diş Kliniği
Diş Hekimi İsmail Peynirci,+902324381630,Diş Kliniği
GDENT Diş Kliniği - Pedodonti -Çocuk Diş Hekimi - Dr. Dt. GÖKŞEN İKİKARAKAYALI,+905412274053,Diş Kliniği
Diş Hekimi İbrahim Doğramacı,+905066720029,Diş Kliniği
Diş Hekimi Ahmet Güvenç,+905324351674,Diş Kliniği
Diş Hekimi Murat Kadakal,+902324269259,Diş Kliniği
İzmir Veteriner Polikliniği,+902324401520,Veteriner
BucaTattooPiercing,+905073371425,Dövme & Piercing
Aspava Tattoo,+905545028927,Dövme & Piercing
Loop Art Tattoo,+905526826093,Dövme & Piercing
İnka Tattoo Piercing,+905523693561,Dövme & Piercing
Deep Line Tattoo,+905542591757,Dövme & Piercing
NOX ART TATTOO & PİERCİNG İZMİR,+905449500278,Dövme & Piercing
Mornİnk Tattoo & Piercing,+905362667346,Dövme & Piercing
İzmir Dövme Piercing,+905417264308,Dövme & Piercing
RaRa İnk Tattoo,+905443437690,Dövme & Piercing
Green Tattoo&Piercing Studio,+905464645606,Dövme & Piercing
LAVARI TATTOO & PIERCING,+905316679677,Dövme & Piercing
Hermod tattoo,+905528203527,Dövme & Piercing
Inkstation Buca,+905518626864,Dövme & Piercing
Month Tattoo,+905544421928,Dövme & Piercing
Volkanz tattoo & piercing studio,+905070076890,Dövme & Piercing
CG Tattoo Studio,+905362021021,Dövme & Piercing
Deniz Tattoo X,+905550261576,Dövme & Piercing
Tattoo gölge sanatı,+905532168551,Dövme & Piercing
ugur taki tattoo,+905388484210,Dövme & Piercing
Liyan Tattoo,+905462322829,Dövme & Piercing
Tattoo Senin Dövmecin,+905396573556,Dövme & Piercing
Hera Tattoo & Nail Art,+905071835864,Dövme & Piercing
Holy Mommy studio,+905540070035,Dövme & Piercing
Mudita Tattoo House,+905446424114,Dövme & Piercing
Fil Tattoo,+905464720552,Dövme & Piercing
Inferno Tattoo Studio,+905541238169,Dövme & Piercing
Sedar Alkan Tattoo Studio,+905529134261,Dövme & Piercing
Tattoo Artist Esattoo,+905070070898,Dövme & Piercing
Dövmenle Anıl,+905372732138,Dövme & Piercing
Tattoo zus,+905423837452,Dövme & Piercing
Tattoo,+905533155597,Dövme & Piercing
K.O. Tattoo,+905354362794,Dövme & Piercing
Stüdyo-N-Art,+905464985523,Dövme & Piercing
Tattooizm Tattoo-Piercing-Store,+905353475357,Dövme & Piercing
Delyy Tattoo,+905320527580,Dövme & Piercing
Karizma Paradise Tattoo Dövme Salonu,+905432893879,Diş Kliniği
Umut Gür Tattoo Home,+905529344471,Dövme & Piercing
Tattoo Center İzmir,+905353639629,Dövme & Piercing
Tattoo Palmiye,+905448832552,Dövme & Piercing
Hashtag Tattoo İzmir,+905313779385,Dövme & Piercing
Lightning Tattoo & Piercing,+905535349262,Dövme & Piercing
Tattoo Studio No 232,+905446238095,Dövme & Piercing
Pablo Tattoo,+905454511710,Dövme & Piercing
Q Art Tattoo Studio,+905558324911,Dövme & Piercing
Can tattoo,+905465131799,Dövme & Piercing
DizaynTattoo,+902323320001,Dövme & Piercing
Simli Dövme Malzemeleri,+905309538582,Dövme & Piercing
Sky Line Tattoo Studio - Gaziemir Dövme - Piercing - Tattoo - Kalici Dövme,+905526393150,Dövme & Piercing
Atölye tattoo studio,+905326695609,Dövme & Piercing
Uzman Diyetisyen Hayriye Garip DEMİR | Leman Beslenme ve Diyet - Buca Andulasyon Terapi- İzmir Diyetisyen,+905534534787,Psikolog / Terapist
DİYETİSYEN ZELİHA ÖZTİTİZ,+905394101171,Diyetisyen
Diyetisyen Fatmanur Kaya,+905510437345,Diyetisyen
Uzman Diyetisyen Batuhan Çitemel,+902324541414,Diyetisyen
Diyetisyen Canan Kaplan Beslenme ve Diyet Danışmanlığı,+905414107560,Diyetisyen
Diyetisyen Aleyna Yaşa,+905532481488,Diyetisyen
ÖZDEM Beslenme Merkezi,+905547658949,Diyetisyen
Diyetisyen Burak Hançer,+905541600535,Diyetisyen
Uzman Diyetisyen Ezel Acar,+905432317723,Diyetisyen
Herbalife ile Yaşam koçulugu,+905076624008,Diyetisyen
"Buca Diyetisyen Hatice Nur ÖZBAY - Buca Diyetisyen,En iyi Diyetisyen,Andulasyon Terapisi,Bölgesel Zayıflama,",+905415333515,Psikolog / Terapist
Diyetisyen Nisa Demir,+905078610032,Diyetisyen
Şirinyer wellnesscenter jet Akademi,+905300956242,Diğer (Sağlık & Bakım)
Formplus35,+905304008284,Kuaför / Berber
Diyetisyen Kardelen İnan,+905433355383,Diyetisyen
Diyetisyenim,+905050744040,Diyetisyen
Ekin pilates studio | Bucada pilates | Bucada reformer | Bucada Pilates | Bucada hamile yogası | Bucada kadınlara özel spor,+902324260787,Pilates / Yoga
Nua Reformer Pilates Stüdyosu,+905070590868,Pilates / Yoga
Luna Pilates Studio,+905532703796,Pilates / Yoga
Aura Pilates Studio,+905523757601,Pilates / Yoga
"Profiz Buca Koop | Fizyoterapist Eşliğinde Reformer Pilates, Klinik Pilates, Hamile Pilatesi",+905359762010,Psikolog / Terapist
Pause Pilates Studio,+905060521023,Pilates / Yoga
Jera Pilates,+905539008093,Pilates / Yoga
Tempo Pilates ve Yoga Studio,+905537287776,Pilates / Yoga
NEXA Pilates&Training Studio,+905539833176,Pilates / Yoga
"DYG Reformer, Pilates, Fonksiyonel PT Studio",+905531122065,Pilates / Yoga
Pink Reformer Pilates,+905071772538,Pilates / Yoga
Sportfiz Buca Koop. | Reformer Pilates Studio,+905400193500,Pilates / Yoga
QUEEN’S PILATES & FUNCTIONAL STUDIO,+905072681676,Pilates / Yoga
Amazon Pilates stüdyo,+905392808837,Pilates / Yoga
Focus & Flow Pilates Yoga Studio,+905548690735,Pilates / Yoga
BUTİ Pilates,+905395477683,Pilates / Yoga
Souf Pilates Studio,+905443151590,Pilates / Yoga
Tuğba'Danspor,+905522219500,Pilates / Yoga
Mind Pilates Stüdyo,+905404911211,Pilates / Yoga
PERLA PİLATES STÜDYO,+905551814761,Pilates / Yoga
Juillet Pilates,+905447344908,Pilates / Yoga
Silva sport Studıo,+905058846209,Pilates / Yoga
SwanBody | PILATES STUDIO,+905398717926,Pilates / Yoga
Zeus Fitness,+905330843454,Kuaför / Berber
GOODNESS Pilates Studio,+905336563035,Pilates / Yoga
Estafiz Şirinyer Sağlıklı Yaşam Merkezi,+905079350055,Diğer (Sağlık & Bakım)
"Sportfiz Buca | Kayropraktik, Reformer Pilates, Fizyoterapi, Manuel Terapi",+905414863500,Psikolog / Terapist
Pluss Fit Elite,+902324870627,Kuaför / Berber
Gizem Atalan Pilates & Pt Studio,+905546938032,Pilates / Yoga
Fully Pilates,+905064681091,Pilates / Yoga
İzmir Fitness Co.,+905422959500,Kuaför / Berber
Club Pulse Fıtness,+905544874608,Kuaför / Berber
She Swan Pilates Studio,+905063277490,Pilates / Yoga
Profit Sport Center (Yıldız),+902324535812,Kuaför / Berber
Buca Reformer Pilates Salonu - Ay Klinik,+902325700636,Pilates / Yoga
Ritim Life Sports Gym Fitness Center,+902324530433,Kuaför / Berber
FlexFit,+905076895361,Kuaför / Berber
Viva Pilates,+905078768207,Pilates / Yoga
VALENS PİLATES,+905326890819,Pilates / Yoga
Real Fitness Studio Center,+905050264274,Kuaför / Berber
Sports35 Fitness ve Sağlıklı Yaşam Merkezi,+905059303007,Kuaför / Berber
B-Fit İzmir Buca ATATÜRK Kadınların Spor ve Yaşam Merkezi,+902324202010,Kuaför / Berber
SPORTEAM,+905449270035,Kuaför / Berber
Optimum Spor Merkezi,+902324425868,Kuaför / Berber
Optimum plus fitness club,+902324539576,Kuaför / Berber
Profit Sport Center,+902324382222,Kuaför / Berber
Winners Gym,+905313048171,Kuaför / Berber
SBPilates,+905551097610,Pilates / Yoga
RUSH FİTNESS CLUB,+905534212404,Kuaför / Berber
Synergy Fitness,+902325203285,Kuaför / Berber
Global EMS Fitness (BUCA),+905334670888,Kuaför / Berber
yoga plates stüdyo yaşa,+905323796641,Pilates / Yoga
Wing Sports Coaching,+905320558234,Kuaför / Berber
BunnyFit Muscle&Fitness,+902325029191,Kuaför / Berber
IN-SHAPE FITNESS CLUB,+902324408780,Kuaför / Berber
"Profiz | Kayropraktik, Fizyoterapist, Manuel Terapi, Skolyoz, Reformer Pilates",+902323320117,Psikolog / Terapist
Spor 35 Sağlık Yaşam Merkezi,+902324423873,Kuaför / Berber
Profit Sport Center Kuruçeşme,+905051284915,Kuaför / Berber
Buca Afetevleri Spor Salonu,+902324202543,Kuaför / Berber
Fitness Arena,+905070046070,Kuaför / Berber
Ultima Fitness,+905530707687,Kuaför / Berber
QUERENCİA FİTNESS,+905545580020,Kuaför / Berber
Dede Gym,+902322769165,Kuaför / Berber
Kurtuluş Fitness,+905324773568,Kuaför / Berber
B-fit Şirinyer,+905327164822,Kuaför / Berber
SC Beauty Country,+902327231715,Güzellik Salonu
ŞEBNEM DUMAN GÜZELLİK SALONU ÇEŞME MARİNA,+905324133280,Güzellik Salonu
QUARTZ BEAUTY STUDİO,+905071080677,Güzellik Salonu
Seda Özgül Beauty Güzellik Salonu,+905467705796,Güzellik Salonu
By Özay Hair & Beauty / Çeşme Kuaför ve Güzellik Salonu By Özay,+905415207844,Güzellik Salonu
Shr beauty,+905521462723,Güzellik Salonu
Pelin Çiçekçi Güzellik Merkezi Çeşme,+905326304435,Güzellik Salonu
As & Os Kuaför ve Güzellik Salonu Çeşme,+902327122923,Güzellik Salonu
Seren Killi BEAUTY CENTER,+905331597335,Güzellik Salonu
Bondia | Çeşme Alaçatı Güzellik Merkezi,+905426655075,Güzellik Salonu
Gizem Güzellik,+905063859403,Güzellik Salonu
Gözde Plus Güzellik Salonu,+902327122223,Güzellik Salonu
Dilyar Kuaför ve Beauty / Güzellik Salonu,+905540230406,Güzellik Salonu
Bodypass Beauty Center - Güzellik Merkezi Çeşme,+905310232535,Güzellik Salonu
Leyla Güzellik Salonu,+902327126961,Güzellik Salonu
Çeşme Kuaför Mehmet,+905399286205,Kuaför / Berber
GÜLŞEN SAYAR GÜZELLİK MERKEZİ,+905539545907,Güzellik Salonu
Şehnaz Erkan Beauty,+905434134765,Güzellik Salonu
Dr. Diva Beauty Çeşme,+905353515749,Güzellik Salonu
Natali Beauty,+905548331053,Güzellik Salonu
Kuaför bülent çeşme,+902327129650,Kuaför / Berber
Sebahat Kaya Estetik Güzellik,+905347951700,Güzellik Salonu
Gözde Bulu Estetik Güzellik Çeşme,+905394812624,Güzellik Salonu
amphora kuaför çeşme,+902327121251,Kuaför / Berber
BarberShop salon cadde,+905011827752,Kuaför / Berber
By Ebru Beauty Güzellik Salonu,+905431010628,Güzellik Salonu
Serap güzellik salonu&kuaför,+905319551222,Güzellik Salonu
Selma baydur nail art,+905530769843,Güzellik Salonu
Çeşme Kuaför Güzellik Salonu My Ela Studio,+905368244768,Güzellik Salonu
Derya & Volkan Bay ve Bayan Kuaförü ( Çeşme Ilıca Kuaför ),+905538713540,Kuaför / Berber
Salon Çeşme Güzellik,+905519383916,Güzellik Salonu
Çeşme Kuaför Değişim,+902327120190,Kuaför / Berber
Napoli Barbers,+905066883512,Kuaför / Berber
Canalp BARBER HAIR SHOP,+905324847812,Kuaför / Berber
Efendi Berber Salonu,+905079960439,Kuaför / Berber
CESMEDE KUAFOR TREND BAY BAYAN KUAFÖR & GÜZELLİK SALONU,+902327122291,Güzellik Salonu
İzmir Psikolog I Mehmet Gülçek,+905364760481,Psikolog / Terapist
Dent Foça Özel Ağız ve Diş Sağlığı Polikliniği,+905306491526,Diş Kliniği
Diş Hekimi Ayhan Aydoğan,+902328122383,Diş Kliniği
Diş Hekimi Banu Şenel,+902328121526,Diş Kliniği
Diş Hekimi Nilüfer Cura,+905335683491,Diş Kliniği
IRA Atelier,+905051057962,Dövme & Piercing
Odin Art Tattoo,+905064939355,Dövme & Piercing
Foça Mustafa Kemal Öztürk Tattoo,+905523126935,Dövme & Piercing
Diyetisyen Beste Kutlu Makro Diyet,+905464268281,Diyetisyen
Elza Beauty Center,+905067151195,Güzellik Salonu
Anna Beauty Center,+905416244289,Güzellik Salonu
Sema Beauty,+905360359294,Güzellik Salonu
Mon Cher Güzellik Gaziemir,+905316415313,Güzellik Salonu
Birgül Karagöz Güzellik,+902322526300,Güzellik Salonu
Yağmur Arpacı Beauty,+905010300035,Güzellik Salonu
İzzBeauty_hair,+905453656354,Güzellik Salonu
İzmir Güzellik Salonu,+905545481219,Güzellik Salonu
Elite plus lazer cilt bakımı ve güzellik merkezi,+905525029489,Güzellik Salonu
Didem beauty VIP,+905074198505,Güzellik Salonu
Slimfit Estetik Gaziemir,+905414309763,Güzellik Salonu
Essi Gaziemir Güzellik Merkezi,+902322744666,Güzellik Salonu
Vera Estetik&Güzellik,+905524809199,Güzellik Salonu
Raha Beauty Güzellik Merkezi,+905557522478,Güzellik Salonu
Mojo Beauty Nail Art | Gaziemir Tırnak,+905540204515,Güzellik Salonu
Gaziemir Güzellik Salonu Zerrin Tezcan Beauty - Nail Art - Epilasyon - Kalıcı Makyaj - Bölgesel İncelme,+905060501478,Güzellik Salonu
EBRU METE ESTETİK & LİPOSONİX MERKEZİ,+902322524353,Güzellik Salonu
Nora Güzellik,+905541507600,Güzellik Salonu
Rana Nail Beauty,+905491203535,Güzellik Salonu
Çise Saç Tasarım & Güzellik Salonu,+902322514912,Güzellik Salonu
Şeyma fidan beauty,+902322526147,Güzellik Salonu
Gaziemir Güzellik Salonu - Epilasyon - Protez Tırnak - Kalıcı Oje - Cilt Bakımı,+905424762420,Güzellik Salonu
Birce Türker Beauty House,+905464770035,Güzellik Salonu
PERLA DE LA LUNA NAİL BEAUTY,+905330487457,Güzellik Salonu
Cess Güzellik Salonu,+905054001538,Güzellik Salonu
Anastasiya Tırnak Stüdyosu & Güzellik Merkezi,+905308800184,Güzellik Salonu
Jasper Beauty Center,+902322511905,Güzellik Salonu
Gülçin Akın stüdyo,+905435869102,Güzellik Salonu
Flora Kuaför & Güzellik Salonu,+905555861854,Güzellik Salonu
Gaziemirde Güzellik Merkezi | Duygu Başçı Güzellik Merkezi,+905543799080,Güzellik Salonu
Noss Bayan Kuaförü,+902322515052,Kuaför / Berber
Sinem Güzellik Salonu,+905534329112,Güzellik Salonu
Frida Güzellik Salonu,+902322520002,Güzellik Salonu
Lume Skin Studio Gaziemir,+905336030093,Güzellik Salonu
Orçin Kuaför Salonu,+902322519933,Kuaför / Berber
Aktüel Kuaför Güzellik Salonu,+905062701467,Güzellik Salonu
Onur Özdaş Hair Fashion Center,+902322520051,Kuaför / Berber
Kuaför Mecit Yiğit,+905077269131,Kuaför / Berber
Hair POTE,+905077110240,Kuaför / Berber
Altun kuaför,+905530961006,Kuaför / Berber
Dilamed İzmir Sağlık & Güzellik,+905447323545,Güzellik Salonu
Gaziemir Masaj Salonu EN Spa,+905079690968,Kuaför / Berber
Bioderm Güzellik & Epilasyon,+902322524480,Güzellik Salonu
Moss Kuaför,+902322520300,Güzellik Salonu
Elitte Kuaför,+902322520775,Kuaför / Berber
GAZİEMİR EPİLASYON,+902322519051,Güzellik Salonu
BEK KUAFÖR,+905016862135,Kuaför / Berber
GÜNEY ES HAIR STATION PROTEZ SAÇ BARBER,+905432184804,Kuaför / Berber
Glow beauty saloon Gaziemir,+905052580064,Güzellik Salonu
MEN’S PLACE HAİR STUDİO,+905050580181,Kuaför / Berber
By Görkem Kuaför,+905442130697,Kuaför / Berber
Songül Kiremitçi Esthetic Beauty Therapy,+905324699282,Güzellik Salonu
MegaPlus Guzellik Salonu,+902322523504,Güzellik Salonu
Gaziemirde Kuaför,+905063041302,Kuaför / Berber
Yaşam Güzellik ve Estetik,+902322208181,Güzellik Salonu
DM KUAFÖR,+905418254785,Kuaför / Berber
Eylül Güzellik Salonu,+905550600276,Güzellik Salonu
Kuaför Ufuk,+902322515061,Kuaför / Berber
GAZİEMİR TÜRBAN (DUYGU SAÇ & TÜRBAN TASARIMI),+905344349122,Kuaför / Berber
MezoHair Güzellik Merkezi,+905437290499,Güzellik Salonu
Hair Club Gaziemir,+905076631035,Kuaför / Berber
Özgür Yüce Hair Studio,+902322511441,Kuaför / Berber
Gaziemir Pilates & Reformer Salonu,+905317262879,Pilates / Yoga
Desire Kuaför,+905358378264,Kuaför / Berber
Işık Polikliniği,+905301541970,Güzellik Salonu
Kuaför Suat,+902322514729,Kuaför / Berber
Kuaför Savaş,+902322524140,Kuaför / Berber
Kuaför Tufan,+902322202244,Kuaför / Berber
Kezban Kuaför,+902322524901,Kuaför / Berber
Kuaför Firdevs Gaziemir,+905356691153,Kuaför / Berber
Kuaför Yunus,+902322524328,Kuaför / Berber
HD Kuaför Hüseyin,+905549028682,Kuaför / Berber
ŞAHİN KUAFÖR,+905079306338,Kuaför / Berber
Ombre Krallığı,+905548958636,Kuaför / Berber
Es Erkek Kuaförü,+905076818839,Kuaför / Berber
KUAFÖR ANIL İSTEM,+905551018789,Kuaför / Berber
Burak Zengin Protez Saç ve Erkek Güzellik Merkezi,+905426222667,Güzellik Salonu
GAZİEMİR GAMZE KUAFÖR,+905060948187,Kuaför / Berber
BLACK ROSE HAİR STÜDYO,+905071601227,Kuaför / Berber
Orçin & Atınç Kuaför,+902322521575,Kuaför / Berber
Kuaför Banu,+905534268065,Kuaför / Berber
Furkan Erkek Kuaförü,+905067840227,Kuaför / Berber
Kuaför Ersin,+902322522890,Kuaför / Berber
Kuaför Ali,+902322525248,Kuaför / Berber
Kuaför Saliha İzmir,+902322201040,Kuaför / Berber
Kuaför Tayfun,+905366667199,Kuaför / Berber
Kuaför Hülya & Turgut,+902322512261,Kuaför / Berber
Mesut Kuaför,+902322203500,Kuaför / Berber
XBody Gaziemir EMS Spor Merkezi,+905541681060,Kuaför / Berber
Songül Alkan Kuaför,+905522241159,Kuaför / Berber
Hakan erkek kuaförü,+905345887474,Kuaför / Berber
Kuaför Tria,+902322201001,Kuaför / Berber
Salon by Uğur | Gaziemir Erkek Kuaförü,+905073951144,Kuaför / Berber
Kuaför Selman,+902322522520,Kuaför / Berber
Stil Bayan Kuaförü,+905533432432,Kuaför / Berber
Black White Bayan Kuaförü OĞUZ TORLAK,+905534231671,Kuaför / Berber
Fatih bayan kuaförü,+905067885686,Kuaför / Berber
Kuaföremre,+905544225345,Kuaför / Berber
Joseph Hair Palace,+905510800958,Kuaför / Berber
Nefertity,+902322511822,Kuaför / Berber
Kuaför İbrahim,+905547910484,Kuaför / Berber
MT ERKEK KUAFÖRÜ MUSTAFA TÜRKAN,+905425243678,Kuaför / Berber
Emin Bollukcu kuaför,+905308708715,Kuaför / Berber
Hair Lab - Saç Tasarım Atölyesi,+905549759808,Kuaför / Berber
Kuaför Soner yıldız,+902322519230,Kuaför / Berber
Şenay boutique kuaför,+905314717421,Kuaför / Berber
Bayram Bal,+902322738085,Kuaför / Berber
Masculine HairBoss,+905530681099,Kuaför / Berber
Ahmet Aslan Hair Studio,+905414656375,Kuaför / Berber
Kuaför Mustafa,+905396993084,Kuaför / Berber
Yunus Emre hair artist,+905066862628,Kuaför / Berber
LondonMakeup&Hair,+905438091978,Güzellik Salonu
Kuaför Fatoş,+905531441660,Kuaför / Berber
Kuaför İsmail Aktaş,+905549326713,Kuaför / Berber
Kuaför Sibel,+902322516825,Kuaför / Berber
Hayal Kuaför,+905349744549,Kuaför / Berber
Kuaför osman,+905426554642,Kuaför / Berber
Kuaför Kenan,+905464670530,Kuaför / Berber
Hacer Kuaför,+905071857831,Kuaför / Berber
Harun Erkek Kuaförü,+905396743247,Kuaför / Berber
Kuaför ali göktaş,+905078368870,Kuaför / Berber
Kuaför İsmail,+905548847236,Kuaför / Berber
ASLAN ERKEK KUAFÖRÜ,+905077434010,Kuaför / Berber
İbrahim hair palace,+905077122736,Kuaför / Berber
Kuaför Tolga Gülcan,+905060640787,Kuaför / Berber
Işıltı Saç Tasarım,+902322518483,Kuaför / Berber
Kuaför Özgür yüce,+905342014226,Kuaför / Berber
İçöz erkek kuaförü,+905546816809,Kuaför / Berber
Harun Erkek Kuaförü,+905368352084,Kuaför / Berber
Kuaför Elçin,+902322524552,Kuaför / Berber
Bahar kuaför &güzellik salonu,+902322521157,Güzellik Salonu
ANIL PROTEZ SAÇ MERKEZİ,+905343694054,Kuaför / Berber
Patiş Pet Kuaför,+905528821236,Kuaför / Berber
Yasemin Hair-Make Up-Artist,+905396237029,Kuaför / Berber
Kuaför Mustafa,+902322525554,Kuaför / Berber
Kuaför Ufuk Acar,+902322517755,Kuaför / Berber
Kuaför Hatun,+905368402790,Kuaför / Berber
Black pearl hair design,+905378188655,Kuaför / Berber
Klas Erkek Kuaförü Bülent - Engin,+905555027908,Kuaför / Berber
Mutlu Erkek Kuaförü,+905437856279,Kuaför / Berber
Elizan Hair & Beauty Salon,+905357179111,Güzellik Salonu
Kuaför nuray,+905555821995,Kuaför / Berber
Hair Stylist - Emre Akbaş,+905394563960,Kuaför / Berber
Deniz & Nehir Kuaför,+902322512435,Kuaför / Berber
Foça Güzellik Atölyem,+905444947280,Güzellik Salonu
Zenn Estetik & Beauty,+905057275971,Güzellik Salonu
Nisa Kuaför,+905067509369,Kuaför / Berber
Bayan kuaförü ada,+905417714145,Kuaför / Berber
HAN KUAFÖR ÇEŞME,+905350467244,Kuaför / Berber
Çeşme Şirin Kuaför,+902327232366,Kuaför / Berber
Çeşme Kuaför İlhan,+905362618336,Kuaför / Berber
Fame Kuaför Çeşme Ilıca,+905307490332,Kuaför / Berber
Han By Gökhan Çeşme Ilıca,+902327234848,Kuaför / Berber
İMAJ Barber,+905342760372,Kuaför / Berber
Semih&Orhan Kuaför,+902327160004,Kuaför / Berber
BY MG Barber Shop,+905069122495,Kuaför / Berber
Shine Hair Kuaför,+905535593829,Kuaför / Berber
Kadir Alkan Hair Artist Unisex Kuaför Alaçatı Çeşme İzmir Uma Beach,+905317241535,Kuaför / Berber
Şanzelize Kuaför,+902327121264,Kuaför / Berber
Özcan hair studio,+905326979079,Kuaför / Berber
Salon ozan erkek kuaförü,+905537487309,Kuaför / Berber
𝙃.𝘿 𝘽𝘼𝙍𝘽𝙀𝙍𝙎𝙃𝙊𝙋 💈💈,+905303203546,Kuaför / Berber
THE TİME HAİR DESİNG (bayan kuaförü) ÇEŞME,+905510577438,Kuaför / Berber
O İş Bende Kuaför,+905070420653,Kuaför / Berber
Bülent & Gamze Kuaför,+905330846424,Kuaför / Berber
Salon uğur,+905432646827,Kuaför / Berber
Kuaför musti,+905325099961,Kuaför / Berber
💈3A💈BARBER MURAT💈,+905416823686,Kuaför / Berber
Afrodit Kuaför Ve Güzellik Salonu,+902327120367,Güzellik Salonu
Elleza kuafor çeşme,+905345729280,Kuaför / Berber
Kuaför Cihat Yasemin / Highlights,+902327168010,Kuaför / Berber
misk kuaför,+902327230871,Güzellik Salonu
Kuaför Osman,+905312258815,Kuaför / Berber
Alacati Saloon Istanbul Sachh&Bashh Bayan Kuaför,+905308441911,Kuaför / Berber
Hüseyin Erkek kuaförü,+905353111280,Kuaför / Berber
Yasin Arslan Hair Saloon,+905549408649,Kuaför / Berber
Seden Emiroğlu Beauty,+905421640501,Güzellik Salonu
BERBER💈ENGİN🇹🇷,+905363514748,Kuaför / Berber
Erhan Balkaya barbershop,+905065041974,Kuaför / Berber
Ekip By Sercan Kuaför Çeşme,+905382258217,Kuaför / Berber
DENİZ KUAFÖR SALONU,+902327122919,Kuaför / Berber
Hamdi Tahir Çeşme,+905348207117,Kuaför / Berber
Berber Üzeyir,+905051622090,Kuaför / Berber
Yıldırım Özdemir Çeşme,+905314053035,Kuaför / Berber
Bella Kuaför & Güzellik Merkezi,+902327128889,Güzellik Salonu
Dilek Kuaför,+902327128363,Kuaför / Berber
cesme radison kuafor salonu,+905074641328,Diş Kliniği
Salon by Metin,+905072471488,Kuaför / Berber
Alaçatı bay bayan Kuaförü,+902327169450,Güzellik Salonu
Kuaför Nurcan,+905325786871,Kuaför / Berber
Berber Zeki,+905368157028,Kuaför / Berber
Serpil Kuaför,+905344777450,Kuaför / Berber
"Mert Dayıoğlu Alaçatı, Hair & Make-up Couture",+902327166939,Kuaför / Berber
Efkan Gölgeçen Hair Artist,+905533408802,Kuaför / Berber
Kuaför Kemal & Mustafa,+902327166763,Kuaför / Berber
BLACK & WHITE GÜZELLİK SALONU BAY/BAYAN,+902327170301,Güzellik Salonu
Çeşme Pet Shop Pet Kuaför Pet Otel Köpek Eğitimi,+905327822529,Kuaför / Berber
Barbershop Erkan AYGÜN,+905530849759,Kuaför / Berber
®Alaçatı Pet Kuaför Güzellik Merkezi,+905325835202,Güzellik Salonu
C&C BERBER,+902327128425,Kuaför / Berber
Kuaför Mükerrem,+905365732376,Kuaför / Berber
Men Hair Club,+905411422035,Kuaför / Berber
KUAFÖR GÖKHAN ÇEŞME,+905445957334,Kuaför / Berber
Taylan erkek kuaförü,+905550838230,Kuaför / Berber
Reges Luxury Hotel Coiffeur / Kuaför,+905333600068,Kuaför / Berber
Melek & Osman Kuaför,+902327123017,Kuaför / Berber
Cyssus Berber Çeşme,+905050840449,Kuaför / Berber
Berber Ferdi,+905372405258,Kuaför / Berber
Resital Erkek Kuaför,+905374971089,Kuaför / Berber
Riva Beauty Çeşme,+905447847035,Güzellik Salonu
Yasin nurcan kuaför,+905315028714,Kuaför / Berber
ÇEŞME GYM Sağlıklı Yaşam Merkezi,+902327126124,Kuaför / Berber
Street Corner Erkek Kuaförü,+905539497677,Kuaför / Berber
Kuaför Emin Eser,+902327168171,Kuaför / Berber
Kuaför Emin Çeşme,+902327129696,Kuaför / Berber
Berber Şinasi & Ahmet,+905353067222,Kuaför / Berber
Sporium Çeşme Fitness Center,+905352593003,Kuaför / Berber
İzmir Ecem protez tırnak,+905421321393,Güzellik Salonu
OLGA TIRNAK - Alaçatı - bay bayan kuaför protez tırnak,+905363534333,Güzellik Salonu
FDM BEAUTY ATELIER,+905354698658,Güzellik Salonu
Tırnak Lounge Alaçatı,+905013255194,Güzellik Salonu
Baiemooi Beauty Studio | Narlıdere Protez Tırnak,+905491902029,Güzellik Salonu
Sirena Nail Studio (Tırnak Merkezi),+905380880080,Güzellik Salonu
Güneş Protez Tırnak Studio,+905313374256,Güzellik Salonu
Protez Tırnak İzmir,+905418688323,Güzellik Salonu
Orva beauty&kozmetik (çiğli),+905418219189,Güzellik Salonu
Şah beauty.Gazel Hayat,+905340539576,Güzellik Salonu
Alaçatı Beauty Aesthetic Wellness,+905510732331,Güzellik Salonu
İnciNailArt,+905050115692,Güzellik Salonu
Çeşme Masaj Salonu - Sunshine Spa,+905418765735,Kuaför / Berber
Pırıl Hotel Thermal Beauty SPA,+902322530303,Güzellik Salonu
Yalı çapkını accessories piercing,+905066574122,Dövme & Piercing
Çeşme'DE Pilates Studio Marina,+905453689959,Pilates / Yoga
Zen Bahçesi Wellness Çeşme,+905459150674,Pilates / Yoga
Savcı Tattoo (Çeşme),+905302545389,Dövme & Piercing
Kuğu Pilates Serpil Arıkan,+905333059789,Pilates / Yoga
Art Point Tattoo Studio,+905444473193,Dövme & Piercing
Tuna Kaya Beauty Studio,+905535740176,Güzellik Salonu
Stella Health & Beauty,+905395792728,Güzellik Salonu
Dr. Diva Beauty Alaçatı,+905071809401,Güzellik Salonu
Hara Güzellik Alaçatı,+905331362497,Güzellik Salonu
Sevgi Vurmaz Psikolojik Danışmanlık Merkezi,+905324781147,Psikolog / Terapist
Özel Çeşme Rehberlik ve Psikolojik Danışma Merkezi,+905428219144,Psikolog / Terapist
"Psk. Dan. Gülsüm Tekin, Psikolojik Danışman ve Aile Danışmanı",+905058296424,Psikolog / Terapist
Psikolog Dilay GÖKARSLAN,+905534920246,Psikolog / Terapist
Çeşme Dönüşüm Psikoloji,+905060210360,Psikolog / Terapist
Diş Hekimi Kübra GÖRGÜN,+902325030500,Diş Kliniği
DENT ÇEŞME AĞIZ VE DİŞ SAĞLIĞI POLİKLİNİĞİ,+905540049955,Diş Kliniği
DENTARTE Ağız ve Diş Sağlığı Polikliniği,+905326793570,Diş Kliniği
Diş Hekimi M.Özden Tuncel,+905337469717,Diş Kliniği
Diş Hekimi Handan Çetin,+908508117271,Diş Kliniği
Diş Hekimi Birgül GÜRBÜZ,+902327128338,Diş Kliniği
DİŞ HEKİMİ MELTEM PAMUK,+905548976468,Diş Kliniği
Bora Akbaykal - Çeşme Diş Hekimi,+905372752959,Diş Kliniği
Dr. Emel Dayanıklı,+902327129813,Diş Kliniği
california tattoo,+905550443645,Dövme & Piercing
Cleopatra Ink Tattoo & Piercing Alaçatı Studio,+905306405012,Dövme & Piercing
Alaçatı tattoo & piercing,+905061661544,Dövme & Piercing
izmir dövme,+905544731356,Dövme & Piercing
serentattoo,+905077676817,Dövme & Piercing
Eightart,+905552456402,Dövme & Piercing
Diyetisyen Fatma İrem Çetinkaya,+905070453738,Diyetisyen
H2O Clinic Çeşme,+905532277675,Diyetisyen
Core Collective Studio,+905433524494,Kuaför / Berber
Nazlı Yenigöl Pilates Studio,+905065703953,Pilates / Yoga
SWAN PiLATES,+905052547360,Pilates / Yoga
Emel's Studio Pilates Yoga & 360 Fit,+905349565202,Pilates / Yoga
Alaçatı Pilates & Art,+905307068070,Pilates / Yoga
House Pilates Alaçatı,+905327008212,Pilates / Yoga
Unique Workout Studio,+905325725200,Kuaför / Berber
Çeşme Kapalı Spor Salonu,+902327232000,Kuaför / Berber
Nine Alaçatı,+905354944193,Kuaför / Berber
NETA Fitness Club,+905402029992,Kuaför / Berber
Fitlab Alaçatı,+905312436676,Kuaför / Berber
Çeşme,+902327127219,Kuaför / Berber
Studio functional çeşme,+905077973535,Kuaför / Berber
NK Beauty Güzellik Salonu,+905401223535,Güzellik Salonu
Lilibeth Nail & Beauty Çiğli,+905520920031,Güzellik Salonu
By Yasemin Deniz Güzellik,+905538064751,Güzellik Salonu
HB Güzellik Beslenme Çiğli,+905431415116,Diyetisyen
SEREN ALYAZ BEAUTY | Çiğli Güzellik Merkezi | Manikür & Pedikür | Cilt Bakımı | Kalıcı Oje | Lazer Epilasyon | İpek Kirpik,+905457220419,Güzellik Salonu
Dermameg çiğli,+905422978880,Güzellik Salonu
Günay güzellik salonu,+905074171496,Güzellik Salonu
Aysel kuaför ve güzellik salonu,+905302790981,Güzellik Salonu
SADE POLİKLİNİK,+902323291900,Güzellik Salonu
Lamona Güzellik & Estetik Çiğli,+905010729435,Güzellik Salonu
VIP Sapphire Güzellik Çiğli,+905010680202,Güzellik Salonu
eva güzellik merkezi,+905061813535,Güzellik Salonu
"Artline Güzellik Salonu, Çiğli Güzellik Salonu",+902324300393,Güzellik Salonu
Madam Luna Güzellik Salonu & Estetik Merkezi,+905056973440,Güzellik Salonu
Fame Kuaför Bay Bayan Güzellik Salonu,+902325028012,Güzellik Salonu
İzmir Atalanta Güzellik Merkezi,+905465078836,Güzellik Salonu
Queens Estetik Güzellik,+905307326993,Güzellik Salonu
Ayra Kuaför,+905354121097,Kuaför / Berber
Naturel Güzellik Salonu,+902323698196,Güzellik Salonu
Reyhan saç tasarım güzellik salonu,+905529315841,Güzellik Salonu
ATAŞEHİR GÜZELLİK,+905554011534,Güzellik Salonu
Doğa'l Güzellik ve Kuaför Salonu,+905435970695,Güzellik Salonu
Bi Güzellik Merkezi,+905317082535,Güzellik Salonu
Erman Kanat Hair Design,+902323251500,Kuaför / Berber
Kuaför Erol Kamalı,+905423198544,Kuaför / Berber
Salon Vip Bay Bayan Kuaför Salonu,+905538159595,Kuaför / Berber
Lavanta Terapi Spa Ataşehir/Çiğli,+905334321683,Psikolog / Terapist
Derya Ülkü kuaför ve güzellik merkezi,+905319008692,Güzellik Salonu
Melisa Kuaför,+902323865161,Güzellik Salonu
FormPlus,+905161613676,Güzellik Salonu
Tuğba Kocaoğlu Beauty,+905422426048,Güzellik Salonu
CALLİA ESTETİK GÜZELLİK,+902323290990,Güzellik Salonu
Beauty Vega,+905455895641,Güzellik Salonu
BIOTEK LAZER TEKNOLOJILERI,+905305421979,Güzellik Salonu
Serdar Alev Bayan Kuaförü,+905073430199,Kuaför / Berber
Zümrüt Kuaför,+902323292061,Kuaför / Berber
Saloon Gentleman,+905458850183,Kuaför / Berber
Trend Kuaför,+902323296581,Kuaför / Berber
Gülşah İnce Güzellik ve Bakım Salonu,+905384708692,Güzellik Salonu
Güzellik Salonu Şana,+905438522126,Güzellik Salonu
Joyo Güzellik,+905534217566,Güzellik Salonu
Nazar Bayan Kuaförü,+905548179506,Kuaför / Berber
Moda Kuaför,+902323290088,Kuaför / Berber
Emel Taş Kuaför Balatçık,+905373289633,Kuaför / Berber
LOCA ERKEK KUAFÖRÜ GÜZELLİK SALONU,+905368592675,Güzellik Salonu
Saloon rose spring,+905468105120,Kuaför / Berber
Dilek Kuaför,+902323291616,Kuaför / Berber
KUAFÖR ERMAN,+905317773522,Kuaför / Berber
Erkek kuaförü gentleman,+905551701739,Kuaför / Berber
SaloonVip,+905522921617,Güzellik Salonu
Doğal Güzellik Merkezi,+905533464924,Güzellik Salonu
Starliçe Kuaför,+905335977024,Kuaför / Berber
Kuaför Gözdeniz,+902323293240,Kuaför / Berber
Fit in Minute – İzmir Personal Training Studio | Çiğli PT,+905467830700,Diğer (Sağlık & Bakım)
LUGIS KUAFÖR,+905365842863,Kuaför / Berber
Sude Kuaför,+902323292114,Kuaför / Berber
Cennet Bayan Kuaför Salonu,+902323292398,Kuaför / Berber
Kuaför Esra,+905454769112,Kuaför / Berber
Saloonn.sevgi,+905056434035,Kuaför / Berber
Semra Bayan Kuaförü,+902323861062,Kuaför / Berber
Kuaför Ferhat,+902323291406,Kuaför / Berber
Mehmet Taşcı Hair Design Studio,+905437811974,Kuaför / Berber
Kuaför Kübra,+902323764744,Kuaför / Berber
Hanımeli Kuaför Salonu,+902323296500,Kuaför / Berber
Kuaför Gülhan,+905376339756,Kuaför / Berber
Kuaför Nuri,+902323292332,Kuaför / Berber
FATOŞ KUAFÖR,+905334002397,Kuaför / Berber
Tayfun bay bayan kuafor salonu,+905068531287,Kuaför / Berber
Vission Kuaför Samet-Hacer ÇAKIROĞLU,+905319212111,Kuaför / Berber
Halil Kuaför,+902323702216,Kuaför / Berber
GB Hair Studio Ataşehir,+905319381884,Kuaför / Berber
Kardelen Kuaför,+902323700623,Kuaför / Berber
Kuaför mustafa doğan,+905300691694,Kuaför / Berber
Kuaför Filiz,+902323700163,Kuaför / Berber
Selda&özkan kuaför güzellik,+905059727359,Güzellik Salonu
Piren Kuaför,+905552547941,Kuaför / Berber
Rephair Kuaför,+905532876002,Kuaför / Berber
Serkan Kuaför,+905335150720,Kuaför / Berber
Düzgün Erkek Kuaför Salonu,+905063725931,Kuaför / Berber
Makas Eller Bayan Kuaförü,+905530064864,Kuaför / Berber
Emre Korkar Erkek Kuaförü,+905445819070,Kuaför / Berber
Saloon Resital,+905062172825,Kuaför / Berber
Murat Hair Boss Çiğli,+905456175802,Kuaför / Berber
Kılıç erkek kuaförü,+905392409376,Kuaför / Berber
Zen Saç Tasarım,+902323864245,Kuaför / Berber
DAS KOZMETİK HAUSE KUAFÖR,+905416457602,Kuaför / Berber
LİNA BAYAN KUAFÖRÜ,+905396687396,Kuaför / Berber
Kuaför Ayşe,+902323765440,Kuaför / Berber
Kuaför Çiğdem,+905533164969,Kuaför / Berber
Sevda Mehmet Bayan Kuaförü,+902323295975,Kuaför / Berber
Kuaför Hakan,+905075216460,Kuaför / Berber
Deniz Berber,+905545221285,Kuaför / Berber
El - Uz Bayan Kuaförü,+905376335417,Kuaför / Berber
MERTCAN KUAFÖR,+905523366088,Kuaför / Berber
By Kuaför Oğuz,+905412124118,Kuaför / Berber
by mustafa erkek kuaforu,+905535386256,Kuaför / Berber
Özlem yıldırım kuaför,+905063308777,Kuaför / Berber
Evka 5 Gönül bayan kuaförü,+902323845096,Kuaför / Berber
Tuana Kuaför,+905077794049,Kuaför / Berber
Stilist Cem Erkek Kuaförü,+905312783148,Kuaför / Berber
Aura Salon,+905453463491,Kuaför / Berber
Tayfun Erkek Kuaförü,+905315610871,Kuaför / Berber
Pet Kuaför Ataşehir,+905541406832,Kuaför / Berber
Oktay doğan erkek kuaförü,+905534369749,Kuaför / Berber
Nur Kuaför,+902329664166,Kuaför / Berber
Hatun Bayan Kuaförü,+905347808987,Kuaför / Berber
Tunara Bayan Kuaförü,+905070273977,Kuaför / Berber
Mutlu Kuaför,+905309739981,Kuaför / Berber
Bahar Kuaför,+905433329416,Kuaför / Berber
Kuaför Mualla,+905462742706,Kuaför / Berber
Meriç Tuna Saç Tasarım,+902323299329,Kuaför / Berber
TAS Hair Design,+905465396261,Kuaför / Berber
İhsan Kuaför,+905432083103,Kuaför / Berber
Çimen Erkek Kuaförü,+905343243630,Kuaför / Berber
Eray Erkek Kuaförü,+905359693275,Kuaför / Berber
Şahin Erkek Kuaförü,+905414077654,Kuaför / Berber
AG kuaför,+905383123543,Kuaför / Berber
Bahar Kuaför,+902323292054,Kuaför / Berber
Mert Erkek Kuaförü,+902323764219,Kuaför / Berber
Kardeşler erkek kuaförü,+905376248599,Kuaför / Berber
Fix Kuaför Salonu,+905056895420,Kuaför / Berber
Natural hair studio Ataşehir,+905547896845,Kuaför / Berber
Kuaför Furkan,+905532621800,Kuaför / Berber
Yonca Kuaför,+902323293717,Kuaför / Berber
Miss Kokoş Kuaför Salonu,+905468063535,Kuaför / Berber
Okyanus Erkek Kuaförü,+905384580265,Kuaför / Berber
Stil Erkek Kuaförü,+905555962327,Kuaför / Berber
Monaco Erkek Kuaförü,+905074796836,Kuaför / Berber
Babacan Erkek Kuaförü,+905438661461,Kuaför / Berber
Deniz Bayan Kuaför Salonu,+905074593025,Kuaför / Berber
NAG Güzellik Salonu,+905433760910,Güzellik Salonu
Freya Tırnak,+905465254556,Güzellik Salonu
MESS Nail Art Studio Protez Tırnak & Nail Art,+905461277073,Güzellik Salonu
Buda Nail Studio,+905538623331,Güzellik Salonu
Met Nail Studio,+905514380376,Güzellik Salonu
Beyza Kızılarslan Beauty Studio,+905534962912,Güzellik Salonu
Ays Nail Art Studio,+905461123433,Güzellik Salonu
Gizem Aksoy Beauty,+905365883597,Güzellik Salonu
Belma Kahveci Beauty Studio,+905555702106,Güzellik Salonu
Luna Beauty&Nail,+905012994135,Güzellik Salonu
Ela,+902323862020,Güzellik Salonu
Elanor Demirpençe Beauty Center,+905384527819,Güzellik Salonu
ED Nail Saloon,+905513611234,Güzellik Salonu
Helin Gül Beauty Center,+905301519239,Güzellik Salonu
Sevdam Manikür & Pedikür Sir -Agda ve Kuaför,+905383716340,Kuaför / Berber
Aslım Güzellik Salonu,+905536791019,Güzellik Salonu
Dore Güzellik,+905510419945,Güzellik Salonu
Sergül Özkan Güzellik ve Bakım Salonu,+902323861010,Güzellik Salonu
Mosso Ataşehir - Beauty Studio,+905558965009,Güzellik Salonu
Maison de beauté,+905423011141,Güzellik Salonu
Elyse nail art studio,+905340166099,Güzellik Salonu
Mey Nail Art - Tırnak Sanatı Stüdyosu,+905435351991,Güzellik Salonu
Lena Nail Beauty Karşıyaka,+905432507711,Güzellik Salonu
Neva Nail Beauty,+905532399975,Güzellik Salonu
Tuğba Yılmaz Nail Arts & Beauty,+905012570309,Güzellik Salonu
Tırnak Lounge Mavişehir,+905065202991,Güzellik Salonu
Vero Tirnak Studio,+905330566639,Güzellik Salonu
Olga Tırnak Mavişehir,+905331395242,Güzellik Salonu
Sayraç Nail Art Studio,+905010647648,Güzellik Salonu
Sui Hair Nail Beauty Saloon,+905336475581,Güzellik Salonu
La Vie Beauty & Nail Art,+905525503782,Güzellik Salonu
Müzeyyen Beauty,+905372434737,Güzellik Salonu
Kübra Yiğit Nail studio,+905431811788,Güzellik Salonu
Yaren Nail Studio,+905366658076,Güzellik Salonu
Jaja Nails & Lashes,+905072046312,Güzellik Salonu
Burcu demirci makeup,+905458621384,Güzellik Salonu
Eflatun Beauty,+905364957264,Güzellik Salonu
sevim's beauty,+905010273506,Güzellik Salonu
Kardelen Demir Beauty Center,+905300155405,Güzellik Salonu
İlknur Makeup | İzmir Ataşehir,+905456373535,Güzellik Salonu
TAC BEAUTY,+905319497725,Güzellik Salonu
Lavinya Saç Tırnak Tasarım,+905536325389,Güzellik Salonu
Uzm. Dr. Vatan Barışık,+908504745186,Diğer (Sağlık & Bakım)
Reformance Studio,+905411177131,Pilates / Yoga
"Sportfiz Çiğli | Reformer Pilates, Skolyoz, Fizyoterapi, Manuel Terapi",+905400750035,Psikolog / Terapist
acrnail,+902323610725,Güzellik Salonu
Ege Estetik Ağız ve Diş Sağlığı Merkezi,+902323864000,Diş Kliniği
Musse Güzellik Salonu,+905312354036,Güzellik Salonu
Dr.Atalay Kabakcıoglu / Sade Poliklinik İzmir,+905059060060,Diğer (Sağlık & Bakım)
World Class Clinic,+905375650414,Güzellik Salonu
Cenk Melikoğlu - Meme Estetiği - Burun Estetiği- Estetik Cerrah,+905052767069,Güzellik Salonu
SADE DERMA GÜZELLİK,+902323301903,Güzellik Salonu
Dr Kudret Karakayacık,+905523851345,Diğer (Sağlık & Bakım)
Başkent Estetik,+905358893777,Güzellik Salonu
Dr. Şule Yaşar,+905335482835,Diğer (Sağlık & Bakım)
Uzm. Dr. Onur BAYKAN İzmir Saç Ekimi,+905476621165,Kuaför / Berber
Elis Bora Güzellik Salonu,+905331993891,Güzellik Salonu
Op. Dr. Samet CİN,+905355737972,Diğer (Sağlık & Bakım)
Op. Dr. Ümit Karagöz / UK klinik Çiğli / İzmir KBB Uzmanı,+905312367211,Diğer (Sağlık & Bakım)
Op.Dr.Arif AYDIN,+905526333360,Güzellik Salonu
Çiğli Diş Hekimi | Ersel Kaya - Kerem Kısa Ağız ve Diş Sağlığı Polikliniği,+905399247733,Diş Kliniği
Op. Dr. Kader YILDIZ DOĞAN,+905357608417,Diğer (Sağlık & Bakım)
Ege Cerrahi,+905525662210,Diğer (Sağlık & Bakım)
Tafiderm,+905324953509,Güzellik Salonu
Uzman Psikolog Eylem Esen,+905301231869,Psikolog / Terapist
izmir çocuk psikolog,+905372191612,Psikolog / Terapist
Çiğli Psikolog Aile Evlilik Çift Çocuk Ergen Terapisi - Uzman Psikoloji,+905318866641,Psikolog / Terapist
Klinik Psikolog Ceren Gündüz Zamandar,+905317117650,Psikolog / Terapist
Uzm. Psk. Burcu Budak Psikoloji Merkezi,+905451882018,Psikolog / Terapist
Uzman Klinik Psikolog Alara Torunlu | İzmir Çiğli EMDR ve Psikoterapi,+905315233774,Psikolog / Terapist
İzmir Psikolog | Psikolog & İlişki Danışmanı Nazli Tutan,+905321323488,Psikolog / Terapist
DOMİ AİLE DANIŞMA MERKEZİ,+905055743333,Psikolog / Terapist
Mirerti Psikolojik Danışmanlık Merkezi,+905522399543,Psikolog / Terapist
Sofist Danışmanlık,+902323293029,Psikolog / Terapist
Uzm. Psikolog Ebru GÖKTAŞ,+905464879501,Psikolog / Terapist
Klinik Psikolog Güzide Türkyılmaz,+905456454501,Psikolog / Terapist
Uzman Psikolog Elif Can Öztürk,+905309310399,Psikolog / Terapist
İzmir Psikolog - İsmer Aile Danışma Merkezi,+902324633332,Psikolog / Terapist
Ütopya Psikoloji,+905551437131,Psikolog / Terapist
Psikolog Halil Çetinkaya,+905544998135,Psikolog / Terapist
Özel Sağlık Meslek Hizmet Birimi Uzm. Klinik Psikolog Zeynep Alanyalı,+905334358414,Psikolog / Terapist
Psikolog Hayriye Tuğçe Kurusakız,+908508116146,Psikolog / Terapist
Konuşma Akademi Dil ve Konuşma Terapisi Merkezi,+905013418988,Psikolog / Terapist
"Haziran Psikoloji - İzmir Karşıyaka Psikolog, Psikoloji Merkezi",+905412369200,Psikolog / Terapist
Psikoloji İzmir,+905312371226,Psikolog / Terapist
"Ecem Hazel Soyalp, İzmir | İzmir Psikolog | Aile Danışmanı",+905344520958,Psikolog / Terapist
Uzman Psikolog İlknur Demirtaş,+908504740695,Psikolog / Terapist
Uzman psikolog Ezgi sayın,+905343649509,Psikolog / Terapist
Değişim Psikoloji Danışmanlık Merkezi,+902324215757,Psikolog / Terapist
Psikolog Hayri Furkan Genç,+905064513383,Psikolog / Terapist
Marin Psikoloji Merkezi,+905377899980,Psikolog / Terapist
"Psikolog Onur Çakır, Psikoloji",+905078653897,Psikolog / Terapist
Umutcan Akova | Uzman Psikolog & Aile Danışmanı,+905350378546,Psikolog / Terapist
Dr. Sinem Demirel,+905414571507,Psikolog / Terapist
Diyalog 35 - Karşıyaka Psikolog ve Danışmanlık,+902323230303,Psikolog / Terapist
Ayriz Uçuran,+905330286198,Psikolog / Terapist
Uzman Psikolog İrem Kalaycıklı,+905345250313,Psikolog / Terapist
Klinik Psikolog Nesibe Dinç,+905534319442,Psikolog / Terapist
İzmir Oda Psikoloji,+905393895579,Psikolog / Terapist
Smyrna Psikoloji,+905526300136,Psikolog / Terapist
"Doç. Dr. D. Hakan Delibaş, Psikiyatrist & Psikoterapist",+905062922141,Psikolog / Terapist
Pilea Psikoloji,+905059351824,Psikolog / Terapist
Uzman Psikolog Dicle Naz Naki,+905411884287,Psikolog / Terapist
Uzm. Psikolog Gözde ŞENOCAK,+905079171104,Psikolog / Terapist
PsikoEvim,+905372158373,Psikolog / Terapist
"Uzm. Kl. Psk. Ahmet Metehan Er, Psikoloji",+905469049253,Psikolog / Terapist
İzmir Perla Psikoloji,+905491800001,Psikolog / Terapist
"Psk. Alkım Avcı, Psikoloji",+905050253815,Psikolog / Terapist
İzmir Psikolog Uzman Klinik Psikolog Dr. Sinem Malkoç,+905339696131,Psikolog / Terapist
Uzman Psikolojik Danışman ve Aile Danışmanı Begüm Ayyıldız,+905060968135,Psikolog / Terapist
Büşra Nur Yorulmaz | İzmir Uzman Psikolog,+905316774321,Psikolog / Terapist
ÇOCUK ve ERGEN PSİKOLOĞU,+905333286272,Psikolog / Terapist
Uzman Klinik Psikolog Ayça KUZU,+905549425501,Psikolog / Terapist
Diş Hekimi Şeyma Özenoğlu Tarhan,+902323292995,Diş Kliniği
Uzman Psikolog Aşkın Çisem Özgüler,+905057886780,Psikolog / Terapist
MGM dental Ağız ve Diş Sağlığı Kliniği - DR Gözde Peker TEKDAL - DT Murat TEKDAL,+905400403010,Diş Kliniği
Özel Avrupadent Çiğli Ağız ve Diş Sağlığı Polikliniği,+902322750505,Diş Kliniği
Özel Aspro Dent Diş Polikliniği 7/24,+905305258035,Diş Kliniği
Vitadent Ağız ve Diş Sağlığı Polikliniği,+905372625999,Diş Kliniği
Dente Dental Studio Ağız ve Diş Sağlığı Polikliniği Çiğli,+905526081555,Diş Kliniği
"Dent Rainbow Ağız Ve Diş Sağlığı Polikliniği – Çiğli |Karşıyaka- Diş Beyazlatma, İmplant, Zirkonyum Kaplama, Kanal Tedavisi",+905349584699,Diş Kliniği
Özel Anadolu Dental Grup Ağız ve Diş Sağlığı Polikliniği,+905435643535,Diş Kliniği
White Point Dental Ağız ve Diş Sağlığı Polikliniği,+905330588373,Diş Kliniği
Özel KALİKO AĞIZ VE DİŞ SAĞLIĞI POLİKLİNİĞİ,+905300610552,Diş Kliniği
Dent Anka Ağız ve Diş Sağlığı Polikliniği,+905455079495,Diş Kliniği
Hasan Ali Yoloğlu Ağız Ve Diş Sağlığı Kliniği,+905531060100,Diş Kliniği
"İzmir, Çiğli Diş Hekimi Kutay Gürel - İmplant Diş, Ortodonti, Zirkonyum Diş Kaplama",+905465041090,Diş Kliniği
Özel Smart Ağız ve Diş Sağlığı Polikliniği,+902323298877,Diş Kliniği
Yenice Dental - Yenice Ağız ve Diş Sağlığı Polikliniği,+902323298645,Diş Kliniği
Özel Ark Dental Ağız ve Diş Sağlığı Polikliniği,+902323860099,Diş Kliniği
DİŞ HEKİMİ EVRİM SELÇUK,+902323864318,Diş Kliniği
Diş Hekimi Hasan Alperen Doğan,+905308858035,Diş Kliniği
TRUDENT Ağız ve Diş Sağlığı Polikliniği,+902323247283,Diş Kliniği
Diş Hekimi Onur Yücel,+902323291108,Diş Kliniği
Uzman Diş Hekimi Eylül Türsen,+908508116965,Diş Kliniği
Dt. Dicle Yeşilırmak,+908508113609,Diş Kliniği
Diş Hekimi Hanife Köprülü Korkmaz,+905326738212,Diş Kliniği
Özel İzmir Liva Dent Ağız ve Diş Sağlığı Polikliniği,+905332725482,Diş Kliniği
Videntis Ağız ve Diş Sağlığı Polikliniği,+905053371100,Diş Kliniği
Dt. Nil Yalçınkaya,+908504334209,Diş Kliniği
"Diş Hekimi Yusuf Ekinci - Karşıyaka - İmplant , Zirkonyum , Estetik diş",+905423781420,Diş Kliniği
Dr. Dt. Nuri Ünal,+902326081555,Diş Kliniği
Kayhan Küçükvural,+905428949739,Diş Kliniği
MECANÍC TATTOO STUDIO CENAP KANER,+905532102535,Dövme & Piercing
SERCAN ALKAN Tattoo studıo,+905421511925,Dövme & Piercing
Bariscan Tattoo7,+905012173223,Dövme & Piercing
Lion Tattoo,+905077267265,Dövme & Piercing
Ezoterika art stüdyo,+905077972356,Dövme & Piercing
Life Time Tatto Studio,+905554271950,Dövme & Piercing
Witch Tattoo,+905392663270,Dövme & Piercing
Diyetisyen Büşra Donat Ergin,+905427444812,Diyetisyen
Diyetisyen Salih Buğra Ölmez,+905550679555,Diyetisyen
Uzman Diyetisyen Şahika Nur Bidar,+905538077181,Diyetisyen
Diyetisyen Merve Gökçekaya Yazıcı Beslenme ve Diyet Danışmanlık Merkezi,+905389740044,Psikolog / Terapist
Diyetisyen Kübra KAYAPUNAR K-fit Beslenme ve Diyet Danışmanlığı,+905366623770,Diyetisyen
Diyetisyen Ahsen Durgör Beslenme Danışmanlık & Andulasyon Terapi Merkezi,+905540086086,Psikolog / Terapist
Diyetisyen Gökçe AKBAŞ - Online Diyet,+905447434005,Diyetisyen
Diyetisyen Öykü Maral Aydın,+905071183158,Diyetisyen
Fitizmir Beslenme ve Diyet Danışmanlığı,+905352514515,Diyetisyen
Dyt. Elzem Arslan Kliniği,+905330979989,Diyetisyen
Uzman Diyetisyen Melike Taylan Ergin,+905456855460,Diyetisyen
Diyetisyen Elif Aynalı Beslenme ve Diyet Danışmanlığı,+905455445003,Diyetisyen
| İzmir Diyetisyen | Betül Kıngır Beslenme Danışmanlığı,+905013640095,Diyetisyen
Diyetisyen Elif Çakırca Avcu,+905065342774,Diyetisyen
Fonksiyonel Tıp Diyetisyeni Kübra ÖZER ÇAĞLAR Sağlıklı Yaşam Merkezi,+905392820793,Diyetisyen
Diet Clinic,+905062731447,Diyetisyen
AlteLife Ataşehir,+905057150409,Pilates / Yoga
Diyetisyen Lara Kılıç,+905320530566,Diyetisyen
Diyetisyen Burcu Gökce,+905374085441,Diyetisyen
Pilates Cigli BE FORM PİLATES,+905322008334,Pilates / Yoga
Diyetisyen Seda Ertürk,+905369481487,Diyetisyen
Diyetisyen Betül Demir turhan,+905422259483,Diyetisyen
Poll Fitness Center,+905523193548,Kuaför / Berber
FT Pilates Studio Çiğli,+905339137387,Pilates / Yoga
Çiğli HtC Pilates Reformer Studio & Çiğli Pilates,+905331552772,Pilates / Yoga
Estafiz Çiğli Sağlıklı Yaşam Merkezi,+905079350066,Pilates / Yoga
İlknur Uğur - Reformer Life Studio - Pilates Salonu,+905325183256,Pilates / Yoga
Serra Özgen Studio,+905529248994,Pilates / Yoga
Diren Reformer Pilates,+905442594257,Pilates / Yoga
Black Studio House,+905437363568,Kuaför / Berber
Studio Z,+905520805589,Kuaför / Berber
Sinta Pilates,+905379174035,Pilates / Yoga
Kartal pilates,+905010828312,Pilates / Yoga
Jasmin Pilates Studyo,+905362183687,Pilates / Yoga
Power House Training Studio,+905346762705,Pilates / Yoga
Reo Pilates Studio,+905441003543,Pilates / Yoga
Dg Fitness Center,+902323862387,Kuaför / Berber
Alden pilates stüdyosu,+905454291019,Pilates / Yoga
FizyoMass Çiğli | Fizyoterapi ve Reformer Pilates,+905073795030,Psikolog / Terapist
Happy Moves Studio Karya Mavisehir,+905336116810,Pilates / Yoga
Ek Sport Pilates Fitness,+905321320496,Pilates / Yoga
CLUB221,+905402582221,Kuaför / Berber
NFS Fitness,+905063873043,Kuaför / Berber
Revo Wellness Hub,+905457980213,Kuaför / Berber
Fit Sports City,+905541855573,Kuaför / Berber
ALL THE WAY PİLATES,+905050124501,Pilates / Yoga
Stüdyo Pi,+905326142912,Kuaför / Berber
Kingfisher PT Studio,+905418906031,Kuaför / Berber
Slimworld Ataşehir,+905373115077,Kuaför / Berber
Özgecan Sportif Pilates,+905522305550,Pilates / Yoga
Nsportive,+905415360986,Kuaför / Berber
Studio ALA,+905424408629,Pilates / Yoga
KUAFÖR SÜHEYLA ATAOĞLU,+905353064747,Kuaför / Berber
FİLİZ ATEŞ BEAUTY,+905526834540,Güzellik Salonu
SEVALSENGEZER_GÜZELLİKSALONU,+905532211163,Güzellik Salonu
Sevda Tufan Beauty Center,+905421776232,Güzellik Salonu
SALON SİHİRLİ TARAK & GÜZELLİK SALONU,+905459355309,Güzellik Salonu
Manifestbeautycenter,+905069559462,Güzellik Salonu
Canım’s Naıl,+905550838689,Güzellik Salonu
BERNA BURUL GÜZELLİK VE ESTETİK MERKEZİ,+905528412420,Güzellik Salonu
Kızılkaya Hair&Beauty Studio,+905077945718,Güzellik Salonu
Dikili Başakça Güzellik Beauty,+905426519437,Güzellik Salonu
Berkim Medanlı Beauty,+905075107581,Güzellik Salonu
Saloon Bohem,+902326716575,Kuaför / Berber
Deniz Bulut Güzellik Salonu,+905523355019,Güzellik Salonu
Gizem Koçer güzellik merkezi & kuaför,+905060231333,Güzellik Salonu
Şeniz Güzellik ve Kalıcı Makyaj Stüdyosu,+905056495274,Güzellik Salonu
Okan Erdem Kuaför Salonu,+902326716262,Kuaför / Berber
La bohemce güzellik salonu,+905419370135,Güzellik Salonu
İmaj Kuaför,+902326715911,Kuaför / Berber
Öykü Ekinci güzellik merkezi,+905526106918,Güzellik Salonu
Kuaför Ezgi Oğuz,+905532759200,Kuaför / Berber
Ozi Kuaför Dikili,+905418636900,Kuaför / Berber
Hair point bayan kuaförü,+905075166397,Kuaför / Berber
Saloon Becca,+905531297137,Kuaför / Berber
Modern Melissa Masaj Salonu,+902326719334,Kuaför / Berber
BERBER MESUT UMAY,+905424830668,Kuaför / Berber
Mia Bella,+905530313115,Güzellik Salonu
Bro Barber’s,+905548626876,Kuaför / Berber
KUAFÖR EMİN ATAOĞLU,+905355270832,Kuaför / Berber
Salon Gökçe Yiğit,+902326716070,Kuaför / Berber
Kuaför Ayfer Dikili,+905428247511,Güzellik Salonu
Fufi saç tasarım (BERBER),+905542713405,Kuaför / Berber
Hair Saloon,+902326710272,Kuaför / Berber
Avcı Beauty Studio,+905342741795,Güzellik Salonu
Saçlı Saç Tasarım,+905353627502,Kuaför / Berber
Server Bayan Kuaförü,+905532757676,Kuaför / Berber
Aysima kuaför,+905337345114,Kuaför / Berber
Kuğulu bayan kuaför,+905530349095,Kuaför / Berber
Özge Yunus Bayan Kuaförü,+905458946404,Kuaför / Berber
SALON SILA,+905055977035,Kuaför / Berber
Kuaför Simay,+905537788352,Kuaför / Berber
Deniz bayan kuaförü,+905446523047,Kuaför / Berber
Berber Emin,+905435803726,Kuaför / Berber
Vizyon Erkek Kuaförü,+905521819929,Kuaför / Berber
Gazi Gençlik Erkek Kuaförü,+905067879817,Kuaför / Berber
İnci Beauty Studio,+905312914916,Güzellik Salonu
İstanbul Kuaför Levent,+902326730111,Kuaför / Berber
Bizim Mekan Oyun Salonu,+905412822440,Kuaför / Berber
Ceylanım kişisel bakım Sır ağda salonu,+905541245951,Güzellik Salonu
Berber Hüseyin,+905321388450,Kuaför / Berber
Golden Touch masaj & terapi,+905011277475,Psikolog / Terapist
Saloon Gökçay Altındağ,+905454610641,Kuaför / Berber
Berberium,+905536450397,Kuaför / Berber
Yusuf Algın Hair Design,+905324646389,Kuaför / Berber
Dikili Aura Veteriner Kliniği,+905455063526,Veteriner
Monde Spa,+905403456543,Diğer (Sağlık & Bakım)
Psikolog Merve Duran Danışmanlık Merkezi,+905518441125,Psikolog / Terapist
Zeybek Psikoloji Merkezi,+905346294296,Psikolog / Terapist
Dikili Anka Psikolojik Danışmanlık Merkezi,+905423209200,Psikolog / Terapist
Ecem Şahin Danışmanlık,+905013028866,Psikolog / Terapist
Dikili Klinik Akademi - Ağız ve Diş Sağlığı Polikliniği,+905321639545,Diş Kliniği
DİKİLİDENT AĞIZ ve DİŞ SAĞLIĞI POLİKLİNİĞİ,+905010621411,Diş Kliniği
Diş Hekimi Yılmaz Açar,+905354698314,Diş Kliniği
Diş Hekimi Cem Demir,+905412806577,Diş Kliniği
Diş Hekimi M. Önder Akşengür,+902326712438,Diş Kliniği
diş hekimi ahmet keskin,+902326715310,Diş Kliniği
Diş Hekimi İsmail Yılmaz,+902326719146,Diş Kliniği
özel kumsal ağız ve diş sağlığı polikliniği,+905357254821,Diş Kliniği
Dr.Yavuzmacit muayenehane,+905055888696,Diğer (Sağlık & Bakım)
Dr. Sedat Celil Bullalıoğlu,+902326713663,Diş Kliniği
Murphy Tattoo & Piercing,+905425141368,Dövme & Piercing
HELEN TATTOO,+905431128879,Dövme & Piercing
Tatto Dövmeci,+905331613371,Dövme & Piercing
Diyetisyen Güniz Duru,+905400404505,Diyetisyen
Diyet Noktası - Diyetisyen Emir Özçoban,+902326712284,Diyetisyen
Diyetisyen Güliz Akkaynak-Sağlıklı Beslenme ve Diyet Kliniği,+905467128287,Diyetisyen
Diyetisyen Ceyda Sağlam,+905073444424,Diyetisyen
Diyetisyen Ünal Mert AŞARER,+905074926958,Diyetisyen
Fizyoterapist Zeynep Ceren Aydın,+905522946107,Psikolog / Terapist
Ema Pilates Stüdyo,+905300405777,Pilates / Yoga
Aker Fitness Dikili,+905300295586,Kuaför / Berber
Mce Pilates Stüdyo,+905324797593,Pilates / Yoga
YENİFOÇA DENİZ KUAFÖR&GÜZELLİK,+902328147085,Güzellik Salonu
UF KUAFÖR,+905536628783,Güzellik Salonu
Dicle Işıklar Beauty Saloon,+905356392231,Güzellik Salonu
FK HAİR PROFESSİONAL STÜDİO✂️✂️ESKİFOÇA ŞUBE 🇹🇷YENİFOÇA ŞUBE,+905010903533,Kuaför / Berber
Only Beauty Güzelik Salonu (Beauty Salon),+905300886409,Güzellik Salonu
Kuaför Murat & Sinem Bay Bayan kuafor salonu,+905384833828,Kuaför / Berber
Uğur Kuaför ve güzellik merkezi,+905438385000,Güzellik Salonu
Kuaför Fatih,+905418918870,Kuaför / Berber
Raja&Mina Güzellik Merkezi,+905415182301,Güzellik Salonu
Elit Kuaför,+902328121282,Kuaför / Berber
Bediş Bayan Kuaför Ve Güz.Sal.İşl,+905380109164,Diş Kliniği
Saloon 4men,+905425265032,Kuaför / Berber
Milenyum Erkek Kuaförü,+905542042307,Kuaför / Berber
Berber Muco Erkek Kuaförü Foça,+905534298080,Kuaför / Berber
Kuaför Salim,+905355605659,Kuaför / Berber
Kapris Kuaför,+902328123869,Kuaför / Berber
Kuaför Kadir,+905510611248,Kuaför / Berber
Merve Angış,+905453438952,Kuaför / Berber
Mw Phokaia Coiffeur,+902328128080,Kuaför / Berber
Salon Hatice Erkil - Bayan kuaförü,+905455288209,Kuaför / Berber
Kuaför Sevda,+902328148294,Kuaför / Berber
BY SÜLO ERKEK KUAFÖRÜ,+905384666386,Kuaför / Berber
Kuaför Gülay,+902328145659,Kuaför / Berber
Salon M Hair Design,+902325700221,Kuaför / Berber
Gülhan & Fatih,+902328121708,Kuaför / Berber
Womans Studio Güzellik Salonu | Saç | Makyaj,+905317850735,Güzellik Salonu
Batuhan bayram kuaför,+908502202406,Kuaför / Berber
Işık Saç Tasarım,+905362818081,Kuaför / Berber
berber'im meto,+905300405529,Kuaför / Berber
SERKAN KAHYA KUAFÖR,+905076952757,Kuaför / Berber
Kybele Güzellik Salonu,+905303562972,Güzellik Salonu
Engin Erkek Kuaförü,+905358739513,Kuaför / Berber
Leyla Güzellik Salonu,+905059710512,Güzellik Salonu
Gönül Güzelliği Güzellik Salonu - YENİFOÇA,+905417327758,Güzellik Salonu
Elmas Bayan Kuaförü,+905456576393,Kuaför / Berber
Phokaia Gym,+905321134118,Kuaför / Berber
Kuaför Asuman,+902328121711,Kuaför / Berber
Berna Kaplan Güzellik,+905302446886,Güzellik Salonu
Yasemin Ulusoy Estetik ve Güzellik,+905462301359,Güzellik Salonu
Drxdion Dermaklinik & Dermakozmetik,+902322595559,Güzellik Salonu
Akkor Güzellik Salonu,+902322474682,Güzellik Salonu
La Derma Beauty Center,+905331626640,Güzellik Salonu
"Diyetisyen Ecem Hakan | Balçova, İzmir Diyetisyen",+905548643935,Diyetisyen
DrMet Estetik ve Zayıflama Merkezi,+905520691410,Güzellik Salonu
Altın La Beaute Narlıdere Güzellik Salonu,+905323846463,Güzellik Salonu
Narlıdere derm.A güzellik,+905054402535,Güzellik Salonu
Plaza Güzellik,+905370559888,Güzellik Salonu
Eva Rise Beauty,+905321770838,Güzellik Salonu
Pakalın Sağlığın ve Güzelliğin Merkezi,+905337634321,Güzellik Salonu
Mirina Clinic Güzellik & Estetik,+902322453636,Güzellik Salonu
Slimfit Estetik Göztepe,+905555148118,Güzellik Salonu
Güzellik Merkezi İzmir,+905072800624,Güzellik Salonu
Op.Dr Cenk Tokat Estetik Cerrahi Uzmanı Alsancak İzmir,+905323680661,Güzellik Salonu
Cliniczer Konak | Konak Güzellik Merkezi | Konak Lazer Epilasyon,+905365886885,Güzellik Salonu
Sema Cinel Güzellik & Estetik,+905356672501,Güzellik Salonu
Nur Güzellik Salonu,+902322856610,Güzellik Salonu
Auto Estetik Çizik Giderme,+905557372966,Güzellik Salonu
Öznur Manikür-Pedikür-Güzellik Salonu,+905383200048,Güzellik Salonu
İnci Beauty & Esthetic,+905525753140,Güzellik Salonu
Müge Kepenek Beauty Center,+905547298003,Güzellik Salonu
Prof. Dr. Ufuk Bilkay,+902324223232,Güzellik Salonu
shadzi nail boutique,+905065818602,Güzellik Salonu
İnfinity Life Care,+905334637362,Diğer (Sağlık & Bakım)
WOW Estetik & Güzellik,+908505577741,Güzellik Salonu
Dr.Bekir Hucuptan - Medikal Estetik Uygulamalar - Ozon terapi - Mezoterapi,+905443231320,Psikolog / Terapist
Aynur Güzellik Salonu,+905079243123,Güzellik Salonu
La.Vinia Health El ve Ayak Bakım,+905526829052,Kuaför / Berber
Elada Güzellik Merkezi,+902324071717,Güzellik Salonu
Müşerref Demirtaş Beauty Studio,+905516610060,Güzellik Salonu
Prof. Dr. Fatih Uygur | İzmir Estetik Cerrahi,+905550153953,Güzellik Salonu
Nur Çalışır Beauty,+905372056265,Güzellik Salonu
Ezgi Aydın Diş Muayenehanesi,+905528573333,Diş Kliniği
Derya Yanık Estetik ve Güzellik,+905315261691,Güzellik Salonu
Balçova Diş Hekimi Mertcan KÖSE,+905356239011,Diş Kliniği
MELİSA TOPALOĞLU NAİL & BEAUTY CENTER,+905332360053,Güzellik Salonu
DiDEM GÜZELLİK MERKEZİ,+902322479947,Güzellik Salonu
Özel Avrupadent Balçova Ağız ve Diş Sağlığı Polikliniği,+902322770100,Diş Kliniği
Op. Dr. HASAN YILDIZ | Genital Estetik | Labioplasti | Vajinoplasti | Kürtaj İzmir | Kızlık Zarı Dikimi | Jinekolog İzmir,+905320639077,Güzellik Salonu
Tuğba,+905337095385,Güzellik Salonu
izmir klinik,+905321377157,Güzellik Salonu
Iryna Nail Art Studio,+905392484988,Güzellik Salonu
İzmir Psikolog - Bilinç Danışmanlık,+905076657232,Psikolog / Terapist
Özel His Psikoloji Aile Danışma Merkezi,+905513665535,Psikolog / Terapist
Sercan Özgören | Online Psikolog | İzmir Psikolog,+905459306177,Psikolog / Terapist
Uzman Psikoloji Balçova Psikolog Pedagog Çocuk Ergen Danışmanlığı,+905352086752,Psikolog / Terapist
Etka Psikolojik Danışmanlık,+905079291466,Psikolog / Terapist
Uzman Psikolog Senem Kadıoğlu,+905453071973,Psikolog / Terapist
Psikolog Ümran Şipal Deniz-İzmir Etik Danışmanlık Merkezi,+905056547542,Psikolog / Terapist
Statera Fizyoterapi & Psikoloji Danışmanlık Merkezi (Balçova),+905053102425,Psikolog / Terapist
Evren Psikoloji Danışmanlığı,+905307638736,Psikolog / Terapist
Balçova Terapist,+905535350233,Psikolog / Terapist
Uzm.Dr. Harun Erdem,+905335088035,Psikolog / Terapist
YALI PSİKOLOJİ,+905013703535,Psikolog / Terapist
Kordon Psikoloji Merkezi | İzmir Balçova Psikolog,+905013416035,Psikolog / Terapist
Klinik Psikolog Salih Kuzucu ve Klinik Psikolog Dilek Fatma Erkenci Kırkım,+905510100369,Psikolog / Terapist
YAŞAM PSİKOLOJİ DANIŞMANLIK MERKEZİ,+905522019098,Psikolog / Terapist
Balçova Dil ve Konuşma Terapisi,+905056347378,Psikolog / Terapist
Uzman Pedagog Sıla Ersan Tektaş,+905362493185,Psikolog / Terapist
AKTİF PSİKOTERAPİ,+905323745081,Psikolog / Terapist
Uzman Doktor Nihal Mumcu Psikiyatrist Psikoterapist,+905065567851,Psikolog / Terapist
Sufle Psikoloji,+905313025477,Psikolog / Terapist
Ceren Gencosman Sabuncu,+905396555122,Psikolog / Terapist
Maya Danışmanlık,+905558820747,Psikolog / Terapist
Uzm Klinik Psikolog Özge Yağmurlu Özkurt,+905073134013,Psikolog / Terapist
Psikolog Hülya Öznehir Çintan Eğitim & Danışmanlık,+905322823009,Psikolog / Terapist
Konak Psikoloji Merkezi,+905061758445,Psikolog / Terapist
Psikolog İrem Tükel,+905545749893,Psikolog / Terapist
Uzman Psikolog Sena TOROS,+905335674540,Psikolog / Terapist
NARLIDERE SARES PSİKOLOJİ,+905513583535,Psikolog / Terapist
The Balance Psikoloji,+905403535232,Psikolog / Terapist
Narlıdere Psikoloji ve Yaşam Merkezi,+905324292135,Psikolog / Terapist
Ra Psikoloji Danışmanlık Merkezi,+905010391364,Psikolog / Terapist
Klinik Psikolog Melissa Eser,+905316453522,Psikolog / Terapist
Psikolog İzmir,+902324222628,Psikolog / Terapist
"Uzm. Kl. Psk. Lal Gürün, Psikoloji",+905382927501,Psikolog / Terapist
"Cem Akdemir, Uzman Klinik Psikolog",+905439738444,Psikolog / Terapist
İlgi Psikoloji | İzmir Klinik Psikolog İlgi Anderson,+905307049040,Psikolog / Terapist
İzmir Psikoloji Merkezi,+908504746356,Psikolog / Terapist
Uzman Klinik Psikolog Ozan Baysal,+908508119885,Psikolog / Terapist
Zeynep Uzun,+905382940484,Psikolog / Terapist
İzmir Psikologlar,+905449751124,Psikolog / Terapist
ES PSİKOLOJİ,+905518868946,Psikolog / Terapist
Su Psikoloji,+905380857031,Psikolog / Terapist
Pınar ÖNEN,+905355268982,Psikolog / Terapist
Uzman Psikolog Şilan Kuruş,+905389749305,Psikolog / Terapist
FirstLine Psikoloji,+905528428035,Psikolog / Terapist
Acedia Psikoloji Danışmanlık ve Eğitim Merkezi,+905432044103,Psikolog / Terapist
"İnegöl psikolog. Uzman Klinik Psikolog Yusuf Kavun. Ergen, Yetişkin, Evlilik, Çift Psikoloğu, Psikoterapist",+905449393969,Psikolog / Terapist
Psk. Cansu Karcıoğlu,+908508119878,Psikolog / Terapist
Köprü Psikolojik Danışmanlı ve Kişisel Gelişim,+905353742801,Psikolog / Terapist
"Baykara Psikoloji, Psk. Bahar Baykara",+905469388635,Psikolog / Terapist
Opia Psikoloji Merkezi,+905524787431,Psikolog / Terapist
La Femme Güzellik Merkezi,+902328124200,Güzellik Salonu
Balçova Diş Hekimi | Diş Hekimi M. Halil Yücesoy Diş Polikinliği,+905359867201,Diş Kliniği
DENT BALÇOVA - Balçova Ağız ve Diş Sağlığı Polikliniği,+905451133535,Diş Kliniği
ASYA DENTAL AĞIZ VE DİŞ SAĞLIĞI POLİKLİNİĞİ,+905313004135,Diş Kliniği
Klinik Kuru Ağız ve Diş Sağlığı Polikliniği,+905323979622,Diş Kliniği
Özel Coşkun Ağız Ve Diş Sağlığı Polikliniği,+902322771044,Diş Kliniği
Diş hekimi Barlas Taner,+902322591344,Diş Kliniği
Kuru Clinic Dental Health Polyclinic Turkey,+905302399213,Diş Kliniği
Diş Hekimi F. Figen Cosgun,+902322593507,Diş Kliniği
Sun Diş Polikliniği,+902322791067,Diş Kliniği
Tezgel Özel Ağız ve Diş Kliniği,+905533919835,Diş Kliniği
Gülşan Açıkbaş Önen Diş Kliniği,+905336369296,Diş Kliniği
Diş Hekimi Kübra Akbacı,+902322773938,Diş Kliniği
Diş Hekimi,+902322770479,Diş Kliniği
Özel Dokuz Eylül Ağız Ve Diş Sağlığı Polikliniği,+902322390041,Diş Kliniği
Dent Forum Ağız ve Diş Sağlığı Polikliniği,+902322503050,Diş Kliniği
Narlıdere Ağız ve Diş Sağlığı Merkezi,+902322393311,Diş Kliniği
CEON Ağız ve Diş Sağlığı Polikliniği,+902324234414,Diş Kliniği
Özel İzmirdiş Ağız ve Diş Sağlığı Polikliniği Yeşilyurt Şubesi,+902322568670,Diş Kliniği
Diş Hekimi Ufuk Tiyanşan,+902322595055,Diş Kliniği
Dr.Tuğba Kayasu Avşar,+905524284414,Diş Kliniği
Smile Dent Turkey,+905079121476,Diş Kliniği
Murat Tan Tattoo,+905512445159,Dövme & Piercing
444 Tattoo & Design Studio,+905432711646,Dövme & Piercing
Balçova Dövmeci / Lord Of Tattoos,+905330830882,Dövme & Piercing
Gloria piercing,+905314315668,Dövme & Piercing
RAT TATTOO PİERCİNG STÜDYO ALP.,+905524748108,Dövme & Piercing
8 Art studio,+905523682082,Dövme & Piercing
DAMLA TATTOO KINA DÖVMESİ,+905344151000,Dövme & Piercing
QUEENİNK.TATTOO,+905541387599,Dövme & Piercing
Darkness Tattoo İzmir dövme & piercing,+905541184353,Dövme & Piercing
OOPS!ESSED Tattoo&Piercing Studio,+905541348906,Dövme & Piercing
Sistattoo,+905547050272,Dövme & Piercing
Majestic Tattoo,+905467353531,Dövme & Piercing
Alamut Art Gallery | İzmir Tattoo Studio,+905462243536,Dövme & Piercing
Zeynep Doğaner Nail art,+905013511705,Güzellik Salonu
Nirvana Nail Art | İzmir Jel Tırnak & Nail Art Stüdyosu,+905541321925,Güzellik Salonu
Yd Nail Art & Studio,+905326631810,Güzellik Salonu
Alsancak Nail Art Studio,+905534509385,Güzellik Salonu
Açelya Güldağ Nail Art,+905532178667,Güzellik Salonu
Moonail Art Boutique,+905523662935,Güzellik Salonu
Saida Beauty & Nail Art Studio,+905522107509,Güzellik Salonu
Çağla Bingöl Nail Art Studio,+905533591449,Güzellik Salonu
Hilal Nail Studio,+905421030280,Güzellik Salonu
Bella Make-up & Nail Studio | Protez Tırnak,+905548323552,Güzellik Salonu
Beauna Nail Art Tırnak Stüdyo,+905550704057,Güzellik Salonu
Ludo Nail & Beauty - Canan Akçalı - Güzellik Merkezi,+905528084781,Güzellik Salonu
Elmira Nail & Eyelash Studio,+905448106103,Güzellik Salonu
Boho Nail Art Studio,+905388856673,Güzellik Salonu
Best Nail Studio,+905541560807,Güzellik Salonu
Nail Art Luna,+905362741908,Güzellik Salonu
Babe Beauty,+905513494988,Güzellik Salonu
O la la Nail Art,+905462926556,Güzellik Salonu
Seher Nail Art Beauty,+905356203235,Güzellik Salonu
THE TIRNAK STÜDYOSU,+905079124836,Güzellik Salonu
Takmatırnak Beauty Academy & Nailart Stüdio,+905551009232,Güzellik Salonu
ALİNA EFE NAİL & BEAUTY ART STUDİO,+905393528702,Güzellik Salonu
İzmir Makyaj ve Tırnak | Kabuki Makeup & Nail Studio,+905525852985,Güzellik Salonu
Violet Nail Art,+905550355297,Güzellik Salonu
Si Life Beauty Nail,+902324800212,Güzellik Salonu
Nails Pop Tırnak Stüdyosu,+905449766783,Güzellik Salonu
Esra Kılıç Nail Studio,+905548377267,Güzellik Salonu
Yaprak Nail Studio,+905544302146,Güzellik Salonu
Happy center nail art,+902324641010,Güzellik Salonu
Ayça Nail Stüdyo,+905530635436,Güzellik Salonu
Dilara Umut Nail Art Beauty,+905536195704,Güzellik Salonu
Anastasiia Torbalı Tırnak Stüdyosu,+905326399098,Güzellik Salonu
Nailbykıvılcım,+905071103702,Güzellik Salonu
You İzmir Güzellik Salonu,+905377767535,Güzellik Salonu
Nail Kuaför ve Güzellik Salonu,+905302613636,Güzellik Salonu
Pin Nail art,+905071669150,Güzellik Salonu
Mavi güzellik,+905057961880,Güzellik Salonu
ARON GÜZELLİK,+902322550203,Güzellik Salonu
Torbalı Tırnak Studio,+905434984741,Güzellik Salonu
Leyla çiçek nails,+905532624588,Güzellik Salonu
cnn. nailss,+905385999505,Güzellik Salonu
Arzu Cenk Naıl Art,+905309201799,Güzellik Salonu
Aksana Nail art ve beauty center,+905437176120,Güzellik Salonu
Aron Nail Studio,+905447389990,Güzellik Salonu
Emsal Doğan İzmir,+905331982835,Güzellik Salonu
Frey Beauty,+905394597030,Güzellik Salonu
Merve Acarkanlı Nail Art Studio,+905011666045,Güzellik Salonu
özge bahadır make up nail studio,+905442625802,Güzellik Salonu
BB Beauty hair spa nail art,+902325991974,Güzellik Salonu
Luda Beauty & Berna Baş - Torbalı/İzmir,+905300127759,Güzellik Salonu
Luna Nail & Tattoo Art Studio Kuşadası,+905442349994,Dövme & Piercing
İzgi Tattoo Make Up Nail Art Studio,+905076766105,Dövme & Piercing
Like a Star Beauty & Nail Art Studio,+905402317000,Güzellik Salonu
Uzman Diyetisyen Sueda AKKAŞ,+905069773150,Diyetisyen
Diyetisyen Hamide Taş,+905443739051,Diyetisyen
Diyetisyen Eda Önal Oktar,+905442554035,Diyetisyen
Diyetisyen Özge Uludağ,+905349585860,Diyetisyen
Uzman Diyetisyen Elif Arslan,+905079214506,Diyetisyen
Diyetisyen Melisa uçkun,+905532649514,Diyetisyen
Lina Klinik,+905330207052,Diğer (Sağlık & Bakım)
Diyetisyen Burcu Kara,+905378493575,Diyetisyen
Diyetisyen Melis Mandev,+905013478195,Diyetisyen
Diyetisyen İpek Güngör,+905376071325,Diyetisyen
Diyetisyen Zehra Kaşıkçı,+905425565909,Diyetisyen
Uzman Diyetisyen Ümmü GÜVEN NEHİR,+905413732262,Diyetisyen
EA wellness Club,+905515129899,Kuaför / Berber
Sporthouse Studio,+905064816226,Kuaför / Berber
White Sports Center,+902322792643,Kuaför / Berber
BB Pilates Stüdio,+905536296692,Pilates / Yoga
Premium Sports Club,+905068768618,Kuaför / Berber
U-FIT Personal Coaching,+905385282290,Kuaför / Berber
Prime Ems Studios,+905337337453,Kuaför / Berber
Euphoria Plus,+905331231925,Kuaför / Berber
Pilates Garden Wellness Studio,+905060672026,Pilates / Yoga
GMZ Personel Training Studio,+905546895530,Kuaför / Berber
HEX PERSONAL TRAINING STUDİO,+905397174666,Kuaför / Berber
SportsCityPlus,+902322782501,Kuaför / Berber
GOLD GYM BALÇOVA,+905532372726,Kuaför / Berber
Ayesefit pilates stüdyo,+905305123436,Pilates / Yoga
EC Pilates Studio Balçova,+905444588829,Pilates / Yoga
Studio 823,+905307250371,Pilates / Yoga
Seal Pilates Studio,+902322777325,Pilates / Yoga
Balance Fit Wellness Studio,+905077102867,Pilates / Yoga
Cemy's Pilates Studio,+905454501965,Pilates / Yoga
Fitstop Personal Training Studio,+905546897984,Kuaför / Berber
The Pilates Office,+902329355732,Pilates / Yoga
Sui Pilates Studio,+902322773214,Pilates / Yoga
ASI GYM Balçova,+905388108488,Pilates / Yoga
İzmir Balçova Spor Salonu,+902322596556,Kuaför / Berber
RESELF EXERCİSE FACTORY,+905334779219,Kuaför / Berber
Formda Kilo Kontrol Merkezi,+905337369335,Diğer (Sağlık & Bakım)
Men’s Studıo Deluxe,+905074250993,Kuaför / Berber
Kuaför yeliz,+905397653440,Güzellik Salonu
Emine Bayındır Beauty Center,+905060296179,Güzellik Salonu
Buse Kuaför & Güzellik Salonu,+905050514442,Güzellik Salonu
HAYAT KUAFÖR VE GÜZELLİK SALONU,+905498202249,Güzellik Salonu
SALON VİP BY RAHMİ,+905357164855,Kuaför / Berber
Altın makas erkek kuaförü,+905372425914,Güzellik Salonu
Elenora Güzellik Merkezi Bayındır,+902325996219,Güzellik Salonu
MERAL KUAFÖR,+905347415572,Kuaför / Berber
Kuaför Nilgün AKCA,+905304951875,Kuaför / Berber
Kuaför meliha,+905388619818,Kuaför / Berber
Natural by Ahmet,+905377858962,Kuaför / Berber
İdeal Erkek Kuaförü,+905332580991,Kuaför / Berber
Dinçer Erkek Kuaförü,+905437255640,Kuaför / Berber
Anka Tırnak Stüdyosu | Protez Tırnak,+905536524064,Güzellik Salonu
Funda protez tırnak,+905326419279,Güzellik Salonu
Angelina Tırnak | Jel Güçlendirme | Protez Tırnak | Kalıcı Oje,+905464904685,Güzellik Salonu
"İzmir Hatay Güzellik Merkezi - Coco DieS Beauty | Solaryum, Lazer Epilasyon, Cilt Bakımı, Ems, HeykelTraş, Protez Tırnak",+905321374535,Güzellik Salonu
Etna Beauty Studio Protez Tırnak Kalıcı Oje Cilt Bakım,+905364207503,Güzellik Salonu
LUSHNESS beauty & academy Tırnak Stüdio,+905433853565,Güzellik Salonu
EOS Güzellik,+905325131576,Güzellik Salonu
Mell Güzellik Merkezi - Torbalı Lazer Epilasyon Merkezi ve Güzellik Salonu,+905070352992,Güzellik Salonu
Alya Protez tırnak,+905422324115,Güzellik Salonu
YAĞMUR GÜZELLİK SALONU,+905542838820,Güzellik Salonu
Atakent Tırnak merkezi,+905549697264,Güzellik Salonu
Madame Tırnak Center,+905384517939,Güzellik Salonu
Tırnak Şairi,+905527094169,Güzellik Salonu
Dilay Akgün | Beauty Center,+905324478247,Güzellik Salonu
Aymira Koçaklı Güzellik Merkezi Tire,+905534861330,Güzellik Salonu
NAZAN TIRNAK & MANİKÜR PEDİKÜR SİR AĞDA SALONU..,+905064420933,Güzellik Salonu
Rosa beauty nails,+905061056225,Güzellik Salonu
Torbalı Tırnak Merkezi by Didem,+905546756579,Güzellik Salonu
ESSE GÜZELLİK,+905537895055,Güzellik Salonu
Tırnak Lounge Alsancak,+905050212555,Güzellik Salonu
Seçil Beauty Tire Güzellik Merkezi,+905321769535,Güzellik Salonu
She's Studio,+905302205457,Güzellik Salonu
Eda Güzhan Beauty Center,+905316776887,Güzellik Salonu
Runail İzmir Ana Bayi,+905068689450,Güzellik Salonu
DMA Torbalı Güzellik Salonu Ve Lazer Epilasyon Merkezi,+905435802866,Güzellik Salonu
GAMZE AŞIK BEAUTY,+905524148599,Güzellik Salonu
Olga Tırnak Alsancak,+905347825462,Güzellik Salonu
Sevcan Beauty Center,+905461231321,Güzellik Salonu
Luvia Estetik ve Güzellik Merkezi,+905458560002,Güzellik Salonu
Lidya Güzellik Merkezi,+902322317723,Güzellik Salonu
Bayındır Beauty,+905053323130,Güzellik Salonu
4K Dental Ağız ve Diş Sağlığı Polikliniği,+905010437735,Diş Kliniği
Bayındır 2 Nolu Öğretmen Emine Nihal Binark Aile Sağlığı Merkezi,+902325817386,Diğer (Sağlık & Bakım)
Bayındır Diş Hekimi Ramazan Buğra Kuş,+905510126613,Diş Kliniği
My Olive Farm - Zeytin Çiftlik İzmir,+905346763509,Diğer (Sağlık & Bakım)
BAYINDIR YAŞAM MEDİKAL,+905457719335,Diğer (Sağlık & Bakım)
Zeyvora,+905432322447,Diğer (Sağlık & Bakım)
Uzman Psikolojik Danışman Özge Çıplak,+905079927949,Psikolog / Terapist
SU PSİKOLOJİ MERKEZİ,+905453259799,Psikolog / Terapist
Uzman Psikolog ve Aile Danışmanı Ece Nur Ayar,+905349602635,Psikolog / Terapist
Uzman Klinik Psikolog Gözde Ünlüer,+908508119056,Psikolog / Terapist
Yel Psikoloji,+905536502202,Psikolog / Terapist
Özel Selin Atasoy Danışmanlık Merkezi Güzelbahçe,+905355731733,Psikolog / Terapist
Medusa Psikoloji,+905302778554,Psikolog / Terapist
Dafne Psikoloji Rehberlik ve Psikolojik Danışma Merkezi,+905366118892,Psikolog / Terapist
Uzm.Psikolog Sena Yıldırım,+905012188696,Psikolog / Terapist
ÖZGE ALKANAT,+905324527411,Psikolog / Terapist
Klinik Psikolog Hazal Aymandir,+905337676379,Psikolog / Terapist
Uzm. Dr. Şule Özmen,+905308905987,Diğer (Sağlık & Bakım)
Psikoİzmir Psikolojik Danışmanlık Merkezi,+905325752714,Psikolog / Terapist
Uzm.Dr. Betül ARAYICI Psikiyatrist ve Psikoterapist,+905541996681,Psikolog / Terapist
Uzman Psikolog Funda Dokur Kılınç,+905557061120,Psikolog / Terapist
Psikolog/Aile Danışmanı Bedriye Doğan,+905075288160,Psikolog / Terapist
Maria & Ayhan Öcal Psikolojik Danışmanlık Merkezi,+905379532925,Psikolog / Terapist
"Uzm. Kl. Psk. Hazal Tanrıyakul, Psikoloji",+905335982369,Psikolog / Terapist
Psikiyatrist Dr. Hira Selma Kalkan Psikiyatr ve Psikolojik Danışmanlık,+905415974348,Psikolog / Terapist
Lika Psikoloji,+905388973040,Psikolog / Terapist
Nar Psikoloji,+905436715805,Psikolog / Terapist
Uzm. Dr. Özge İpek Doğan,+908503032135,Psikolog / Terapist
İda Yaşlı Bakım Merkezi ve Huzurevi,+905073151350,Diğer (Sağlık & Bakım)
Heal&More,+905347264486,Psikolog / Terapist
Uzman Psikolog - Pedagog Emdr Aile Evlilik Çift Çocuk Terapisti Güzelbahçe,+905352527421,Psikolog / Terapist
Uzm. Kl. Psk.Ceren Gümüş Yaşa,+908504744468,Psikolog / Terapist
Diş Hk. Aslıhan Arzu Ünal,+905528929202,Diş Kliniği
Klinik Psikolog Eda Gökduman,+905336959212,Psikolog / Terapist
Klinik Urla,+905414493247,Diğer (Sağlık & Bakım)
Uzman Doktor Ayşe ÖZKAN ACAR,+905442242664,Diğer (Sağlık & Bakım)
Lugın Beauty & Jewerly,+905077667850,Güzellik Salonu
Urlaile - Gelişimsel Danışmanlık Merkezi,+905330845883,Psikolog / Terapist
Uzman Klinik Psikolog Hasan Arslan,+908504741996,Psikolog / Terapist
Bahriye İncirmen,+905324231437,Psikolog / Terapist
Klinik Psikolog Tuğçe Peker,+905327050073,Psikolog / Terapist
Citrine Nail & Tattoo,+905427699115,Dövme & Piercing
Seville Nailart,+905417384553,Güzellik Salonu
Bahar Seran Beauty,+905322008817,Güzellik Salonu
Farah Beauty Studio,+905439463763,Güzellik Salonu
Elis Beauty Center,+905072122222,Güzellik Salonu
Gönül Beauty,+905077726455,Güzellik Salonu
Valeria Beauty,+905016722515,Güzellik Salonu
Tuğba Öztürk Beauty,+905310887160,Güzellik Salonu
Kıymet Temel Beauty Studio,+905321304868,Güzellik Salonu
Sisi Beauty,+905461815926,Güzellik Salonu
GÜLŞAH KOLAY BEAUTY STUDIO,+905075676057,Güzellik Salonu
Elina Beauty Center,+905063378295,Güzellik Salonu
BB Shine Beauty Center,+905012753501,Güzellik Salonu
Melike Tek Art & Beauty,+905426699035,Güzellik Salonu
İzmir Gaziemir b-fit,+902322203737,Kuaför / Berber
Ciltizmir,+905055492577,Güzellik Salonu
Estopia Estetik ve Güzellik Kliniği,+905441380135,Güzellik Salonu
"İzmir Botoks Merkezi - Uzman Doktor ile Botoks, Dudak Dolgusu Uygulamaları",+905057484307,Güzellik Salonu
Asel Çankaya Estetik ve Güzellik,+905532955211,Güzellik Salonu
Enki Psikolojik Danışmanlık Merkezi,+902325012505,Psikolog / Terapist
Gaziemir Psikolog | Kalpte Psikoloji,+905019107523,Psikolog / Terapist
Sınar Psikolojik Danışmanlık Merkezi Gaziemir Psikolog Pedagog,+905326956269,Psikolog / Terapist
İzmir Z Danışmanlık Merkezi,+905306203567,Psikolog / Terapist
Noa Psikoloji,+905553530035,Psikolog / Terapist
Cansu ŞAFAK GÜRKAN Danışmanlık Merkezi,+905536592654,Psikolog / Terapist
Klinik Psikolog Melda Akoğlu Günbatan,+905309411224,Psikolog / Terapist
Leon Psikoloji / Uzm. Psk. Gizemnur A. Kalpakçı,+905466076208,Psikolog / Terapist
Uzm. Kl. Psk. Ayça Türkyılmaz,+905304210196,Psikolog / Terapist
Psk. Hatice Kübra Güzeloğlu,+902322525017,Psikolog / Terapist
Yiğit İŞBİTİREN Psikoloji ve Danışmanlık,+905424682478,Psikolog / Terapist
Klinik Psikolog Yuşa Karakoç,+905054703835,Psikolog / Terapist
EVA Aile Danışmanlık Merkezi,+905411426673,Psikolog / Terapist
Psikolog & Aile Danışmanı Yaren Demircan,+905061196511,Psikolog / Terapist
Ala Rehberlik ve Psikolojik Danışma Merkezi - Uzman Psikolog Onur Coşkun,+905455767587,Psikolog / Terapist
Uzman Psikolojik Danışman İbrahim CEYLAN,+905435802693,Psikolog / Terapist
Klinik Psikolog Damla Devecioğlu,+905058906767,Psikolog / Terapist
İzmir Psikolog İbrahim Karaca ( Online Seans ve Yüz Yüze Terapi ),+905518516413,Psikolog / Terapist
Önem Psikoloji Danışmanlık,+902322520550,Psikolog / Terapist
Psikolog Lebibe Güner,+902322182270,Psikolog / Terapist
Zen Rehberlik ve Danışmanlık Merkezi Gaziemir,+905421396936,Psikolog / Terapist
Simurg FBA Danışmanlık,+902322522985,Psikolog / Terapist
Deniz Psikoloji İzmir,+905468540401,Psikolog / Terapist
Psikiyatrist Uzman Doktor Özlem Tecer,+905384189158,Psikolog / Terapist
"Tuğbagül Başer, İzmir Psikolojik Danışman ve Aile Danışmanı, ADA Psikoloji",+905453052301,Psikolog / Terapist
Miray Akçakaya Psikolojik Danışmanlık,+905302238823,Psikolog / Terapist
Fizyo Home - İzmir Fizyoterapist,+905541176378,Psikolog / Terapist
Uzman Psikolog Selin Kışla,+905070701340,Psikolog / Terapist
Uzm. Kl. Psk. Meltem Eruyur,+908504747496,Psikolog / Terapist
Klinik Psikolog Dilara Işık Kliniği,+905013423390,Psikolog / Terapist
Psk. Sevim Eda Ertan,+905537932235,Psikolog / Terapist
Uzman Klinik Psikolog Nazlı Şerifoğlu Kaya,+905444550996,Psikolog / Terapist
Gaziemir / Perla Fizyoterapi,+905055197735,Psikolog / Terapist
Psikolog Gökçe Sümekçi,+905050614822,Psikolog / Terapist
Fizyoterapist Sinem PAZARLI,+905544213128,Psikolog / Terapist
ABG Psikoloji,+905415383838,Psikolog / Terapist
İzmir Alsancak Psikolog Fatma İşlek,+905435535959,Psikolog / Terapist
Ted Klinik Ağız ve Diş Sağlığı Polikliniği,+905319929520,Diş Kliniği
Özel Avrupadent Gaziemir Akçay Ağız ve Diş Sağlığı Polikliniği,+902322202300,Diş Kliniği
Egeport Ağız Ve Diş Sağlığı Polikliniği,+905010727678,Diş Kliniği
Özel Dent KM Ağız ve Diş Sağlığı Gaziemir Şubesi | İmplant | Diş Kaplama | Diş Çekimi,+905334523648,Diş Kliniği
merkez klinik,+905523125251,Diş Kliniği
DentMe Ağız ve Diş Sağlığı Polikliniği - Gaziemir ( Diş İmplant ve Çene Cerrahisi ),+905016902500,Diş Kliniği
Diş Hekimi Ersin Güler Ağız ve Diş Sağlığı Kliniği,+905526824445,Diş Kliniği
Özel Sarnıç Ağız ve Diş Sağlığı Polikliniği,+902322813981,Diş Kliniği
Diş Hekimi Dilan Gök Özöktem | Gaziemir Diş Hekimi | Gaziemir Diş Doktoru | Gaziemir İmplant,+905436671087,Diş Kliniği
Diş Hekimi Halil Buran | Gaziemir Diş Hekimi | Gaziemir Diş Doktoru,+905542727594,Diş Kliniği
Özel Uluçam Ağız ve Diş Sağlığı Polikliniği,+902322743223,Diş Kliniği
Gaziemir Dent | Gaziemir Diş Hekimi | İmplant,+905541719499,Diş Kliniği
