Isletme_Adi,Telefon,Sektor
Dilara Topkaya Nail&Beauty,+905548897604,Güzellik Salonu
La Vie Beauty & Nail Art,+905525503782,Güzellik Salonu
Yd Nail Art & Studio,+905326631810,Güzellik Salonu
Sayraç Nail Art Studio,+905010647648,Güzellik Salonu
Elyse nail art studio,+905340166099,Güzellik Salonu
Lena Nail Beauty Karşıyaka,+905432507711,Güzellik Salonu
"Premium Beauty House (Nail Art, Protez Tırnak, Kalıcı Oje, İpek Kirpik, Microblading, Manikür, Pedikür, Kalıcı Makyaj)",+905510976593,Güzellik Salonu
mahsa nail studio,+905464658184,Güzellik Salonu
Ré Nao Nail Studio,+905300841611,Güzellik Salonu
Karşıyaka protez tırnak | Nail House,+905548211912,Güzellik Salonu
Tuğba Yılmaz Nail Arts & Beauty,+905012570309,Güzellik Salonu
Yaprak Nail Studio,+905544302146,Güzellik Salonu
Kübra Yiğit Nail studio,+905431811788,Güzellik Salonu
Zoom Hair Nail Art,+902324800812,Güzellik Salonu
LÜ NAİL STUDİO,+905536537880,Güzellik Salonu
Nailbykıvılcım,+905071103702,Güzellik Salonu
Nail room by yaren,+905443356160,Güzellik Salonu
Merve Yıldız Nail Studio,+905547562839,Güzellik Salonu
Vero Tirnak Studio,+905330566639,Güzellik Salonu
Valentina Nails - Bostanlı Protez Tırnak,+905345256048,Güzellik Salonu
Sisters Nail Club,+905536948570,Güzellik Salonu
Stüdyo Tırnak,+905461833500,Güzellik Salonu
Arzu Yüzer Nail & Beauty Studio,+905393121779,Güzellik Salonu
Mel’s Nails Tırnak Center,+905309386547,Güzellik Salonu
Cilooje Nail Studio | Karşıyaka Protez Tırnak,+905070223712,Güzellik Salonu
Aura NAIL & BEAUTY,+905074366076,Güzellik Salonu
cnn. nailss,+905385999505,Güzellik Salonu
Tırnak Şairi,+905527094169,Güzellik Salonu
LK Beauty,+905448666405,Güzellik Salonu
Leila Nailss Studio,+905454494122,Güzellik Salonu
Berrak Nail Studio,+905540272848,Güzellik Salonu
Olga Tırnak Mavişehir,+905331395242,Güzellik Salonu
ECLAT PRO TIRNAK VE KİRPİK MALZEME SATIŞI VE GÜZELLIK SALONU,+902324085045,Güzellik Salonu
Vega Nail Studio,+905321713886,Güzellik Salonu
Aleyna Nail Studio,+905527391801,Güzellik Salonu
Atakent Tırnak merkezi,+905549697264,Güzellik Salonu
İzmir Makyaj ve Tırnak | Kabuki Makeup & Nail Studio,+905525852985,Güzellik Salonu
Merve Baltacı Nails,+905392152995,Güzellik Salonu
Nail & More,+905331702035,Güzellik Salonu
You Saç Tasarım ve Güzellik,+905308922730,Güzellik Salonu
Tuğba Kuaför ve Güzellik Salonu,+905558141799,Güzellik Salonu
Şeha Kuaför ve güzellik salonu,+902327376599,Güzellik Salonu
Saloon nüans,+905318411371,Kuaför / Berber
Fikriye Sedef Kuaför ve Güzellik Salonu,+905398486605,Güzellik Salonu
S&C Hair Art,+905359597798,Kuaför / Berber
Kuaför Seher,+905541149887,Kuaför / Berber
RA (Ramazan) Erkek Kuaförü,+905392427843,Kuaför / Berber
Rose Nail Beauty | Konak Protez Tırnak,+905419354298,Güzellik Salonu
İzmir Protez Tırnak’s - İzmir Protez Tırnak Salonu - Jel Tırnak - Kalıcı Oje - Nail Art,+905315735062,Güzellik Salonu
İzmir Tinka Protez Tırnak - Gaziemir Protez Tırnak Salonu - Jel Tırnak - Kalıcı Oje - Nail Art,+905070372374,Güzellik Salonu
İzmir Bornova Glowup Protez Tırnak Stüdyosu,+905066912593,Güzellik Salonu
Baiemooi Beauty Studio | Narlıdere Protez Tırnak,+905491902029,Güzellik Salonu
"Başak Beauty Center (Protez Tırnak, Kalıcı Oje, Manikür, Pedikür, Profesyonel Makyaj, İpek kirpik,Microblading)",+905533895834,Güzellik Salonu
Soje Protez Tırnak Buca - Şirinyer,+905356501836,Güzellik Salonu
Buca Protez Tırnak Center,+905541332167,Güzellik Salonu
Güneş Protez Tırnak Studio,+905313374256,Güzellik Salonu
"Buca Protez Tırnak, Kalıcı Oje | Studio Melinay İzmir",+905366628454,Güzellik Salonu
Anka Tırnak Stüdyosu | Protez Tırnak,+905536524064,Güzellik Salonu
İzmir Jel Tırnak Balçova,+905469610211,Güzellik Salonu
Bella Make-up & Nail Studio | Protez Tırnak,+905548323552,Güzellik Salonu
Marilyn Nail Center,+905013483599,Güzellik Salonu
"Buca Protez Tırnak, Gamze Nail Studio",+905524103511,Güzellik Salonu
EN.BEAUTY STUDIO | Lazer Epilasyon | Protez Tırnak | Güzellik Merkezi,+905056558525,Güzellik Salonu
Konul Nails Protez Tırnak,+905522789528,Güzellik Salonu
Angelina Tırnak | Jel Güçlendirme | Protez Tırnak | Kalıcı Oje,+905464904685,Güzellik Salonu
La Liva Beauty Studio Academy,+905323597525,Güzellik Salonu
İnanır Protez Tırnak,+905426467296,Güzellik Salonu
Selin Döngel Beauty Protez Tırnak,+905536191682,Güzellik Salonu
Esse Bien Nail And Beauty Studio,+905380306800,Güzellik Salonu
Rana Nail Beauty,+905491203535,Güzellik Salonu
Funda protez tırnak,+905326419279,Güzellik Salonu
MESS Nail Art Studio Protez Tırnak & Nail Art,+905461277073,Güzellik Salonu
GA Luxury Nails – Urla Protez Tırnak & Nail Art,+905455638212,Güzellik Salonu
Art Tırnak Stüdyosu,+905324795210,Güzellik Salonu
Tırnakmanya Pazarlama İth ve İhr. Ltd. Şti.,+905333450035,Güzellik Salonu
Orva beauty&kozmetik (çiğli),+905418219189,Güzellik Salonu
Fikaart / Protez tırnak / Nail art / Kalıcı oje / Güçlendirme,+905458491005,Güzellik Salonu
Protez Tırnak İzmir,+905418688323,Güzellik Salonu
Gamze Sürgün Nail Studio,+905452558952,Güzellik Salonu
Bubu tırnak ve guzellik,+905468857896,Güzellik Salonu
Protez tırnak kalici makyaj diyot lazer aliaga saloon meltem,+905075464865,Güzellik Salonu
Naura Beauty | İzmir Buca | Protez Tırnak Kalıcı Oje Nailart Studio,+905376568946,Güzellik Salonu
Oje Tırnak vs. Güzellik ve Kişisel Bakım Salonu,+902322391979,Güzellik Salonu
THE TIRNAK STÜDYOSU,+905079124836,Güzellik Salonu
Nail Studio Nail Art Buca 35 Protez Tırnak,+905451486638,Güzellik Salonu
"İzmir Hatay Güzellik Merkezi - Coco DieS Beauty | Solaryum, Lazer Epilasyon, Cilt Bakımı, Ems, HeykelTraş, Protez Tırnak",+905321374535,Güzellik Salonu
aliağa protez tırnak deniz beauty,+905537998065,Güzellik Salonu
Güzellik Cadısı İzmir,+905013634694,Diş Kliniği
Mojo Beauty Nail Art | Gaziemir Tırnak,+905540204515,Güzellik Salonu
Beauna Nail Art Tırnak Stüdyo,+905550704057,Güzellik Salonu
Duru nail art studio,+905422481561,Güzellik Salonu
İzmir Protez Tırnak İpek Kirpik -Dilek Girti,+905079857539,Güzellik Salonu
Freya Tırnak,+905465254556,Güzellik Salonu
Etna Beauty Studio Protez Tırnak Kalıcı Oje Cilt Bakım,+905364207503,Güzellik Salonu
Selma Albayrak Nail Artist,+905074829565,Güzellik Salonu
Majestic Nails Center | Bornova Protez Tırnak | Bornovada Kalıcı oje | Bornovada Manikür & Pedikür | Bornovada Ölçülü Kaş,+905456761234,Güzellik Salonu
ESTEVİLLA GÜZELLİK SALONU,+905452642440,Güzellik Salonu
Bornova Güzellik Merkezi | GAMLİSA GÜZELLİK SALONU,+905303108299,Güzellik Salonu
Karşıyaka Protez Tırnak by Şeyda,+905434509503,Güzellik Salonu
İzmir Ecem protez tırnak,+905421321393,Güzellik Salonu
Zoe Nail&Beauty - Protez Tırnak ve Güzellik Salonu,+905435081201,Güzellik Salonu
Anastasiya Tırnak Stüdyosu & Güzellik Merkezi,+905308800184,Güzellik Salonu
EVA TIRNAK CENTER,+905050610148,Güzellik Salonu
Lina Protez Tırnak Karşıyaka,+905309331735,Güzellik Salonu
Tırnak Atölyesi,+905537286890,Güzellik Salonu
LUSHNESS beauty & academy Tırnak Stüdio,+905433853565,Güzellik Salonu
Madame Tırnak Center,+905384517939,Güzellik Salonu
ARON GÜZELLİK,+902322550203,Güzellik Salonu
Babe Beauty,+905513494988,Güzellik Salonu
Birce Türker Beauty House,+905464770035,Güzellik Salonu
Fero nail Proteztırnak Stüdyosu,+905383267494,Güzellik Salonu
Elmira Nail & Eyelash Studio,+905448106103,Güzellik Salonu
Aydan Gürece Güzellik,+905525839872,Güzellik Salonu
RUMORS | NAIL & BEAUTY,+905057407786,Güzellik Salonu
Tırnak Malzemeleri İzmir,+905388523555,Güzellik Salonu
Runail İzmir Ana Bayi,+905068689450,Güzellik Salonu
Özüm Cevher İpek Kirpik ve Protez Tırnak Salonu,+905070346256,Güzellik Salonu
Lavinya Erdener Beauty Studio,+905422660072,Güzellik Salonu
Dilay Akgün | Beauty Center,+905324478247,Güzellik Salonu
Vanessa Atelier (Nail Art Vanessa),+905354493575,Güzellik Salonu
Boho Nail Art Studio,+905388856673,Güzellik Salonu
GAMZE AŞIK BEAUTY,+905524148599,Güzellik Salonu
Kunnails,+905385538507,Güzellik Salonu
Aron Nail Studio,+905447389990,Güzellik Salonu
Melike Güngör Güzellik & Head Spa,+905054714445,Güzellik Salonu
Mani Di Fata İzmir Güzellik Salonu,+905054909335,Güzellik Salonu
Pelin Piri - House Of Beauty,+905536282840,Güzellik Salonu
NAZAN TIRNAK & MANİKÜR PEDİKÜR SİR AĞDA SALONU..,+905064420933,Güzellik Salonu
Protez Tırnak Malzemeleri,+905309538582,Güzellik Salonu
Gizem Akalan Estetik I Bölgesel Zayıflama İzmir I Lazer Epilasyon I Heykelplus+ I Protez Tırnak I Cilt Bakımı I Microblading,+905469306123,Güzellik Salonu
Alya Protez tırnak,+905422324115,Güzellik Salonu
Gaziemir Güzellik Salonu - Epilasyon - Protez Tırnak - Kalıcı Oje - Cilt Bakımı,+905424762420,Güzellik Salonu
Nails Pop Tırnak Stüdyosu,+905449766783,Güzellik Salonu
Eda Güzhan Beauty Center,+905316776887,Güzellik Salonu
"Sirius Beauty And Nail ( İpek Kirpik , Protez Tırnak, Microblading, Cilt Bakımı ,Epilasyon , Zayıflama)",+905308839111,Güzellik Salonu
Tırnak Lounge Alsancak,+905050212555,Güzellik Salonu
Iryna Nail Art Studio,+905392484988,Güzellik Salonu
HELEN GÜZELLİK SALONU,+905558961912,Güzellik Salonu
Nail Art Luna,+905362741908,Güzellik Salonu
Atölye Vera Güzellik,+905421270809,Güzellik Salonu
İlknur Turan nail studio,+905524078902,Güzellik Salonu
Glamour Nails & Lashes Akrilik Protez Tırnak,+905468087544,Güzellik Salonu
She's Studio,+905302205457,Güzellik Salonu
Servet & GÖKHAN Erkek Kuaförü (Barber Shop),+905069576973,Kuaför / Berber
Happy Life Güzellik Merkezi,+905334136001,Güzellik Salonu
Kimya Karaburun Güzellik Merkezi,+905069904533,Güzellik Salonu
Fogofit Sports Club,+905323162999,Kuaför / Berber
Riva Beauty Çeşme,+905447847035,Güzellik Salonu
OM Karaburun Pilates & Yoga,+905354547000,Pilates / Yoga
Stüdyo Lia,+905557639738,Pilates / Yoga
Dentamor Ağız ve Diş Sağlığı Polikliniği,+905422652667,Diş Kliniği
Tattoo House By Cura 2,+905319351916,Dövme & Piercing
Yankee Tattoo Piercing,+905544002720,Dövme & Piercing
Nilay İnk Dövme Stüdyosu,+905468843635,Dövme & Piercing
Artside Tattoo Urla,+905553995650,Dövme & Piercing
Owl Ink Tattoo İzmir,+905301591935,Dövme & Piercing
Piercing Clinic - Muzaffer Maral,+905335754856,Dövme & Piercing
Özgür Yurdusev Tattoo,+905378910136,Dövme & Piercing
MYTH INK TATTOO & PIERCING,+905333779130,Dövme & Piercing
Cleopatra INK Tattoo & Piercing Bostanlı Studio,+905411015101,Dövme & Piercing
İzmir Balçova Dövme Stüdyosu | Soner Cura Tattoo Art,+905548329338,Dövme & Piercing
Mergen Tattoo & Piercing Studio,+905448563331,Dövme & Piercing
Interrail Tattoo Studio Bybatu Tattoo Dövme,+905073702050,Dövme & Piercing
VENC TATTOO İZMİR,+905050507856,Dövme & Piercing
İzmir Tattoo Collective,+905528533904,Dövme & Piercing
Pingala Tattoo,+905071669150,Dövme & Piercing
Hipnoz Dövme Salonu,+905527342243,Dövme & Piercing
NORTH TATTOO & PİERCİNG,+905432199795,Dövme & Piercing
Cleopatra Ink Tattoo & Piercing Alaçatı Studio,+905306405012,Dövme & Piercing
Coşkun Şakre Tattoo Studio,+905056735345,Dövme & Piercing
Lucky Ink Tattoo,+905300274514,Dövme & Piercing
L'art Tattoo & Piercing Studio - Dövme Stüdyosu,+905078195345,Dövme & Piercing
Venüs Tattoo İzmir,+905076201086,Dövme & Piercing
Darkness Tattoo İzmir dövme & piercing,+905541184353,Dövme & Piercing
Darkgate Tattoo Studio,+905556311684,Dövme & Piercing
Ena Tattoo Studio | İzmir Alsancak Dövme,+905414774784,Dövme & Piercing
katvice. | tattoo & art gallery,+905428083513,Dövme & Piercing
Aytuğ Tattoo İzmir | Tattoo & Piercing,+905053935398,Dövme & Piercing
Doji Tattoo Izmir,+905523803919,Dövme & Piercing
NOX ART TATTOO & PİERCİNG İZMİR,+905449500278,Dövme & Piercing
zeytin takı & dövme studyosu,+905058918482,Dövme & Piercing
Miu TATTOO GALLERY/Hilton Hotel İzmir,+905423501849,Dövme & Piercing
Mai Zen Tattoo Studio,+905536521750,Dövme & Piercing
Stone ink Tattoo&Piercing,+905434665733,Dövme & Piercing
Lucky Ink Tattoo Bostanlı,+905416607868,Dövme & Piercing
california tattoo,+905550443645,Dövme & Piercing
Asil Tattoo | Dövme & Piercing,+905549658948,Dövme & Piercing
ONUR ÖNEN TATTOO,+905358152752,Dövme & Piercing
Titan Tattoo Piercing,+905327490721,Dövme & Piercing
Goofy Piercing Tattoo,+905549440478,Dövme & Piercing
Mon Tattoo Studio,+905359212582,Dövme & Piercing
444 Tattoo & Design Studio,+905432711646,Dövme & Piercing
Deniz Tattoo,+902324486543,Dövme & Piercing
HALİT DEMİRALAY Tattoo & Piercing,+905050600995,Dövme & Piercing
Tattoobull Studio,+905317285482,Dövme & Piercing
Agartha Tattoo Studio,+905461107248,Dövme & Piercing
304 Tattoo Studio,+905403043500,Dövme & Piercing
Insomnia Tattoo Studio,+905431129335,Dövme & Piercing
BucaTattooPiercing,+905073371425,Dövme & Piercing
Travelers Tattoo,+905433068707,Dövme & Piercing
Forza Tattoo Piercing,+905418008444,Dövme & Piercing
Madhouse Tattoo Studio,+905370630837,Dövme & Piercing
Tattoo İzmir,+905418142732,Dövme & Piercing
Alaçatı tattoo & piercing,+905061661544,Dövme & Piercing
Alina Tattoo & Piercing,+905316173532,Dövme & Piercing
Art Point Tattoo Studio,+905444473193,Dövme & Piercing
InkMade Tattoo & Piercing Studio,+905335199331,Dövme & Piercing
İzmir Geçici Dövme SKİN ART TATTOO,+905325746943,Dövme & Piercing
Odin Art Tattoo,+905064939355,Dövme & Piercing
Smiley Tattoo Studio,+905074208040,Diş Kliniği
Lucifer Tattoo Studio,+905433444244,Dövme & Piercing
INKORA Tattoo Studio,+905415459203,Dövme & Piercing
Cloud Ink,+905074078067,Dövme & Piercing
Bodesa Tattoo & Piercing,+905352242554,Dövme & Piercing
Black Bolt Dövme Stüdyosu,+905546386482,Dövme & Piercing
DEJAVU TATTOO PİERCİNG,+905354779592,Dövme & Piercing
Shelan Ink Tattoo & Piercing,+905417306203,Dövme & Piercing
Inkstation Tattoo&Piercing Alsancak,+905052088835,Dövme & Piercing
Outlaw Tattoo Studio,+905412559935,Dövme & Piercing
Homeros Ink Bostanlı Tattoo Piercing,+905378668899,Dövme & Piercing
Mert Tattoo Piercing Studıo,+905556183104,Dövme & Piercing
Aspava Tattoo,+905545028927,Dövme & Piercing
Don Kişot Tattoo Studio,+905075669381,Dövme & Piercing
İn's Tattoo Art Studio,+905414211928,Dövme & Piercing
Blue Shadow Tattoo,+905070957178,Dövme & Piercing
INKSPACE Tattoo & Piercing,+905309123522,Dövme & Piercing
Panormos Tattoo - İzmir,+905384108911,Dövme & Piercing
Ma Boy Tattoo,+905529474056,Dövme & Piercing
İzmir Dövme Malzemeleri SKİN ART TATTOO,+905054903519,Dövme & Piercing
35 Skin Art İzmir Dövme-İzmir Piercing-Alsancak Dövme-Alsancak Piercing,+905058871336,Dövme & Piercing
Murat Tan Tattoo,+905512445159,Dövme & Piercing
Aphrodite Piercing Tattoo,+905059872507,Dövme & Piercing
Karşıyaka Dövmecisi,+905452958835,Dövme & Piercing
Last Mohıcan Tattoo & Piercing,+905057142746,Dövme & Piercing
BKT TATTOOS,+905549498735,Dövme & Piercing
Derin Art Tattoo,+905534363151,Dövme & Piercing
Tattoo Okan Çarga,+905449515554,Dövme & Piercing
Garaj 808 Tattoo Studio & Art Gallery,+905538083000,Dövme & Piercing
Gülşah Engin Tattoo Studio,+905541312572,Dövme & Piercing
InkSide Tattoo Studio,+905384832678,Dövme & Piercing
Köprüaltı Tattoo & Piercing,+902324653536,Dövme & Piercing
Savcı Tattoo (Çeşme),+905302545389,Dövme & Piercing
Bee Tattoo Design,+905550132202,Dövme & Piercing
Splash Ink Tattoo & Piercing Studio,+905464306001,Dövme & Piercing
Dip Tattoo Piercing Atölyesi,+905333443674,Dövme & Piercing
CatBlue Tattoo Studio,+905304078300,Dövme & Piercing
Hygge Skin Art,+905337194678,Dövme & Piercing
Kubilay Küçük Tattoo Studio,+905547558211,Dövme & Piercing
35 INK TATTOO STUDIO,+905062460754,Dövme & Piercing
Sunset Tattoo Studio,+905446041925,Dövme & Piercing
Durukan Tattoo Piercing,+905070734535,Dövme & Piercing
Pineapple Art Studio,+905068181846,Dövme & Piercing
Burcu Benler Tattoo Atelier,+905535383836,Dövme & Piercing
Akropol Tattoo & Piercing,+905422533211,Dövme & Piercing
Ankh Tattoo Studio,+905060990214,Dövme & Piercing
Emrah Yılmaz Art Studio,+905448886011,Dövme & Piercing
Art Tattoo Coffee,+905079352180,Dövme & Piercing
Mustafa kemal tattoo,+905523126935,Dövme & Piercing
Karizma Paradise Tattoo Dövme Salonu,+905432893879,Diş Kliniği
Bros.co.studio,+905528071988,Dövme & Piercing
Diyetisyen Kübra Atıcı,+905534597681,Diyetisyen
Diyetisyen Gürkan Hınız | İzmir Diyetisyen,+908504746761,Diyetisyen
Diyetisyen Duygu Öztürk Vargör|İzmir Diyetisyen,+905076765314,Diyetisyen
Uzman Diyetisyen Miray Duman Beslenme ve Sağlıklı Yaşam Merkezi,+905069691114,Diyetisyen
Uzman Dyt. Candan Varol | İzmir Diyetisyen | Bayraklı Diyetisyen,+908504333961,Diyetisyen
DİYETİSYEN Merve Yalçın,+905495601213,Diyetisyen
Uzman Çocuk Diyetisyeni Kader Atlı | İzmir Diyetisyen,+905412504860,Diyetisyen
Diyetisyen Selin Sat- İzmir Diyetisyen Selin SAT,+905362481689,Diyetisyen
Uzman Diyetisyen Sueda AKKAŞ,+905069773150,Diyetisyen
İzmir Diyetisyen - Diyet Sante,+905068000070,Diyetisyen
Diyetisyen Kübra KAYAPUNAR K-fit Beslenme ve Diyet Danışmanlığı,+905366623770,Diyetisyen
Uzman Diyetisyen Batuhan Çitemel,+902324541414,Diyetisyen
Hey Dietista! Beslenme ve Wellbeing Merkezi - Diyetisyen Fikriye Balaban,+905064963065,Diyetisyen
Uzman Diyetisyen Tuba Büyükoral | FITWITHTUBA,+905068315080,Diyetisyen
Uzman Diyetisyen Hayriye Garip DEMİR | Leman Beslenme ve Diyet - Buca Andulasyon Terapi- İzmir Diyetisyen,+905534534787,Psikolog / Terapist
| İzmir Diyetisyen | Betül Kıngır Beslenme Danışmanlığı,+905013640095,Diyetisyen
Diyetisyen Tuba Kılınç Üzümcü | İzmir Diyetisyen,+902322182192,Diyetisyen
Diyetisyen Nuray Geçkil,+905454142728,Diyetisyen
Diyetisyen Merve Gökçekaya Yazıcı Beslenme ve Diyet Danışmanlık Merkezi,+905389740044,Psikolog / Terapist
Diyetisyen Şeyda Tag,+905510931508,Diyetisyen
Diyetisyen Melisa uçkun,+905532649514,Diyetisyen
Fitkcal - Uzman Diyetisyen Büşra Değirmenci | Gaziemir Diyetisyen,+905514363873,Diyetisyen
İzmir Diyetisyen Beyza Yalav | Beslenme Uzmanı | Online Diyet,+905548670562,Diyetisyen
Fulya Cevizci Diyetisyen ile Sağlıklı Yaşam,+902322182179,Diyetisyen
Diyetisyen Salih Buğra Ölmez,+905550679555,Diyetisyen
Diyetisyen Burcu Kara,+905378493575,Diyetisyen
"Diyetisyen Ecem Hakan | Balçova, İzmir Diyetisyen",+905548643935,Diyetisyen
Diyet Vizyon | Şükran Vural | İzmir Diyetisyen | Uzman Diyetisyen,+902324212442,Diyetisyen
İzmir Diyetisyen Hanife Kara,+905380496433,Diyetisyen
Diyetisyen Şüheda Bengisu Rodop,+905061663701,Diyetisyen
NEO Diyet ve Dönüşüm Merkezi | İzmir Diyetisyen | İzmir Online Diyetisyen | Uzm. Dyt. Nurça Eda OĞUZ,+905374903460,Diyetisyen
Uzman Diyetisyen Fatma Çetin,+905349137528,Diyetisyen
Uzman Diyetisyen Buse Türker,+905364561330,Diyetisyen
"Buca Diyetisyen Hatice Nur ÖZBAY - Buca Diyetisyen,En iyi Diyetisyen,Andulasyon Terapisi,Bölgesel Zayıflama,",+905415333515,Psikolog / Terapist
Diyetisyen Burak Hançer,+905541600535,Diyetisyen
Diyetisyen Rumeysa Dikbaş | Mavişehir Diyetisyen | Karşıyaka Beslenme Uzmanı,+902324224491,Diyetisyen
DİYETİSYEN TUTKU PELİNSU SEVEN,+905382809536,Diyetisyen
BirKalori İzmir Diyet Merkezi,+905521883505,Diyetisyen
Diyetisyen Aslı Kürkçü | İzmir Diyetisyen,+905459406296,Diyetisyen
Diyetisyen Cerennur Turan-Karşıyaka Diyetisyen,+905350349835,Diyetisyen
İzmir Diyetisyen Sevde Varol,+908504744428,Diyetisyen
İzmir Diyetisyen | Uzman Diyetisyen Buse Epikler,+905343214747,Diyetisyen
Diyetisyen Beyza Kılıç,+902325046884,Diyetisyen
Diyetisyen Çağrı ÜZÜMCÜ | İzmir Diyetisyen,+905457188118,Diyetisyen
Diyet Noktası - Diyetisyen Emir Özçoban,+902326712284,Diyetisyen
Diyetisyen İpek Güngör,+905376071325,Diyetisyen
İzmir - Bayraklı Diyetisyen Gizem Tunçtürk Ege,+905058540960,Diyetisyen
Diyetisyen Cennet Harman,+905457706545,Diyetisyen
Esra Aran | İzmir Diyetisyen| Özel Sağlık Meslek Hizmet Birimi,+905336563047,Diyetisyen
Uzman Diyetisyen Elif Arslan,+905079214506,Diyetisyen
Diyetisyen Burcu Mehmetoğlu | İzmir Diyetisyen | Sporcu Diyetisyeni,+905073078878,Diyetisyen
Diyetisyen Elif Aynalı Beslenme ve Diyet Danışmanlığı,+905455445003,Diyetisyen
DİYETİSYEN ESRA AKCAN,+905465354535,Diyetisyen
Diyetisyen Fatma İrem Çetinkaya,+905070453738,Diyetisyen
Uzman Diyetisyen Işkın Akçam,+905392904575,Diyetisyen
Uzman Diyetisyen Gülce Gencan,+905321318243,Diyetisyen
Diyetisyen Uğur Taylan,+905010927335,Diyetisyen
Diyetisyen Cansu Koyuncu Öztürk,+908504741169,Diyetisyen
Karşıyaka Dyt Melisa EMİNE BAKIR - Karşıyaka Diyetisyen Randevu - Sağlıklı Beslenme - Tavsiye Diyetisyen - Beslenme Danışmanı,+905433027183,Diyetisyen
Uzman Diyetisyen Şahika Nur Bidar,+905538077181,Diyetisyen
İzmir Diyetisyen Ece Kayabey,+905548538199,Diyetisyen
Diet Time | İzmir Diyetisyen | İzmir Beslenme ve Diyet Uzmanı,+902324224492,Diyetisyen
Diyetisyen Aleyna Yaşa,+905532481488,Diyetisyen
Diyetisyen Özge Uludağ,+905349585860,Diyetisyen
Diyetisyen Fatmanur Kaya,+905510437345,Diyetisyen
Diyetisyen Özge Bayraktar,+908504740113,Diyetisyen
Doktor Diyetisyen Meltem Yaman,+902324213220,Diyetisyen
Diyetisyen Mesude Evirgen Beslenme Danışmanlığı,+902324211416,Diyetisyen
Fitizmir Beslenme ve Diyet Danışmanlığı,+905352514515,Diyetisyen
Diyetisyen Yağmur Çoban,+905313121587,Diyetisyen
Uzman Diyetisyen Ecem Mullaoğlu,+908504740431,Diyetisyen
Uzm. Diyetisyen Aslı ULU ÇELİK,+908504746583,Diyetisyen
Diyetisyen Simge Altınoluk - İzmir Bayraklı Diyetisyen,+905010906090,Diyetisyen
Diyetisyen Duygu Üpçin,+908508118103,Diyetisyen
Diyetisyen Ömer Faruk Korkmaz | İzmir | Online Diyet,+905436020592,Diyetisyen
Go Diyet | İzmir Diyetisyen,+905539166083,Diyetisyen
Diyetisyen Sıla Yalçıntekin Karadağ I Özel Sağlık Meslek Hizmet Birimi,+905075861102,Diyetisyen
Diyetisyen Özge Aykır,+905425281934,Diyetisyen
Diyetisyen Cansu Uygur - Sağlıklı Şeyler Atölyesi,+905465498021,Diyetisyen
DİYETİSYEN ZELİHA ÖZTİTİZ,+905394101171,Diyetisyen
Diyetisyen Sebahat Neşeli,+905355622780,Diyetisyen
"Dyt. Beste Mert, Diyetisyen",+908503338344,Diyetisyen
Uzman Diyetisyen Ezgi Altay | Beslenme ve Diyet Danışmanlığı Merkezi,+905421488024,Diyetisyen
Diyetisyen Aybüke SUBAŞIOĞLU YEŞİLYURT,+905373042525,Diyetisyen
İzmir Diyetisyen Deniz Kutluk,+908504749110,Diyetisyen
"Diyetisyen Merve Dişyar - İzmir Diyetisyen, Mide Botoksu",+905449171672,Diş Kliniği
Diyetisyen Andaç Yeşilyurt,+905075324004,Diyetisyen
Diyetisyen Ahsen Durgör Beslenme Danışmanlık & Andulasyon Terapi Merkezi,+905540086086,Psikolog / Terapist
"Diyetisyen Nuralem Tozoğlu - Fonksiyonel Tıp, Beslenme Danışmanlığı",+902323520921,Diyetisyen
Diyetisyen Ali Mutlu,+905065858888,Diyetisyen
Diyetisyen Melike ALTINDAĞ,+905362425634,Diyetisyen
Dyt. Şeyma Türkoğlu - İzmir Diyetisyen,+905542278652,Diyetisyen
Diyetisyen Eda Önal Oktar,+905442554035,Diyetisyen
Diyetisyen Sabriye Bilgili Sağlıklı Beslenme ve Diyet Danışmanlığı,+905546218829,Diyetisyen
Diyetisyen Melis Mandev,+905013478195,Diyetisyen
Uzman Diyetisyen Aysu Altar,+905558786486,Diyetisyen
Diyetisyen Rabia Amcaoğlu Sağlıklı Yaşam ve Diyet Danışmanlığı,+905528489935,Diyetisyen
Diyetisyen Güliz Akkaynak-Sağlıklı Beslenme ve Diyet Kliniği,+905467128287,Diyetisyen
Diyetisyen MÜGE P KALE,+905458664868,Diyetisyen
Uzman Diyetisyen İrem Yorgancı diet’N more,+905322948697,Diyetisyen
Diyetisyen Melike Karaca Denizli,+905309401535,Diyetisyen
Diyetisyen Kerem Mazmahor,+905414883958,Diyetisyen
İzmir Diyet & Psikolojim,+905442909288,Diyetisyen
Diyetisyen Beste Kutlu Makro Diyet,+905464268281,Diyetisyen
DİYETİSYEN ZEYNEP DURSUN OĞUZ- Özel Sağlık Meslek Hizmet Birimi,+905050236547,Diyetisyen
Diyetisyen Rojhat Koparan,+905438257281,Diyetisyen
Diyetisyen Melike Yenier,+905516429600,Diyetisyen
Diyetisyen Hamide Taş,+905443739051,Diyetisyen
Diyetisyen Merve Kalmış,+905526814518,Diyetisyen
SADE DERMA GÜZELLİK,+902323301903,Güzellik Salonu
Reyhan Beauty Güzellik Salonu,+905074566698,Güzellik Salonu
NİKA LİFE GÜZELLİK SALONU,+905413150105,Güzellik Salonu
sahar güzellik salonu,+905528080977,Güzellik Salonu
Setu Güzellik Merkezi & Merkezleri,+905535583842,Güzellik Salonu
Pelin Öztürk Beauty Expert Karşıyaka,+905334948735,Güzellik Salonu
Yeliz Fayrap Güzellik Salonu,+905423785156,Güzellik Salonu
Seçila güzellik salonu,+905555778073,Güzellik Salonu
Senfoni Güzellik Salonu,+902323818810,Güzellik Salonu
WOW Estetik & Güzellik,+908505577741,Güzellik Salonu
Sirius güzellik merkezi,+905076380262,Güzellik Salonu
Serap Güzellik Salonu,+902323664602,Güzellik Salonu
Fi Beauty,+905424489901,Güzellik Salonu
Almira Güzellik Merkezi,+905448186999,Güzellik Salonu
Karşıyaka Sarya Güzellik Salonu-Karşıyaka Cilt Bakımı- Dudak Renklendirme - Protez Tırnak - Pudralama,+905012462135,Güzellik Salonu
Ceyda Gökçen Beauty,+905425475735,Güzellik Salonu
Slimfit Estetik Karşıyaka,+905392615416,Güzellik Salonu
Diva Güzellik & Tırnak Center,+905337120035,Güzellik Salonu
Elif 'çe Güzellik ve Epilasyon Salonu,+905322076758,Güzellik Salonu
Artı Güzellik İzmir,+902323300016,Güzellik Salonu
YELDA MANİKÜR PEDİKÜR SİR SALONU,+905530216577,Kuaför / Berber
Yıldız Güzellik Salonu,+902323687573,Güzellik Salonu
Esin Türk Güzellik Merkezi,+905550808830,Güzellik Salonu
You İzmir Güzellik Salonu,+905377767535,Güzellik Salonu
Epilady Kişisel Bakım Salonu İZMİR,+905352079335,Güzellik Salonu
Yakamoz Beauty Park - İzmir Güzellik Merkezi & Masaj,+908502600191,Güzellik Salonu
GÜL GÜZELLİK NAİL SALON,+905398617712,Güzellik Salonu
Halime Güzellik Salonu,+902323366535,Güzellik Salonu
ClinicZer Güzellik Merkezi Karşıyaka,+905325086885,Güzellik Salonu
Hena Güzellik Salonu,+902323364355,Güzellik Salonu
SALON NAZAN GÜZELLİK MERKEZİ,+902323364116,Güzellik Salonu
Melange Güzellik Merkezi,+902323308880,Güzellik Salonu
Livin Premium güzellik salonu,+902323682727,Güzellik Salonu
Soft Estetik,+905442032908,Güzellik Salonu
Semra Kuaför ve Güzellik,+905065319161,Güzellik Salonu
M'Aesteticare - Meltem Güzellik Merkezi,+905306609242,Güzellik Salonu
Değişim Manikür & Pedikür,+902323367874,Güzellik Salonu
Güldeniz Odabaş Güzellik Merkezi- İzmir,+905305144805,Güzellik Salonu
Rüya Mercan Güzellik,+905304687292,Güzellik Salonu
Gülşah Akçay Güzellik Salonu,+905529243689,Güzellik Salonu
EgeVela Güzellik,+905523422447,Güzellik Salonu
Kuaför Marin Da Güzellik Salonu,+905349248166,Güzellik Salonu
H&N Güzellik Salonu,+905069455376,Güzellik Salonu
Karşıyaka Selma Uyanık Güzellik Salonu,+902323698474,Güzellik Salonu
Ozzy Saç Tırnak Tasarım & Güzellik Salonu,+902323686776,Güzellik Salonu
Lal güzellik ve kuaför,+905510222122,Güzellik Salonu
İzmir Microblading Kaş Stüdyosu,+905313975973,Güzellik Salonu
Kuafor Bilal Özer ve güzellik salonu,+905427172698,Güzellik Salonu
Feminen Saç Tasarım,+902323656545,Güzellik Salonu
BALYA GÜZELLİK SALONU KARŞIYAKA ÇARŞI,+905526659339,Güzellik Salonu
GENU Güzellik Salonu / Gevher & Nuray Kamalı / Karşıyaka,+905401251112,Güzellik Salonu
RİVA GÜZELLİK İZMİR,+905536393870,Güzellik Salonu
Sinem Çelebi Güzellik Salonu,+902329991841,Güzellik Salonu
Kuaför Ebru Güzellik Salonu,+905510528258,Güzellik Salonu
Harun Kuaför,+902323234637,Kuaför / Berber
Duru Güzellik,+905532253255,Güzellik Salonu
Ayşen Peri Güzellik Salonu,+905510256158,Güzellik Salonu
La Esté,+902323662266,Güzellik Salonu
Leila Güzellik Salonu,+905550535444,Güzellik Salonu
Kuaför Ceren,+905315028711,Kuaför / Berber
PINAR GÜZELLİK SALONU,+905079836011,Güzellik Salonu
Gala Güzellik Salonu & Kuaför,+902323680760,Güzellik Salonu
MELIKE HALIL TEAM,+902323823515,Güzellik Salonu
Hülyam Güzellik,+902323816978,Güzellik Salonu
Asya Güzellik Salonu,+902323685209,Güzellik Salonu
Ebru Tik Beauty Center Güzellik Salonu,+905449552310,Güzellik Salonu
Karşıyaka Kuaför ve Güzellik Salonu,+905435019630,Güzellik Salonu
Millennia Güzellik Salonu,+902323656225,Güzellik Salonu
By Tolga Kuaför ve Güzellik Salonu,+902323673179,Güzellik Salonu
Dora Yaşam ve Güzellik Salonu Karşıyaka,+905312378990,Güzellik Salonu
İlyas Kuaför Karşıyaka,+902323234026,Kuaför / Berber
Ayla Güzellik Merkezi,+905072792606,Güzellik Salonu
Elfesya Kuaför & Güzellik Salonu,+902323694789,Güzellik Salonu
İLYAS KUAFÖR MAVİŞEHİR,+902323361666,Kuaför / Berber
Zafer Güzellik Salonu,+905326386959,Güzellik Salonu
San Kuaför İzmir Mavişehir,+905527526315,Kuaför / Berber
Marvel Kuaför ve Güzellik Merkezi,+902323302122,Güzellik Salonu
Yağmur Kuaför Ve Güzellik Salonu,+905451762559,Güzellik Salonu
IŞILTI GÜZELLİK,+905342166862,Güzellik Salonu
Nursel Güzellik Salonu,+905384260300,Güzellik Salonu
Toprak Saç Tasarım Kuaför Güzellik Salonu,+905439752495,Güzellik Salonu
Mediclinic’s Karşıyaka,+902323690088,Güzellik Salonu
Verona Güzellik Salonu,+905321562126,Güzellik Salonu
Karşıyaka Güzellik Merkezi AEP Protez Tırnak,+905331505894,Güzellik Salonu
Neşem Kuaför ve Güzellik Salonu (Bay&Bayan),+902323818180,Güzellik Salonu
Eda Güzellik Salonu,+902323818072,Güzellik Salonu
Salonn Hair Makeup,+905303058335,Güzellik Salonu
Elegance Güzellik Salonu ve Bayan Kuaförü,+902323305204,Güzellik Salonu
Climate Kuaför Ve Güzellik Salonu,+902323243922,Güzellik Salonu
Kuaför Mehmet zor,+902323641963,Kuaför / Berber
EFES Güzellik Salonu & Kuaför,+902323367525,Güzellik Salonu
Nehir Kuaför,+902323610095,Kuaför / Berber
Adem Kuaför,+905063938425,Kuaför / Berber
Freya Güzellik Salonu,+905011413535,Güzellik Salonu
Zen Spa Masaj Salonu – Karşıyaka İzmir,+905525122223,Kuaför / Berber
Feray Kuaför,+902323656365,Kuaför / Berber
Flexi Güzellik Salonu,+902323366426,Güzellik Salonu
Uzm. Dr. Başak BİNGÖL | Akupunktur | Sigara Bırakma | Zayıflama | Medikal Estetik | Mezoterapi | Kupa | Hacamat | Hipnoterapi,+905054911932,Psikolog / Terapist
İLKAY ERGİN KUAFÖR,+905061354437,Kuaför / Berber
Elisa Kuaför,+905541419519,Kuaför / Berber
Serkan Kahya Kuaför,+905076952757,Kuaför / Berber
Kuaför Harun Köse,+902323232002,Kuaför / Berber
Altar Yalçın premıum haır studıo,+905522513988,Kuaför / Berber
Kuaför Kadir,+902323654495,Kuaför / Berber
Key Kuaför,+902323301304,Kuaför / Berber
SALOON 89 (kadın kuaförü) ‍ ️(KUDRET ÇAVDARLAR),+905536523252,Kuaför / Berber
Hatice Saç Tasarım,+905444642233,Kuaför / Berber
Saça bayan Kuaförü,+905418673500,Kuaför / Berber
KUAFÖR SÜLEYMAN ÇAKIR,+905305091034,Kuaför / Berber
HAN KUAFÖR PRIME,+905448325343,Kuaför / Berber
By Süleyman Talay,+902323688049,Kuaför / Berber
Gökhanergin HAİR STUDIO,+905355153324,Kuaför / Berber
balayage Kuaför,+905550339825,Kuaför / Berber
İzzet Kuaför,+902323372327,Kuaför / Berber
Prestige Erkek Kuaförü,+902323653380,Kuaför / Berber
Nergiz Bayan Kuaförü,+902323657404,Kuaför / Berber
The Most İzmir Atakent,+905538413512,Kuaför / Berber
İlkim Bayan Kuaförü,+905558716594,Kuaför / Berber
Zey Kuaför,+902323693938,Kuaför / Berber
Mahmut Karali Kuaför,+905353094917,Kuaför / Berber
Kuaför ufuk,+905388965755,Kuaför / Berber
Paris Kuaför Atakent,+905325010752,Kuaför / Berber
Kuaför Serpil,+902323678772,Kuaför / Berber
Bostanlı Hair Design Studio,+902323371092,Kuaför / Berber
VOE Hair Stylist,+902323371116,Kuaför / Berber
Zeki Çetinkaya Hair Design,+902323370006,Kuaför / Berber
Kuaför Mehmet Team,+902323813238,Kuaför / Berber
Ayça Kuaför,+902323820497,Kuaför / Berber
X Hair Erkek Kuaförü Karşıyaka İzmir,+905356171535,Kuaför / Berber
Gökhan Özer Hair Boss Atakent,+905331687303,Kuaför / Berber
Kuaför Murat Çakmak,+902323371229,Kuaför / Berber
Bay Kuaför Veysel | Size En Yakın Erkek Berberi | Saç Boyası | Röfle | Kısa Bayan Saç Kesimi,+905384349898,Kuaför / Berber
Coşkun Öztaş hair studıo Bahçelievler,+902329999427,Kuaför / Berber
Kuaför Cumhur Kaplan,+902323694920,Kuaför / Berber
Serkan Söğüt Kuaför İzmir | Kadın Saç Kesim & Boya Uzmanı,+905068556070,Kuaför / Berber
Bayan Kuaförü Doğan,+905423015193,Kuaför / Berber
Fame Kuaför Atakent,+905385861811,Kuaför / Berber
Han Kuaför By Gökhan,+905331530375,Kuaför / Berber
Dündar & Ramazan Team,+902323676574,Kuaför / Berber
Kuaför Ayfer,+905054186091,Kuaför / Berber
BlueStar BarberShop 1999,+905327145034,Kuaför / Berber
Salon ASOS,+902323371053,Kuaför / Berber
Imaj Kuaför,+902323656917,Kuaför / Berber
Bay Mk Kuaför,+905532816709,Kuaför / Berber
Hairvana Kuaför,+905419736651,Kuaför / Berber
Ozan Kuaför,+905303088626,Kuaför / Berber
Kuaför Erdem,+905050759879,Kuaför / Berber
Kuaför Sacit,+905436107649,Kuaför / Berber
NAİM YÜKSEL SAÇ KAYNAK MERKEZİ KUAFÖR,+905054757035,Kuaför / Berber
Gorgeous Kuaför Güzellik,+902323372546,Güzellik Salonu
Kuaför Atakan,+905069701151,Kuaför / Berber
Gençler Bayan Kuaförü,+902323668810,Kuaför / Berber
Songül Kuaför,+902323824674,Kuaför / Berber
oğuz güven kuaför,+902323822721,Kuaför / Berber
Damla Durukan | Kuaför & Güzellik Merkezi,+905558380785,Güzellik Salonu
Bay Uğur Berber,+905346851861,Kuaför / Berber
Hm Kuaför,+902323307323,Kuaför / Berber
Fatoş Kuaför,+905383415768,Kuaför / Berber
SO Hair & Beauty,+902323828278,Güzellik Salonu
Kuaför Özgür Bulut,+905354740829,Kuaför / Berber
Salon Doğan Erkek Kuaförü,+905376201681,Kuaför / Berber
Kuaför Selçuk,+905531986056,Kuaför / Berber
Kuaför'üm Ensar-i Erkek&Çocuk,+905061062121,Kuaför / Berber
Gökhan Gönüer Bayan Kuaförü (Kuaför Lila),+905368445284,Kuaför / Berber
Cemkey Kuaför,+905355674206,Kuaför / Berber
Bekir Kuaför,+902323680249,Kuaför / Berber
Şeref Kuaför,+902323698901,Kuaför / Berber
SERGEN KUAFÖR,+905434117786,Kuaför / Berber
Aysem kuaför-Karşıyaka,+905549723635,Kuaför / Berber
salon etiler,+902325038373,Kuaför / Berber
Damat Boutique Kuaför,+905530200135,Kuaför / Berber
KUAFÖR CEM,+902323301544,Kuaför / Berber
Os & Ak Bayan Kuaförü,+902323810894,Kuaför / Berber
Kuaför Oktay,+905372077848,Kuaför / Berber
Zafer & Buket Kuaför,+905380763484,Kuaför / Berber
Erman Kanat Hair Design,+902323251500,Kuaför / Berber
Kuaför Podium Mavişehir Bay & Bayan,+902323301921,Kuaför / Berber
MALİ Kuaför İzmir,+905545443648,Kuaför / Berber
Belinay Kuaför Salonu,+905321666317,Kuaför / Berber
H&D HAİR DESİGN,+902323363836,Kuaför / Berber
Semra Kuaför,+902323617077,Kuaför / Berber
Kuaför Onur,+905417659544,Kuaför / Berber
Cansu Kuafor serkansaat,+905552372778,Kuaför / Berber
Canan Kuaför,+905356640388,Kuaför / Berber
Delta Erkek Kuaförü,+905326055826,Kuaför / Berber
Just Pati Pet Kuaför,+905552456123,Kuaför / Berber
Kuaför Serkan,+902323652252,Kuaför / Berber
Kuaför Adem & Sezer,+902323307392,Kuaför / Berber
Kuaför Tolga,+902323306768,Kuaför / Berber
Kuaför Erdoğan,+902323304585,Kuaför / Berber
Erkek Kuaförü Hakan,+905395704702,Kuaför / Berber
Sole Beauty Studio,+905532356369,Güzellik Salonu
Efsane Nail | Protez Tırnak & Manikür,+905347211995,Güzellik Salonu
Tırnakmania beauty yalı,+905322299035,Güzellik Salonu
tirnakmaniabeauty,+905545534616,Güzellik Salonu
Lunor Nail Studio,+905053862806,Güzellik Salonu
Ceyda Atsan Beauty,+905421780719,Güzellik Salonu
Nail Studio-Özge Kurul,+905388610976,Güzellik Salonu
Betül Baysal Beauty,+905323005226,Güzellik Salonu
Belkız Beauty&Nail Studio,+905514097126,Güzellik Salonu
Ada Öztürk Beauty World,+905322483112,Güzellik Salonu
Özge Nail Studio - Protez Tırnak Stüdyosu,+905517237376,Güzellik Salonu
Gamze Yılmaz Studio De Beautè,+905075783687,Güzellik Salonu
Studio Bee,+905510168081,Güzellik Salonu
Gamze Bulut Nail Studio,+905078693648,Güzellik Salonu
Tuğçe Armağan beauty & nail studio,+905524305120,Güzellik Salonu
Lumos Nail Studio,+905434129561,Güzellik Salonu
Fatma Çetin Beauty Nail Studio,+905013674135,Güzellik Salonu
Yaren Nail Studio,+905366658076,Güzellik Salonu
Proteztırnak malzemeleri,+905550599984,Güzellik Salonu
Yume Nail Art - Protez Tırnak,+905307339295,Güzellik Salonu
Menemen Beslenme ve Diyet Merkezi,+905425856437,Diyetisyen
"Senin rengin aktif yaşam,kilo kontrol ve cilt bakımı merkezi",+905069735865,Diyetisyen
Bella Bell Beauty İzmir,+905411572352,Güzellik Salonu
BEAUTYLINER Güzellik & Estetik,+905349193105,Güzellik Salonu
Luzz Beauty,+905321751878,Güzellik Salonu
Özge Ayden Makeup & Beauty Studio,+905077932178,Güzellik Salonu
RAYSA BEAUTY STUDIO,+905339496342,Güzellik Salonu
Merve Doğan Beauty Center,+905359287549,Güzellik Salonu
Yasemin Polat Beauty Lounge,+905473693535,Güzellik Salonu
NurcanBALA beauty home,+905526356828,Güzellik Salonu
Müberya Sağlam Makeup Studio Karşıyaka,+905312950435,Güzellik Salonu
Elif Nur Işık Beauty,+905421823533,Güzellik Salonu
E & B Prime Beauty,+905050314140,Güzellik Salonu
The LAB Beauty Center,+905335223199,Güzellik Salonu
Body & Beauty Studio,+905468323335,Güzellik Salonu
Shemall Beauty,+905400116717,Güzellik Salonu
TOUCH BEAUTY,+905321740516,Güzellik Salonu
Merve Beauty,+905050465539,Güzellik Salonu
Ecem Gorgulu Beauty Studio,+905530948954,Güzellik Salonu
İlge-s Beauty Center,+905071374981,Güzellik Salonu
A.K. COCO BEAUTY,+905303415432,Güzellik Salonu
Selda Tuncer Beauty Consultancy,+905397496434,Güzellik Salonu
Harika Beauty,+905382952011,Güzellik Salonu
Asenass Beauty,+905393203583,Güzellik Salonu
Canss Beauty Center,+905424251440,Güzellik Salonu
Peonas Beauty,+905461913500,Güzellik Salonu
Be Nice Beauty,+905332325635,Güzellik Salonu
ZEYNEP BEAUTY,+905518587486,Güzellik Salonu
Ece Yılmaz Beauty Clinic,+905421523886,Güzellik Salonu
Cansu Akkaya Beauty Center,+905323066298,Güzellik Salonu
Arzu yüksel beauty,+905340419696,Güzellik Salonu
La Vie Beauty & Nail Art Nergiz,+905062621886,Güzellik Salonu
Beura Beauty,+905076186180,Güzellik Salonu
New Touch Bay/Bayan BEAUTY,+905557326196,Güzellik Salonu
Emre Yurtoğlu Beauty,+905398677971,Güzellik Salonu
Ayşe Beauty Center,+905467828155,Güzellik Salonu
Yives Clinic | Buz Lazer İzmir,+905425093535,Güzellik Salonu
Lunula Nail Beauty,+905078476605,Güzellik Salonu
Henel Beauty Studio,+905375690844,Güzellik Salonu
Nani Beauty İzmir,+905387996264,Güzellik Salonu
Aura Beauty,+905305143735,Güzellik Salonu
Suzi beauty,+905434508982,Güzellik Salonu
Sibel Aktaş Beauty Lounge,+905334795094,Güzellik Salonu
Buse Gülşen Beauty Center,+905466216294,Güzellik Salonu
LD Beauty Center,+905058918177,Güzellik Salonu
Diler Beauty,+905448732317,Güzellik Salonu
More İzmir,+905548540385,Güzellik Salonu
ND Beauty & Hair Center,+905343600710,Güzellik Salonu
Este Team Beauty Mustafa & Emre,+902323303783,Güzellik Salonu
Berfin Baltacı Beauty,+905060568335,Güzellik Salonu
CHarms Beauty,+905540064283,Güzellik Salonu
DidemAsık Beauty,+905331411190,Güzellik Salonu
Sevil Tunak Beauty Salon,+905301229115,Güzellik Salonu
Rubby Beauty,+905455715618,Güzellik Salonu
Beauty By Heart Nail,+905331572502,Güzellik Salonu
Beauty Bonn,+905520267016,Güzellik Salonu
Leona Beauty Alev Aslan,+905304300327,Güzellik Salonu
Sunlight Beauty,+905417830981,Güzellik Salonu
Le Narcisse Beauty Lounge,+905306503777,Güzellik Salonu
SALOON ÖZGE HAİR BEAUTY (kuaför Özge),+905301309315,Güzellik Salonu
Pembe Panter Beauty,+905533336797,Güzellik Salonu
By Neslihan Beauty Home,+905357323040,Güzellik Salonu
Sezen Arınç beauty,+905491991912,Güzellik Salonu
Beauty Born Harmonia,+902323640809,Güzellik Salonu
Dengi Poyraz Beauty,+905434353236,Güzellik Salonu
Op. Dr. Ali Üçkan | Estetik Cerrahi | Vücut Şekillendirme,+905453782526,Güzellik Salonu
DrMet Estetik ve Zayıflama Merkezi,+905520691410,Güzellik Salonu
Anessa Estetik & Güzellik,+905331310043,Güzellik Salonu
Este West Estetik Polikliniği,+902323305423,Güzellik Salonu
Yasemin Demir Güzellik Salonu,+905455640598,Güzellik Salonu
Estetica Karşıyaka - Özel Estetik 4 Ağız ve Diş Sağlığı Polikliniği,+908509261010,Diş Kliniği
Pusula Clinic Estetic,+905323276171,Güzellik Salonu
"Dr. Ayşe Alkurt, Sertifikalı Medikal Estetik",+905462506051,Güzellik Salonu
Op. Dr. Onur Evren Yılmaz,+905309585393,Güzellik Salonu
Dr Deniz Şen Muayenehanesi,+905075052216,Güzellik Salonu
Lunest Güzellik,+905558962762,Güzellik Salonu
ÖZ EGE ESTETİK,+902323663914,Diş Kliniği
Medalife Güzellik ve Saç İzmir,+905323496735,Güzellik Salonu
Hola Güzellik,+905303507625,Güzellik Salonu
Mihra Beauty,+905411509397,Güzellik Salonu
Han Lazer Epilasyon ve Güzellik Merkezi,+905520227373,Güzellik Salonu
Başkent Estetik,+902322411018,Güzellik Salonu
WOW Estetik Karşıyaka Sahil Şube,+905065993742,Güzellik Salonu
Karşıyaka Este Alsancak,+902324224332,Güzellik Salonu
Madam Luna Güzellik Salonu & Estetik Merkezi,+905056973440,Güzellik Salonu
Bionet Kabbin,+902323818122,Güzellik Salonu
Artemis Güzellik,+902323643637,Güzellik Salonu
Pi estetik ve güzellik merkezi,+905464236271,Güzellik Salonu
Aslife Health Club İzmir Bostanlı,+905521128900,Güzellik Salonu
Hermes Lazer Estetik,+905050418893,Güzellik Salonu
Fulllight,+902323657222,Güzellik Salonu
Derma Dora Guzellik Estetik Merkezi,+902323684725,Güzellik Salonu
lilyum estetik ve güzellik,+905457995090,Güzellik Salonu
Özdem Estetik,+905558753064,Güzellik Salonu
Fuess Güzellik,+905529487611,Güzellik Salonu
Dr. Soner Uyanık,+905422676666,Diğer (Sağlık & Bakım)
Se-Derm Güzellik ve Estetik,+902323818484,Güzellik Salonu
White Diamond Güzellik & Estetik Merkezi,+902323818808,Güzellik Salonu
"JFS Clinic – Plastic Surgery & Dental Treatment Izmir, Turkey",+905554204502,Diş Kliniği
Assist. Prof. Dr. Hüsnü Hacı,+905437362719,Güzellik Salonu
Dr. Haluk Mıdoğlu,+902323644746,Diğer (Sağlık & Bakım)
Dr Osman Tan- İzmir Göz Kapağı Estetiği & Dudak Dolgusu,+905320545886,Güzellik Salonu
Cenk Melikoğlu - Meme Estetiği - Burun Estetiği- Estetik Cerrah,+905052767069,Güzellik Salonu
Bestella Beaute,+905356690997,Güzellik Salonu
Vizyon Estetik,+902323814333,Güzellik Salonu
Öznur Gençdoğuş Kalıcı Makyaj Merkezi,+905537812340,Güzellik Salonu
Diva Dermal Güzellik Merkezi,+902323433707,Güzellik Salonu
CİLİNİC NEWLİFE ( 10 günde sporsuz ve diyetsiz zayıflama %100 garantili),+902323686090,Diyetisyen
Biolife Beauty Center,+902322032137,Güzellik Salonu
İzmir Psikolog Pedagog - Aybros Psikoloji Karşıyaka,+902329990828,Psikolog / Terapist
İzmir Pedagog - Ege Pozitif Psikoloji - İzmir Psikolog Tavsiye,+905377767060,Psikolog / Terapist
Ütopya Psikoloji,+905551437131,Psikolog / Terapist
İzmir Psikolog - İsmer Aile Danışma Merkezi,+902324633332,Psikolog / Terapist
Değişim Psikoloji Danışmanlık Merkezi,+902324215757,Psikolog / Terapist
Diyalog 35 - Karşıyaka Psikolog ve Danışmanlık,+902323230303,Psikolog / Terapist
Uzman Psikolog Ezgi Sayın,+905343649509,Psikolog / Terapist
Altuğ Psikoloji | İzmir Psikolog,+905011123575,Psikolog / Terapist
Yankı Psikoloji | Karşıyaka Psikolog,+905449503691,Psikolog / Terapist
Klinik Psikolog Semih Şan | Karşıyaka Psikolog | İzmir Psikolog | Psikoterapist,+905468782033,Psikolog / Terapist
Lotus Psikolojik Danışmanlık,+905519945399,Psikolog / Terapist
Duyu Psikoloji - İzmir Psikolog,+905539759635,Psikolog / Terapist
Psikolog/Aile Terapisti Dr. Mehmet KILIÇ Danışmanlık Merkezi İZMİR,+905076230209,Psikolog / Terapist
"Haziran Psikoloji - İzmir Karşıyaka Psikolog, Psikoloji Merkezi",+905412369200,Psikolog / Terapist
Karşıyaka Uzman Pedagog - Aile Danışmanı Merkezi,+905054216270,Psikolog / Terapist
PsikoEvim,+905372158373,Psikolog / Terapist
Karşıyaka Çocuk Psikolog Tuğba Şen Kaya,+905431270105,Psikolog / Terapist
Uzm. Psikolog Gökçe İpeklioğlu,+905367056094,Psikolog / Terapist
Psikolog Gökçe Sümekçi,+905050614822,Psikolog / Terapist
Elit Psikoloji | Pedagoji,+905456454501,Psikolog / Terapist
Bostanlı Psikoloji ve Psikodrama Merkezi | İzmir Psikolog & Online Terapi,+905461333500,Psikolog / Terapist
PSY-Q Psikoloji,+905325419666,Psikolog / Terapist
Psikolog Dilara Zeynep Güneş,+905472274967,Psikolog / Terapist
Ege Psikoloji Danışmanlık ve Eğitim Merkezi,+905050595535,Psikolog / Terapist
Psikolog İzmir Karşıyaka,+905318866645,Psikolog / Terapist
Aile Terapisti İzmir - Uzman Evlilik Çift Danışmanlığı - Ay Psikoloji,+902329992619,Psikolog / Terapist
Psk. Dan. Ahunur Soysal,+905057730932,Psikolog / Terapist
Aslı Paksoy | Uzman Psikolog | Aile Danışmanı,+905057047237,Psikolog / Terapist
İzmir Psikolog Elif Özlem Cebeci - Karşıyaka Psikolog,+905071928218,Psikolog / Terapist
Karşıyaka Psikolog Kağan Ay Danışmanlık | Pedagog | Aile Danışmanı,+905303708596,Psikolog / Terapist
Gelişim Analiz Danışmanlık,+905321766472,Psikolog / Terapist
Marin Psikoloji Merkezi,+905377899980,Psikolog / Terapist
Psikoloji İzmir,+905312371226,Psikolog / Terapist
Mavişehir Psikolog - Evlilik Çift Aile Terapisti Pedagog Best Psikoloji,+905318866647,Psikolog / Terapist
Klinik Psikolog Gülenay Özcan Ataş,+905069510988,Psikolog / Terapist
Uzman Psikolog Elif Can Öztürk,+905309310399,Psikolog / Terapist
Dr. Sinem Demirel,+905414571507,Psikolog / Terapist
Psikolog Meryem Erdem,+905055824833,Psikolog / Terapist
Klinik Psikolog Cansu Ataş,+905461832709,Psikolog / Terapist
Karşıyaka Uzman Klinik Psikolog Ezgi Aktaş,+905359543505,Psikolog / Terapist
Psikolog Ecem Kozalı Mancı,+905050585535,Psikolog / Terapist
ÇOCUK ve ERGEN PSİKOLOĞU,+905333286272,Psikolog / Terapist
ZEN Rehberlik Ve Danışmanlık Merkezi,+905416090507,Psikolog / Terapist
Özel Sağlık Meslek Hizmet Birimi Uzm. Klinik Psikolog Zeynep Alanyalı,+905334358414,Psikolog / Terapist
Klinik Psikolog Gökçe Gürlek | İzmir,+905392013080,Psikolog / Terapist
Bilen Psikolojik Danışmanlık,+905395991858,Psikolog / Terapist
"Karşıyaka Psikoterapi Merkezi, Aile ve İlişki Terapisi",+905377767063,Psikolog / Terapist
"Yaşam Boyu Psikolojik Danışmanlık Merkezi, İzmir Psikolog",+905397073524,Psikolog / Terapist
Uzman Psikolog İlknur Demirtaş,+908504740695,Psikolog / Terapist
"Verde Psikoloji || Karşıyaka Psikolog, Psikolojik Danışmanlık Merkezi",+905336126245,Psikolog / Terapist
İlknur Kılıç Bekçi - Psikolog ve Aile Danışmanı,+905435206680,Psikolog / Terapist
Psikolog Cihangir Acar İzmir Karşıyaka,+905053879419,Psikolog / Terapist
Ayriz Uçuran,+905330286198,Psikolog / Terapist
Uzman Psikolog Dicle Naz Naki,+905411884287,Psikolog / Terapist
"Psk. Alkım Avcı, Psikoloji",+905050253815,Psikolog / Terapist
Klinik Psikolog Pırıl Bilger Özkaranfil,+905336090183,Psikolog / Terapist
Pilea Psikoloji,+905059351824,Psikolog / Terapist
Psikolog Orhun Atıcı,+905330112251,Psikolog / Terapist
Büşra Nur Yorulmaz | İzmir Uzman Psikolog,+905316774321,Psikolog / Terapist
İZDA PSİKOLOJİ,+905528839493,Psikolog / Terapist
Karşıyaka Psikoloji,+905300877045,Psikolog / Terapist
İzmir Psikolog Elvan Bacanlı,+908504741534,Psikolog / Terapist
Uzman Psikolog Yeşim Altundaş,+905055632008,Psikolog / Terapist
Smyrna Psikoloji,+905526300136,Psikolog / Terapist
Destina Psikoloji,+905063414162,Psikolog / Terapist
Karşıyaka Çocuk Psikoloğu,+905535706985,Psikolog / Terapist
Sentire Psikoloji,+905348580058,Psikolog / Terapist
Karşıyaka Pedagoji - Çocuk Pedagog - Ergen Pedagog,+908503082394,Psikolog / Terapist
Çocuk Psikoloğu İzmir,+905346932447,Psikolog / Terapist
İzmir Pasaport Psikoloji Danışmanlık Merkezi | İzmir Psikolog - Aile Danışmanı,+905317117090,Psikolog / Terapist
Özel Dipol Aile Danışma Merkezi,+905056444937,Psikolog / Terapist
Klinik Psikolog Dilara Işık Kliniği,+905013423390,Psikolog / Terapist
"Psk. Yaren Doydu, Psikoloji",+905374141897,Psikolog / Terapist
Klinik Psikolog Zeynep Bener,+905321537090,Psikolog / Terapist
Dr. Psikolog Dilek Gülveren Kaizen Psikoloji Merkezi,+905312035835,Psikolog / Terapist
Pedagog İzmir Karşıyaka - Uzman Pedagoji,+905318866641,Psikolog / Terapist
İzmir Psikolog | Psikolog & İlişki Danışmanı Nazli Tutan,+905321323488,Psikolog / Terapist
Psikolog İrem GÜNGÖR,+905443394789,Psikolog / Terapist
"Ecem Hazel Soyalp, İzmir | İzmir Psikolog | Aile Danışmanı",+905344520958,Psikolog / Terapist
Özel İzmir Liva Dent Ağız ve Diş Sağlığı Polikliniği,+905332725482,Diş Kliniği
"Özel DentaPoint Diş Polikliniği Karşıyaka Şubesi Zirkonyum , Diş İmplantı , Estetik Diş Tedavileri , Ortodonti",+905425267670,Diş Kliniği
Özel Avrupadent Karşıyaka Ağız ve Diş Sağlığı Polikliniği,+902323232200,Diş Kliniği
Özel İzmirdiş Ağız ve Diş Sağlığı Polikliniği Karşıyaka Şubesi,+905550134724,Diş Kliniği
Özel Şemikler Kar Beyazı Ağız ve Diş Sağlığı Polikliniği Karşıyaka,+905054295719,Diş Kliniği
MEDICALDENT AĞIZ VE DİŞ SAĞLIĞI POLİKLİNİĞİ,+902323321020,Diş Kliniği
Özel DentOrdu Ağız ve Diş Sağlığı Polikliniği Karşıyaka,+902323865220,Diş Kliniği
Videntis Ağız ve Diş Sağlığı Polikliniği,+905053371100,Diş Kliniği
Triodent Ağız ve Diş Sağlığı Polikliniği - Karşıyaka İzmir,+905336508076,Diş Kliniği
Dentavis Ağız ve Diş Sağlığı Polikliniği,+902325025253,Diş Kliniği
Özel Karşıyaka Dental Ağız ve Diş Sağlığı Polikliniği,+902323654555,Diş Kliniği
Sigma Ağız ve Diş Sağlığı Polikliniği,+905532331380,Diş Kliniği
"İzmir Dentalizm Ağız ve Diş Sağlığı Polikliniği, Diş Hekimliği",+902323697079,Diş Kliniği
Özel Karşıyaka Ağız Ve Diş Sağlığı Polikliniği,+905011433523,Diş Kliniği
Dentavia Ağız ve Diş Sağlığı Polikliniği,+902323350075,Diş Kliniği
Gamadent Ağız ve Diş Sağlığı Polikliniği,+902322024262,Diş Kliniği
Locadent Ağız ve Diş Sağlığı Polikliniği - Mavişehir,+905453886060,Diş Kliniği
Dent Luna Ağız ve Diş Sağlığı Polikliniği,+905426354120,Diş Kliniği
Dent Atelier Ağız ve Diş Sağlığı Polikliniği,+902324161595,Diş Kliniği
My Nova Ağız ve Diş Sağlığı Polikliniği İzmir İmplant,+902323300467,Diş Kliniği
Dent Oliva Ağız Ve Diş Sağlığı Polikliniği,+905367403511,Diş Kliniği
Roselle Dent | Ağız ve Diş Sağlığı Polikliniği,+902324219319,Diş Kliniği
"Özel DentaPoint Diş Polikliniği Bostanlı Şubesi - İmplant , Zirkonyum , Estetik Diş , Acil Diş , Kanal Tedavisi",+905455267670,Diş Kliniği
Özel Deniz Dent Ağız ve Diş Sağlığı Polikliniği,+902323360708,Diş Kliniği
Özel CM Park Ağız ve Diş Sağlığı Polikliniği,+905528068990,Diş Kliniği
BT DENT AĞIZ VE DİŞ SAĞLIĞI POLİKLİNİĞİ,+905439474546,Diş Kliniği
Karşıyaka Diş Hekimi | Dentist Fatih Burak BATMAZ,+905418505318,Diş Kliniği
Özel Kordelya Ağız ve Diş Sağlığı Polikliniği,+902324160335,Diş Kliniği
Dent Glory Ağız ve Diş Sağlığı Polikliniği,+905336022235,Diş Kliniği
CEO Dent Ağız ve Diş Sağlığı Polikliniği - Çene Cerrahisi Uzmanı - İzmir-Gülüş Estetiği İzmir,+905377765333,Diş Kliniği
Özel Oladent Ağız ve Diş Sağlığı Polikliniği,+905399274035,Diş Kliniği
Diş hekimi Adem GÜRÜP Karşıyaka İzmir,+905538262600,Diş Kliniği
Diş Hekimi Serpil Feyza Yücel,+905326599303,Diş Kliniği
GVM Ağız ve Diş Sağlığı Polikliniği,+905323096787,Diş Kliniği
Özel Batı Diş Ağız Ve Diş Sağlığı Polikliniği,+902323727722,Diş Kliniği
Özel Dentafil Ağız ve Diş Sağlığı Polikliniği,+905449128919,Diş Kliniği
Özel Dent SAYAK Ağız ve Diş Sağlığı Polikliniği,+905072353536,Diş Kliniği
Dt.Ferda ÖGE - Dr.Dt. Elif ÇELEN Diş Muayenehanesi,+902323303672,Diş Kliniği
Dt.Berkay Yağız Yıldırım Dental Studio Diş Kliniği | Karşıyaka Diş Kliniği,+905054104088,Diş Kliniği
Smile Time Ağız ve Diş Sağlığı Polikliniği,+902325012583,Diş Kliniği
Karşıyaka Diş Hekimi Mert Erbulut,+905385816190,Diş Kliniği
Diş Hekimi Emre Ersaçan Diş Kliniği,+902323690919,Diş Kliniği
Özel Trend Dental Ağız ve Diş Sağlığı Polikliniği,+905413574242,Diş Kliniği
Diş Hekimi Bora Tecimer,+902323689163,Diş Kliniği
Özel Art Ağız ve Diş Sağlığı Polikliniği,+902323811074,Diş Kliniği
Diş Hekimi Derya Elik,+902323720808,Diş Kliniği
Smiles İzmir,+902324088884,Diş Kliniği
Diş Hekimi Seval Ak Yakar,+905422617677,Diş Kliniği
Beyaz Nokta Dental Ağız ve Diş Sağlığı Polikliniği - Dişhekimi İzmir,+902323621163,Diş Kliniği
Diş Hekimi Arda Çetintaş,+902323722271,Diş Kliniği
Özel Hafızoğlu Ağız Ve Dış Sağlığı Polikliniği,+905356066611,Diş Kliniği
Uzman Diş Hekimi Gözde Öztürk Kliniği,+905380946735,Diş Kliniği
Bostanlı Diş Kliniği,+902323306168,Diş Kliniği
Özel GVM 2 Ağız ve Diş Sağlığı Polikliniği,+902323817381,Diş Kliniği
DT. Yunus Emre BALABAN Diş Hekimi Kliniği,+905438668369,Diş Kliniği
Dental Clinic Izmir,+905455481645,Diş Kliniği
Çizge İçmeli - Dişhekimi,+905366872882,Diş Kliniği
Çötert Diş Kliniği (Prof. Dr. Serdar Çötert & Dr. Dt. İrem Çötert- Diş Protez Doktoru),+902323812837,Diş Kliniği
Özel Egedentin Ağız ve Diş Sağlığı Polikliniği,+905330784771,Diş Kliniği
SİNANOĞLU 7/24 Ağız ve Diş Sağlığı Polikliniği,+902329991690,Diş Kliniği
Ortodonti Uzmanı Kadir Işık | İzmir | Şeffaf plak (Invisalign) | Ortodontik Tedavi,+905449705260,Diş Kliniği
Diş Hekimi A.Kadir Baştürk,+905403251535,Diş Kliniği
Diş Hekimi Aslıhan Kulaşen Türkkahraman,+905315514144,Diş Kliniği
Diş Hekimi Tunç Özay,+902323627207,Diş Kliniği
Diş Hekimi Onur GÜZELDAL,+905547766722,Diş Kliniği
Diş Hekimi SERTAÇ GÜNDOĞDU,+905537976113,Diş Kliniği
"Dent Rainbow Ağız Ve Diş Sağlığı Polikliniği – Çiğli |Karşıyaka- Diş Beyazlatma, İmplant, Zirkonyum Kaplama, Kanal Tedavisi",+905349584699,Diş Kliniği
Özel Egem Ağız Ve Diş Sağlığı Polikliniği,+902323373222,Diş Kliniği
Diş Hekimi Mahir Açıkalın,+902323814565,Diş Kliniği
"Diş Hekimi Güray Sal | Karşıyaka Gülüş Tasarımı, Lazerle Diş Beyazlatma",+902323681075,Diş Kliniği
Özel Helin Tuğçe Alacagöz - Kardelen Ulusoydan Diş Hekimi Muayenehanesi,+905413311613,Diş Kliniği
"Uzm.Dt. Özlem Balkan, Çocuk Diş Hekimi",+905058184511,Diş Kliniği
İzmir Diş Hekimi | Gülbin Ekmekçi Bangi,+905333279139,Diş Kliniği
Elma Özel Ağız Ve Diş Sağlığı Hizmetleri.,+902323366564,Diş Kliniği
Diş Hekimi Emre Özbay | Alsancak Diş Hekimi | İzmir Diş Hekimi,+905051083535,Diş Kliniği
Diş Hekimi Cem Mangıroğlu,+908503255012,Diş Kliniği
Özel Önce Ağız ve Diş Sağlığı Polikliniği,+905533580910,Diş Kliniği
Tanju Sarıhasan Diş Hekimi,+902323683227,Diş Kliniği
Diş Hekimi Tülay Şahingöz Bostanlı Diş Doktoru implant zirkonyum,+905332530767,Diş Kliniği
Diş Hekimi Mustafa Kemal Yapıcıer,+905077730565,Diş Kliniği
Dt. İsmail Türk,+902323371100,Diş Kliniği
İzmir Diş Protez Uzmanı Uzm. Dt. İrem Ürünal,+905411831300,Diş Kliniği
Ortodonti Uzmanı Diş Hekimi Cem İrezli,+905324480509,Diş Kliniği
Soysal Diş Kliniği,+902323812522,Diş Kliniği
Ortodonti Uzmanı Dr. Gülistan Yiğidim Şimşek,+905366856786,Diş Kliniği
Diş Hekimi Prof. Dr. Bora Bağış,+905451516545,Diş Kliniği
Diş Hekimi Nazan Erol,+902323647242,Diş Kliniği
Diş Hekimi Taylan Korkmaz,+902323652561,Diş Kliniği
Yalı Ağız ve Diş Sağlığı Polikliniği,+902322242050,Diş Kliniği
Uzm. Dt. Merve Pekpınarlı,+908504748396,Diş Kliniği
Umutcan Yurdusev TATTOO,+905342121061,Dövme & Piercing
Gaia Art&Tattoo Studio,+905468410804,Dövme & Piercing
Nautilus Tattoo Art,+905443669843,Dövme & Piercing
Tattoolab.art,+905418408073,Dövme & Piercing
Ink Town Tattoo Studio,+905074991346,Dövme & Piercing
Tattoo Dodo,+905468841912,Dövme & Piercing
enso ink Tattoo Studio,+905454852419,Dövme & Piercing
SPACE TATTOO PİERCİNG / by Erman CAN,+905517127040,Dövme & Piercing
Halil Asuraci Tattoo Art,+905073473202,Dövme & Piercing
Rec Tattoo,+905078183558,Dövme & Piercing
Can Demirkaya | Dövme sanatçısı,+905518432763,Dövme & Piercing
Ares Tattoo Piercing,+905535247184,Dövme & Piercing
Atelier Aeon,+905308959781,Dövme & Piercing
SOLAKARTTATTOO,+905324896935,Dövme & Piercing
Luna Tattoo & Piercing | Karşıyaka Dövme Stüdyosu,+905060414091,Dövme & Piercing
INKY TATTOO STUDIO,+905384319465,Dövme & Piercing
Now ink Tattoo & Design Studio,+905050150026,Dövme & Piercing
DÜKKAN ART STUDIO,+905053873536,Dövme & Piercing
Start Tattoo & Piercing,+905469002090,Dövme & Piercing
Fenrir Tattoo,+905013651202,Dövme & Piercing
Tattoo Emko,+905070624297,Dövme & Piercing
MLS Tattoo&Piercing Art Studio,+905319491635,Dövme & Piercing
Sayrax.ink Tattoo,+905537652670,Dövme & Piercing
Enes Acar Tattoo,+905522462683,Dövme & Piercing
Ykartstudio,+905067911493,Dövme & Piercing
Pud.Ink Tattoo Studio,+905447967170,Dövme & Piercing
Melisa Akar / Dövme Sanatçısı,+905536990718,Dövme & Piercing
Immortal Tattoo Studio,+905434814422,Dövme & Piercing
Tattooizm,+902323810220,Dövme & Piercing
Turtle İnk Tattoo Studio,+905076615399,Dövme & Piercing
Katana Dövme ve Kalıcı makyaj,+905551533222,Dövme & Piercing
Rusty Hands,+905308153620,Dövme & Piercing
Köprüaltı Tattoo,+902323686188,Dövme & Piercing
Alpha Monkey Tattoo,+905372556912,Dövme & Piercing
BARBLUE TATTOO FARUK PEKER,+905317791912,Dövme & Piercing
Hörü Ink Dövme Dükkanı,+905544403997,Dövme & Piercing
İzmir Dövme - Aygün Kara,+905538811714,Dövme & Piercing
INKED-UP TATTOO ART GALLERY,+905551616963,Dövme & Piercing
EPİPHANY TATTOO,+905392380168,Dövme & Piercing
VIP Tattoo,+902323644020,Dövme & Piercing
X232 TATTOO STUDIO,+905314930232,Dövme & Piercing
BİG BOSS TATTOO,+905061919457,Dövme & Piercing
Genji Ink,+905353153586,Dövme & Piercing
Tabulaink,+905050362670,Dövme & Piercing
Tattoo Dövmeci,+905546980357,Dövme & Piercing
Mariposa Tattoo Art Studio,+905056645533,Dövme & Piercing
Muratturgay.ink tattoo & piercing,+905383637381,Dövme & Piercing
TattooMell,+905454621466,Dövme & Piercing
Re:Create Art Gallery,+905425282907,Dövme & Piercing
Jt tattoo,+905050648425,Dövme & Piercing
Ventablack Dövme Atölyesi,+905325400078,Dövme & Piercing
TNT TATTOO INK,+905336576781,Dövme & Piercing
Mask Tattoo,+905354705014,Dövme & Piercing
Tabula Rasa Tats,+905526019914,Dövme & Piercing
ink about tattoo,+905549337664,Dövme & Piercing
Tattoo,+905392238192,Dövme & Piercing
Bonobo Tattoo Studio,+905543195900,Dövme & Piercing
Lilit Tattoo,+905441207002,Dövme & Piercing
Aurora Ink,+905423782400,Dövme & Piercing
Ray's Inkworks Tattoo Studio,+905467277103,Dövme & Piercing
Diyetisyen Yasemin Bilgili,+905538313800,Diyetisyen
Fonksiyonel Tıp Diyetisyeni Kübra ÖZER ÇAĞLAR Sağlıklı Yaşam Merkezi,+905392820793,Diyetisyen
Diyetisyen Kadriye Adıkutlu,+905536296205,Diyetisyen
Diyetince Beslenme ve Diyet Danışmanlığı,+905411902235,Diyetisyen
DİYETİSYEN AYGÜL KEKEÇDİL SAĞLIKLI YAŞAM VE DANIŞMANLIK MERKEZİ,+905526225089,Psikolog / Terapist
"Diyetisyen Ezgi Bayram Binli / Dr. Biyokimyager, Fonksiyonel Beslenme",+905350501795,Diyetisyen
Diyetisyen Büşra Donat Ergin,+905427444812,Diyetisyen
Diyetisyen İrem Tekin - fİT Beslenme Eğitimi ve Diyet Danışmanlığı,+905435879443,Diyetisyen
Safiye Taş Longevity Studio,+905364957264,Diyetisyen
Dyt. Serez Tuğçe Uysal,+908504747754,Diyetisyen
Diyetisyen Ayça Karaçay,+905555914630,Diyetisyen
Karşıyaka Beslenme&Diyet Merkezi,+905065932419,Diyetisyen
HAFİF TARTI DİYET OFİSİ,+905421500136,Diyetisyen
Uzman Diyetisyen Semiha Özge Kara Beslenme ve Diyet Danışmanlığı,+905395723657,Diyetisyen
Diyetisyen Deniz Karakuş,+905327017402,Diyetisyen
Diyetisyen Aslı Abalıoğlu,+902329993739,Diyetisyen
Diyetisyen Suay Akıska Karşıyaka,+902323302000,Diyetisyen
Nutreolife Beslenme ve Danışmanlık,+905326230282,Psikolog / Terapist
Dyt.Melis Özbay,+905010369742,Diyetisyen
Diyetisyen Mert Yorulmaz,+905415898202,Diyetisyen
H-FİT Beslenme ve Diyet Danışmanlığı,+905313569074,Diyetisyen
Diyetisyen Elif Çakırca Avcu,+905065342774,Diyetisyen
"Uzm. Dyt. Simge Becer - İzmir Diyetisyen, Online Diyet",+905055944008,Diyetisyen
Nihal İLTER Beslenme ve Diyet Danışmanlığı,+905053577476,Diyetisyen
Diyetisyen Burcu Tunç,+905346946669,Diyetisyen
Uzman Diyetisyen Ayşenur Bozkurt Beslenme Danışmanlık Merkezi,+905064808130,Psikolog / Terapist
Diyetisyen Lara Kılıç,+905320530566,Diyetisyen
Diet Clinic,+905062731447,Diyetisyen
Herbalife Karşıyaka Nergis AREL AKTİF YAŞAM KULÜBÜ,+905357031525,Diyetisyen
NutriCare Diyet ve Kilo Kontrol Merkezi,+905316783471,Diyetisyen
Bella Fit Sağlıklı Yaşam Merkezi,+905521778200,Diğer (Sağlık & Bakım)
Bi Bize Danış,+905010644240,Psikolog / Terapist
Lezzetli Yaşam Diyet Yemek İzmir,+905306677662,Diyetisyen
Diyetisyen Tünsel Tiftikçioğlu,+902323699340,Diyetisyen
Diyetisyen Sevim Altıntaş,+905383242520,Diyetisyen
"Sportfiz Karşıyaka | Kayropraktik, Reformer Pilates, Fizyoterapist",+905467142415,Psikolog / Terapist
Diyetisyen Ayşe Güneş,+905364481692,Diyetisyen
Uzman Diyetisyen Nihal Bozova,+905405515101,Diyetisyen
Studio Lifetime Pilates - Yoga,+908503023056,Pilates / Yoga
Karşıyaka Sahil Lotus Reformer Pilates,+905412805450,Pilates / Yoga
Karşıyaka Reformer Pilates,+905427857989,Pilates / Yoga
Karşıyaka Reformer,+905325940040,Pilates / Yoga
"Karşıyaka Pilates, İzmir Pilates, Massive Pilates Studio",+905531902513,Pilates / Yoga
Pilates karşıyaka,+905312960479,Pilates / Yoga
N'JOY Pilates Studio,+905456232335,Pilates / Yoga
Step Fit Pilates Stüdyo,+905426433846,Pilates / Yoga
Prana Fizyoterapist | Reformer Pilates,+905451980588,Psikolog / Terapist
Reformation Fizyopilates Studio,+905466560098,Pilates / Yoga
Mayu Pilates Studio,+905537760305,Pilates / Yoga
Cadde 35 Pilates Training,+905070476906,Pilates / Yoga
Sportfiz Şemikler | Reformer Pilates Studio,+905300792415,Pilates / Yoga
Betül Çolakoğlu Pilates Studio,+905531664688,Pilates / Yoga
Stüdyo Pilates,+902323308003,Pilates / Yoga
Sunshine Pilates Studio,+905413289186,Pilates / Yoga
Master Pilates By Nur Haylaz | Karşıyaka Reformer Pilates,+905077529038,Pilates / Yoga
Smyrna Pilates Studio,+905066132654,Pilates / Yoga
Sheo Studio,+902323728372,Pilates / Yoga
Body Graphy Fitness Club & Pilates Studio,+905315232367,Pilates / Yoga
Joyness Pilates Studio,+905521886377,Pilates / Yoga
Pilates One,+905419086853,Pilates / Yoga
Reform Wellness Pilates & Bodyart Studio,+905522079191,Pilates / Yoga
Fit Pilates by Sevgin Tomruk,+905396352368,Pilates / Yoga
Fizyo SS Pilates,+905447686760,Pilates / Yoga
Noxx Pilates - Karşıyaka,+905529451914,Pilates / Yoga
Reformer Pilates Funda DENİZ,+905536134082,Pilates / Yoga
House Pilates & Training,+905333049390,Pilates / Yoga
High Pulse Pilates Studio,+905530855431,Pilates / Yoga
Studio Espina,+905305460911,Pilates / Yoga
Olympia Gym / Karşıyaka Fitness,+902323690129,Kuaför / Berber
Joya sport center,+905312461678,Kuaför / Berber
Pilates Floor,+905523424490,Pilates / Yoga
Oasis Pilates Studio,+905396599199,Pilates / Yoga
Prolife Pilates Studio,+902323366089,Pilates / Yoga
Kuba Sport,+905077554755,Kuaför / Berber
Pilates RA,+905326555268,Pilates / Yoga
Sole Pilates,+905337664083,Pilates / Yoga
FİT & HEAL,+905333570888,Kuaför / Berber
Zero PT studio,+905536252751,Kuaför / Berber
River Pilates,+905532267531,Pilates / Yoga
Karşıyaka Bostanlı Pilates ve Yoga,+905075005443,Pilates / Yoga
Carpe Diem Fitness Club,+902323624831,Kuaför / Berber
Studio Master Of Pilates,+905324639284,Pilates / Yoga
Pilayoga Center,+908505777880,Pilates / Yoga
KöK Pilates Yoga Stüdyo,+905363848352,Pilates / Yoga
Hit Pilates Studio,+905326869086,Pilates / Yoga
Egem Spor,+902323817711,Kuaför / Berber
My Pilates Studio,+902323626266,Pilates / Yoga
PlayStüdyo Karşıyaka | Kadınlara Özel Spor Salonu,+902325032040,Kuaför / Berber
Global EMS Fitness (KARŞIYAKA ALAYBEY),+905327728808,Kuaför / Berber
Fitness Club,+905545954555,Kuaför / Berber
Yogasis,+905321767693,Pilates / Yoga
Rubicon Athletic Performance,+905552934547,Kuaför / Berber
Fitintime,+902323620014,Kuaför / Berber
"Corpus Fitness, Wellness & Pilates",+905303072888,Pilates / Yoga
Mavisehir Health Club,+902325020292,Pilates / Yoga
Evolution Pilates Stüdyo,+905348524110,Pilates / Yoga
O2xygen Gym Karşıyaka,+905010002435,Kuaför / Berber
Fitline Slim and Gym Center,+905327771928,Kuaför / Berber
GT SPORTS,+905339637205,Kuaför / Berber
Boutique Wellness Club Spor Merkezi,+905532335368,Kuaför / Berber
Winners Sports Center,+905549661490,Kuaför / Berber
Club Vital Pilates Studio,+905525589987,Pilates / Yoga
Gymyaka,+905418841814,Kuaför / Berber
BOOM Personal Training Studio,+905537513509,Kuaför / Berber
The Best Sport Center,+905334258282,Kuaför / Berber
Sports Forever KSK,+905367889030,Kuaför / Berber
Fizyoflex - Fizyoterapist Dr. Fadime Doymaz,+905558881930,Psikolog / Terapist
Mustafa Kemal Atatürk Karşıyaka Spor Salonu,+902323686995,Kuaför / Berber
Mavişehir Functional Training,+905557034559,Kuaför / Berber
FLEXFİT FİTNESS & SPA MERKEZİ,+902329359306,Kuaför / Berber
Big Power Fitness Center,+905324478789,Kuaför / Berber
Mk Pilates Yoga,+905543214123,Pilates / Yoga
Punch Fight Club Karşıyaka,+905437357973,Kuaför / Berber
NOİFİT EMS FITNESS (KARŞIYAKA),+905335635035,Kuaför / Berber
Fit For Street Spor Salonu,+905368547512,Kuaför / Berber
ZAVİPTRAİNİNG,+905424093535,Kuaför / Berber
Sky Gym,+905536763029,Kuaför / Berber
Fitness City spor salonu( karşıyakada spor salonu)gym,+905543340104,Kuaför / Berber
KaptanFit Wellness Spor Salonu,+905528333540,Kuaför / Berber
Personal Trainer Karşıyaka Bostanlı Hakan Spor Studio,+905543473226,Kuaför / Berber
Fit Form Sport Center,+902323828239,Kuaför / Berber
Spor Fit,+905558389447,Kuaför / Berber
CrossFit Karşıyaka - Official Hyrox Club,+905322979795,Kuaför / Berber
İzmir Karuna Yoga,+905455318775,Pilates / Yoga
the line sports center,+905537197157,Kuaför / Berber
FT Pilates Studio Çiğli,+905339137387,Pilates / Yoga
Cumhuriyet Mahallesi Spor Salonu,+902323614501,Kuaför / Berber
İris Spor Akademisi Karşıyaka,+905336075926,Kuaför / Berber
The Best Spor Salonu,+902323692945,Kuaför / Berber
1912 Zühtü Işıl Spor Salonu,+905495220255,Kuaför / Berber
Azim Spor Kulübü,+905059708698,Kuaför / Berber
Fisiodem,+905312668388,Fizyoterapi
Karşıyaka İstikrar Gelişim Spor Kulübü,+905353161288,Kuaför / Berber
MOW FIT,+905385446861,Kuaför / Berber
Kemalpaşa - Güzellik Merkezi,+902327105053,Güzellik Salonu
Birgül Gülak Güzellik Salonu,+905074883646,Güzellik Salonu
Aylin Kuaför,+902328780256,Güzellik Salonu
ELA AKTAŞ TIRNAK STÜDYOSU,+905510576510,Güzellik Salonu
Leyla & berfin Beauty makeup studio,+905301492904,Güzellik Salonu
AYSUN CANAY KUAFÖR SALONU,+905308298564,Kuaför / Berber
Çağla Kuaför ve Güzellik Salonu,+905413037519,Güzellik Salonu
Madame Cocosh,+905374509295,Güzellik Salonu
MELEK KÖSE GÜZELLİK SALONU,+905382279563,Güzellik Salonu
Gamze Kuafor Ve Guzellik Salonu,+905533100473,Güzellik Salonu
MS Beauty Center,+905300933508,Güzellik Salonu
Su Güzellik Salonu,+905077730125,Güzellik Salonu
Tuşba kuaför salonu,+905393490197,Kuaför / Berber
Leydi Kuaför,+902328782531,Kuaför / Berber
SEM KUAFÖR,+905520272572,Kuaför / Berber
Meltem Özen Beauty Güzellik Salonu,+905464540805,Güzellik Salonu
Kuaför Aziz,+902328789090,Kuaför / Berber
sude budak haır& makeup studıo,+905386990835,Güzellik Salonu
Aysun hair makeup,+902328787817,Güzellik Salonu
Açelya Bayan Kuaförü,+905362515844,Kuaför / Berber
Saloon Talha,+905466233835,Kuaför / Berber
seraparaztürbantasarım,+905388690786,Güzellik Salonu
Merve Kuaför Ve Güzellik Salonu,+902328787969,Güzellik Salonu
Sevda duman bayan kuaförü,+905305283935,Güzellik Salonu
Dilan güçlü güzellik merkezi,+905324596935,Güzellik Salonu
Assya Güzellik Merkezi Kemalpaşa Şubesi,+905528224004,Güzellik Salonu
Serena Güzellik Salonu,+902328780111,Güzellik Salonu
İZ Güzellik Salonu,+905525021213,Güzellik Salonu
Sevcan Beauty Center,+905461231321,Güzellik Salonu
RA Saç Tasarım & Güzellik Salonu,+905551807836,Güzellik Salonu
NDÜ Pilates Studio,+905466858201,Pilates / Yoga
M&B PRIVATE BERBER,+905528141335,Kuaför / Berber
Saloon Tekdemir,+905535721858,Kuaför / Berber
Zeki Kuaför,+902328780151,Kuaför / Berber
A&A Erkek Kuaför Salonu,+905066273004,Kuaför / Berber
Laskaris erkek berber salonu,+905432569883,Kuaför / Berber
Salon permanent,+905392004743,Kuaför / Berber
Firdevs Kuaför,+905064138711,Kuaför / Berber
Figen Kuaför,+902328788604,Kuaför / Berber
Mia Life Güzellik Merkezi Kemalpaşa,+905010287511,Güzellik Salonu
Hercules Gym Studio,+905529486027,Kuaför / Berber
Rose Bloom Yaşam ve Güzellik Merkezi,+905300489762,Güzellik Salonu
CC ELEGANT GÜZELLİK MERKEZİ,+905540245980,Güzellik Salonu
Slimfit Estetik Kemalpaşa,+905529468444,Güzellik Salonu
Destina Bayan Güzellik Salonu,+902328789212,Güzellik Salonu
Kemalpaşa Eslina Estetik Güzellik ve Yaşam Merkezi,+905334314540,Güzellik Salonu
Saloon Aydın,+905546900205,Kuaför / Berber
Hakan Şahin berbers club,+905545128573,Kuaför / Berber
SALON ELITE COIFFURE KEMALPASA,+902328786667,Güzellik Salonu
Salon Gökhan,+905399235739,Kuaför / Berber
Bulut kuaför,+905074119574,Kuaför / Berber
AD HAIR STUDIO,+905530009850,Kuaför / Berber
Elif kuaför,+905522017622,Kuaför / Berber
Bay Mavi Erkek Kuaförü,+905079404558,Kuaför / Berber
Nefertity Bayan Kuaförü,+902327822544,Kuaför / Berber
Kuaför 2000,+902328781970,Kuaför / Berber
Onur Erkek Kuaförü Hair Design,+905522397560,Kuaför / Berber
Salon Idris duman,+905321319282,Kuaför / Berber
BERBER BERAT ŞAHİN,+905459853519,Kuaför / Berber
Beyza Keklik Hair Make up Studio,+905541684265,Kuaför / Berber
Life Fit,+905326102239,Kuaför / Berber
BÜŞRA YILDIRIM BEAUTY SALON,+905011528335,Güzellik Salonu
Hilal Subaşı Makeup Studio,+905535315675,Güzellik Salonu
Erdal anli,+905050183236,Kuaför / Berber
Gençlik kuaför,+905325995930,Kuaför / Berber
Kuaför Kadir,+905542763655,Kuaför / Berber
Kuaför Sezai,+905384229267,Kuaför / Berber
Gamze bayan kuaförü,+905075138432,Kuaför / Berber
Saloon Songül,+905523353225,Kuaför / Berber
TİRYAKİ BERBER SALONU,+905379201675,Kuaför / Berber
FM sactasarimi kuaför FATMA ÇAKIROĞLU,+905432244362,Kuaför / Berber
BARBEY erkek kuaförü,+905383138038,Kuaför / Berber
Kardeşler kuaför,+905458314057,Kuaför / Berber
Uğur& yılmaz pt stüdyosu,+905071633270,Kuaför / Berber
AniMall Pet Kuaför & Pet Shop,+905389157772,Kuaför / Berber
Begüm Boz Kaş Kirpik Tırnak Stüdyo,+905316617241,Güzellik Salonu
Ezgiyildirim nailart beauty center,+905536262850,Güzellik Salonu
SlimWorld Kemalpaşa,+905367754096,Kuaför / Berber
MGÇ PILATES,+905307861162,Pilates / Yoga
Kemalpasa agiz ve dis sagligi poliklinigi,+905348912305,Diş Kliniği
Fizyoterapist Büşra Günay | Özel Sağlık Meslek Hizmet Birimi,+905537180035,Psikolog / Terapist
FİZYO YAŞAM PARK Fizyoterapist Ahmet Özçelik,+905067157999,Psikolog / Terapist
Sporiumpark Fitness,+902328780067,Kuaför / Berber
N&A Güzellik Salonu,+908503031442,Güzellik Salonu
Gülerterapi Psikolojik Danışmanlık Merkezi,+905054203835,Psikolog / Terapist
Fizyoterapist Kaan ÖZER - Fizyoterapist Sevim GÜMÜŞ ÖZER ÖZEL SAĞLIK MESLEK HİZMET BİRİMİ,+905535588963,Psikolog / Terapist
Özel Dent İdea Ağız ve Diş Sağlığı Polikliniği,+902328784332,Diş Kliniği
ZC ELEGANT GÜZELLİK MERKEZİ,+905528766654,Güzellik Salonu
Kiraz Dent Ağız ve Diş Sağlığı Polikliniği,+905462369963,Diş Kliniği
ESRA KOÇAK Güzellik&Estetik,+905308791690,Güzellik Salonu
Sevikler erkek kuaförü,+905073214277,Kuaför / Berber
Dr. Aydın Erkurt,+905324264198,Diğer (Sağlık & Bakım)
Diyetisyen Rümeysa Bektaş Fonksiyonel Beslenme ve Diyet Merkezi,+905333277724,Diyetisyen
Yapboz beauty center,+905375484913,Güzellik Salonu
RABİA HAN Estetik Güzellik Merkezi,+905433587492,Güzellik Salonu
Merve KARABOĞA Psikolojik Danışmanlık Merkezi,+905456733959,Psikolog / Terapist
"Uzman Klinik Psikolog Berken Gündüz, İzmir Tavsiye Edilen Psikolog",+905075331212,Psikolog / Terapist
Nif Psikoloji Merkezi,+905549921997,Psikolog / Terapist
UZMAN PSİKOLOG HATİCE COŞKUN,+905523418688,Psikolog / Terapist
"Psk. Dan. Gözde İstanbullıoğlu, Psikolojik Danışma ve Rehberlik",+905079323656,Psikolog / Terapist
İZMİR KEMALPAŞA ÖZEL SAĞLIK MESLEK HİZMET BİRİMİ KLİNİK PSİKOLOG,+905305692477,Psikolog / Terapist
ST Dent Ağız ve Diş Sağlığı Polikliniği,+905056779890,Diş Kliniği
Diş Hekimi Ceren ÜNAL ÖNÜR,+905401813521,Diş Kliniği
Diyetisyen Merve AKAY,+905308513565,Diyetisyen
Diyetisyen Gülnur Tezcan Çam,+905537062701,Diyetisyen
FNG SAĞLIKLI YAŞAM VE DİYET MERKEZİ,+905383785264,Diyetisyen
Diyetisyen Seher Yaşar,+905314635001,Diyetisyen
Dinamik Hareket Eğitim Merkezi ve Genel Cimnastik,+905304340835,Kuaför / Berber
Gamzereformerpilatesstudio,+905536048853,Pilates / Yoga
Power fitness club,+905473852525,Kuaför / Berber
GYM Plus+,+905060250990,Kuaför / Berber
Pilates Aslı Reformer Stüdyo,+905534537149,Pilates / Yoga
Port Pilates Factory,+902322466646,Pilates / Yoga
Şimşek GYM,+905074949895,Kuaför / Berber
FSA Pilates Studio,+905013375835,Pilates / Yoga
Cadde Kuaför,+905070527626,Kuaför / Berber
Hülya Kuaför Güzellik Salonu,+905016104300,Güzellik Salonu
ARI KARDEŞLER KUAFÖR VE GÜZELLİK SALONU,+905436338365,Güzellik Salonu
EvaJadem Soma /kınık,+905356720780,Güzellik Salonu
gokhancoskunelitehairdesign,+905536450397,Kuaför / Berber
ÇINAR ERKEK KUAFÖRÜ,+905011536651,Kuaför / Berber
Hair Artist Cemal Aydın,+905315407213,Kuaför / Berber
Berber Soner,+905303047377,Kuaför / Berber
Si Life Beauty Nail,+902324800212,Güzellik Salonu
Nirvana Nail Art | İzmir Jel Tırnak & Nail Art Stüdyosu,+905541321925,Güzellik Salonu
Alin Nail Art Studio,+905330364601,Güzellik Salonu
Blush Nail Beauty Studio,+905336351722,Güzellik Salonu
Naz Art Nails,+905464320535,Güzellik Salonu
Art Nail Beauty,+905396111985,Güzellik Salonu
Merve Evrim Nail Beauty,+905538684741,Güzellik Salonu
Ojda Nail Art,+905350208396,Güzellik Salonu
Art of Nail's,+905541226513,Güzellik Salonu
Sunshine nail art,+905077317267,Güzellik Salonu
Ceren Nail Beauty Studio,+905339480535,Güzellik Salonu
Moonail Art Boutique,+905523662935,Güzellik Salonu
Buse Yalçın Nail Art Studio,+905466275731,Güzellik Salonu
Ebru Sert Nail Art Studio,+905070305335,Güzellik Salonu
O la la Nail Art,+905462926556,Güzellik Salonu
NailArt.İzmir,+905526560094,Güzellik Salonu
Pınar baysal nail art & beauty studio,+905332178839,Güzellik Salonu
Saida Beauty & Nail Art Studio,+905522107509,Güzellik Salonu
Bonita nail art,+905304224512,Güzellik Salonu
Ays Nail Art Studio,+905461123433,Güzellik Salonu
Nail Art Museum - Balçova,+905432805105,Güzellik Salonu
Ludo Nail & Beauty - Canan Akçalı - Güzellik Merkezi,+905528084781,Güzellik Salonu
Best Nail Studio,+905541560807,Güzellik Salonu
Happy center nail art,+902324641010,Güzellik Salonu
Parissa Nail Art,+905522825917,Güzellik Salonu
Takmatırnak Beauty Academy & Nailart Stüdio,+905551009232,Güzellik Salonu
Özlem Beauty & Nail Art,+905512191452,Güzellik Salonu
Nail Art Öykü,+905529190608,Güzellik Salonu
Violet Nail Art,+905550355297,Güzellik Salonu
Nilüfer Bakır | Sirius Nail Art | Protez Tırnak,+905071478358,Güzellik Salonu
Best Nail Art Home Studio,+905445380288,Güzellik Salonu
Jasnil Nail & Beauty,+905333704500,Güzellik Salonu
Lilibeth Nail & Beauty Çiğli,+905520920031,Güzellik Salonu
Tırnaks,+902324486878,Güzellik Salonu
Tamay Beauty Studio Nail Art,+905428218798,Güzellik Salonu
Seher Nail Art Beauty,+905356203235,Güzellik Salonu
Neva Nail Beauty,+905532399975,Güzellik Salonu
Mey Nail Art - Tırnak Sanatı Stüdyosu,+905435351991,Güzellik Salonu
Frey Beauty,+905394597030,Güzellik Salonu
Canım’s Naıl,+905550838689,Güzellik Salonu
Like a Star Beauty & Nail Art Studio,+905402317000,Güzellik Salonu
Aksana Nail art ve beauty center,+905437176120,Güzellik Salonu
Gaziemir Güzellik Salonu Zerrin Tezcan Beauty - Nail Art - Epilasyon - Kalıcı Makyaj - Bölgesel İncelme,+905060501478,Güzellik Salonu
Nail Pro İzmir,+905335193035,Güzellik Salonu
FİLİZ ATEŞ BEAUTY,+905526834540,Güzellik Salonu
Mia Beauty Kalıcı Oje ve Tırnak Protez Salonu Şirinyer,+905532727671,Güzellik Salonu
Angelique Güzellik Salonu,+905313686151,Güzellik Salonu
Pınar Beauty Center,+905374311082,Güzellik Salonu
Shine Beauty Center Bergama,+905435533544,Güzellik Salonu
Sena Beauty İzmir,+905435443235,Güzellik Salonu
Dilara Umut Nail Art Beauty,+905536195704,Güzellik Salonu
SU NAİL ART,+905072663577,Güzellik Salonu
Alinda Nail Studio,+905442441149,Güzellik Salonu
Dilara Özbek Nail Studio,+905526509735,Güzellik Salonu
İnci Beauty Studio,+905312914916,Güzellik Salonu
Hermoso Beauty Nail Center,+905319931957,Güzellik Salonu
İnna Kuaför ve Nail Art,+905050814782,Güzellik Salonu
Merve Acarkanlı Nail Art Studio,+905011666045,Güzellik Salonu
Yelki’ss Tırnak Stüdyosu,+905052647261,Güzellik Salonu
NEKK Makeup - Hairstyle & Beauty,+905551874045,Güzellik Salonu
Yankı Psikoloji | İzmir Psikolog,+905519640507,Psikolog / Terapist
Uzman Psikolog - Doç. Dr. Gizem Akcan,+908508116286,Psikolog / Terapist
Psikolog Bensu Donat,+908504743134,Psikolog / Terapist
Uzman Klinik Psikolog Zübeyde Ezgi Horzum,+905523923435,Psikolog / Terapist
İzmir Psikolog Uzman Klinik Psikolog Dr. Sinem Malkoç,+905339696131,Psikolog / Terapist
Nora Psikoloji - İzmir Psikolog Alsancak,+902324086672,Psikolog / Terapist
Uzm. Psikolog Yağız OĞUZHAN / İzmir,+905326658080,Psikolog / Terapist
"Uzm. Dr. Arzu Dalmış, Psikiyatrist & Psikoterapist",+905545516588,Psikolog / Terapist
Uzman Klinik Psikolog Hasan Arslan,+908504741996,Psikolog / Terapist
"Uzm. Kl. Psk. Asena Kantar, Psikolojik Danışma ve Rehberlik",+908504741040,Psikolog / Terapist
Psikolog Berk Karaoğlu,+905325074940,Psikolog / Terapist
İZMİR PSİKOLOG - PSİKOAKTİF TERAPİ MERKEZİ Bireysel Terapi - Aile Terapisi,+902324211248,Psikolog / Terapist
Klinik Psikolog Belkıs Abacı,+908504742247,Psikolog / Terapist
Yankı Psikoloji | Antalya Psikolog,+905516282763,Psikolog / Terapist
HELEN TATTOO,+905431128879,Dövme & Piercing
bazinga tattoo piercing,+905464404111,Dövme & Piercing
Nous Art Tattoo,+905555965669,Dövme & Piercing
Got Ink?,+905071222658,Dövme & Piercing
Deep Night Tattoo,+905334803069,Dövme & Piercing
Green Tattoo&Piercing Studio,+905464645606,Dövme & Piercing
QUEENİNK.TATTOO,+905541387599,Dövme & Piercing
Emre ALTIN Tattoo & Piercing,+905444700533,Dövme & Piercing
Elizi Tattoo Gaziemir Dövme ve Piercing Stüdyosu,+905336508479,Dövme & Piercing
TAU TATTOO,+905421052319,Dövme & Piercing
Queen Of İnk Tattoo Studio,+905313034742,Dövme & Piercing
İZMİR İNK TATTOO STUDIO,+905546772863,Dövme & Piercing
Tattoo Center İzmir,+905353639629,Dövme & Piercing
Davinci Tattoo Studio,+905303449572,Dövme & Piercing
Murphy Tattoo & Piercing,+905425141368,Dövme & Piercing
Hex Tattoo Studio,+905078207530,Dövme & Piercing
Tayfun Bilgen Tattoo Studio,+905558742780,Dövme & Piercing
Janpoll Tattoo İzmir,+905548007220,Dövme & Piercing
Dyt. Buket Adanç - Online Diyetisyen Online Diyet Hizmeti,+905076521514,Diyetisyen
"Uzman Diyetisyen Gizem Dinç,Beslenme ve Diyet Danışmanlık Merkezi",+905302429505,Psikolog / Terapist
Uzman Diyetisyen Cahide Tankı Beslenme ve Diyet Danışmanlığı,+905428068740,Diyetisyen
Diyetisyen Halime Akdoğan - Akhisar Beslenme & Diyet Danışmanlığı,+905071861819,Diyetisyen
Diyetisyen Güniz Duru,+905400404505,Diyetisyen
Diyetisyen Deniz Ece Dudu Sarıca,+905326410684,Diyetisyen
Diyetisyen Çağatay Kutnal,+905344641390,Diyetisyen
Diyetisyen Ece Kanık Beslenme Danışmanlığı,+905325745868,Diyetisyen
Diyetisyen Hatice Nur Ege Diyet Merkezi,+905531603445,Diyetisyen
Diyetisyen Sevgi Gökçen Erkün,+905322090469,Diyetisyen
Diyetisyen Sevcan İnci,+905074722715,Diyetisyen
Diyetisyen Seda Nalçacı Sağlıklı Beslenme ve Diyet Danışmanlık Merkezi,+908504743664,Psikolog / Terapist
Diyetisyen Ceyda Sağlam,+905073444424,Diyetisyen
DİYETİSYEN NİHAL YILDIZ BESLENME MERKEZİ,+905465431308,Diyetisyen
Diyetisyen Ünal Mert AŞARER,+905074926958,Diyetisyen
Dyt. Mahir Tekgöz İzmir İştah Kapatma - Diyetm İzmir,+905404760052,Diyetisyen
Diyetisyen Berna Çoban Dinler,+905436646095,Diyetisyen
Diyetisyen İrem Nida Atik,+905418439443,Diyetisyen
Diyetisyen Poyraz Aydaş | Manisa Diyetisyen | Sporcu Diyetisyeni,+905068072552,Diyetisyen
Thera Vita İzmir Alsancak Wellbeing Community,+905421078277,Diğer (Sağlık & Bakım)
Diyetisyen Ayşen Gülşen Beslenme ve Diyet Danışma Merkezi,+905414079368,Diyetisyen
Uzman Diyetisyen Aslı Kınsız,+905363522253,Diyetisyen
Formidea Sağlıklı Yaşam ve Diyet Danışmanlığı - Klinik Reformer Pilates - Akhisar Diyetisyen Betül Anamas Sülen,+905413685080,Diyetisyen
DİYETİSYEN ŞEYDA ÖNCEL,+905076754445,Diyetisyen
DİYETİSYEN DERYA ZÜNBÜLCAN KEYİFLE ZAYIFLAMANIN MERKEZİ,+902324643070,Diyetisyen
Diyetisyen Görkem Gül,+905318894434,Diyetisyen
Lina Klinik,+905330207052,Diğer (Sağlık & Bakım)
Diyetisyen Nuriye ŞAHİN,+905078485484,Diyetisyen
Diyetisyen Betül Karataş Uygun,+905060916754,Diyetisyen
Uzm. Diyetisyen Zeynep ÇİFTCİ Beslenme ve Diyet Danışmanlığı,+905372159454,Diyetisyen
Şule Aydın Sağlıklı Yaşam Merkezi,+905438732208,Diyetisyen
Uzman Diyetisyen Şeyma İşlek,+905383938686,Diyetisyen
Uzm.Dyt.Hilal Liman,+905459752430,Diyetisyen
Uzman Diyetisyen Tuğba Küçükbay - Beslenme Ve Wellness,+908504747871,Diyetisyen
Melek Nur Bolışık Beslenme ve Diyet Danışmanlığı,+905370200907,Diyetisyen
Diyetisyen Gökçe AKBAŞ - Online Diyet,+905447434005,Diyetisyen
Diyetisyen Nesibe Ulaşmış,+905531351739,Diyetisyen
Diyetisyen Berna Yalçın,+905356828807,Diyetisyen
Diyetisyen Simge OZAN ARSLAN,+905300539060,Diyetisyen
Diyetisyen Şevval Çiçek,+908508110452,Diyetisyen
"Diyetisyen Melisa Şentürk, Beslenme ve Diyet Danışmanlığı,MUYTERAPİ, EMS BODY PRO, DETOX BODY ,ANDULASYON TERAPİ",+905543615839,Psikolog / Terapist
Diyetisyen Kübra BİNGÜLER Beslenme ve Diyet Danışmanlığı,+905455234938,Diyetisyen
Diyetisyen Lava öner,+905417332319,Diyetisyen
Diyetisyen Nil KANAT,+905447804623,Diyetisyen
Özlem UÇAR ATEŞ Pilates stüdyo,+905074951203,Pilates / Yoga
Dips Fitness Center,+905385879815,Kuaför / Berber
Sevgi Beauty,+905433834352,Güzellik Salonu
SALON LEVENT KİRAZ,+905332327579,Kuaför / Berber
Güder Bay Kuaförü,+905494981974,Kuaför / Berber
Star berber,+905306131009,Kuaför / Berber
Kiraz Bayan Kuaförü,+905348998897,Kuaför / Berber
Hep-Şen Erkek Kuaförü,+905357014120,Kuaför / Berber
İmaj Kuaför Mehmet,+905546730045,Kuaför / Berber
Şengün erkek kuaförü,+905064222214,Kuaför / Berber
Cliniczer Official & İzmir Güzellik Salonu & İzmir Lazer Epilasyon & İzmir En İyi Güzellik Merkezi,+905305586885,Güzellik Salonu
Dentalogos Ağız ve Diş Sağlığı Polikliniği Kiraz Şubesi,+902325725350,Diş Kliniği
Bakink Tattoo Stüdio,+905332862716,Dövme & Piercing
Cev Dövme Malzemeleri / Tattoo Supply,+905518702221,Dövme & Piercing
Tattoorbali Dövme ve Piercing,+905533223737,Dövme & Piercing
ideal tattoo & piercing,+905543790386,Dövme & Piercing
triyandatattoo Ayrancılar Dövme Stüdyosu,+905537053599,Dövme & Piercing
Vegvisir Art Tattoo,+905333079135,Dövme & Piercing
Skyink - Tattoo Studio,+905050675416,Dövme & Piercing
Denizyıldızı Dövme Malzemeleri,+905367186006,Dövme & Piercing
166st. Tattoo Piercing Studio,+905376665316,Dövme & Piercing
Holdink Tattoo Ayrancılar Dövme Stüdyosu,+905394839862,Dövme & Piercing
Celsus Tattoo ve Piercing Studio,+905459306469,Dövme & Piercing
Tattoo Store - Eray YAVAŞ,+905532878747,Dövme & Piercing
Eac Tattoo,+905385190920,Dövme & Piercing
Rg.ink_,+905437400571,Dövme & Piercing
Tattoo Art Özge Ceylan,+905385421401,Dövme & Piercing
Wizart Tattoo Studio,+905520795829,Dövme & Piercing
RaRa İnk Tattoo,+905443437690,Dövme & Piercing
Nazilli Tattoo Piercing®️,+905076120034,Dövme & Piercing
Ays.ink Tattoo,+905070042972,Dövme & Piercing
Nazilli09ink Dövme Piercing Dükkanı,+905368116706,Dövme & Piercing
Ravel Tattoo Studio,+905330381084,Dövme & Piercing
Loop Art Tattoo,+905526826093,Dövme & Piercing
izmir no13tattoo,+905399581335,Dövme & Piercing
EFE INK TATTOO PIERCING,+905321569530,Dövme & Piercing
Tattoo izci art studio,+905305657375,Dövme & Piercing
LightFire.ink TATTOO,+905379244273,Dövme & Piercing
LAVARI TATTOO & PIERCING,+905316679677,Dövme & Piercing
Hera Tattoo & Nail Art,+905071835864,Dövme & Piercing
LineHouse Tattoo & Design,+905425300948,Dövme & Piercing
Grimmer Tattoo,+905347703541,Dövme & Piercing
Krios Tattoo,+905346462596,Dövme & Piercing
Boss Tattoo Denizli,+905077900722,Dövme & Piercing
Dreamers Tattoo Studio,+905316963766,Dövme & Piercing
ESMER TATTOO & PİERCİNG LAZER,+905050451677,Dövme & Piercing
Tattoo BoyalıKuş,+905394556440,Dövme & Piercing
tattoo dara stüdyo,+905443437933,Dövme & Piercing
Konigsrasse Tattoo & Piercing,+905079754770,Dövme & Piercing
Denizli DOMİNO TATTOO & PİERCİNG Stüdyo,+905377381213,Dövme & Piercing
Toxin Tattoo Studio,+905443359535,Dövme & Piercing
Renika Tattoo,+905462614419,Dövme & Piercing
Tibet Tattoo & Piercing,+905323546382,Dövme & Piercing
Avvare Art & Tattoo,+905431493435,Dövme & Piercing
Redline Tattoo,+905413669064,Dövme & Piercing
Manisa Dövme,+905532227373,Dövme & Piercing
Reflect Tattoo Studio İzmir,+905318187501,Dövme & Piercing
KaanSeyhan Tattoo Studio,+905531743585,Dövme & Piercing
Anka Tattoo Ink Studio Denizli dövmeci,+905070538514,Dövme & Piercing
STELLA TATTOO & PİERCİNG,+905078239471,Dövme & Piercing
Mudita Tattoo House,+905446424114,Dövme & Piercing
Dövme Silme Uzmanı,+905421158335,Dövme & Piercing
Casper Tattoo - Dövme,+908502219165,Dövme & Piercing
Mia Porfiria Ink Tattoo&Piercing Studio,+905070060169,Dövme & Piercing
Ank Gümüş Hediyelik Tattoo Piercing,+902323421774,Dövme & Piercing
Khaos Tattoo & Art Studio,+905536137043,Dövme & Piercing
hobbit tattoo piercing,+905432204654,Dövme & Piercing
Bozköy Ink Tattoo Piercing,+905326739045,Dövme & Piercing
ONUR ARAÇ TATTOO ART,+905364254436,Dövme & Piercing
İkizler tattoo,+905527061801,Dövme & Piercing
GOAT TATTOO INK,+905423052884,Dövme & Piercing
Stark Ink Tattoo Piercing,+905456596009,Dövme & Piercing
Magic World Tattoo,+905528832252,Dövme & Piercing
Green Arrow Tattoo,+905549490465,Dövme & Piercing
Hermod tattoo,+905528203527,Dövme & Piercing
Tattoo20th dövme stüdyosu,+905533530073,Dövme & Piercing
Inkra Tattoo Studio,+905439087925,Dövme & Piercing
Tattoo gölge sanatı,+905532168551,Dövme & Piercing
Lightning Tattoo & Piercing,+905535349262,Dövme & Piercing
Su Tattoo (Ayşesu) Denizli Dövme,+905533061717,Dövme & Piercing
Pamukkale Tattoo | Denizli Dövmeci | Dilek Akçaöz,+905550494989,Dövme & Piercing
İzmir Dövme Piercing,+905417264308,Dövme & Piercing
Legendary Tattoo,+905536583758,Dövme & Piercing
Think Art Tattoo Studio,+905069090327,Dövme & Piercing
Nazilli Tattoo By Şevket,+905455174545,Dövme & Piercing
Life Time Tatto Studio,+905554271950,Dövme & Piercing
Tak Tak Tattoo Studio,+905412717665,Dövme & Piercing
Diyetisyen Mehmet Kiraz Özel Sağlık Meslek Hizmet Birimi,+902522120400,Diyetisyen
Diyetisyen Sevilay Çalkur,+905522122907,Diyetisyen
Virtus Spor Salonu,+905050860536,Kuaför / Berber
Shine Beauty By Nevin Çınar | Konak Güzellik Salonu,+905556046184,Güzellik Salonu
Maya Beauty Bay ve Bayan Güzellik Salonu,+905439114388,Güzellik Salonu
Nadya Güzellik Salonu,+905010616243,Güzellik Salonu
İzmir Vip Güzellik,+905324109230,Güzellik Salonu
İlayda Güzellik Salonu,+902322555958,Güzellik Salonu
Gülşen Işık Estetik & Güzellik,+902322505656,Güzellik Salonu
ADEN GÜZELLİK SALONU,+905537249714,Güzellik Salonu
Güneş Güzellik,+905383128816,Güzellik Salonu
MAY MERAL YAĞINLI BEAUTY HOUSE | izmir epilasyon | zayıflama | cilt bakımı / izmir lazer epilasyon | iğneli epilasyon |,+905453260874,Güzellik Salonu
Semra Akgün Saç Tasarım ve Güzellik Salonu,+905533923440,Güzellik Salonu
SİSTA Güzellik Salonu by Nazlıcan Arslan,+905326689324,Güzellik Salonu
Müge Kepenek Beauty Center,+905547298003,Güzellik Salonu
SerSed Güzellik Salonu,+905376812004,Güzellik Salonu
Parla Güzellik Salonu,+905461491203,Güzellik Salonu
İpek Ersin Estetik,+905326114098,Güzellik Salonu
Hollywood Beauty Concept Kuaför Güzellik Makyaj Tırnak Alsancak Kuaför,+905551051923,Güzellik Salonu
Nuray Manikür & Pedikür Sir Salonu,+902322626111,Güzellik Salonu
esra alpaslan güzellik ve tırnak salonu,+905335110084,Güzellik Salonu
Enza Güzellik Merkezi Konak,+905060353502,Güzellik Salonu
"Beauty_center_Günay - Saç kesimi, Manikür, Pedikür, Kirpik",+905374164870,Güzellik Salonu
Liparis Güzellik İzmir Şube,+905436983527,Güzellik Salonu
Emsal Doğan İzmir,+905331982835,Güzellik Salonu
Esma Tarım Güzellik Salonu,+905300707298,Güzellik Salonu
Cliniczer Konak | Konak Güzellik Merkezi | Konak Lazer Epilasyon,+905365886885,Güzellik Salonu
ZK Estetik Ve Güzellik Salonu,+902322909294,Güzellik Salonu
By Sadettin Kuaför,+905412322231,Kuaför / Berber
Janine Güzellik Salonu,+902324217506,Güzellik Salonu
Napless Epilasyon Güzellik Salonu,+905442321102,Güzellik Salonu
IMMORTAL BEAUTY GÜZELLİK SALONU | İzmir Güzellik Merkezi,+905545956869,Güzellik Salonu
Suwia Güzellik Salonu,+905016826535,Güzellik Salonu
ARLİNA ESTETİK,+905012359190,Güzellik Salonu
Şeniz Çelik Güzellik Merkezi,+902324631045,Güzellik Salonu
Esila Nail Studio - Güzellik Salonu Alsancak,+905512808830,Güzellik Salonu
Sibel Güzellik Salonu,+905078645747,Güzellik Salonu
CliniqueS Güzellik Merkezi,+905367444477,Güzellik Salonu
Sevgi Güzellik Salonu,+905384056506,Güzellik Salonu
Ay Güzellik Salonu,+905374354690,Güzellik Salonu
Sevim Alan İzmir Konak,+905444907645,Güzellik Salonu
imperial İzmir Alsancak,+905322301091,Güzellik Salonu
Svalin Güzellik Salonları,+905350333303,Güzellik Salonu
Valira Saç Bakımı ve Güzellik Salonu,+905451329311,Güzellik Salonu
Pur'Elegance Güzellik Salonu,+905379643235,Güzellik Salonu
bayan kuaförü by cihan,+905468011780,Kuaför / Berber
Fatma Demirkol Kuaför ve Güzellik Salonu,+905551432436,Güzellik Salonu
Ema Beauty İzmir,+905325150980,Güzellik Salonu
Nisa Güzellik Salonu,+905393854041,Güzellik Salonu
Cest La Vie Güzellik Salonu,+905541414388,Güzellik Salonu
NS NUR&SİNEM Kuaför Güzellık Salonu,+902322327303,Güzellik Salonu
Ra Güzellik Salonu,+902324220177,Güzellik Salonu
Likya Saç Ekim & Estetik | Alsancak,+902324651255,Güzellik Salonu
Sultans Derm Güzellik Salonu,+905416329707,Güzellik Salonu
"Volley Spa,Konak İzmir spa merkezi,Konak İzmir masaj salonu Konak İzmir Sağlık Merkezi",+905317044535,Kuaför / Berber
Melih Yavuz Makeup Studio,+905523766872,Güzellik Salonu
Miracle Güzellik,+902324220818,Güzellik Salonu
Alp güzellik merkezi,+905064805547,Güzellik Salonu
Rezan Pekdoğan Art&Beauty - İzmir Güzellik Merkezi,+905538876716,Güzellik Salonu
SWEET TOUCH HAİR & NAİL GÜZELLİK SALONU,+905325830336,Güzellik Salonu
Görsel Güzellik Salonu,+902324644749,Güzellik Salonu
BGS Bloom Güzellik Salonu,+905076561316,Güzellik Salonu
Sibella Güzellik Klinigi,+905558989441,Güzellik Salonu
En İyi Güzellik Merkezi Alsancak Beauty Balance İzmir,+905432211353,Güzellik Salonu
Tansu Bozkurt Saç Kaynak Ve Güzellik Salonu,+905321391543,Güzellik Salonu
Esmarin Güzellik Merkezi,+905071505455,Güzellik Salonu
Yasemen Güzellik Merkezi,+902324227103,Güzellik Salonu
Ali Kaygısız Kuaför,+905545344589,Kuaför / Berber
GoBeauty,+905367753792,Güzellik Salonu
Medikey Beauty,+905314971190,Güzellik Salonu
İzmir Kuaförler Manikürcüler Ve Güzellik Salonu İşletmecileri Odası,+902324454426,Güzellik Salonu
Ayvalık Güzellik Salonu,+902324225890,Güzellik Salonu
Belans Güzellik Salonu,+905541282269,Güzellik Salonu
Okan Sibel Bayan Kuaför Salonu,+905412110259,Kuaför / Berber
Kuaför Kaan hair desing,+905531547045,Kuaför / Berber
Madlen Kuaför & Güzellik salonu,+905395631547,Güzellik Salonu
Elina güzellik Merkezi,+905549156931,Güzellik Salonu
Beyaz Düşler Masaj Salonu & Spa,+905372152247,Kuaför / Berber
Miss Güzellik Salonu,+905461920617,Güzellik Salonu
Fulyam Spa & Masaj Salonu,+905339163145,Kuaför / Berber
İLKNUR MAKEUP | İzmir Profesyonel Kalıcı Makyaj,+905456373535,Güzellik Salonu
Divine Beauty Club,+902324638822,Güzellik Salonu
Elif Dinçarslan Polikliniği - İzmir Saç Ekimi & Estetik Merkezi,+902324001001,Güzellik Salonu
Estelife,+902324225646,Güzellik Salonu
S4 Hair Studyo,+905382899285,Kuaför / Berber
Kapris Güzellik Salonu,+905333184244,Güzellik Salonu
Elin Güzellik,+905433483636,Güzellik Salonu
NAZLI YALÇINKAYA BEAUTY CENTER,+905511770718,Güzellik Salonu
Sam Kuaför,+905336602721,Kuaför / Berber
Salon Ömer,+905465854380,Kuaför / Berber
Serap Kartal güzellik salonu,+905448699449,Güzellik Salonu
Işıl Işıl Güzellik Salonu,+905326434174,Güzellik Salonu
Eros Bay Bayan Kuaförü & Güzellik Salonu,+902322921056,Güzellik Salonu
Hicran Acat Güzellik Salonu,+905424645720,Güzellik Salonu
Kuaför Fuat Güzellik Salonu,+905372514615,Güzellik Salonu
Masal Güzellik Salonu,+905070610565,Güzellik Salonu
Ayşe Güzellik Salonu,+905332669490,Güzellik Salonu
Nalan güzellik salonu,+905323745729,Güzellik Salonu
Hamdi Tahir İzmir Mikrokaynak & Hairstudio,+905348207117,Kuaför / Berber
Le Badan Spa & Wellness,+905421993519,Diğer (Sağlık & Bakım)
The Saloon,+905323852955,Kuaför / Berber
NAMIK KOÇ KUAFÖR,+905068649288,Kuaför / Berber
Saloon Oktay,+905323942101,Güzellik Salonu
MD Saç Tasarım,+902322443973,Kuaför / Berber
Şanlı Bayan Kuaförü,+905537731745,Kuaför / Berber
Coiffeur Serkan,+902324643824,Kuaför / Berber
Neşe KUAFÖR,+905059778080,Kuaför / Berber
FE KUAFÖR HAİR & MAKE UP Fatma Çetinkaya,+905542849188,Kuaför / Berber
Hülyam Kuaför,+905534807262,Kuaför / Berber
ALSANCAK SAlon Saç Makas Ferit Yeter,+905536633748,Kuaför / Berber
Kuaför Ali,+905436276384,Kuaför / Berber
Fatoş Kuaför,+902322567800,Kuaför / Berber
Serkant kuaför,+902322623909,Kuaför / Berber
Kuaför Ümit,+905356054980,Kuaför / Berber
Özer Kuaför,+902324215838,Kuaför / Berber
İzmir Deniz Bayan Kuaförü,+905418035922,Kuaför / Berber
Nebahat cenan hair art Alsancak,+905336216213,Kuaför / Berber
The West Hair Studio,+905070596650,Kuaför / Berber
Harun Kuaför,+902324833002,Kuaför / Berber
City Kuaför,+905554681733,Kuaför / Berber
Ufuk İLHAN Saç Tasarım,+902324251683,Kuaför / Berber
Efes Kuaför,+902324632391,Kuaför / Berber
SUAT ERDOĞAN HAİR STİLİST KUAFÖR,+905531827295,Kuaför / Berber
SK hair studio,+905558131244,Kuaför / Berber
Tahirdastanhairdesign,+905301822270,Kuaför / Berber
Bayan Kuaförü Bircan,+902322610013,Kuaför / Berber
Cadde Kuaför,+902324838960,Kuaför / Berber
Şebnem Kuaför,+902322286319,Kuaför / Berber
Studio Neo Kuaför,+905303101593,Kuaför / Berber
Kuaför Miracle Hair,+902324216621,Kuaför / Berber
Bayan Kuaför,+905331431702,Kuaför / Berber
Toprak Şeker İzmir,+902325027272,Kuaför / Berber
Barış & Murat Kuaför,+902324211033,Kuaför / Berber
Hüseyin Mustafa Kuaför,+905531234431,Kuaför / Berber
Flora Coiffeur Serkan 1,+905079180101,Kuaför / Berber
Enver Kuaför,+902324217487,Kuaför / Berber
Candan Kuaför,+905399773818,Kuaför / Berber
By ilhan Kuaför,+902324892150,Kuaför / Berber
Studio No 35 Hair Design,+905393882000,Kuaför / Berber
Fia Coiffeur Alsancak,+902326832068,Kuaför / Berber
Semam Bayan Kuaförü,+905077392368,Kuaför / Berber
Can kuaför,+902324454454,Kuaför / Berber
By Fatih Erkek Kuaförü,+905383591192,Kuaför / Berber
İzmir's Bayan Kuaförü,+905074732186,Kuaför / Berber
Renk Kuaför Emre,+902324223001,Kuaför / Berber
Star Kuaför,+905334988161,Kuaför / Berber
Art Hair Bay Kuaför Salonu,+905309282717,Kuaför / Berber
KUAFÖR AYLİN MUZAFFER,+902324259232,Kuaför / Berber
Salon Magic Hair,+902322670205,Kuaför / Berber
Orhan Fide Kuaför,+902324636112,Kuaför / Berber
Palmiye Kuaför,+902324258321,Kuaför / Berber
Paşam Kuaför,+905526872817,Kuaför / Berber
Taylan Erkek Kuaförü,+905075570440,Kuaför / Berber
BEYEFENDİ SAÇ TASARIM VE KUAFÖR,+902324411313,Kuaför / Berber
Kuaför Canan,+905365430206,Kuaför / Berber
Kuaför Gülsüm (Makbule Tamer),+902324895768,Kuaför / Berber
Canan & Meryem Kuaför,+902322565232,Kuaför / Berber
Kuaför Smyrna,+902324637707,Kuaför / Berber
Eda Kuaför,+905558123005,Kuaför / Berber
UNİQUE Güzellik&Tırnak stüdyo,+905319267435,Güzellik Salonu
Sirena Nail Studio (Tırnak Merkezi),+905380880080,Güzellik Salonu
Alsancak Nail Art Studio,+905534509385,Güzellik Salonu
Olga Tırnak Alsancak,+905347825462,Güzellik Salonu
Dilek Duygu Dinçer Tırnak Stüdyosu,+905529243557,Güzellik Salonu
"Izmir Manikür Pedikür Tırnak Salonu - Nail Art Studio - Kalıcı oje, Tırnak Güçlendirme",+905396541782,Güzellik Salonu
Aurora Nail Studio,+905531622190,Güzellik Salonu
ÇİĞDEM KOÇAK NAIL STUDIO,+905327020385,Güzellik Salonu
HOTMADE NAILS,+905349421886,Güzellik Salonu
Violet Nail Studio,+905426411286,Güzellik Salonu
İPEK KİRPİK AŞKI,+905529207445,Güzellik Salonu
Nail Room by Çise,+905468868440,Güzellik Salonu
Öznur Göler Beauty,+905385260927,Güzellik Salonu
Simila Güzellik Salonu,+905336296993,Güzellik Salonu
Beril Nail Studio | Protez Tırnak & Kalıcı Oje,+905012650399,Güzellik Salonu
İcone Güzellik Salonu | Lazer Epilasyon | | Bölgesel İncelme | Cilt Bakım | Kalıcı Makyaj | Protez Tırnak | Meridyen Masaj,+905323999803,Güzellik Salonu
Tuğçe Toprak Kaş Kirpik,+905079508348,Güzellik Salonu
Sorella Beauty&Nail,+905069050970,Güzellik Salonu
Kui Kui nail studio,+905456446968,Güzellik Salonu
Buse Ersan Beauty Center,+905541135025,Güzellik Salonu
Risee Beauty Studio,+905528179985,Güzellik Salonu
Alsancak Tırnak Center,+905334305536,Güzellik Salonu
Filiz Poyraz Nail Art Studio,+905524038416,Güzellik Salonu
NAIL LAB stüdyo,+905056236831,Güzellik Salonu
Sihirliellernails Üçyol,+905362484214,Güzellik Salonu
Noc Nail,+905067353662,Güzellik Salonu
Double S Nail Art Studio,+905050500730,Güzellik Salonu
Sibel Mete Nail Studio,+905063328350,Güzellik Salonu
Emotion Nail Art Studio,+905537862529,Güzellik Salonu
PINAR ÖKMEN HAİR MAKEUP,+905307833703,Güzellik Salonu
Diora Beauty Studio,+905551627303,Güzellik Salonu
Gamze Kurt Beauty,+905310893598,Güzellik Salonu
RİVER BEAUTY ÜÇYOL,+905536573506,Güzellik Salonu
Beauty Club İzmir,+905050651511,Güzellik Salonu
GÜLNAZ YILMAZ BEAUTY HOUSE | İZMİR DERMAPEN | CİLT BAKIMI /HYDROFACİAL CİLT YENİLEME /PLAZMAPEN,+905530745622,Güzellik Salonu
Mila Beauty Care | Lazer Epilasyon | Cilt Yenileme | Bölgesel İncelme | Kalıcı Makyaj,+902326832423,Güzellik Salonu
Müberya Sağlam Makeup Studio Alsancak,+905437829535,Güzellik Salonu
ARTİZ BEAUTY ALSANCAK,+902322024276,Güzellik Salonu
Smyrna Beauty Güzellik Salonu,+905334878214,Güzellik Salonu
Mono Beauty,+905541248790,Güzellik Salonu
CV Beauty Center,+905422677595,Güzellik Salonu
Cm beauty izmir,+905058326980,Güzellik Salonu
BB Beauty hair spa nail art,+902325991974,Güzellik Salonu
ÖZLEM YILDIRIM BEAUTY✨,+905324518888,Güzellik Salonu
MS Beauty Club,+905494025846,Güzellik Salonu
Nurella Beauty House,+905379160932,Güzellik Salonu
Ada Demirkoparan Beauty Center,+905517212023,Güzellik Salonu
MeWe Beauty Parlor,+902326835292,Güzellik Salonu
Selen Beauty Güzellik Merkezi,+905380921981,Güzellik Salonu
Ays Beauty Alsancak,+905330944638,Güzellik Salonu
Melis Çetin Beauty,+905335930162,Güzellik Salonu
Mawien Beauty,+905354635708,Güzellik Salonu
Phibrows Gözde Gürlen Beauty Studio,+905532209807,Güzellik Salonu
Vanilla Beauty,+902324844181,Güzellik Salonu
ivany beauty center,+905461144464,Güzellik Salonu
DERYA DALGIÇ Hair & Makeup Studio,+905384417601,Güzellik Salonu
La Piel Angels Beauty & Güzellik,+902325011144,Güzellik Salonu
By Bahattin Çoban Saç Tasarım,+905453470225,Kuaför / Berber
Gamze Yaman Beauty,+905536052859,Güzellik Salonu
Birce Plus Kaş Tasarım & Güzellik Estetik,+902324630530,Güzellik Salonu
Tülay Özsoy Hair & Beauty Studio,+905376194835,Güzellik Salonu
Mediderm Lazer Epilasyon İzmir,+902324642200,Güzellik Salonu
Dr. Hale Hepçimen | Sıvı Yüz Germe | Botox | Gençlik Aşısı | Dolgu | Medikal Estetik ve Klinik Uygulamalar,+905334637362,Güzellik Salonu
LUMİ KAMUFLAJ ESTETİK BEAUTY,+905401174707,Güzellik Salonu
İzmir Klinik,+905396544726,Güzellik Salonu
CEMİLE KARHAN ESTETİK VE GÜZELLİK,+905076421222,Güzellik Salonu
Op.Dr Cenk Tokat Estetik Cerrahi Uzmanı Alsancak İzmir,+905323680661,Güzellik Salonu
Özel Mayasante İzmir Polikliniği | İple Yüz Germe - Lazer Epilasyon - Çene Dolgusu - Dudak Dolgusu,+902327000777,Güzellik Salonu
Şilan Yurteri Estetik Güzellik,+905464678533,Güzellik Salonu
Prof. Dr. Ufuk Bilkay,+902324223232,Güzellik Salonu
Op. Dr. Özgür Sunay,+902322905757,Güzellik Salonu
Este Cln,+902324210889,Güzellik Salonu
Rota Alsancak Estetik,+902324049393,Güzellik Salonu
Essi Güzellik Merkezi Alsancak,+902324220800,Güzellik Salonu
N Beaute,+905373066445,Güzellik Salonu
"Prof. Dr. Yiğit Ö. Tiftikcioğlu | Meme Estetiği | Rinoplasti | Estetik Cerrahi, İzmir",+905325752088,Güzellik Salonu
NK GUZELLİK MERKEZİ İZMİR,+905069729823,Güzellik Salonu
Özel Essi Polikliniği (Alsancak),+905422805502,Güzellik Salonu
Op. Dr. Mehmet Onur Öztürk,+905404964777,Güzellik Salonu
Form Club Spa Estetik Ve Güzellik Merkezi,+905445636763,Güzellik Salonu
Prof. Dr. Fatih Uygur | İzmir Estetik Cerrahi,+905550153953,Güzellik Salonu
Doç. Dr. Hakan Kerem | İzmir Meme Büyütme | İzmir Meme Küçültme| İzmir Estetik Cerrahi,+902324212644,Güzellik Salonu
Nili Estetik ve Danışmanlık,+905534820199,Psikolog / Terapist
By Lady Estetik,+902325020305,Güzellik Salonu
Hypatia Güzellik Merkezi,+905528117045,Güzellik Salonu
Nur Güzellik Salonu,+902322856610,Güzellik Salonu
Era Estetik,+902324048866,Güzellik Salonu
Dr. Devrim Elmas - Medikal Estetik İşlemler,+905323557881,Güzellik Salonu
Avesta Clinic Güzellik Hizmetleri,+905512393535,Güzellik Salonu
Dr. Mehmet Emin Öznur,+905322877649,Diğer (Sağlık & Bakım)
İzmir Genital Estetik Merkezi - Labioplasti - Vajina Daraltma,+902321000000,Güzellik Salonu
Eldi Health & Beauty,+905395143637,Güzellik Salonu
Op. Dr. Bahadır Özkeskin,+908504333987,Güzellik Salonu
izmir klinik,+905321377157,Güzellik Salonu
Funda Ak Buca Güzellik Epilasyon İpek Kirpik Kalıcı Oje Protez Microbilding Kıl Tekniği Kaş Zayıflama Saç ve Ağda Cilt Bakımı,+905379264196,Güzellik Salonu
Dr Tuba Kavala Medikal Estetik Hekimi | Biorezonans | Ozon Tedavi | Sigara Bırakma | CGF Kök Hücre | Eksozom Tedavisi | İzmir,+905452903646,Güzellik Salonu
Göktuğ Önder Estetik,+905418065854,Güzellik Salonu
"DentaPoint International - Alsancak Şubesi Zirkonyum , Diş İmplantı , Estetik Diş Tedavileri , Çocuk Diş",+905435267670,Diş Kliniği
"Göz Doktor Ali Türker çocuk,kapak estetik,laser",+905053572799,Güzellik Salonu
Op. Dr. Nazmi Yoğurtçu,+902322023130,Diğer (Sağlık & Bakım)
"Nora Medikal, Estetik Kozmetik ve Tıbbi Cihaz Distribütörü",+902324454549,Diş Kliniği
Genital Estetik Cerrahisi ve Hpv Genital Siğil Tedavisi İzmir,+902324632363,Güzellik Salonu
Prof. Dr. Bilsev İnce Estetik Cerrahi Kliniği,+905067634623,Güzellik Salonu
CMYK SAĞLIK HİZMETLERİ izmirde liposuction,+902323361729,Güzellik Salonu
"Op. Dr. Mine Tüzel İzmir Kadın Doğum Uzmanı,Gebelik Takibi Bioeşdeğer Hormon tedavisi,, Kürtaj,Ozon,Medikal Estetik",+905414351525,Güzellik Salonu
Op. Dr. Yücel Birinci / KBB Uzmanı / BİRİNCİ Klinik / İzmir Burun Estetiği,+905458818021,Diğer (Sağlık & Bakım)
Mola Lazer Epilasyon Merkezi Estetik ve Güzellik Hizmetleri Ltd.Şrk İzmir Alsanc,+902324631767,Güzellik Salonu
Op. Dr. HASAN YILDIZ | Genital Estetik | Labioplasti | Vajinoplasti | Kürtaj İzmir | Kızlık Zarı Dikimi | Jinekolog İzmir,+905320639077,Güzellik Salonu
Dr. Osman Baş | İple Yüz Germe | Fransız Askı | Çene Dolgusu,+905513870097,Diğer (Sağlık & Bakım)
Op. Dr. Özgür Erdem,+905325281103,Güzellik Salonu
Op. Dr. Zeynep KORKMAZ - İzmir Genital Estetik - Labioplasti - Vajinoplasti - Kadın Hastalıkları ve Doğum Uzmanı,+905079484058,Güzellik Salonu
Prp Saç Tedavisi İzmir | Ossi Hair | İzmir Saç Ekimi | Mezoterapi İzmir | PRP İzmir,+905523330673,Psikolog / Terapist
Özel A Plus Polikliniği,+902324646171,Güzellik Salonu
Dental Estetik Ağız ve Diş Sağlığı Polikliniği,+902325024476,Diş Kliniği
Op. Dr Aslı CAN-Op. Dr Günay CAN Estetik Cerrahi ve Kadın Sağlığı Merkezi,+905424308119,Güzellik Salonu
Mire Estetik Güzellik,+902324636374,Güzellik Salonu
Dr. Sema Öngün - Medikal Estetik Hekimi,+905010281970,Güzellik Salonu
Prof. Dr. Cüneyt Özek,+902324650909,Güzellik Salonu
Klinik Psikolog Duygu Ünver,+905533177941,Psikolog / Terapist
Konak Psikoloji Merkezi,+905061758445,Psikolog / Terapist
Psikoloji Alsancak,+902324163323,Psikolog / Terapist
EMA PSİKOLOJİ DANIŞMANLIK MERKEZİ İZMİR,+905551879193,Psikolog / Terapist
İzmir Psikolog - Klinik Psikolog Dolunay Zümrüt Çetin,+905425936758,Psikolog / Terapist
"İzmir Konak Psikolog |Akis Psikoloji | Konak Bireysel Danışmanlık,Aile Danışmanlığı,Çocuk Psikolog Randevu,Oyun Terapisi,",+905437745171,Psikolog / Terapist
Rion Psikoloji - İzmir Psikolog,+905415030507,Psikolog / Terapist
Psikolog Bekir Sakarya | İzmir Psikolog | EMDR | Yetişkin Psikoloğu,+905418817891,Psikolog / Terapist
İzmir Psikoloji Merkezi,+908504746356,Psikolog / Terapist
"Uzman Klinik Psikolog Çağlar Elbirlik, İzmir Psikolog",+905525952505,Psikolog / Terapist
İzmir Psikolog - Bilinç Danışmanlık,+905076657232,Psikolog / Terapist
Liman Psikoloji / İzmir Psikolog,+905321344235,Psikolog / Terapist
Menta Psikoloji İzmir - İzmir Psikolog,+905071690305,Psikolog / Terapist
Uzman Psikolog Ecem Çakın | İzmir Psikolog | Çocuk-Ergen-Yetişkin Psikoloğu,+905073388801,Psikolog / Terapist
İzmir/ Psikolog Fatma Demir,+905541276760,Psikolog / Terapist
Klinik Psikolog Emre Bulut Görentaş,+905079125916,Psikolog / Terapist
İzmir Psikolog Gizem Polat,+905526253783,Psikolog / Terapist
İzmir Orjin Psikoloji & Psikolojik Danışmanlık Merkezi,+905515968730,Psikolog / Terapist
Uzman Psikolog Ezgi Bayırlı,+905394525110,Psikolog / Terapist
Klinik Psikolog Zühra Gizem Özer,+908504334171,Psikolog / Terapist
Psikolog Duygu Öz,+905073404527,Psikolog / Terapist
İzmir Psikolog - Melius Psikoloji Merkezi,+905451146040,Psikolog / Terapist
İzmir Alsancak Psikolog Fatma İşlek,+905435535959,Psikolog / Terapist
Vega Psikoloji Merkezi,+905525194139,Psikolog / Terapist
Psikolog Kutay Ürkmen,+905326077172,Psikolog / Terapist
Umut Psikoloji Merkezi | Alsancak Psikolog,+905313955233,Psikolog / Terapist
"Uzman Klinik Psikolog Ece İŞTEERMİŞ | Alsancak, İZMİR",+905308853035,Psikolog / Terapist
Denge Psikoloji ve Aile Danışma Merkezi,+905322841961,Psikolog / Terapist
Psikolog Eren Can BULUT,+905537162535,Psikolog / Terapist
İzmir Psikolog Altan Demirel - İzmir Bayraklı'da Psikolog,+905346684177,Psikolog / Terapist
İzmir Psikolog Raziye Özcan,+905427393633,Psikolog / Terapist
Psikolog Serkan Pozan/ Oda Psikoloji,+905306560632,Psikolog / Terapist
Psikolog İzmir,+902324222628,Psikolog / Terapist
Uzm. Psikolog Cemal Uzun,+905054424180,Psikolog / Terapist
PsikologAyça Anı Atılbaz | İzmir Psikolog | Alsancak Psikoterapi | İlişki ve Boşanma Danışmanlığı,+905421997107,Psikolog / Terapist
İleri Psikoloji,+905422113011,Psikolog / Terapist
İzmir Psikiyatrist Uzm. Dr. Ayşe Nur Oğuz | İzmir Psikiyatri & İzmir Psikoterapist,+905431231018,Psikolog / Terapist
İzmir Çocuk ve Ergen Psikoloğu / Uzman Psikolog Şerifenur Karatepe,+905446480210,Psikolog / Terapist
Psikolog Emre Turan,+905357853605,Psikolog / Terapist
Psikolog Tolgahan Korkmaz,+905316312435,Psikolog / Terapist
ÖZEL VERA AİLE DANIŞMA MERKEZİ - PSİKOLOG & PSİKOLOJİK DANIŞMAN,+905303884830,Psikolog / Terapist
İzmir Psikolog Ve Online Danışmanlık Psk. Öykü Tekiner,+905333003741,Psikolog / Terapist
İzmir Çocuk ve Ergen Psikoloğu - Kids Psikoloji,+905417882099,Psikolog / Terapist
Psikolog İsmail TOK,+905453972284,Psikolog / Terapist
Kök Psikoloji,+905536623313,Psikolog / Terapist
"Uzm. Psikolog Ceren Gökoğlu, Klinik Nörobilim Uzmanı",+905068885788,Psikolog / Terapist
Klinik Psikolog/ Aile Danışmanı İpek Güneş,+902324646252,Psikolog / Terapist
Domino Psikoloji,+905331462662,Psikolog / Terapist
"Psk. Emrah Oğuz, Psikoloji",+905010356432,Psikolog / Terapist
Oz Psikolojik Danışmanlık (Oz Psychological Consultancy),+905454222729,Psikolog / Terapist
İzmir Psikolog Ve Online Terapi Psk.Yelda Sarıkaya,+908504743731,Psikolog / Terapist
Dia Psikoloji,+905353617931,Psikolog / Terapist
Laris Psikoloji - Psikolog Bella Esin,+905394852118,Psikolog / Terapist
Martı Psikoloji,+905355181208,Psikolog / Terapist
FARK PSİKOLOJİ,+905301327206,Psikolog / Terapist
İzmir Uzman Psikolog | Serap Bilgen,+905522435041,Psikolog / Terapist
İzmir Psikolog | Klinik Psikolog Vildan Bahar Önemli,+905366170511,Psikolog / Terapist
İzmir Psikolog - Kültür Psikoloji,+905532081104,Psikolog / Terapist
İzmir Psikolog Sude Şahin,+905546624362,Psikolog / Terapist
Klinik Psikolog Aygen Gökçay Sancak,+908508118250,Psikolog / Terapist
Klinik Psikolog Gülce Odaman,+905449167366,Psikolog / Terapist
Klinik Psikolog İzmir,+905057876856,Psikolog / Terapist
Uzman Klinik Psikolog Aydın Erincik,+908504740358,Psikolog / Terapist
Psikolog Merve Işık,+905519536039,Psikolog / Terapist
"Psikolog İdil Özer, Psikolog Semra Doğan",+905013395659,Psikolog / Terapist
Uzman Psikolog Candan Erker Güven,+902324211110,Psikolog / Terapist
Psikolog Pelin Akgün | İzmir Psikolog,+905539732527,Psikolog / Terapist
Klinik Psikolog Esra Pektaş Kıldiş,+905548252111,Diş Kliniği
Uzman Klinik Psikolog Aslı Şen (Yıkgeç),+905331677730,Psikolog / Terapist
Derin Psikoloji Nilgün Köstem Pınar Başpınar Can Gmbav,+905332082262,Psikolog / Terapist
Psikiyatrist ve Psikoterapist Evrim Ebru Yılmazer,+905424156090,Psikolog / Terapist
Psikolog Cem Aslıtürk - Kaynak Psikoterapi Alsancak,+905065310339,Psikolog / Terapist
"İzmir Psikolog, Uzman Psikoloji Merkezi",+902325700636,Psikolog / Terapist
Psikiyatrist Dr. Hakan Tokur,+905428053535,Psikolog / Terapist
Uzman Psikolog Elif Doğru,+905382630208,Psikolog / Terapist
Klinik Psikolog Zeynep Özmeydan,+908508119239,Psikolog / Terapist
Çocuk Ergen Psikoloğu İzmir,+905352086733,Psikolog / Terapist
"Psk. Beste Kalkan Yavuzyuğruk , Alsancak Psikolog",+905551689135,Psikolog / Terapist
Psikolog Çağla Çapar,+905304047933,Psikolog / Terapist
Prof. Dr. Sultan DOĞAN | Alsancakta Psikiyatrist | Alsancakta Depresyon Tedavisi | Alsancakta Çift Terapisti,+905444059221,Psikolog / Terapist
Psikolog Esra Mazlum / Alsancak Çift ve Bireysel Terapi,+905067097601,Psikolog / Terapist
İzmir Psikolog Gizem Kuş,+902322182361,Psikolog / Terapist
Özel Bluedent Ağız Ve Diş Sağlığı Polikliniği,+902322610035,Diş Kliniği
Özel İlke Ağız ve Diş Sağlığı Polikliniği,+902322555155,Diş Kliniği
Lozan Dent Ağız ve Diş Sağlığı Polikliniği,+902324410881,Diş Kliniği
Özel Çağdaş Dent Ağız ve Diş Sağlığı Polikliniği,+905303551575,Diş Kliniği
Özel Atlas Dental Ağız ve Diş Sağlığı Polikliniği,+905528308554,Diş Kliniği
Özel Dentin Ağız ve Diş Sağlığı Polikliniği Alsancak Şubesi,+902324460790,Diş Kliniği
Efe Dental Klinik - Ağız ve Diş Sağlığı Polikliniği,+902324633355,Diş Kliniği
Dentstation Ağız ve Diş Sağlığı Kliniği,+905405213535,Diş Kliniği
Ağız ve Diş Sağlığı Polikliniği,+902324630939,Diş Kliniği
Özel Ata Ağız ve Diş Sağlığı Polikliniği,+902324648626,Diş Kliniği
"İzmir, Konak Deva Ağız ve Diş Sağlığı Polikliniği - Diş Hekimi, İmplant Diş, Kozmetik Diş, Ortodontist",+905441550035,Diş Kliniği
Yücelen Ağız ve Diş Sağlığı Polikliniği,+905524434240,Diş Kliniği
Özel DENT KONAK Ağız ve Diş Sağlığı Polikliniği,+905441121414,Diş Kliniği
Özel Hildent Ağız ve Diş Sağlığı Polikliniği,+905354530115,Diş Kliniği
Özel Pearly Ağız ve Diş Sağlığı Polikliniği,+905527919090,Diş Kliniği
Göztepe Ağız ve Diş Sağlığı Polikliniği,+902322472888,Diş Kliniği
Özel İnci Ağız Ve Diş Sağlığı Polikliniği,+905492550504,Diş Kliniği
Özel Gümüşeller Ağız ve Diş Sağlığı Polikliniği,+902324258990,Diş Kliniği
Özel Ctg Ağız ve Diş Sağlığı Merkezi,+905422840347,Diş Kliniği
Denta Rosa Ağız ve Diş Sağlığı Polikliniği,+905323682550,Diş Kliniği
"Ephesus Global Dental - İzmir İmplant ve Çene Cerrahi, Zirkonyum Kaplama, Emaxx Lamina, Gülüş Tasarımı Merkezi",+902324214414,Diş Kliniği
Diş Hekimi İlhan İdiz,+902322277877,Diş Kliniği
İzmir Diş Hekimi,+902323322111,Diş Kliniği
Diş Hekimi Selahattin AYKURT,+905446423747,Diş Kliniği
Örgev Diş Polikliniği,+902324641717,Diş Kliniği
Dentorion Dental Clinic,+905323429746,Diş Kliniği
Özel Gözde Dental Ağız Ve Diş Sağlığı Polikliniği,+902324259090,Diş Kliniği
Uzman Diş Hekimi Neslihan Efeoğlu (Fadıloğlu),+902324225952,Diş Kliniği
GDENT Diş Kliniği - Pedodonti -Çocuk Diş Hekimi - Dr. Dt. GÖKŞEN İKİKARAKAYALI,+905412274053,Diş Kliniği
Özel İzmir Ortodonti Ağız ve Diş Sağlığı Polikliniği,+902322553434,Diş Kliniği
Özel Gökçeler Ağız ve Dış Sağlığı Polikliniği,+902322275506,Diş Kliniği
Özel Orte Ağız Ve Diş Sağlığı Polikliniği,+902324650550,Diş Kliniği
Diş Hekimi Can SAN | İmplant Tedavisi - Diş Beyazlatma İzmir - Diş Estetiği,+902324215965,Diş Kliniği
Özel Ünsal Ağız ve Diş Sağlığı Polikliniği,+902324820408,Diş Kliniği
Diş Hekimi Gürkan METİN - Dream Smiles,+902324045000,Diş Kliniği
Dişhekimi Zabit Oğan,+905057797311,Diş Kliniği
Özel Ertürk Ağız Ve Diş Sağlığı Polikliniği,+902324213454,Diş Kliniği
Uzm. Dt. Ezgihan Arslan Efeoğlu Çocuk Diş Hekimliği Uzmanı (Pedodonti),+905334076267,Diş Kliniği
Diş Hekimi Uğur Bilkay | İzmir Gülüş Estetiği ve Diş İmplant Tedavisi,+902324644842,Diş Kliniği
SRC Diş Kliniği - Diş Hekimi Ahmet Saraçoğlu,+902324631011,Diş Kliniği
Özel Dental Design Clinic Ağız ve Diş Sağlığı Merkezi,+905495792603,Diş Kliniği
Diş Hekimi Levent Uysal,+902324639327,Diş Kliniği
Özel Ornes Ağız Ve Diş Sağlığı Polikliniği Alsancak İzmir,+902324226881,Diş Kliniği
Bornova Ağız Ve Diş Sağlığı Merkezi,+902324357073,Diş Kliniği
"Uzman Diş Hekimi Yiğit Ali Özkubat | Ağız, Diş ve Çene Cerrahisi Uzmanı",+905350420838,Diş Kliniği
Özel Kulya Ağız ve Diş Sağlığı Polikliniği,+902324575555,Diş Kliniği
Diş Hekimi Hatice Atılgan,+905335573770,Diş Kliniği
Diş Hekimi Batu Önal DUMAN,+905333596513,Diş Kliniği
Pro Estetik Ağız ve Diş Sağlığı Polikliniği,+902324634747,Diş Kliniği
Diş hekimi Ali AKKULAK,+902322273504,Diş Kliniği
Yaman Yamangil Diş Kliniği,+905431895399,Diş Kliniği
İMRE Diş Kliniği,+902324648838,Diş Kliniği
Yılmaz Bozok Diş Doktoru,+902324830770,Diş Kliniği
İZMİR DİŞ ESTETİK POLİKLİNİK,+905536146147,Diş Kliniği
Diş Hekim AHMAD KADI,+905060328385,Diş Kliniği
Teras Dental Clinic,+902324637300,Diş Kliniği
İzmir Diş Hekimi Ecem Dilek Küçük,+902325036695,Diş Kliniği
Diş Hekimi Bedri Barçın,+902324213344,Diş Kliniği
Özel Ege Ortodonti Ağız ve Diş Sağlığı Polikliniği,+902324636328,Diş Kliniği
İzmir Diş Hekimi Dr. Olcay Dilber,+905357158665,Diş Kliniği
Prof. Dr. Tayfun Günbay,+902324644134,Diş Kliniği
Dr. Handan ALTUĞ | Ortodonti Uzmanı İzmir | Ortodontik Tedavi I İzmir Şeffaf Plak I invisalign,+902324211015,Diş Kliniği
"Dr. Dt. Alp Abidin Ateşçi, Çocuk Diş Hekimliği (Pedodonti)",+905421529112,Diş Kliniği
Dentakid Ağız Ve Diş Polikliniği,+902324651105,Diş Kliniği
Dt. Maide Küçük & Dt. Merve Küçük Diş Hekimliği Muayenehanesi,+905342036979,Diş Kliniği
Diş Hekimi Taşkın Gülmez,+902325034241,Diş Kliniği
Diş Hekimi Özge Türkay,+905303903035,Diş Kliniği
Özel Ortam Ortodonti Ağız ve Diş Sağlığı Polikliniği,+902324222871,Diş Kliniği
"Uzman Diş Hekimi Deniz Çengelli - Emre Çengelli , Endodonti & Çene Cerrahisi Kliniği",+905324233594,Diş Kliniği
Diş Hekimi M.Bülent Alanya,+902324637982,Diş Kliniği
Diş Hekimi Serkan Özkılınç,+902324631328,Diş Kliniği
Dr. Serhat Aslan,+905339342304,Diş Kliniği
Denta Köşk Özel İzmir Ağız ve Diş Sağlığı Merkezi,+902323433222,Diş Kliniği
Diş Hekimi Necati Işık,+902322567107,Diş Kliniği
Dis Hekimi M.Ufuk ZEREN,+902324641180,Diş Kliniği
Murat Erdalyan Tattoo Piercing Lazer Studio,+905434841009,Dövme & Piercing
ASLAN TATTOO & PİERCİNG,+905414802623,Dövme & Piercing
inkworks tattoo piercing,+905350333515,Dövme & Piercing
The Monarch Ink,+905330137218,Dövme & Piercing
Oxara Tattoo Lab,+905538347802,Dövme & Piercing
Black Pearl Tattoo,+905395095951,Dövme & Piercing
Draven Tattoo & Piercing Studio,+905303048800,Dövme & Piercing
Backwards Tattoo,+905069414708,Dövme & Piercing
No:46,+905066533103,Dövme & Piercing
Humanart Atelier,+905074739524,Dövme & Piercing
West Side Tattoo Studio,+905318729420,Dövme & Piercing
Agnes Tattoo Alsancak,+905515370707,Dövme & Piercing
Hashtag Tattoo İzmir,+905313779385,Dövme & Piercing
Milena Tattoo&Piercing Studio,+905511713321,Dövme & Piercing
Sida Ink Tattoo Studio,+905458001335,Dövme & Piercing
35oz Tattoo | İzmir Alsancak Dövmeci,+905549168819,Dövme & Piercing
CUSTOM TATTOO,+905543811160,Dövme & Piercing
Punisher Ink Tattoo Studio,+905303822723,Dövme & Piercing
Alsancak Tattoo,+905076729292,Dövme & Piercing
MC Tattoo & Piercing,+905366947219,Dövme & Piercing
Svs Tattoo,+905372342099,Dövme & Piercing
BetterDayz Tattoo,+905459893595,Dövme & Piercing
Solunar Tattoo&Rasta,+905432722002,Dövme & Piercing
Brusk Art Tattoo & Dreadlock,+905369913887,Dövme & Piercing
Rose Tattoo,+905533058226,Dövme & Piercing
Passion Tattoo Studio,+905419792237,Dövme & Piercing
Tattoo By Dilara,+905516580172,Dövme & Piercing
Ayça Selen Tattoo Studio,+905517311118,Dövme & Piercing
Q Art Tattoo Studio,+905558324911,Dövme & Piercing
Eir Tattoo Shop,+905530083960,Dövme & Piercing
Dora Tattoo Piercing,+905536500230,Dövme & Piercing
MELLS İNK STUDYO,+905421470805,Dövme & Piercing
Efruz Tattoo House,+905050180126,Dövme & Piercing
Tattoo Flora Belgrade,+905339132436,Dövme & Piercing
Bi 13 Tattoo By İlkel Irksız,+905387894886,Dövme & Piercing
Punk Art212 Tattoo&Piercing Studio,+905426764559,Dövme & Piercing
Art Royal Tattoo & Piercing,+902324213982,Dövme & Piercing
Baranoncel.ink,+905340623275,Dövme & Piercing
Emin Belge Tattoo Studio,+905311019635,Dövme & Piercing
Moon Tattoo Piercing,+905383723171,Dövme & Piercing
Gizmo Tattoo,+905366303257,Dövme & Piercing
Murat durur tattoo studio,+905444016612,Dövme & Piercing
HM tattoo piercing,+905400303435,Dövme & Piercing
WONDERLAND INK STUDIO,+905307238183,Dövme & Piercing
Arda Ozguc Tattoo Studio,+905399268900,Dövme & Piercing
Carmen Art Tattoo,+905546133870,Dövme & Piercing
Tattoo Studio 7,+905524019115,Dövme & Piercing
Lunas Diyet,+905446527326,Diyetisyen
LUX DİYET BESLENME VE DİYET MERKEZİ,+905327612420,Diyetisyen
"Dyt. Fadime Gül Alkaya, Diyetisyen",+908508119890,Diyetisyen
Diyetisyen Ece Kurtuldu,+905533242488,Diyetisyen
Uzm. Dyt. Burcu Dilek Demir,+902325030406,Diyetisyen
Diyetisyen Ayça Merve TURAN,+905324101895,Diyetisyen
Diyetisyen Esma Özdemir,+905325484697,Diyetisyen
Diyetisyen Eda Kılıç,+908504747369,Diyetisyen
Uzm. Dyt. Betül Karakuş Sürdürülebilir Beslenme ve Diyet Danışmanlığı,+905451987770,Diyetisyen
Uzman Diyetisyen Ümmü GÜVEN NEHİR,+905413732262,Diyetisyen
Lipödem ve Fonksiyonel Tıp Diyetisyeni Pınar Ergül,+905534477331,Diyetisyen
Diyetisyen Ecmel Metli,+902325703726,Diyetisyen
TEPE KLİNİK,+905059997737,Diğer (Sağlık & Bakım)
Diyetisyen Çiğdem Çetinkaya Beslenme Danışmanlığı ve Koçluğu,+905327023320,Diyetisyen
Uzman Diyetisyen Ebrar Bozgan,+905468422913,Diyetisyen
Diyetisyen Bilge Birgül,+905454035584,Diyetisyen
Diyetisyen Sıla Karakaş,+905304040593,Diyetisyen
Uzman Diyetisyen Aylin Tunç,+905069928833,Diyetisyen
Uzman Diyetisyen Müge EKİNCİ,+905382839396,Diyetisyen
Dyt. Hazal Meleknaz Özkan,+908508116924,Diyetisyen
Diyetisyen İrem Deveci / İzmir Sağlıklı Beslenme ve Diyet,+905304318980,Diyetisyen
Ümit Yıldız Diyetisyen,+902324221805,Diyetisyen
Burçin Çelikezer,+908508502535,Diğer (Sağlık & Bakım)
Diyetisyen Tuğçe Tunçtürk,+902324220002,Diyetisyen
Son Kalori Diyet Kliniği-Ceren Şahin,+905064782636,Diyetisyen
Diyetisyen,+905326011511,Diyetisyen
Diyetisyen Işık Özdemir,+905326589501,Diyetisyen
Dyt. Nazen Cesur,+905389169634,Diyetisyen
Fit Point Clinic,+905521441421,Diyetisyen
Benefit Slimming Studio,+905308338474,Diğer (Sağlık & Bakım)
Yenil Nesil Diyet,+905539866848,Diyetisyen
Dyt. Dilara Öztaş,+908508110654,Diyetisyen
Uzman Fizyoterapist Tutku Bitmez Egzersiz ve Danışmanlık Merkezi Alsancak - İzmir,+905313396245,Psikolog / Terapist
Dyt. Mehlika Öktem Boz,+905306684125,Diyetisyen
Diyetisyen Zehra Kaşıkçı,+905425565909,Diyetisyen
Dyt. Ayşenur Karapınar,+908503330388,Diyetisyen
Diyetisyen Feryal Toplu,+902324630623,Diyetisyen
Dr.Diyetisyen Selda Seçkiner,+908508114073,Diyetisyen
Orkide Güzel,+902324453035,Diğer (Sağlık & Bakım)
Konak 1 Nolu Sağlıklı Hayat Merkezi,+902324411297,Diğer (Sağlık & Bakım)
Diyetisyen Mutfağı,+902324633367,Diyetisyen
Nuala Wellness Studio,+905521120891,Güzellik Salonu
Studio Altay Tekin,+905466490409,Pilates / Yoga
Sağlık Natural,+902324839544,Diğer (Sağlık & Bakım)
Uzman Diyetisyen Demet KONAK,+902666060061,Diyetisyen
Uzman Diyetisyen Burcu Akdoğan Beslenme Danışmanlığı,+905325106409,Diyetisyen
Uzman Diyetisyen Hilal Konak Beslenme ve Diyet Danışmanlığı Merkezi,+905331980245,Diyetisyen
Hyper Spor Center,+905558988333,Kuaför / Berber
Bornova Reformer Pilates Stüdyo Yağmur Akdemir,+905357419595,Pilates / Yoga
Unıversal Spor Merkezi,+902322508858,Kuaför / Berber
Akuvamarin Yoga & Pilates & Reformer Alsancak - İzmir,+905330325161,Pilates / Yoga
MACFit Kıbrıs Şehitleri,+908505327000,Kuaför / Berber
ULTIMATE EMS FITNESS (POLIGON),+905461054261,Kuaför / Berber
Studio Functional,+905077973535,Kuaför / Berber
Plus pilates studio,+905419525296,Pilates / Yoga
No.22 Training Zone,+905387200732,Pilates / Yoga
Fizyofelix,+905467880735,Diğer (Sağlık & Bakım)
TAP SPORTS Alsancak,+905374413011,Kuaför / Berber
Power House,+902322900110,Pilates / Yoga
Q Zen Pilates,+902324221600,Pilates / Yoga
ANTRENOS,+905315918753,Kuaför / Berber
İzmir Yoga,+905306046924,Pilates / Yoga
Premium GYM Alsancak,+902327000404,Kuaför / Berber
Pt.Uğur Bulut Sports Studio,+905558547047,Kuaför / Berber
Sportmax,+902322859292,Kuaför / Berber
Sportsinn,+902322243400,Kuaför / Berber
Sportslove Fitness Center,+902322618776,Kuaför / Berber
Yogaspace Izmir,+905319911617,Pilates / Yoga
Halkapınar Spor Salonu,+902324863536,Kuaför / Berber
Bayraklı As Pilates,+902325030712,Pilates / Yoga
İzmir Boğaları Spor Kulübü / FitBulls Fitness,+905426781797,Kuaför / Berber
Olimpik Arena Spor Kulübü,+905535727605,Kuaför / Berber
Nest Combat Fitness / BJJ / MMA / Crossfit,+905537139455,Kuaför / Berber
SPORTS GÜZELYALI,+905010076094,Kuaför / Berber
THE PILATES ACADEMY,+905322076014,Pilates / Yoga
İzmir Pilates Studio,+902322565585,Pilates / Yoga
Dev Stüdyo,+905454220300,Kuaför / Berber
Fizyoterapist Özgür Güven | Manuel Terapi | Klinik Pilates | Reformer Pilates,+905072437503,Psikolog / Terapist
Devi Pilates,+905401052535,Pilates / Yoga
Studio Tuğçe Budak,+905542298484,Kuaför / Berber
Relax & Rehab Fizyoterapi,+905013358003,Psikolog / Terapist
Nyx Pilates Studio,+905312459567,Pilates / Yoga
CrossFit Alsancak,+905331615252,Kuaför / Berber
DENGE PİLATES REFORMER,+905305658474,Pilates / Yoga
Okyanus Pilates,+905353112177,Pilates / Yoga
Collective Life Studio,+905534490455,Pilates / Yoga
Mavi Rota Spor Kulübü,+905541468553,Kuaför / Berber
Positive Pilates Bornova,+905438703500,Pilates / Yoga
BB Pilates Studio,+905548884242,Pilates / Yoga
Zen Pilates,+905063250282,Pilates / Yoga
Studio Leo Pilates,+905333684610,Pilates / Yoga
Ekinoks Pilates Studio,+902322851717,Pilates / Yoga
ALSANCAK REFORMER PİLATES,+905336075272,Pilates / Yoga
ALSANCAK PİLATES STUDİO,+905302071908,Pilates / Yoga
HEYZIL PİLATES,+905458677115,Pilates / Yoga
"Sportfiz Buca | Kayropraktik, Reformer Pilates, Fizyoterapi, Manuel Terapi",+905414863500,Psikolog / Terapist
Nas Pilates Stüdyosu,+902322438243,Pilates / Yoga
Karaca Mini Spa Ve Fitness Merkezi,+902324891940,Kuaför / Berber
Alsancak Pilates & Training Zone Studıo,+905555026085,Pilates / Yoga
"Enercix Sports Studio Personal Traning & Reformer Pilates , Hamile Jimlastiği Alsancak",+905072601841,Pilates / Yoga
Atölye Sağlık Pilates,+905526533600,Pilates / Yoga
Flex Training Studio,+905555751624,Kuaför / Berber
izmir wakeup pilates studio,+905312183030,Pilates / Yoga
Me Time Pilates Studio,+905516210618,Pilates / Yoga
izmirde pilates salonu | Stüdyo İDA,+905425536807,Pilates / Yoga
CGA PİLATES STUDİO,+905550516697,Pilates / Yoga
Fit Republic,+902324651956,Kuaför / Berber
ES PLUS PILATES & PERSONAL TRAINING STUDIO,+905321356789,Pilates / Yoga
Studio Woo,+905533254969,Kuaför / Berber
Performanss Reformer Pilates Studio,+905350366358,Pilates / Yoga
Yess Pilates Studio,+905327811909,Pilates / Yoga
QuiteFit Spor Salonu,+905079423530,Kuaför / Berber
Balance Pilates School,+902324217077,Pilates / Yoga
Reforuim | Reformer Pilates,+905072504710,Pilates / Yoga
Maymesporcenter,+905413576963,Kuaför / Berber
SALOON KAAN +plus,+905069643144,Kuaför / Berber
Zeynep Meriç beauty saloon menderes,+905323796005,Güzellik Salonu
Gülay Ersoy Güzellik Salonu,+905333012314,Güzellik Salonu
NUR KOÇ GÜZELLİK VE ESTETİK,+905539545447,Güzellik Salonu
Luux bayan kuaförü ve güzellik salonu,+905061176915,Güzellik Salonu
Hd Beauty Salon,+905531700095,Güzellik Salonu
Erva’s Beauty,+905052653553,Güzellik Salonu
SMYRNA KUAFÖR & GÜZELLİK,+905077103197,Güzellik Salonu
esen beauty studio,+905075461614,Güzellik Salonu
LUNES GÜZELLİK,+905540064959,Güzellik Salonu
Gonca Gönüllü Güzellik Merkezi,+905313552662,Güzellik Salonu
ALVİON MENDERES,+905521695192,Güzellik Salonu
Kokoşş Kuaför / KADIN KUAFÖRÜ,+905392798353,Kuaför / Berber
Elçin Sir-Ağda Salonu,+905556159974,Güzellik Salonu
Menderes Güzellik Salonu,+908507702249,Güzellik Salonu
Menderes Bayan Kuaförü shanzelize,+905442949858,Kuaför / Berber
Karmin Bayan Kuaförü | Protez Tırnak | Güzellik Salonu,+905324943609,Güzellik Salonu
Cansu Özkan Beauty,+905382408009,Güzellik Salonu
Şengül Saç & Türban Tasarım,+902327826499,Kuaför / Berber
İSEM KADIN KUAFORÜ VE GÜZELLİK SALONU,+905434188858,Güzellik Salonu
Alim Kaymaz Hair Design,+905532875810,Kuaför / Berber
Gökçe kaya beauty,+905428313551,Güzellik Salonu
Menderes Merve kuaför,+905534893233,Kuaför / Berber
Melike Tek Art & Beauty,+905426699035,Güzellik Salonu
Noyaderm kuaför ve güzellik salonu,+905303787082,Güzellik Salonu
CASANOVA ERKEK KUAFÖRÜ,+905340811414,Kuaför / Berber
Zeynep Tezcan Kuaför Güzelik & Estetik,+905301559689,Güzellik Salonu
Evren Kuaför,+902327825180,Kuaför / Berber
Merve Kuaför/Güzellik Salonu,+905071811020,Güzellik Salonu
BY SERKAN BARBERS SHOP,+905310237969,Kuaför / Berber
Saloon Ferdi,+905449714120,Kuaför / Berber
Kuaför Nazan,+902327827172,Kuaför / Berber
Tamer Azizoğlu Kuaför,+905072697492,Kuaför / Berber
ES.MAKAS ERKEK KUAFÖRÜ,+905539638942,Kuaför / Berber
The Power House GYM MENDERES,+905316028551,Kuaför / Berber
Gladio Fit Menderes,+905444683710,Kuaför / Berber
Sportlife Menderes,+902327821819,Kuaför / Berber
Sportfiz Menderes | Reformer Pilates Studio,+905423913530,Pilates / Yoga
Kali Nail Studio,+905531900022,Güzellik Salonu
Venustas kuaför,+905422648200,Kuaför / Berber
Gözde Kuaför,+905427653599,Kuaför / Berber
SALON Özenç Simge,+905079083423,Kuaför / Berber
BY MAKAS ERKEK KUAFÖRÜ,+905344509239,Kuaför / Berber
Uğur Makas Erkek Kuaförü,+905325746989,Kuaför / Berber
Aşkın Erkek Kuaförü,+905327840900,Kuaför / Berber
H&S HAİR STYLE,+905513907976,Kuaför / Berber
Kuaför Mehmet,+902327826073,Kuaför / Berber
Oğuz hair stylist,+905071509900,Kuaför / Berber
Gamze Akyurt Nail & Beauty Studio,+905321701633,Güzellik Salonu
Elif Nail Studio,+905520246907,Güzellik Salonu
Özge Temel Beauty,+905422583332,Güzellik Salonu
BOHEME GÜZELLİK MENDERES,+905418982624,Güzellik Salonu
Leo Beauty,+905534312729,Güzellik Salonu
Naturabeautycenter,+905302324481,Güzellik Salonu
Mehmet Karakaya Barber,+905344991830,Kuaför / Berber
SERDAR HAİR ERKEK KUAFÖR,+905444698536,Kuaför / Berber
Seher Kuaför,+905055588563,Kuaför / Berber
Pilates Studio 222,+905333799599,Pilates / Yoga
Etiler Saç Tasarım,+905384557420,Kuaför / Berber
Cansu Kuaför,+905073077553,Kuaför / Berber
Berber Mustafa,+905326632610,Kuaför / Berber
TARZ ERKEK KUAFÖRÜ MENDERES,+905551699180,Kuaför / Berber
İmaj Kuaför,+905316936297,Kuaför / Berber
Can Bayan Kuaförü,+902327822791,Kuaför / Berber
TREND ERKEK KUAFÖRÜ,+905425360989,Kuaför / Berber
FIT AND ART STUDIO,+905543744051,Kuaför / Berber
Fizyoterapist Doktor Ümran Kömür - İzmir Menderes,+905400628872,Psikolog / Terapist
Fitnessland,+905498502149,Kuaför / Berber
setriesma,+905321368373,Güzellik Salonu
Saloon Aygül,+905464351509,Kuaför / Berber
Serkan Pala Berber,+905334484861,Kuaför / Berber
Mert Erkek Kuaförü,+905079160967,Kuaför / Berber
Doğuş Erkek Kuaförü,+905365085147,Kuaför / Berber
Deniz erkek kuaförü,+905364978526,Kuaför / Berber
EYLÜL BEAUTY,+905058561416,Güzellik Salonu
Dr. Well Buca,+908506110911,Güzellik Salonu
Dent Notion I Menderes Diş Polikliniği l İmplant ve Estetik Diş Hekimliği,+902327826811,Diş Kliniği
BÜŞRA YILMAZ BEAUTY,+905534993294,Güzellik Salonu
NURİYE BOZKURT ESTETİK GÜZELLİK MERKEZİ,+905415662300,Güzellik Salonu
AYSEL SEVİMLİ GÜZELLİK,+905532269597,Güzellik Salonu
Fox Beauty Center,+905437177131,Güzellik Salonu
Ayşe Gönültaş Epilasyon & Güzellik Merkezi,+905424876800,Güzellik Salonu
Dr. Naturel Lazer Epilasyon Merkezi,+905412353929,Güzellik Salonu
Ceren Ceviz Estetik,+905524135265,Güzellik Salonu
Selin&Beyza Güzellik,+905449028515,Güzellik Salonu
dermolife güzellik merkezi,+903224588400,Güzellik Salonu
Aysel Durman Güzellik Merkezi,+905524720405,Güzellik Salonu
Menderes Psikolog - Menderes Psikoloji - Uzman Klinik Psikolog Sinem Bayrak,+905468454965,Psikolog / Terapist
Menderes Psikolog - Çocuk Ergen Evlilik Çift Danışmanlık Merkezi,+905352086752,Psikolog / Terapist
Ala Rehberlik ve Psikolojik Danışma Merkezi - Uzman Psikolog Onur Coşkun,+905455767587,Psikolog / Terapist
İzmir Çene Cerrahisi Uzmanı | Gamze Arıcı | İmplant ve Gömülü Diş Tedavisi,+905343911664,Diş Kliniği
Özel Dent Menderes Ağız ve Diş Sağlığı Polikliniği,+905331209876,Diş Kliniği
Özel Avrupadent Menderes Ağız ve Diş Sağlığı Polikliniği,+905010762201,Diş Kliniği
DENTEGEMEN,+902327821190,Diş Kliniği
SEODENT Ağız Ve Diş Sağlığı Polikliniği,+905447824049,Diş Kliniği
Dt. Ertan Balıkçı,+905334237882,Diş Kliniği
Diş Hekimi Mustafa BAHAR.,+902327824049,Diş Kliniği
ICE Dent Ağız ve Diş Sağlığı Polikliniği,+905444237658,Diş Kliniği
ÖZEL MOVA DENTAL AĞIZ VE DİŞ SAĞLIĞI POLİKLİNİĞİ,+905010823386,Diş Kliniği
Avrupadent Buca Forbes Ağız ve Diş Sağlığı Polikliniği İzmir Gülüş Tasarımı,+902324382000,Diş Kliniği
İzmir-Buca-Dt.Uğur Erçiftci-Özel Dentasey-Ağız ve Diş Sağlığı Polikliniği- Diş Hekimi (Doktoru) - İmplant--Protez,+902324522967,Diş Kliniği
Denta Klinik Ağız ve Diş Sağlığı Polikliniği,+902324380510,Diş Kliniği
Diş Hekimi Aysun Kackın,+902327823183,Diş Kliniği
Tattoogang232,+905070233752,Dövme & Piercing
Monstera Tattoo & Piercing Studio,+905367608577,Dövme & Piercing
Nyx tattoo studio,+905367293708,Dövme & Piercing
OBeN Tattoo Ve Piercing,+905059811508,Dövme & Piercing
Liyan Tattoo,+905462322829,Dövme & Piercing
Mori ink - Tattoo & Piercing Studio,+905556893529,Dövme & Piercing
Diyetisyen Şeyma Aytekin,+905550800469,Diyetisyen
Diyetisyen Seray Akın,+905427849780,Diyetisyen
Gold Sporium Menderes,+905307022176,Kuaför / Berber
Menderes Pilates,+905072392897,Pilates / Yoga
SDF SPORT Pilates & Ems Studio,+905334403393,Pilates / Yoga
İzFit Pt Studio,+905316871370,Kuaför / Berber
North pilates studio,+905453153535,Pilates / Yoga
Menderes Pilates & Reformer Salonu,+905317262879,Pilates / Yoga
lithium sports center menderes,+905397705252,Kuaför / Berber
Neon Fit Spor Center Menderes,+905557431110,Kuaför / Berber
"Gise Fizyoterapi ve Psikolojik Danışmanlık - Menderes/Kemalpaşa | Reformer Pilates, Manuel Terapi, Kişiye Özel",+905070824990,Psikolog / Terapist
Pilates Therapy Studio,+905068364496,Pilates / Yoga
Duru Güzellik Salonu,+905468533226,Güzellik Salonu
Anisa Beauty Studio,+905533889800,Güzellik Salonu
ESİNLESTETİK,+905331509186,Güzellik Salonu
SN TIRNAK VE GÜZELLİK MERKEZİ,+905333550825,Güzellik Salonu
Esra's Beauty Plus Güzellik & Kuaför Merkezi,+905075355089,Güzellik Salonu
Kybele Güzellik Salonu,+902328329297,Güzellik Salonu
Valery Estetik & Güzellik Menemen,+905441991415,Güzellik Salonu
DİNÇ GÜZELLİK MERKEZİ,+905314669395,Güzellik Salonu
CES GÜZELLİK MERKEZİ,+905533990035,Güzellik Salonu
Saida Halidova Güzellik Merkezi,+905528320001,Güzellik Salonu
Matmazel Estetik & Güzellik Merkezi,+905551585700,Güzellik Salonu
Emel Atasoy Microblading Beauty Studio,+905428232142,Güzellik Salonu
Tuğçe Dinçer Güzellik Salonu,+905433060693,Güzellik Salonu
Selay Oğuz Beauty Center,+905010887883,Güzellik Salonu
Nilüfer Deniz Güzellik & Estetik Merkezi,+905438982248,Güzellik Salonu
Dilara Cambaz güzellik salonu,+905546731423,Güzellik Salonu
Sevgi Dinleyen Beauty,+905354929409,Güzellik Salonu
Ceyda Altın Beauty,+905327744377,Güzellik Salonu
Liva Güzellik Salonu,+905313628811,Güzellik Salonu
Ezgisu KAYA Beauty Lounge,+905411182122,Güzellik Salonu
İLKAY VARKAN GÜZELLİK SALONU,+905522654035,Güzellik Salonu
Koyundere Menemen Kuaför Esra,+905359861006,Kuaför / Berber
Nis Kuaför & Güzellik Salonu,+905467924304,Güzellik Salonu
Huzur güzellik kuaför salonu,+905413536985,Güzellik Salonu
Pınar Kuaför&Güzellik Salonu,+902328383181,Güzellik Salonu
Atlı Kuaför | Egekent 2 | Ulukent |Menemen Bayan Kuaförü,+905388447120,Kuaför / Berber
Coıffeur Time,+905050172792,Güzellik Salonu
F&D Lotus Güzellik Salonu,+905066091916,Güzellik Salonu
B. Beauty,+905458909935,Güzellik Salonu
Elenora Estetik & Güzellik & Yaşam Dünyası,+902325077705,Güzellik Salonu
Salon The Mood kent 2- Ulukent- Bayan Kuaförü,+905437101219,Kuaför / Berber
Jadem Epilasyon & Güzellik Salonları,+905522312980,Güzellik Salonu
Nesrin Ataoğlu Güzellik Menemen,+905013657477,Güzellik Salonu
Assya Güzellik Salonu,+902364616001,Güzellik Salonu
EMN Beauty Center,+905074395369,Güzellik Salonu
Sevgi Kuaför Menemen,+902328314464,Kuaför / Berber
Mia Life Menemen,+905526218386,Güzellik Salonu
SS Beauty Center Güzellik Merkezi Kuaför,+905057976609,Güzellik Salonu
Rüzgar Beuaty,+905355447306,Güzellik Salonu
Sertaç bayan kuaför | Egekent 2 | Ulukent | Menemen bayan kuaförü,+905342189935,Kuaför / Berber
Serap Güzellik Salonu,+905530107377,Güzellik Salonu
Leyla Eker Hair Makeup Studio,+905382867992,Güzellik Salonu
Madam Angel Güzellik Salonu Menemen,+902328321129,Güzellik Salonu
Karamel Kuaför,+905532591060,Kuaför / Berber
Ensar Berber,+905073570229,Kuaför / Berber
inci güzellik merkezi,+905415207794,Güzellik Salonu
TUĞBA AVŞAR ESTETİK VE GÜZELLİK MERKEZİ,+905523193535,Güzellik Salonu
İzmir kuaför ferit,+905442325121,Kuaför / Berber
Oje Land Nail Stüdio,+905533863702,Güzellik Salonu
Oğuz Kuaför Nevzat Oğuz,+902328326550,Kuaför / Berber
Kuaför Evrim,+905545903517,Kuaför / Berber
Kuaför Sultan,+902328320413,Kuaför / Berber
Aleyna kuaför,+905342253617,Kuaför / Berber
Diyar Varkan Hair Studio,+905530102439,Kuaför / Berber
Firuze Saç ve Türban Tasarım,+905367059041,Kuaför / Berber
Anılar Kuaför Salonu,+905464819286,Kuaför / Berber
Kuaför Selma Baysal,+905070556822,Kuaför / Berber
BY ESİLA KUAFÖR,+905462815665,Kuaför / Berber
Melisa Kuaför,+905368106216,Kuaför / Berber
Kuaför Serpil,+902328311686,Kuaför / Berber
Nilay Güzellik & Yaşam Salonu Menemen,+905538297906,Güzellik Salonu
DYA kuaför,+905075263996,Güzellik Salonu
Ayşenur Kuaför Salonu,+902328310294,Kuaför / Berber
eva güzellik merkezi,+905061813535,Güzellik Salonu
İnci Bayan Kuaför Salonu,+905385244448,Kuaför / Berber
Esma Semra Saç Tasarım Ve Sir Salonu,+905374432167,Kuaför / Berber
Kırık Tarak Erkek Kuaför Salonu,+905543667223,Kuaför / Berber
Zinevriye Kuaför,+905369823998,Kuaför / Berber
salon Oğuzhan Erkek Kuaförü,+905529408092,Kuaför / Berber
Bahar Kuaför Salonu,+905070609225,Kuaför / Berber
Luna Epilasyon & Güzellik Salonu,+905539507535,Güzellik Salonu
Erkek Kuaför Salonu Haldun,+905443017076,Kuaför / Berber
Dilek Aydın Güzellik Salonu,+905424609379,Güzellik Salonu
Şafak Kuaför,+905434594212,Kuaför / Berber
Luwi Hair Salon,+905438384001,Kuaför / Berber
Selcan & Ege Bayan Kuaförü,+905054188825,Kuaför / Berber
İlknur Kuaför Salonu,+902328312895,Kuaför / Berber
Artist Bayan Coıffeur Beyaz,+905377724997,Kuaför / Berber
Saloon By Hakan,+905320576786,Kuaför / Berber
Kuaför ERCAN,+905419029412,Kuaför / Berber
Hacer Koçak / Makyaj & Saç Türban Tasarım,+905422384926,Güzellik Salonu
Güneş Türban Tasarım,+905307039263,Güzellik Salonu
Gümüş kuaför,+905323041084,Kuaför / Berber
Zarife Kuaför,+902328461016,Kuaför / Berber
Bayan Kuaförü Mehtap,+902328327032,Kuaför / Berber
Ekol Erkek Kuaförü,+905424058738,Kuaför / Berber
Kuaför Meryem,+902328312894,Kuaför / Berber
Kuaför Sinem İncekara,+905303007795,Kuaför / Berber
Yağmur Bayan Kuaförü,+905534760167,Kuaför / Berber
Namlı Hair Designer,+905318933631,Kuaför / Berber
Batı Erkek kuaför Salonu,+905383973597,Kuaför / Berber
Songül Kuaför,+902328313009,Kuaför / Berber
Kuaför Hilal,+905464269708,Kuaför / Berber
Kuaför Füsun,+902328321217,Kuaför / Berber
Çakır Erkek Kuaförü,+905468289702,Kuaför / Berber
Kuaför Şevket,+902328328464,Kuaför / Berber
Mert Erkek Kuaför Salonu,+905374424399,Kuaför / Berber
Erkek Kuaförü Erdi,+905344614401,Kuaför / Berber
FLORYA ERKEK KUAFÖRÜ,+905363865108,Kuaför / Berber
Egem Erkek Kuaför Salonu,+905449291860,Kuaför / Berber
By Mustafa Kuaför,+905438830672,Kuaför / Berber
Kardeşler Erkek Kuaförü,+905542514357,Kuaför / Berber
Altın Makas Erkek Kuaförü,+905077591386,Kuaför / Berber
BERBER ERKAN,+905354995405,Kuaför / Berber
Altın Serçe Kuaför Salonu,+905356847471,Kuaför / Berber
Kuaför İlknur,+905529331126,Kuaför / Berber
Umut Kuaför,+905496061662,Kuaför / Berber
Ömer Serbest Erkek Kuaför Salonu,+905313761054,Kuaför / Berber
Baykan Erkek Kuaförü,+905069020010,Kuaför / Berber
Berber Kardeşler (Halit Kurt),+905358273082,Kuaför / Berber
Berber Ayhan (Ayhan Kadıoğlu),+905337205635,Kuaför / Berber
Okyanus Erkek Kuaförü,+905414286809,Kuaför / Berber
İsa Erkek Kuaförü,+905385891806,Kuaför / Berber
Kuaför Umay,+905432231966,Kuaför / Berber
Orhan Erkek Kuaför Salonu,+905326769707,Kuaför / Berber
Bu Talip Erkek Kuaförü,+905372044650,Kuaför / Berber
İlayda Akçay Beauty,+905352850035,Güzellik Salonu
Luna Beauty&Nail,+905331903500,Güzellik Salonu
Chicas Nail Studio,+905520176909,Güzellik Salonu
Gamze Engel Nail Art Stüdyo,+905527751515,Güzellik Salonu
Linna Beauty,+905546333255,Güzellik Salonu
Tuğba Özer Nail Studio,+905520783894,Güzellik Salonu
İREMER BEAUTY,+902327001066,Güzellik Salonu
Plumanailart,+905414781643,Güzellik Salonu
İZNİLHAİRSTYLİST&MAKEUP,+905059774897,Güzellik Salonu
Nuti Beauty Center,+905319555562,Güzellik Salonu
ZC Estetik Ağız Ve Diş Sağlığı Polikliniği,+902328329594,Diş Kliniği
Uzm. Dr. Remzi Güzel,+905402002135,Diğer (Sağlık & Bakım)
Menemen Sempati Psikolojik Danışmanlık Merkezi | Menemen Psikolog,+905455409015,Psikolog / Terapist
Uzm. Kl. Psk. Aysel Genç,+905327925145,Psikolog / Terapist
Lotus Psikoloji,+905073359622,Psikolog / Terapist
Psikolog Şeyma Nur ÇİMEN,+905079330173,Psikolog / Terapist
Psikoİzmir Psikolojik Danışmanlık Merkezi,+905325752714,Psikolog / Terapist
Özel Santes Ağız ve Diş Sağlığı Polikliniği,+905324629395,Diş Kliniği
Özel Diş İzmir Ağız Ve Diş Sağlığı Polikliniği,+905320640472,Diş Kliniği
Özel Bora Demir Ağız Ve Diş Sağlığı Polikliniği,+902328322679,Diş Kliniği
ÖZEL DLR DENT AĞIZ VE DİŞ SAĞLIĞI POLİKLİNİĞİ,+905078070535,Diş Kliniği
ImpOrth Smile Studio Menemen Şubesi,+905497470635,Diş Kliniği
Özel SmileOn Ağız ve Diş Sağlığı Polikliniği,+905365216736,Diş Kliniği
Diş Hekimi Ebru Yüksel Doğu Muayenehanesi | Menemende Diş Hekimi | Menemende Diş Kliniği | Ulukentte Diş Tedavisi,+905079737366,Diş Kliniği
Diş Hekimi Zeynep Şeker,+902328381155,Diş Kliniği
MSA Smile Ağız ve Diş Sağlığı Polikliniği,+905340121006,Diş Kliniği
Dent Royal Dental Clinic,+902323663330,Diş Kliniği
Egekent 2 Diş Hekimi Cankat Yenemuk - Ulukent Diş Hekimi,+905313403081,Diş Kliniği
Diş Hekimi Özlem Dolar,+902328310687,Diş Kliniği
Özel CC Klinik Ağız ve Diş Sağlığı Polikliniği,+905319410335,Diş Kliniği
AnnKa Tattoo Art Studio,+905538019962,Dövme & Piercing
bybeardtattoosaloon,+905417842959,Dövme & Piercing
ANATOLİA GÜMÜŞ & SAAT TATTOO,+905355154801,Dövme & Piercing
Aifortattoo,+905057302699,Dövme & Piercing
Bade Gümüş,+905525334221,Dövme & Piercing
Kuaför Faruk,+902328920717,Kuaför / Berber
Exclusive Unisex Kuaför,+905321342822,Kuaför / Berber
Fatoş Kuaför,+902328922736,Kuaför / Berber
Kuaför Fatih,+902328929345,Kuaför / Berber
Başkent kuaför,+905353047232,Kuaför / Berber
Relax Erkek Kuafor,+905345895942,Kuaför / Berber
Kuaför Selçuk,+905559733203,Kuaför / Berber
Görkem Selçuk Hair Studio,+905076546511,Kuaför / Berber
Selçuk Opsar Kuaför,+902322503389,Kuaför / Berber
Kuaför Selçuk,+905373052994,Kuaför / Berber
NİLGÜN KUAFOR,+905436931369,Kuaför / Berber
.,+905305221138,Kuaför / Berber
Kuaför Selçuk,+905522725517,Kuaför / Berber
Salon Selçuk - Bay Bayan Kuaförü - Hair Artist,+902422299979,Kuaför / Berber
Mevlüt Bayan Kuaförü,+905549229606,Kuaför / Berber
Selçuk Bayan Kuaför,+905546193624,Kuaför / Berber
MÜGE KUAFÖR,+902328923895,Kuaför / Berber
Selçuk 2 Erkek Kuaförü,+905062383929,Kuaför / Berber
Moda Kuaför Burcu,+905437231638,Kuaför / Berber
Kuaför Selçuk,+905362089979,Kuaför / Berber
Ceyhun Erkek Kuaförü,+905394567060,Kuaför / Berber
Mars Pilates Ulukent,+905411021426,Pilates / Yoga
Mona Reformer Pilates Studio,+905306501221,Pilates / Yoga
ReformArt pilates stüdyosu,+905456481072,Pilates / Yoga
MELSA PILATES STUDIO,+905102216073,Pilates / Yoga
Alara Pilates Studio,+905060429317,Pilates / Yoga
Nortia Pilates,+905439102635,Pilates / Yoga
Bng Pilates Reformer,+905301126991,Pilates / Yoga
GMZ Pilates Studio,+905076819471,Pilates / Yoga
Alissa Pilates Studio,+905337951912,Pilates / Yoga
Fizyomer Reformer Mervenur Kaya,+905495607851,Pilates / Yoga
Sportfiz Ulukent | Reformer Pilates Studio,+905470750035,Pilates / Yoga
1'ST CLUB PİLATES,+905389381912,Pilates / Yoga
BNG pilates Menemen,+905078241700,Pilates / Yoga
M&G PILATES STUDIO,+905535356641,Pilates / Yoga
Sportime Fitness Menemen,+905434158795,Kuaför / Berber
Gizem Köse Pilates Studio,+905546332149,Pilates / Yoga
LARA WELLNESS ULUKENT PİLATES YOGA STUDIOSU,+905339297470,Pilates / Yoga
Blue Pilates Studio,+905078444035,Pilates / Yoga
PİLATESİUM PİLATES YOGA STUDİO,+905524359099,Pilates / Yoga
Hit Pilates Studio By Kübra Burak,+905053343795,Pilates / Yoga
KAYGISIZ YAŞAM - Reformer Pilates,+905336393555,Pilates / Yoga
Ladyfitt reformer,+905051254912,Kuaför / Berber
WasPilates,+905365039145,Pilates / Yoga
Vacu Premium Studio,+905367754099,Kuaför / Berber
Equinox Gym,+905547565516,Kuaför / Berber
Energy Sport Center,+905387427991,Kuaför / Berber
Menemen Fizyoterapist Mehmet Emre Çalışkan / Fizyomec Fizyoterapi ve Reformer Pilates,+905400043500,Psikolog / Terapist
WasFit,+905078326883,Kuaför / Berber
Gorilbey Gym Egekent 2 Menemen,+905332175350,Kuaför / Berber
Apex Fitness Arena,+905514857986,Kuaför / Berber
Pachamama Wellness,+905335515035,Pilates / Yoga
Narlıdere derm.A güzellik,+905054402535,Güzellik Salonu
Türkan Güzellik Salonu,+902322395544,Güzellik Salonu
RFS Güzellik Salonu,+902322386555,Güzellik Salonu
Eva Rise Beauty,+905321770838,Güzellik Salonu
Altın La Beaute Narlıdere Güzellik Salonu,+905323846463,Güzellik Salonu
İnci Beauty & Esthetic,+905525753140,Güzellik Salonu
Narlıdere Kuaför & Güzellik Salonu - The COLORBOX,+905367708577,Güzellik Salonu
Erhan Apaydın,+905538338900,Kuaför / Berber
Elite Plus narlıdere,+905010598879,Güzellik Salonu
Derm By Gulshen,+905068718622,Güzellik Salonu
Birsen Güzellik Salonu,+902322380222,Güzellik Salonu
Levante Beaute,+905078736411,Güzellik Salonu
La Derma Beauty Center,+905331626640,Güzellik Salonu
Parla Tırnak Stüdyosu - Narlıdere,+905011863354,Güzellik Salonu
Mine Güzellik Salonu,+902322386444,Güzellik Salonu
Solo Hair,+902322380868,Kuaför / Berber
Nazlı Acar Güzellik Salonu,+905061184340,Güzellik Salonu
Tufaner Kuaför ve Güzellik Salonu,+902322391939,Güzellik Salonu
San Kuaför İzmir Narlıdere,+902322393030,Kuaför / Berber
Gigi Nail & Beauty - Narlıdere Tırnak Stüdyosu,+905079927234,Güzellik Salonu
Diamore Beauty,+905417426966,Güzellik Salonu
Tuncay Doğan kuaför,+902325030023,Kuaför / Berber
Zarafetli Güzellik Merkezi,+902322381258,Güzellik Salonu
Jest Güzellik & Bakım İzmir,+905332513517,Güzellik Salonu
Kuaför Levent Çetin,+905079382756,Kuaför / Berber
Berrak Güzellik Salonu,+905333840482,Güzellik Salonu
Levent Ozlu Kuafor Ve Guzellik Salonu,+902322773495,Güzellik Salonu
Glory Hair Repair Studio,+905548076872,Kuaför / Berber
SALOON IŞIL,+905530851025,Kuaför / Berber
Midsummer Beauty Club By Efkan,+902322395030,Güzellik Salonu
Evoly Beauty,+905422033779,Güzellik Salonu
Kuaför Armağan Bürüncük,+902325030323,Kuaför / Berber
Osca Vip Kuaför,+902322791572,Kuaför / Berber
Gülden Yılmaz Güzellik Salonu,+902322388471,Güzellik Salonu
Moringa Kuaför,+902322382107,Kuaför / Berber
SAÇ TASARIM BERBER ORHAN,+905337427500,Kuaför / Berber
Esda Güzellik,+902322385092,Güzellik Salonu
Fox Beauty Clinic,+905537806860,Güzellik Salonu
FACTORY İZMİR KUAFÖR,+902322391020,Kuaför / Berber
Kuaför Cadde Plus,+902322394206,Kuaför / Berber
Kuaför Saniye,+902322391380,Kuaför / Berber
Kemal Küçükorman,+905067202987,Kuaför / Berber
Stüdyo 35 Kuaför,+902322393743,Kuaför / Berber
BY SΛVΛŞ DİNÇKΛL,+905301175924,Kuaför / Berber
Barones Kuaför,+902322383516,Kuaför / Berber
Fusun Salon Narlıdere,+905074665383,Kuaför / Berber
Saloon Remzi,+902329992510,Kuaför / Berber
Kuaför Anıl,+902322394818,Kuaför / Berber
HK Kuaför | Röfle Ombre | Kadın Saç Boyama ve Kesimi | En İyi Keratin Bakım ve Botoks | Bayan Topuz Saç Modelleri Fiyatları,+902322390909,Kuaför / Berber
Kuaför Alper Baykan,+902322394030,Kuaför / Berber
SALOON MARKA HAİR.MAKE-UP STUDIO,+902322389595,Kuaför / Berber
Soner THCR,+902322390992,Kuaför / Berber
Kuaför Sabiha & Melike,+902322394015,Kuaför / Berber
Kardelen Kuaför,+902322385095,Kuaför / Berber
Aslı Kuaför,+905548743454,Kuaför / Berber
Taner & Ekip,+902322390880,Kuaför / Berber
Kuaför Mehmet Ali,+905388308000,Kuaför / Berber
Bio-Derm Güzellik,+902324632774,Güzellik Salonu
Kuaför Mehmet Turhan,+902322381333,Kuaför / Berber
Afro Braids İzmir,+905536375553,Güzellik Salonu
By Vedat,+905425101171,Kuaför / Berber
Maskumen Lounge,+902322385047,Kuaför / Berber
Kuaför Emrah Yüksekol,+905458924811,Kuaför / Berber
PNR GÜZELLİK SALONU,+905447901616,Güzellik Salonu
Hair Art,+905066855688,Kuaför / Berber
Evrim Kuaför,+905063169157,Kuaför / Berber
Kuaför Bayram,+902322394445,Kuaför / Berber
Mahmut Köroğlu Hair Design,+905543536774,Kuaför / Berber
Salon MEHMET,+905309683785,Kuaför / Berber
Behiye Kuaför,+902322393443,Kuaför / Berber
Olga Tırnak Güzelbahçe Müge Aykutu,+905451223117,Güzellik Salonu
Serin Deniz Güzellik Salonu,+902322384344,Güzellik Salonu
Kuaför Alev Erol,+905050437686,Kuaför / Berber
BELLEZZA HAIR LOUNGE,+905449991006,Kuaför / Berber
Hair Studio Özkan,+905373231735,Kuaför / Berber
Ferhat Güzel Hair Artist,+905308705830,Kuaför / Berber
Kuaför By Mehmet & Ekibi,+902322396000,Kuaför / Berber
Sosyete Kuaförü Emin Çetin,+905531456670,Kuaför / Berber
FMOS KUAFÖR,+905301086297,Kuaför / Berber
Kemal Kuaför,+902322393771,Kuaför / Berber
Yıldız Erkek Kuaförü,+905355288475,Kuaför / Berber
Saloon Şafak Erkek Kuaförü,+905556499694,Kuaför / Berber
Saloon Soner Kaçmaz,+905413089490,Kuaför / Berber
Berber Caner,+902322382629,Kuaför / Berber
Ramazan Kaçmaz Bayan Kuaförü,+902322390027,Kuaför / Berber
Gamze bayan kuaförü,+905530236164,Kuaför / Berber
GD Görkem Demiröz Erkek Kuaförü,+905534312879,Kuaför / Berber
Sönmez Erkek Kuaförü,+905386237110,Kuaför / Berber
Gaia Hair Salon,+905438840358,Kuaför / Berber
By Ramazan Erek Kuaför,+905070663868,Kuaför / Berber
Musty Erkek Kuaförü,+905558702312,Kuaför / Berber
Dilek Kuaför,+902322389329,Kuaför / Berber
Ersin,+905353157865,Kuaför / Berber
Ahmet Erkek Kuaförü,+905069702023,Kuaför / Berber
Fatoş Kuaför,+902322393448,Kuaför / Berber
Gökhan çetin kuaför,+905548286092,Kuaför / Berber
Halil Erkek Kuaförü,+902322397075,Kuaför / Berber
kuaför gülden adıgüzel,+905524748187,Kuaför / Berber
Kuaför Merve,+902322380515,Kuaför / Berber
Kuaför Nurcan,+905325786871,Kuaför / Berber
Kuaför Ahmet & Hülya,+905548009202,Kuaför / Berber
Ertan kuaför,+905079615248,Kuaför / Berber
Kuaför Ayhan Çevik,+905392455454,Kuaför / Berber
Muhsin erkek kuaförü İzmir Narlıdere,+905060264197,Kuaför / Berber
ST Erkek kuaför ve bakım merkezi,+905458226744,Kuaför / Berber
Kuaför Özay Duman,+902322385855,Kuaför / Berber
Deno Pet Style Pet Kuaför,+905324809488,Kuaför / Berber
Cengiz Atabay Erkek Kuaförü,+905536451256,Kuaför / Berber
Berber Süleyman,+905546959675,Kuaför / Berber
By Şeyhmus Erkek Kuaförü,+905550572402,Kuaför / Berber
Mustafa Erkek Kuaför İrem,+905364661887,Kuaför / Berber
Ti Amo Kuaför,+902322383909,Kuaför / Berber
Karizma Erkek Kuaförü,+902322397274,Kuaför / Berber
Ozan Erkek Kuaförü,+905071667662,Kuaför / Berber
Şehnaz Kaş Tasarım Kalıcı Makyaj,+905439212281,Güzellik Salonu
ARZU Kuaför,+902322394401,Kuaför / Berber
MELİSA TOPALOĞLU NAİL & BEAUTY CENTER,+905332360053,Güzellik Salonu
Kuaför Sae,+902322393115,Kuaför / Berber
LARA PET KUAFÖR,+905427285272,Kuaför / Berber
GokchenBeauty,+905530913218,Güzellik Salonu
STUDIO MATHILDA,+905077770109,Güzellik Salonu
Tuğba Bıyık Permanent Makeup Studio,+905342754322,Güzellik Salonu
Seray Ergin Beauty,+905053265735,Güzellik Salonu
Bircan Beauty,+902322381615,Güzellik Salonu
Nesrin Meriç BEAUTY,+905062746780,Güzellik Salonu
Aycan Demir Beauty,+905309482493,Güzellik Salonu
Mohan Fit Beauty,+905331615756,Güzellik Salonu
Meccaofbeauty,+905066322135,Güzellik Salonu
Narlıdere Enerji Kilo Kontrol Merkezi,+905075936865,Güzellik Salonu
Tera Estetik ve Güzellik,+905076534178,Güzellik Salonu
Lady's Aura Güzellik Salonu,+902322782268,Güzellik Salonu
Dr. Rukiye Hatipsoylu Medikal Estetik Kliniği,+905064189507,Güzellik Salonu
Pınar akademi estetik&güzellik merkezi,+902322783400,Güzellik Salonu
Blue Life Beauty,+905013350009,Güzellik Salonu
Dr.Bekir Hucuptan - Medikal Estetik Uygulamalar - Ozon terapi - Mezoterapi,+905443231320,Psikolog / Terapist
Melekler Estetik & Güzellik,+905435530065,Güzellik Salonu
Lamona Güzellik & Estetik Balçova,+905359339435,Güzellik Salonu
Dr. Duygu Uz,+905432947111,Diğer (Sağlık & Bakım)
Lotus Güzellik Güzelbahçe,+902322343424,Güzellik Salonu
De'luxe estetik ve güzellik,+905362000211,Güzellik Salonu
Elite plus lazer cilt bakımı ve güzellik merkezi,+905525029489,Güzellik Salonu
Gizem Seven Beauty,+905464414171,Güzellik Salonu
Emine Kıdal Estetik ve Güzellik Merkezi,+902327541191,Güzellik Salonu
Avrupa Estetik ve Güzellik Merkezi | Soprano Ice Buz Lazer İzmir-Cilt Bakımı-Lazer Epilasyon İzmir-Beauty Center İzmir,+905533020900,Güzellik Salonu
Dr. Dilek Kök,+908508113621,Diğer (Sağlık & Bakım)
Mirina Clinic Güzellik & Estetik,+902322453636,Güzellik Salonu
SADE POLİKLİNİK,+902323291900,Güzellik Salonu
Op.Dr.Kerem Yılmaz,+905392320340,Diğer (Sağlık & Bakım)
Hills Beauty House By İlayda,+905304189511,Güzellik Salonu
Yasemin Ulusoy Estetik ve Güzellik,+905462301359,Güzellik Salonu
Slimfit Estetik Göztepe,+905555148118,Güzellik Salonu
proinvent clinic,+905453786307,Güzellik Salonu
"Prof. Dr. Rıza Alpöz Diş Kliniği Çocuk Diş Hekimliği, estetik Diş Hekimliği, ortodonti implant, endodonti",+902322381626,Diş Kliniği
Uzman Psikolog Senem Kadıoğlu,+905453071973,Psikolog / Terapist
Narlıdere Psikoloji ve Yaşam Merkezi,+905324292135,Psikolog / Terapist
Uzman Psikolog Sena TOROS,+905335674540,Psikolog / Terapist
NARLIDERE SARES PSİKOLOJİ,+905513583535,Psikolog / Terapist
Maria & Ayhan Öcal Psikolojik Danışmanlık Merkezi,+905379532925,Psikolog / Terapist
Uzman Doktor Nihal Mumcu Psikiyatrist Psikoterapist,+905065567851,Psikolog / Terapist
"Uzm. Kl. Psk. Lal Gürün, Psikoloji",+905382927501,Psikolog / Terapist
Uzman Pedagog Sıla Ersan Tektaş,+905362493185,Psikolog / Terapist
ES PSİKOLOJİ,+905518868946,Psikolog / Terapist
"İnegöl psikolog. Uzman Klinik Psikolog Yusuf Kavun. Ergen, Yetişkin, Evlilik, Çift Psikoloğu, Psikoterapist",+905449393969,Psikolog / Terapist
Uzman Psikolog İrem Kalaycıklı,+905345250313,Psikolog / Terapist
Sercan Özgören | Online Psikolog | İzmir Psikolog,+905459306177,Psikolog / Terapist
Etka Psikolojik Danışmanlık,+905079291466,Psikolog / Terapist
Psikolog Ümran Şipal Deniz-İzmir Etik Danışmanlık Merkezi,+905056547542,Psikolog / Terapist
Psk. Cansu Karcıoğlu,+908508119878,Psikolog / Terapist
Kordon Psikoloji Merkezi | İzmir Balçova Psikolog,+905013416035,Psikolog / Terapist
Özel His Psikoloji Aile Danışma Merkezi,+905513665535,Psikolog / Terapist
Statera Fizyoterapi & Psikoloji Danışmanlık Merkezi (Balçova),+905053102425,Psikolog / Terapist
Ceren Gencosman Sabuncu,+905396555122,Psikolog / Terapist
Özel Plüton Gündüz Bakım Evi,+902323727247,Diğer (Sağlık & Bakım)
Psikolog/Aile Danışmanı Bedriye Doğan,+905075288160,Psikolog / Terapist
Klinik Psikolog Melissa Eser,+905316453522,Psikolog / Terapist
Uzm.Dr. Harun Erdem,+905335088035,Psikolog / Terapist
Klinik Psikolog Ceren Gündüz Zamandar,+905317117650,Psikolog / Terapist
Uzman Klinik Psikolog Alara Torunlu | İzmir Çiğli EMDR ve Psikoterapi,+905315233774,Psikolog / Terapist
Evren Psikoloji Danışmanlığı,+905307638736,Psikolog / Terapist
Psikolog İrem Tükel,+905545749893,Psikolog / Terapist
Uzm. Psk. Burcu Budak Psikoloji Merkezi,+905451882018,Psikolog / Terapist
"Psikosentez | Psikoterapi, Hipnoterapi, EMDR, Çift Terapisi, Aile Danışmanlığı",+905302302210,Psikolog / Terapist
Sufle Psikoloji,+905313025477,Psikolog / Terapist
The Balance Psikoloji,+905403535232,Psikolog / Terapist
İzmir Psikologlar,+905449751124,Psikolog / Terapist
Psikiyatrist Necati Çobanoğlu,+902322908495,Psikolog / Terapist
Bahriye İncirmen,+905324231437,Psikolog / Terapist
Psikolog Hülya Öznehir Çintan Eğitim & Danışmanlık,+905322823009,Psikolog / Terapist
Özel Avrupadent Narlıdere Ağız ve Diş Sağlığı Polikliniği,+905050472201,Diş Kliniği
Narlıdere Ağız ve Diş Sağlığı Merkezi,+902322393311,Diş Kliniği
NarlıDent Ağız ve Diş Sağlığı Polikliniği | İzmir Diş Kliniği,+905462381535,Diş Kliniği
Özel Dokuz Eylül Ağız Ve Diş Sağlığı Polikliniği,+902322390041,Diş Kliniği
CEON Ağız ve Diş Sağlığı Polikliniği,+902324234414,Diş Kliniği
Dent Forum Ağız ve Diş Sağlığı Polikliniği,+902322503050,Diş Kliniği
DENT BİRCAN AĞIZ VE DİŞ SAĞLIĞI POLİKLİNIĞİ,+905528835566,Diş Kliniği
Navi Ağız ve Diş Sağlığı Polikliniği,+902323677777,Diş Kliniği
Sun Diş Polikliniği,+902322791067,Diş Kliniği
Diş Hekimi Dt. Özge İlhan,+902329999162,Diş Kliniği
Diş Hekimi Ahmet Erdoğdu,+905537898836,Diş Kliniği
Dentaverse Özel Ağız ve Diş Sağlıklı Polikliniği | Dentaverse Turkey,+905545215790,Diş Kliniği
Diş Hekimi Batuhan Hıdıroğlu,+902322161312,Diş Kliniği
DİŞ HEKİMİ REHA ÖNGEN| İmplant diş|Protez|Zirkonyum diş|Gülüş tasarımı|E max diş|Lamine diş|Dolgu|Diş teli|,+905322009659,Diş Kliniği
Diş Hekimi Vahit Miçooğulları,+902322383050,Diş Kliniği
Diş Hekimi Leman Türksever,+902322393617,Diş Kliniği
Diş Hekimi Berna Yarımağa,+902322394285,Diş Kliniği
Oğuz Titiz,+905333100135,Diş Kliniği
Diş Hekimi Hülya Coşkun,+902322380171,Diş Kliniği
Özel Avrupadent Balçova Ağız ve Diş Sağlığı Polikliniği,+902322770100,Diş Kliniği
Diş Hekimi Berkan Alptekin,+902322383336,Diş Kliniği
DİŞ HEKİMİ MÜGE AKTAŞ GÜLTEKIN- DİŞ HEKİMİ ATAMAN ÖZGEN GÜLTEKİN,+905330494419,Diş Kliniği
A kiss is art,+905050143666,Dövme & Piercing
Renascor Kilo Kontrol Merkezi,+905052350010,Kuaför / Berber
BOUNCE PILATES STUDIO,+905552339699,Pilates / Yoga
Narlıdere Pilates Reformer,+905326915320,Pilates / Yoga
SDF Pilates Studio,+905060233393,Pilates / Yoga
Koi Pilates Studio,+905544884873,Pilates / Yoga
EGE PİLATES & Reformer Pilates & Aletli Pilates & Özel Pilates Dersi,+902322380788,Pilates / Yoga
LIFE BALANCE PILATES & WELLNESS STUDIO,+905535151438,Pilates / Yoga
UVA Wellness - Pilates - Yoga,+905441743074,Pilates / Yoga
Inside Pilates / Training Studio,+905536509555,Pilates / Yoga
DDG🧡Dilan Deniz Gökçek pilates Studio,+905333551648,Pilates / Yoga
Dia Pilates Studio,+905366110342,Pilates / Yoga
Vital Gym,+905398271814,Kuaför / Berber
"PtDynamic - Klinik Pilates, Osteopati, Yoga",+905350156500,Pilates / Yoga
Studio Si Plus - Pilates,+905546845333,Pilates / Yoga
Mua Pilates Studio,+905339451218,Pilates / Yoga
Sole Private Training Studio,+905379136974,Kuaför / Berber
Ru Wellnes & Pilates Studio,+905521506237,Pilates / Yoga
Form PT Studio,+905322072372,Kuaför / Berber
Master of Training Pt,+905553135267,Pilates / Yoga
Studiolife | Pilates Matwork | Anti Gravity Fitness,+902322398386,Pilates / Yoga
NOİFİT EMS FITNESS (NARLIDERE),+905538857641,Kuaför / Berber
Vita Pilates Studio,+902323740300,Pilates / Yoga
House Of Movement,+905544887891,Kuaför / Berber
Narlıdere pilates,+905335809764,Pilates / Yoga
Elegant Güzellik Simay Yorgancı,+902325095005,Güzellik Salonu
Velux Sağlıklı Güzellik Merkezi,+905546880435,Güzellik Salonu
Elenora Güzellik Merkezi Ödemiş,+905466191031,Güzellik Salonu
LETA PLUS,+905323908550,Güzellik Salonu
Bilge Beauty,+905344178370,Güzellik Salonu
Lila Beauty,+905468826921,Güzellik Salonu
Cansu Bayan Kuaförü Güzellik Salonu,+905546934663,Güzellik Salonu
ÖDEMİŞ KUAFÖR DİLARA ༺༊✾🍃 𝕊𝔸𝕃𝕆𝕆ℕ ƦƛƤƲƝȤЄԼ 🍃✾༊༻,+905466687900,Kuaför / Berber
Olivia Boyacıoğlu Güzellik Merkezi,+905331302826,Güzellik Salonu
Sevgi Serinkan Güzellik Merkezi,+905422614347,Güzellik Salonu
BURCU BAYAN KUAFÖRÜ HAİR STYLE ÖDEMİŞ,+905076179594,Güzellik Salonu
ESTETİSYA BEAUTY & MAKEUP STUDIO,+905356048010,Güzellik Salonu
Burcu öztürk,+905356558242,Güzellik Salonu
Trend Güzellik Salonu,+902325453348,Güzellik Salonu
Suna Hair & Make Up,+905395637730,Kuaför / Berber
YIKICI SALOON PROTEZ SAÇ VE ERKEK BAKIM MERKEZİ,+905542865663,Kuaför / Berber
Selinay Kuaför,+902325091986,Kuaför / Berber
Özgül Kuaför,+905514829034,Kuaför / Berber
Prime nail studio,+905345744151,Güzellik Salonu
Kapris Spa Masaj Salonu ÖDEMİŞ,+905355772132,Kuaför / Berber
Derya Kuaför,+902325442196,Kuaför / Berber
Mimoza Bayan Kuaförü,+905457612028,Kuaför / Berber
Salon Onur Bayan Kuaförü,+905075131797,Kuaför / Berber
Saloon meltem,+905315035571,Kuaför / Berber
Nihal Kuaför Ödemiş,+905354393228,Kuaför / Berber
Salon 35 Erkek Kuaförü,+905427675377,Kuaför / Berber
Kuaför Gürkan,+905367633529,Kuaför / Berber
MADAM HH KUAFÖR SALONU,+905392330122,Kuaför / Berber
Gizem Atelier,+905542423965,Kuaför / Berber
M S KUAFÖR,+905349110176,Kuaför / Berber
SALOON ABDULLAH ÖDEMİŞ,+905308792069,Kuaför / Berber
CPOWER FİTNESS SPOR SALONU ÖDEMİŞ,+905510943056,Kuaför / Berber
leventsaçtasarim,+905422198253,Kuaför / Berber
Değişim Erkek Kuaförü,+905054043710,Kuaför / Berber
Ferya Kuaför,+905355246758,Kuaför / Berber
Mihrican Kuaför,+902325454963,Kuaför / Berber
KUMSAL ERKEK KUAFÖRÜ,+905457273709,Güzellik Salonu
Trend Saç Tasarım Merkezi,+905343550098,Kuaför / Berber
Kenzel Kuaför,+905325030452,Kuaför / Berber
Selhan Saç Tasarım Merkezi,+905327385597,Kuaför / Berber
Aura Hairdresser Beauty,+905530824028,Güzellik Salonu
Kuaför Yasemin,+905386822085,Kuaför / Berber
Berkay Haır Art,+905433015854,Kuaför / Berber
YK HAIR STUDIO,+905539798935,Kuaför / Berber
Roy hair studio (berber),+905314027831,Kuaför / Berber
REN Kuaför,+905060587277,Kuaför / Berber
AYŞE KUAFÖR,+905416586361,Kuaför / Berber
Kardelen Bayan Kuaför,+902325452487,Kuaför / Berber
FLİNTA HAİR SALOON,+905373673469,Kuaför / Berber
ÇAĞIN HAİR STUDİO,+905537887435,Kuaför / Berber
ZEN KUAFÖR,+905432553180,Kuaför / Berber
VİP KUAFÖR SALONU,+905059830488,Kuaför / Berber
Formen Erkek Kuaför,+905438993819,Kuaför / Berber
Elit Erkek Kuaförü,+905538543771,Kuaför / Berber
Black Hair Stüdio,+905061700405,Kuaför / Berber
HÜSEYİN CEYLAN ERKEK BAKIM MERKEZİ,+905459442494,Kuaför / Berber
Saloon Emre,+905426723154,Kuaför / Berber
Tuğba Kuaför,+905334050351,Kuaför / Berber
Kaya Erkek Kuaförü,+905464034108,Kuaför / Berber
Levent Senem Kuaför,+905354392687,Kuaför / Berber
Yılmaz Erkek Kuaförü,+905415383724,Kuaför / Berber
Nimet Kuaför,+902325433914,Kuaför / Berber
Özgül erkek kuaförü,+905445585681,Kuaför / Berber
SELEFARS İS TUR GEZİ ACENTASİ VE BAYAN KUAFORU SEMRA,+905358399570,Kuaför / Berber
ALTINMAKAS ERKEK KUAFÖRÜ EKREM,+905076019405,Kuaför / Berber
Kuaforzaferceylan,+905366959169,Kuaför / Berber
Kuaför Sezgin,+905432555970,Kuaför / Berber
Sevda salon,+905522965352,Kuaför / Berber
Sercan erkek koforu,+905543840802,Kuaför / Berber
Berberler Ve Kuaförler Odası,+902325445453,Kuaför / Berber
ELA'M Erkek Kuaförü,+905387395850,Kuaför / Berber
Şimal erkek kuaförü,+905545785142,Kuaför / Berber
Barut erkek kuaförü,+905423102084,Kuaför / Berber
EGE BERBER SALONU,+905348787284,Kuaför / Berber
Berber Gökçe,+905352545292,Kuaför / Berber
Kaan Erkek Kuaförü,+902325454948,Kuaför / Berber
berber yusuf cezayerli,+905425021998,Kuaför / Berber
Can Berber Salonu,+905348447223,Kuaför / Berber
Salon venüs erkek bakım merkezi,+905438534425,Kuaför / Berber
Fenomen Erkek Kuaförü,+905077752159,Kuaför / Berber
Bozova Kuaför Salonu,+902325432238,Kuaför / Berber
ESLEM ERKEK KUAFÖRÜ,+905342792698,Kuaför / Berber
Recep Erkek Kuaförü,+905548629850,Kuaför / Berber
FittEsin Kilo Kontrol Merkezi,+905412048904,Diyetisyen
Uzman Doktor İsmet Emeklioğlu | Genel Cerrahi | Medikal Estetik,+905539516960,Güzellik Salonu
Uz.Psikolog Hatice Bilgin,+905322872981,Psikolog / Terapist
Ödemiş Psikoloji Merkezi Uzman Psikolog Afra Sakal Gök,+905323994775,Psikolog / Terapist
Uzman Klinik Psikolog Selin Sakınlı Halıcı,+905415072860,Psikolog / Terapist
Psikolog Rezzan Karluk Psikolojik Danışma Merkezi,+902325995050,Psikolog / Terapist
Psikolog Yağmur Ünal Psikolojik Danışmanlık Merkezi,+905536335661,Psikolog / Terapist
Uzman Psikolog Büşra Boğaz Kahya,+905102232068,Psikolog / Terapist
Uzman Psikolog Hande Subaşı,+905401911224,Psikolog / Terapist
Dicle Psikolojik Danışmanlık Merkezi,+905455442629,Psikolog / Terapist
Psikolog Burak Uzun,+905308203873,Psikolog / Terapist
Toprak Psikoloji,+905401000709,Psikolog / Terapist
Psikolog Özge Güner,+905326469769,Psikolog / Terapist
Uzm. Kl. Psk. Dilara Karagül,+902322182275,Psikolog / Terapist
Psikolog Pelin Akgün Psikolojik Danışmanlık Merkezi,+905325149799,Psikolog / Terapist
Özel Elif Andaç Ağız ve Diş Sağlığı Polikliniği,+902325449305,Diş Kliniği
Dentalogos Ağız ve Diş Sağlığı Polikliniği,+902325431212,Diş Kliniği
TA DENT AĞIZ VE DİŞ SAĞLIĞI POLİKLİNİĞİ,+905402054020,Diş Kliniği
Özel Ventus Clinic Ağız ve Diş Sağlığı Polikliniği,+905058893008,Diş Kliniği
Özel Ege Ağız ve Diş Sağlığı Polikliniği,+902325459111,Diş Kliniği
Diş Hekimi Şerif Esmi | İzmir Diş Kliniği | Ödemiş Diş Kliniği,+905327263909,Diş Kliniği
Diş Hekimi Esra Uyguner Göksel Kliniği,+905346898534,Diş Kliniği
Diş Hekimi Büşra Solak,+902325433842,Diş Kliniği
Dr. Ahmet Şengün,+902325454277,Diş Kliniği
Diş Hekimi Elif Bilge Günebakan,+905326596035,Diş Kliniği
Diş Hekimi Yılmaz BAKICI Muayenehanesi,+905409663636,Diş Kliniği
Diyetisyen Dirşah Taşlı | Ödemiş,+905434281519,Diyetisyen
Burcu Şenol Beslenme ve Diyet Danışmanlığı,+905062036818,Diyetisyen
Diyetisyen Nurcan Bayındır,+905334255510,Diyetisyen
Diyetisyen Ali Köymen Diyet Form Merkezi | Ödemiş Diyetisyen,+905465314457,Diyetisyen
Diyetisyen Sezin Geniş,+905060510330,Diyetisyen
Diyetisyen Gözde Çiftçi,+908504744180,Diyetisyen
Diyetisyen Bengü Burcu,+908504740159,Diyetisyen
Diyetisyen Neziha Uyaroğlu,+905432951613,Diyetisyen
Diyetisyen Tuğba Çimen,+905397100293,Diyetisyen
Diyetisyen İdil USLUOĞLU,+905375081997,Diyetisyen
Diyetisyen Şerife Efe,+905452814088,Diyetisyen
Diyetisyen Feyza Süzgen,+902325431600,Diyetisyen
Diyetisyen Ece Butakın,+905432544157,Diyetisyen
Dyt. Sude Yay,+908504746343,Diyetisyen
HOLİSTİK BESLENME ve İYİ YAŞAM MERKEZİ,+905533073963,Diyetisyen
Fitizmir Ödemiş Diyetisyen,+902323621315,Diyetisyen
Diyetisyen Elif Sena Çakır,+905518972676,Diyetisyen
Zindefitt,+905102203511,Diyetisyen
Diyetisyen Büşra Fidan,+902322182263,Diyetisyen
BHR STUDIO,+905076780095,Pilates / Yoga
"Lifeline Fizyoterapi, Kayropraktik & Pilates",+905333060797,Psikolog / Terapist
GOA Sport Kampüsü - Spor Salonu,+905309007590,Kuaför / Berber
Ödemiş Efe Fizyoterapi ve Sağlıklı Yaşam Merkezi,+905444754448,Psikolog / Terapist
GYMNASİUM HİBRİT CLUB FİTNESS & SPOR SALONU,+905425151991,Kuaför / Berber
StudioLotus,+905528004500,Pilates / Yoga
Atılım Fizyoterapi ve Rehabilitasyon Merkezi,+905316841376,Psikolog / Terapist
kuaför Turgay,+905359574426,Kuaför / Berber
"Emir Can Çınar Kuaför & Güzellik Salonu,Seferihisar Lazer Epilasyon,Seferihisar Saç Kesimi,Seferihisar Bayan Kuaförü",+905548330732,Güzellik Salonu
Cenk Atuk Güzellik Salonu,+905369421364,Güzellik Salonu
FEMA Estetik ve Güzellik Salonu,+905339612935,Güzellik Salonu
MyRose Seferihisar Bayan Kuaförü & Lazer Epilasyon,+905535376861,Güzellik Salonu
Şebnem Çelik Beauty,+905415752653,Güzellik Salonu
Melek Karataş Beauty,+905313114335,Güzellik Salonu
Rana Dolgun Güzellik Salonu,+905071668302,Güzellik Salonu
İrembeauty,+905061181306,Güzellik Salonu
Mirage Vip Beauty,+905364128377,Güzellik Salonu
Epilasyon güzellik Salonu bay bayan,+905325978804,Güzellik Salonu
Öznur Gül Beauty House,+905549041853,Güzellik Salonu
Gürhan Kuaför Seferihisar,+902327435383,Kuaför / Berber
Eyüp Evren Salon,+905419028557,Kuaför / Berber
DİLARA ATUK GÜZELLİK KOÇU,+905061182073,Güzellik Salonu
Fatike Hair Studio,+905305594426,Kuaför / Berber
ELİZİM KUAFÖR & GÜZELLİK SALONU,+905339506563,Güzellik Salonu
Demet Ceylan Beauty,+905426413015,Güzellik Salonu
H&M Erkek Berberi,+905316081829,Kuaför / Berber
Zümrüt Uyan Beauty Center,+905519986840,Güzellik Salonu
MİRAY BAYAN KUAFÖRÜ,+905542893737,Kuaför / Berber
Salon Deluxe Men & Women,+902325036977,Kuaför / Berber
AYLA KARADENİZ GÜZELLİK & ESTETİK,+905321324886,Güzellik Salonu
Hale Ohrili Beauty Studio,+905459436728,Güzellik Salonu
Duygu Su Beauty,+905407431995,Güzellik Salonu
TERA HAİR DESIGN,+905535227205,Kuaför / Berber
Tuğba Kuaför,+905013252843,Kuaför / Berber
Kuaför Ela,+902327433402,Kuaför / Berber
3EBarberShop,+905442885435,Kuaför / Berber
Kuaför Erkan Seferihisar,+905468902253,Kuaför / Berber
BATUHAN&ALİ HAIR SALON,+905060557624,Kuaför / Berber
Sevilay Kuaför Seferihisar,+902327435056,Kuaför / Berber
SEFERİHİSAR/İZMİR MASAJ (ŞİFA YOLU)(iNFRARED&İĞNELİ EPİLASYON),+905071525262,Güzellik Salonu
Makkas Erkek Kuaförü,+905346983504,Kuaför / Berber
Kuaför Hüseyin Bildik,+905323658384,Kuaför / Berber
Nesrin kuaför,+905383832424,Kuaför / Berber
Port Pilates Seferihisar,+905322879766,Pilates / Yoga
CHÉRİE CLUB BEAUTY,+905534202731,Güzellik Salonu
Akademi Erkek Kuaförü,+905074462271,Kuaför / Berber
Mila Pilates House,+905320686557,Pilates / Yoga
Berber Şeker,+905358544163,Kuaför / Berber
Seferihisar - pilates garden wellness studio,+905060672026,Pilates / Yoga
More Ink Tattoo Studıo,+905413480597,Dövme & Piercing
Steel Fıst Personal Training,+905385609949,Kuaför / Berber
Beautica - Büşra Arslan,+905316184771,Güzellik Salonu
Fatih Emrah Kuaför,+905074118797,Kuaför / Berber
Ay Kuaför,+905514182469,Kuaför / Berber
Berber Bülent,+905333276656,Kuaför / Berber
By Özkan Erkek Kuaförü Seferihisar,+905374014471,Kuaför / Berber
Anka Pilates Seferihisar,+905465978887,Pilates / Yoga
Luna Pilates Studio,+905057473577,Pilates / Yoga
Miva Beauty Clinic,+905459103902,Güzellik Salonu
MK HAİR STUDİO KUAFÖR,+905364417092,Kuaför / Berber
Pet Kuaför Seferihisar - Sebahat Parlak,+905357465566,Kuaför / Berber
Selim Kaynak Kuaför,+905306327984,Kuaför / Berber
Berber Mehmet,+905011274360,Güzellik Salonu
İlayda Kuaför,+902327421171,Kuaför / Berber
Elit Bayan Kuaförü Ürkmez,+905526206612,Kuaför / Berber
Patilie's Pet Kuaför,+905309671595,Kuaför / Berber
Alkim Irem Kuaför,+905352626359,Kuaför / Berber
Esperi Kuafor,+905331580250,Kuaför / Berber
Erman erkek kuaförü 75yıl Cumhuriyet Cad No49,+905534206362,Kuaför / Berber
Yusuf Erkek Kuaförü,+905077103614,Kuaför / Berber
Seferihisarproteztırnak,+905511693121,Güzellik Salonu
Samet Başaran Erkek Kuaförü,+905467831995,Kuaför / Berber
Meflow nails,+905404353558,Güzellik Salonu
ERMAN Erkek Kuaförü,+905011797588,Kuaför / Berber
Estetica Kuaför ZEYNEL SIĞACIK,+902322390444,Kuaför / Berber
Berber Hüsnü,+905534388117,Kuaför / Berber
Fit One Gym Fun and More Spor Salonu,+905458804835,Kuaför / Berber
Salon Nazife,+902322347098,Kuaför / Berber
Berat Erkek Kuaförü ve Bakım Salonu,+905525346074,Kuaför / Berber
Winners Sport Center,+905078090560,Kuaför / Berber
İlkay Fitness Studio,+905067554905,Kuaför / Berber
Patuli Veteriner Kliniği,+905376491153,Veteriner
Paşaoğlu Berber,+905322530982,Kuaför / Berber
Bayan kuaförü(freelance),+905316806537,Kuaför / Berber
AYY PERDE TASARİM,+905425532002,Diğer (Sağlık & Bakım)
Body Key Gym,+905530872189,Kuaför / Berber
İbrahim & İbrahim Kuaför Bornova Özkanlar,+902323471236,Kuaför / Berber
Smyrna Kuaför Spa & Güzellik Salonu,+905378138243,Güzellik Salonu
Cemre Nur Kandaz Nail Studio,+905522010161,Güzellik Salonu
NAIL ART URLA,+905301210806,Güzellik Salonu
FESTİNA LENTE PİLATES,+905344071230,Pilates / Yoga
İzmir Fizyoyaşam Sağlıklı Yaşam Merkezi ve Pilates Studio,+905306352482,Pilates / Yoga
Fizyoterapist Burak HARPUTLU,+905350398079,Psikolog / Terapist
Bianco Fizyoterapi Beyza ARGIN,+905435790888,Psikolog / Terapist
Kilo Kontrol Merkezi Sırma Yılmaz,+905533238052,Diğer (Sağlık & Bakım)
Vega Fizyoterapi Sağlıklı Yaşam Merkezi,+905012955055,Psikolog / Terapist
FİZYOTERAPİST SERKAN ŞAHİN/ÖZEL SAĞLIK MESLEK HİZMET BİRİMİ,+905532070103,Psikolog / Terapist
Dr. Kerem Çolakoğlu,+905317322835,Diğer (Sağlık & Bakım)
Psikolojik Danışman Sevcan Şayır | Seferihisar-İzmir,+905394047200,Psikolog / Terapist
Uzman Psikolog Aile Danışmanı Beyza Ece Yılmaz,+905303077886,Psikolog / Terapist
Doğade Psikoloji - Seferihisar Psikolog,+905306428925,Psikolog / Terapist
Tuğçe Temoçin - KLİNİK PSİKOLOG Seferihisar- İzmir,+905335549099,Psikolog / Terapist
Psikolog Sedef Yıldırım Saruhan,+905524635035,Psikolog / Terapist
Klinik Psikolog Özge Sezen Geliş - Seferihisar/İzmir,+905304476943,Psikolog / Terapist
Psikolog Çağatay Şevik,+905333398678,Psikolog / Terapist
Klinik Psikolog Beste İçağası,+905545002635,Psikolog / Terapist
Uzm. Psk. İnci Güçer,+905054689076,Psikolog / Terapist
DENT HAYAL AĞIZ VE DİŞ SAĞLIĞI POLİKLİNİĞİ,+905010897979,Diş Kliniği
Özel Cantürk Ağız ve Diş Sağlığı Polikliniği Seferihisar,+905537536654,Diş Kliniği
Özel Avrupadent Seferihisar Ağız ve Diş Sağlığı Polikliniği,+905076252201,Diş Kliniği
TEOS Ağız ve Diş Sağlığı Polikliniği,+905013436833,Diş Kliniği
UBAdent Ağız ve Diş Sağlığı Polikliniği - Diş Hekimi Ufuk Biçer - Aytuğ Özgüven,+905435235827,Diş Kliniği
Özel Denta Tual Ağız ve Diş Sağlığı Polikliniği,+902325021020,Diş Kliniği
Özel Dent Seferihisar Ağız ve Diş Sağlığı Polikliniği - Dt. Hüseyin Anıl Banazlı,+902326834232,Diş Kliniği
Özel Bluedent Ağız Ve Diş Sağlığı Polikliniği,+905447433635,Diş Kliniği
Seferihisar Diş Hekimi Caner Aydın,+905417431191,Diş Kliniği
DENTEOS Ağız ve Diş Sağlığı Polikliniği,+905421142335,Diş Kliniği
Seferihisar Diş Hekimi Bengü Görgülü,+902327433131,Diş Kliniği
"Mayda Clinic | Seferihisar Diş Doktoru | Diş Hekimi Seferihisar, implant, zirkonyum, kanal tedavisi",+905309161767,Diş Kliniği
Diş Hekimi Pelin Kurtuluş,+905427434400,Diş Kliniği
Uzm. Dt. Deniz Bayramoğlu,+905323905188,Diş Kliniği
Diş Hekimi İpek Nemutlu Bozkurt,+905014610193,Diş Kliniği
Diş Hekimi Hülya Özlem Antakyalı,+902322182330,Diş Kliniği
Diş Hekimi Eren Dikilitaş - Protez Uzmanı,+905327693509,Diş Kliniği
Zen Art,+905535958931,Dövme & Piercing
Premium Sports Club,+905068768618,Kuaför / Berber
Core Line Pilates Training House,+905455110912,Pilates / Yoga
ArFit Studio,+905452852645,Diğer (Sağlık & Bakım)
Sportnjoy,+905553547919,Kuaför / Berber
Burcu Sönmez Beauty Studio,+905533537851,Güzellik Salonu
Mine yılmaz Beauty Salon,+905306318732,Güzellik Salonu
Kozaderma Güzellik Merkezi,+905306422493,Güzellik Salonu
Yağmur Eroğlu Selçuk Güzellik Merkezi,+905451557353,Güzellik Salonu
Senemcegüzellik ve masaj salonu,+905414078904,Güzellik Salonu
Aphrodite Beauty Saloon,+905069043050,Güzellik Salonu
Selçuk Dent Estetik Ağız ve Diş Sağlığı Polikliniği,+902328921314,Diş Kliniği
SonYaz,+905512758002,Kuaför / Berber
Dr. Zilhice İlki Turan -- Medikal Estetik,+905438343080,Güzellik Salonu
Fulya Güzellik Salonu,+905530855103,Güzellik Salonu
BS Psikoloji ve Danışmanlık,+905544893535,Psikolog / Terapist
Berkant Polat Psikolojik Danışmanlık ve Rehberlik Merkezi --Torbalı Psikolog,+905442200909,Psikolog / Terapist
Uzman Torbalı Psikolog Pedagog - İzmir Çocuk Ergen Aile Terapisti,+905511780213,Psikolog / Terapist
Umut Yılmaz | Torbalı Psikolog | İzmir Psikolog,+905067922116,Psikolog / Terapist
Lotus Psikoloji - Torbalı Psikolog Ceren Kılıçlı Çetin,+905309959335,Psikolog / Terapist
Nisan Psikoloji - Torbalı Psikolog,+905417623822,Psikolog / Terapist
Torbalı Psikolog-Yakamoz Psikoloji,+905344843544,Psikolog / Terapist
Torbalı Psikodil Psikoloji Danışmanlık Merkezi,+905521231415,Psikolog / Terapist
Psikolog Bilge Çetinkaya,+905010156620,Psikolog / Terapist
Torbalı Psikolog Meryem Koldaş Arıcı,+905518794515,Psikolog / Terapist
Psikolog Fatma Özkan,+905421731242,Psikolog / Terapist
Flora Biorezonans Psikoloji ve Sağlık Merkezi,+905549840102,Diğer (Sağlık & Bakım)
Ay Psikoloji Akademisi,+905010731335,Psikolog / Terapist
Fizyoliva Sağlıklı Yaşam ve Fizyoterapi Merkezi,+905538435793,Psikolog / Terapist
ÖZEL SAĞLIK MESLEK HİZMET BİRİMİ DİYETİSYEN İSMAİL EGE AYDOĞDU,+905531434508,Diyetisyen
Diyetisyen Esma Tan,+905050903494,Diyetisyen
Diyetisyen İpek Özcan,+905456873535,Diyetisyen
Diyetisyen Mehmet Kaya,+905546611907,Diyetisyen
DİYETİSYEN MELİKE DUYAL,+905461235673,Diyetisyen
Diyetisyen Ece Önkan Sağlıklı Yaşam ve Diyet Merkezi & Sağlıklı Mutfak,+905539629290,Diyetisyen
Pink Pilates Studio,+905443634161,Pilates / Yoga
BT PİLATES STUDİO,+905455154105,Pilates / Yoga
C-S FITNESS Spor Merkezi,+905462777400,Kuaför / Berber
FitNJoyTrainingClub,+902325126000,Kuaför / Berber
FizyoFit Tire,+905423471705,Pilates / Yoga
Gold Class GYM,+905545454931,Kuaför / Berber
Oenomaus GYM,+905438281258,Kuaför / Berber
ODİN’S HALL,+905367487110,Kuaför / Berber
Tire Performance Hall,+905534293065,Kuaför / Berber
La Rose Spa & Wellness,+905367766414,Diğer (Sağlık & Bakım)
Zen Fit,+905541559017,Kuaför / Berber
DRD SPORTS,+905333625221,Kuaför / Berber
Özlem çelik vip güzellik,+905527824346,Güzellik Salonu
Mell Güzellik Merkezi - Torbalı Lazer Epilasyon Merkezi ve Güzellik Salonu,+905070352992,Güzellik Salonu
"Beauty Works Güzellik Merkezi - Torbalı Cilt Bakımı, Kalıcı Makyaj ve Sıkılaşma",+905326399098,Güzellik Salonu
Bir Demet Güzellik Salonu,+905521018980,Güzellik Salonu
DMA Torbalı Güzellik Salonu Ve Lazer Epilasyon Merkezi,+905435802866,Güzellik Salonu
Sera Güzellik Merkezi,+905070890188,Güzellik Salonu
Mavi güzellik,+905057961880,Güzellik Salonu
Dermameg Güzellik Salonu,+905550808442,Güzellik Salonu
Sirius Beauty Torbalı,+905389281357,Güzellik Salonu
Essi Güzellik Merkezi Torbalı,+902328555859,Güzellik Salonu
Dilara Toprak Beauty Center | Torbalı Güzellik Salonu,+905324755335,Güzellik Salonu
Esra Salur Güzellik Merkezi - Torbalı Güzellik Merkezi,+905443734314,Güzellik Salonu
Zénlight Güzellik Salonu,+905451353739,Güzellik Salonu
BURCU BAŞTÜRK GUZELLİK TORBALİ,+905519580258,Güzellik Salonu
Luvia Estetik ve Güzellik Merkezi,+905458560002,Güzellik Salonu
Papilla Beauty,+905055975050,Güzellik Salonu
Luda Beauty & Berna Baş - Torbalı/İzmir,+905300127759,Güzellik Salonu
Lilith Güzellik Salonu,+905333240842,Güzellik Salonu
GÜLİSTAN ERSİN KALICI MAKYAJ VE GÜZELLİK,+902328561363,Güzellik Salonu
Yıldız Güzellik ve Saç Tasarım Salonu,+905462686794,Güzellik Salonu
MUSTAFA ALİ YILMAZ 𝚑𝚊𝚒𝚛 𝚍𝚎𝚜𝚒𝚐𝚗 ️,+905530539354,Kuaför / Berber
Torbalı Relax Masaj salonu,+905010920064,Kuaför / Berber
Yaren Doğan Bayan Kuaför Salonu,+905551778103,Kuaför / Berber
Elif Karaağaç Hair & Make Up Studio,+905372884036,Kuaför / Berber
Özlem seymen İmge Kuaför,+902328563491,Kuaför / Berber
Kadir Balyemez Hair Artist,+902323322718,Kuaför / Berber
Gizem Türban Tasarım,+905355656535,Kuaför / Berber
Torbalı Tırnak Merkezi by Didem,+905546756579,Güzellik Salonu
Simge beauty,+905421424202,Güzellik Salonu
Torbalı Tırnak Studio,+905434984741,Güzellik Salonu
Ness Kuaför,+902328560307,Kuaför / Berber
Saloon Nevzat,+905546714573,Kuaför / Berber
Gül kuaför,+905446974674,Kuaför / Berber
Fatoş Kaplan Hair Makeup,+902328560086,Güzellik Salonu
Gizem Moray Elif Tan Beauty,+905401787888,Güzellik Salonu
Samet Davran Saç Tasarım,+905382028292,Kuaför / Berber
SELİM AKA HAİR MAKEUP,+905433814819,Güzellik Salonu
Emirce Güzellik Salonu,+905431140847,Güzellik Salonu
Düş Kuaför Salonu,+905363573652,Kuaför / Berber
Belit Güzellik,+905558458787,Güzellik Salonu
CAPİLUS BAYAN KUAFÖRÜ,+902328561243,Kuaför / Berber
Gülşah Akbal Beauty Center,+905061678583,Güzellik Salonu
MiaLife Torbalı Şubesi,+905523930435,Güzellik Salonu
ESTEE'M KUAFÖR & GÜZELLİK SALONU,+905531264035,Güzellik Salonu
Star Güzellik Salonu,+902328554202,Güzellik Salonu
Rosida Park Estetik Torbalı,+902328565444,Güzellik Salonu
NewEsta Estetik ve Güzellik Merkezi,+905538878777,Güzellik Salonu
Pınar Deniz güzellik salonu,+905307128738,Güzellik Salonu
Aura Bliss Güzellik Salonu by Büşra Yılmaz,+905362022996,Güzellik Salonu
MEDA Torbalı Güzellik ve Lazer Epilasyon Salonu,+905354649769,Güzellik Salonu
EYM Life Güzellik Merkezi,+905324132909,Güzellik Salonu
Berna Ozlu - İmaj Kuaför,+905058396067,Kuaför / Berber
Emre imzalısaçlar,+902328569068,Kuaför / Berber
Sude Ezo Özcelik Beauty,+905324499904,Güzellik Salonu
İstanbul Kuaför,+902328566233,Kuaför / Berber
Perim Hair Makeup Studio Torbalı,+905347873955,Güzellik Salonu
Emrah&Erkan Kuaför,+905061306692,Kuaför / Berber
Rabia Atmaca Kalıcı Makyaj ve Güzellik Salonu,+905432014074,Güzellik Salonu
Açelya Güldağ Nail Art,+905532178667,Güzellik Salonu
Bernali estetik,+905528320909,Güzellik Salonu
CELESTE ESTETİK,+905392634031,Güzellik Salonu
Fulya Kandemir Guzellik Merkezi,+905538004050,Güzellik Salonu
Reserve Hair Beauty Studio,+902326834640,Güzellik Salonu
FLORA GUZELLIK VE BAKIM SALONU,+905059304271,Güzellik Salonu
İnci beuaty studio,+905522146741,Kuaför / Berber
Melikeburkay_beauty,+905527911277,Güzellik Salonu
Otantik Berber Salonu,+905070777297,Kuaför / Berber
MUSTAFA ALİ YILMAZ 3,+905462942754,Kuaför / Berber
ByBekir Kuaför Salonu,+905398110095,Kuaför / Berber
temmuzlazer,+905409101111,Güzellik Salonu
Pelşin Alphan Güzellik Salonu,+905454344814,Güzellik Salonu
Aysun Doğru | Torbalı Lazer Epilasyon Merkezleri | Buz Lazer | İğneli Lazer,+905510733282,Güzellik Salonu
Bayan Kuaförü B&S Hair & Beauty,+905442193213,Güzellik Salonu
BELLA KUAFÖR,+905413557574,Kuaför / Berber
Anıl İmzalıSaçlar✨,+905385888935,Kuaför / Berber
MUSTAFA ALİ YILMAZ 2,+905367059438,Kuaför / Berber
PERLA COİFFEUR “Serpil BAHÇELİ”,+902328531505,Kuaför / Berber
SALON ÖZGE TORBALI,+905531098849,Kuaför / Berber
suhairstudıo,+905301821335,Güzellik Salonu
Batuhan Özer Coiffeur,+905535799974,Kuaför / Berber
KUAFÖR UĞUR BAY & BAYAN VİP SALONU,+905456960402,Kuaför / Berber
Damla Kuaför/DD Hairdresser,+905443323952,Kuaför / Berber
GÜLÇİN KUAFÖR,+905386806973,Kuaför / Berber
Erbay Kuaför,+905395649503,Kuaför / Berber
Nil Bayan Kuaför Torbalı,+905531561270,Kuaför / Berber
Kral Kuaför,+905469778977,Kuaför / Berber
İmge kuaför,+905346601887,Kuaför / Berber
Nefesim bayan kuaförü,+905536953512,Kuaför / Berber
lion hair designer,+905514480393,Kuaför / Berber
ByHasanKuaför,+905418609874,Kuaför / Berber
Erden Bayan Kuaför,+905399476635,Kuaför / Berber
Babacan hairdesign,+905417234784,Kuaför / Berber
Dostlar Kuaför,+905352273463,Kuaför / Berber
KARADENİZ KUAFÖR,+905437738717,Kuaför / Berber
Paris Bayan kuaförü,+905379214797,Kuaför / Berber
Golden Razor,+905070383333,Kuaför / Berber
Veysel Erkek Kuaförü,+905066994061,Kuaför / Berber
Asya Tunç Pervin Tunç Hair Makeup Studio,+905469614983,Güzellik Salonu
Ceylan kuaför,+905061233372,Kuaför / Berber
Zeliha albulut kuaför,+905077703908,Güzellik Salonu
Dilan Rozan Hair Make Up Studio,+905386472527,Kuaför / Berber
Pawlike Pet Kuaför & Petshop Torbalı,+905438895260,Kuaför / Berber
Beyefendi Erkek Kuaförü,+905531049894,Kuaför / Berber
HAİRDRESSER AYHAN ÇAĞLIYAN,+905336227386,Kuaför / Berber
Lidya Kuaför ve Güzellik Merkezi,+905377202684,Güzellik Salonu
Kuaför Sümer,+905444619896,Kuaför / Berber
Trend Erkek Kuaforü,+905076493858,Kuaför / Berber
ASLI'M BAYAN KUAFÖRÜ,+905320523280,Kuaför / Berber
Gizem Duymaz Kuaför,+905469556642,Kuaför / Berber
MERTT ERKEK KUAFÖRÜ,+905316547144,Kuaför / Berber
Hayat tirnak studio,+905461042928,Güzellik Salonu
Salon Moda Erkek Kuaförü,+905547343294,Kuaför / Berber
Emine kaya hair makeup studio,+905359488636,Güzellik Salonu
SALON N.E.D,+905314816948,Kuaför / Berber
Ayça Nail Stüdyo,+905530635436,Güzellik Salonu
Nail Kuaför ve Güzellik Salonu,+905302613636,Güzellik Salonu
Çağla Bingöl Nail Art Studio,+905533591449,Güzellik Salonu
ALİNA EFE NAİL & BEAUTY ART STUDİO,+905393528702,Güzellik Salonu
Lucetta Nail Art,+905380342580,Güzellik Salonu
Nirin Beauty,+905442878868,Güzellik Salonu
CELESTE BEAUTY,+905318890455,Güzellik Salonu
Rosa beauty nails,+905061056225,Güzellik Salonu
ŞEHRAZAT Güzellik Merkezi,+905455206995,Güzellik Salonu
Hayal Uşaklıoğlu Beauty Center,+905348139130,Güzellik Salonu
PANDORA VİP GÜZELLİK SALONU,+905360805848,Güzellik Salonu
Cansu Yıldırım Güzellik,+905437174937,Güzellik Salonu
İzmir Estetik Merkezi,+905434398945,Güzellik Salonu
Este Medifema,+905307086464,Güzellik Salonu
Dr.Pelin Taşdemir,+905352083643,Diğer (Sağlık & Bakım)
Didem Lök Güzellik,+905436852608,Güzellik Salonu
Leyla Güzellik merkezi,+905367897691,Güzellik Salonu
MORE URLA BEAUTY Güzellik Salonu,+905442258272,Güzellik Salonu
Urla Makeup&Beauty,+905546575900,Güzellik Salonu
Büşra Çini Beauty Studio,+905513932701,Güzellik Salonu
Selene güzellik salonu,+905426399782,Güzellik Salonu
Cadde Kuaför urla,+902327544232,Kuaför / Berber
Sinem Aydın Estetik / Güzellik,+905497700277,Güzellik Salonu
Noble Stüdyo Sezen Güzellik,+905400230187,Güzellik Salonu
AURA BEAUTY & MORE,+905336796935,Güzellik Salonu
Peri House of Beauty-Nail Studio,+905302629889,Güzellik Salonu
Seda Güzellik Salonu,+905382582037,Güzellik Salonu
NORA HAİR MAKEUP bayan kuaförü,+902327541426,Güzellik Salonu
Güldeniz Kuaför Urla Tırnak studiosu,+902327544064,Güzellik Salonu
el urla,+905452323679,Güzellik Salonu
Velora Beauty Studio Ezgi Özanay,+905078424277,Güzellik Salonu
BS Barber & Nail Studio Urla,+905010322930,Güzellik Salonu
Hülya Çapa Beauty Studio - Urla Güzellik ve Lazer Merkezi,+905312951752,Güzellik Salonu
B'mod Kadıköy Kuaför,+902327543595,Kuaför / Berber
Dipart Saç Tasarım & Güzellik,+902327545657,Güzellik Salonu
Deniz Yurt House of Beauty,+905342125182,Güzellik Salonu
GM CLINIC BY GİZEM MERT,+905344541523,Güzellik Salonu
Meryurla Kuaför,+905533585081,Kuaför / Berber
SALOON CİTY,+902327546467,Kuaför / Berber
Değişim Bayan Kuaför & Güzellik Salonu,+905549784998,Güzellik Salonu
Kuaför Seval,+902327543155,Kuaför / Berber
Safak Bilgin Hair Artist Erkek Kuaförü Urla İzmir,+905079013150,Kuaför / Berber
DUCHESS_URLA haır & beauty,+905015753552,Güzellik Salonu
Hakan Aktaş Hair Stylist,+905059857995,Kuaför / Berber
Kuaför Ali Urla,+902327546750,Kuaför / Berber
Beauty Studio Yuliya,+905355609985,Güzellik Salonu
Salon Ocal,+905326206850,Kuaför / Berber
Nilce Beauty,+902327544747,Güzellik Salonu
"Tülay Beauty - Urla Cilt Bakımı, Lazer Epilasyon, Makyaj",+905546863035,Güzellik Salonu
Onur karaca Hair Saloon,+905356785135,Kuaför / Berber
SALON EROL - Hair Stylist - Erkek Kuaförü,+905300425412,Kuaför / Berber
Lavinia Güzellik Salonu,+905383957950,Güzellik Salonu
MODA Kuaför,+902327540555,Kuaför / Berber
MiS kuafor hairdresser coiffeur,+902324575766,Kuaför / Berber
Özel Smyrna Medidenta Ağız ve Diş Sağlığı Polikliniği İnönü Şube İzmir Ayrancılar,+902322034980,Diş Kliniği
PRODİŞ Ağız ve Diş Sağlığı Polikliniği - Torbalı (Diş İmplant ve Çene Cerrahisi),+902328555999,Diş Kliniği
Nifdent Ağız ve Diş Sağlığı Polikliniği,+905333546492,Diş Kliniği
Torbalı Dentapolis Ağız ve Diş Sağlığı Polikliniği -Torbalı implant,+902328554949,Diş Kliniği
İZMİR-TORBALI TALUDENT HÜSEYİN TALU Ağız ve Diş Sağlığı Polikliniği,+908508113915,Diş Kliniği
Özel Dent Torbalı Ağız ve Diş Sağlığı Polikliniği,+905418565322,Diş Kliniği
Torbalı Diş Doktoru,+905050833535,Diş Kliniği
TORBALI Demirbağ Diş Kliniği Diş Hekimi Serkan Demirbağ,+905074130723,Diş Kliniği
Özel Smyrna Medidenta Ağız ve Diş Sağlığı Polikliniği Merkez Şube İzmir Torbalı,+902328547222,Diş Kliniği
Diş Hekimi Ceyda Tetik,+905462556430,Diş Kliniği
Diş Hekimi Emre İpor,+905052999401,Diş Kliniği
İnkorz Tattoo Studio,+905395416413,Dövme & Piercing
muratyaman.ink Tattoo | Piercing Studio,+905055171557,Dövme & Piercing
AyrancılarTattoo.ink,+905010097282,Dövme & Piercing
Diyetisyen-Torbalı Ezgi Şenoğul,+905077927466,Diyetisyen
Diyetisyen Remziye Duru Ürün,+905345704735,Diyetisyen
Diyetisyen Esra Gençay Bireysel Ve Kurumsal Beslenme Danışmanlığı,+902328567812,Diyetisyen
Uzman Diyetisyen Büşra Nur Koyuncu,+905522681276,Diyetisyen
Diyetisyen İlayda Orhan,+905531151974,Diyetisyen
Diyetisyen Aleyna Nur Taşlıoğlu,+905541422000,Diyetisyen
Diyetisyen Ebru Özbek Öz,+905550851991,Diyetisyen
Diyetisyen Simay Kurt,+905303816320,Diyetisyen
Diyetisyen Elif Üzümcü,+905442444198,Diyetisyen
Slimshape Torbalı,+905307651900,Kuaför / Berber
Torbalı Herbalife Kilo Kontrol Merkezi,+905439798592,Diyetisyen
Diyetisyen Meryem Altın,+908504334037,Diyetisyen
Betül Ekici Erdemir Bireysel Ve Kurumsal Beslenme Danışmanlığı,+905343328180,Diyetisyen
Diyetisyen Gülesin Gedik Exclusive Clinic,+905015885035,Diyetisyen
Sp Trainer( Bireysel eğitmen),+905051176564,Kuaför / Berber
Sportfiz Torbalı | Reformer Pilates Studio,+905462857072,Pilates / Yoga
DEM Pilates Studio,+905071535999,Pilates / Yoga
Studio Aslıcan Özdim,+905398771137,Pilates / Yoga
FizyoRabia Pilates & EMS Studio,+905396671479,Pilates / Yoga
Lotus Pilates Stüdyo İlke Yılmaz,+905423357535,Pilates / Yoga
Havva Karataş Pilates Studio,+905376110341,Pilates / Yoga
Sporium Kardiyo& Reformer Pilates Salonu,+905538138888,Pilates / Yoga
Es pilates studio,+905402014243,Pilates / Yoga
Lithium Sports Center,+905347653500,Kuaför / Berber
United Sports Akademi Torbalı Şubesi,+902328554323,Kuaför / Berber
FITFORCE FİTNESS BODYBUİLDİNG,+902328569911,Kuaför / Berber
FITPOINT SPORTS CLUB TORBALI,+905332108835,Kuaför / Berber
Zenform pilates reformer,+905528128941,Pilates / Yoga
As pilates,+905461592509,Pilates / Yoga
UNİTED SPORTS AKADEMİ KADIN SPOR SALONU,+905335082284,Kuaför / Berber
Fizyotorbalı Fizyoterapi & Egzersiz,+905547359133,Psikolog / Terapist
Fit Klan Gym,+905077498674,Kuaför / Berber
Torbalı Spor Salonu,+902328563751,Kuaför / Berber
Yoga Academy Torbalı,+905333618978,Pilates / Yoga
Ocean Pilates,+905524627697,Pilates / Yoga
As_al fit spor salonu,+905469365258,Kuaför / Berber
"Torfiz Torbalı Fizyoterapi Danışmanlık, Egzersiz ve Pilates Merkezi",+905075050939,Psikolog / Terapist
KUZGUN MMA FIGHT CLUB,+905342484228,Kuaför / Berber
Bulls GYM,+905541393593,Kuaför / Berber
PT ÜNAL SEVİM,+905077205384,Kuaför / Berber
Stil Bayan Kuaförü,+902325113720,Kuaför / Berber
İhsan Çadırcı | Mikrokaynak | Hayalet Kaynak | Profesyonel Bayan Kuaför Hizmetleri | Tire - Ödemiş - Bayındır Saç Kaynak |,+905324531487,Kuaför / Berber
Bahar_lush_hairmakeupstudio,+902325110600,Güzellik Salonu
Tire diva Kuaför yeliz serif,+902325116373,Kuaför / Berber
",BAY,KUAFÖR,CUMHUR,",+905354793418,Kuaför / Berber
Kuaför Şöhret,+905063538556,Kuaför / Berber
EYLÜL KUAFÖR Suat Melike,+905523707335,Güzellik Salonu
Ulvi Kuaför,+902325120223,Kuaför / Berber
Leyla çiçek nails,+905532624588,Güzellik Salonu
İstanbul Kuaför,+905448834849,Kuaför / Berber
Saloon Sessiz erkek kuaförü,+905344299162,Kuaför / Berber
Mertcan Kapan Hair Studıo,+905520000897,Kuaför / Berber
Başkent Kuaför Metin,+902325110418,Kuaför / Berber
PERİSTYLE,+905432960434,Kuaför / Berber
Erkan ilbeyi bayan kuaförü,+905386990572,Kuaför / Berber
Alina Kuaför,+905386253133,Kuaför / Berber
TİRE GÜZELLİK SALONU İREM KAYA GÜZELLİK MERKEZİ,+905442133111,Güzellik Salonu
Fatih Dura Bayan Kuaförü,+905442511637,Kuaför / Berber
Kuaför Ferhat,+905067562932,Kuaför / Berber
By Çakır Erkek Kuaförü Tire,+905428208115,Kuaför / Berber
YAĞMUR GÜZELLİK SALONU,+905542838820,Güzellik Salonu
Berber Akif,+905459524355,Kuaför / Berber
Zişan Kuaför,+905389211592,Kuaför / Berber
lida kuaför salon ruj,+905320591564,Kuaför / Berber
My life estetika Bayan kuaförü,+905301308169,Güzellik Salonu
Serhat & Deniz Hair studio,+902325113330,Kuaför / Berber
Birsen Kuaför,+902325115110,Kuaför / Berber
By makas erkek kuaförü,+905344951839,Kuaför / Berber
Damla Kuaför,+902325110408,Kuaför / Berber
Tümey barber shop,+905398588745,Kuaför / Berber
Aydar Berber Salonu,+905064382535,Kuaför / Berber
Uyar Erkek Kuaförü,+905355801107,Kuaför / Berber
Seçil Beauty Tire Güzellik Merkezi,+905321769535,Güzellik Salonu
Copia Saç Tasarım,+905326356586,Kuaför / Berber
Edam Kuaför,+905393574501,Kuaför / Berber
Taner CEYLAN Erkek Kuaförü,+905078914064,Kuaför / Berber
Kuaför ÖZGEM,+905061794296,Kuaför / Berber
EOS Güzellik,+905325131576,Güzellik Salonu
Nokta Erkek Kuaförü,+905072093840,Kuaför / Berber
Pala Erkek Kuaförü,+905446907730,Kuaför / Berber
Yasin trend erkek kuaförü,+905456117821,Kuaför / Berber
ESSE GÜZELLİK,+905537895055,Güzellik Salonu
Bella kuaför tire,+905346555462,Kuaför / Berber
By Arıkan Erkek Kuaförü,+905058726482,Kuaför / Berber
Aymira Koçaklı Güzellik Merkezi Tire,+905534861330,Güzellik Salonu
Mertel Berber,+905511749655,Kuaför / Berber
Berber tugay,+905532031001,Kuaför / Berber
N&S Beauty Studio,+905539326535,Güzellik Salonu
Akar Berber Salonu,+902325111701,Kuaför / Berber
HİLAL BEAUTY CENTER,+905317663900,Güzellik Salonu
Elenora Güzellik Merkezi Tire,+902325003525,Güzellik Salonu
Pares Kuaför Güzellik ve Nail ART Tırnak Stüdyosu,+905411912187,Güzellik Salonu
Hüner Erkek Kuaförü,+905355146658,Kuaför / Berber
EFE SIRIMCI HAİR STUDİO,+905374356135,Kuaför / Berber
BERRİN GÜZELLİK MERKEZİ,+905520738335,Güzellik Salonu
Behçet Erkek KUAFÖRÜ,+905318421062,Kuaför / Berber
Henna Rabia Saç ve Türban Tasarım Salonu,+905386870501,Kuaför / Berber
Gözde Beauty,+905050710441,Güzellik Salonu
Nazar Kuaför Salonu,+905063900356,Kuaför / Berber
Cansu Sağar Güzellik Merkezi,+905346814232,Güzellik Salonu
İstanbul kuafor tire,+905066013463,Kuaför / Berber
GIT-GIT CHICKEN HORON KÖFTE,+902325001010,Kuaför / Berber
Filinta Berber İbo Lazın Yeri,+905464692427,Kuaför / Berber
SM BEAUTY,+905354986993,Güzellik Salonu
kuaför Betül,+905376120768,Kuaför / Berber
Roza Güzellik Salonu Tire,+905551402023,Güzellik Salonu
Psikolog Hayriye ÜLGÜR,+905554994360,Psikolog / Terapist
Simurg psikolojik danisma merkezi,+905352853455,Psikolog / Terapist
Dr. Birol Özcan,+902328929434,Diş Kliniği
Diş hekimi Mustafa Fatih Dündar,+902328920022,Diş Kliniği
diş hekimi Ufuk Erkan,+902328921181,Diş Kliniği
Diyetisyen Özlem özden ilkılınç,+905544649494,Diyetisyen
Diyetisyen Huriye Lale Dal Beslenme ve Diyet Danışmanlığı,+905538525625,Diyetisyen
MEKIBU FİTNESS CLUB,+902328927221,Kuaför / Berber
Studio Gaia Efes,+905532805371,Pilates / Yoga
Zuhal Fitness & Gym Sport Club XL,+902328928880,Kuaför / Berber
Let’s Start Fitness Gym,+905439778772,Kuaför / Berber
Iron Art Spor,+905455975206,Kuaför / Berber
nirvana guzellik ve zayıflama salonu,+905445542309,Güzellik Salonu
MadaMe Lis Estetik Ve Güzellik,+902325009181,Güzellik Salonu
TİRE KAŞİF SABUNLARI,+905075149394,Güzellik Salonu
Room Nail Art,+905322568291,Güzellik Salonu
Hayri Kale Hairdesing,+902327545813,Kuaför / Berber
Kuaför Mehmet Özlem,+902327542299,Kuaför / Berber
Kuaför Ömür,+902327545593,Kuaför / Berber
Kuaför mihriban,+902327521927,Kuaför / Berber
Saloon Urla Erkek Kuaförü,+905395447101,Kuaför / Berber
Turkuaz Bayan Kuaförü,+902327545092,Kuaför / Berber
Urla Kardeşler Erkek Kuaförü,+905066895865,Kuaför / Berber
Magic Hands Bayan Kuaförü İskele Urla,+905071262786,Kuaför / Berber
Dusty Erkek Kuaförü,+905062605978,Kuaför / Berber
Yağmurla Kuaför Salonu,+905301776032,Kuaför / Berber
Kuaför Yusuf,+902327544482,Kuaför / Berber
Zehra Ekip Hair & Make-up Studio,+902327663606,Kuaför / Berber
Altın Makas Berber Efkan,+905385281798,Kuaför / Berber
Urla pet kuaför,+905074440576,Kuaför / Berber
Berber Çetin,+905537648280,Kuaför / Berber
Yılmaz Kuaför,+902327543599,Kuaför / Berber
Salon mehmet erol urla,+905306351992,Kuaför / Berber
Saloon ayyüce,+905057123915,Kuaför / Berber
Kuaför Şadan,+902327543814,Kuaför / Berber
Kairos Pet Kuaför,+905537141995,Kuaför / Berber
Saloon Elza,+905418222003,Kuaför / Berber
Nısantaschı Ali Kıvırcık,+902327521011,Kuaför / Berber
KORAY KUAFÖR,+905548147130,Kuaför / Berber
Erkek Kuaförü Birol,+905434911777,Kuaför / Berber
Candan Beykurt Hair Designer,+905327607494,Kuaför / Berber
Kuaför Hasan,+905382471297,Kuaför / Berber
Canan & Didem Kuaför,+905363049277,Kuaför / Berber
Genç Erkek Kuaför,+905363398549,Kuaför / Berber
Barış Ergin Barber Shop,+905052071195,Kuaför / Berber
Beauty Time Ayşin Inan,+905313573218,Güzellik Salonu
PAWURLA,+905431906535,Kuaför / Berber
"Pet kuaför ""Pet Style by İnna Aydıner""",+905347110677,Kuaför / Berber
Mustafa Erkek Kuaförü,+905346597392,Kuaför / Berber
Urla Spor Salonu - Fit Zone,+905546333004,Kuaför / Berber
Forever Living producst Fbo aloevera,+905358872799,Güzellik Salonu
therapy beauty center,+905069368972,Güzellik Salonu
Gülçin Limay Beauty Center,+902324800541,Güzellik Salonu
Tuby Beauty Aestetic,+905411239293,Güzellik Salonu
Dr.FATİH ŞAR,+905358399372,Diğer (Sağlık & Bakım)
İlayda Aslan Beauty,+905523522914,Güzellik Salonu
DUAL SLİMMİNG & BEAUTY,+905444850353,Güzellik Salonu
ELA BEAUTY STÜDYO,+908503059165,Güzellik Salonu
Cansu Asrak Beauty Studio,+905072864401,Güzellik Salonu
Urla Masaj Terapisti,+905373619093,Psikolog / Terapist
Hey Beauty Hülya Yılmaz,+905551007510,Güzellik Salonu
TİRE UMUT PSİKOLOJİK DANIŞMANLIK MERKEZİ TİRE AİLE DANIŞMANLIĞI,+905551731398,Psikolog / Terapist
Hemdem Psikoloji Uzman Psikolog Mert Bezci,+905327758980,Psikolog / Terapist
Psikolog Sena Özalay,+905363852987,Psikolog / Terapist
Psikolog & Aile Danışmanı Nazlı Onursoy,+908508113944,Psikolog / Terapist
Uzman Psikolog Muazzez Solmaz,+905526113229,Psikolog / Terapist
Mavi İnci Psikolojik Danışmanlık ve Kişisel Gelişim Merkezi,+905059714406,Psikolog / Terapist
Uzman Psikolog Evren Üzümcüoğlu,+905331672568,Psikolog / Terapist
Ruha Şifa Psikoloji,+905377304525,Psikolog / Terapist
Tire Ayna Psikoloji,+905066913230,Psikolog / Terapist
Uzm.Dr.Kevser Aktaş Gölcük Psikiyatrist-Psikoterapist,+905347008826,Psikolog / Terapist
Fizyotire Fizyoterapi ve Manuel Terapi Danışma Merkezi,+905374317800,Psikolog / Terapist
Fizyoserenity Fizyoterapi Ve Sağlıklı Yaşam Merkezi,+905330872888,Psikolog / Terapist
İlknur Pilates Reformer Sağlıklı Yaşam ve Spor Merkezi,+905382052940,Pilates / Yoga
Masters Pilates,+905050751345,Pilates / Yoga
Flex Point Pilates Studio,+902327545773,Pilates / Yoga
Selma kılıç reformer pilates urla,+905323085198,Pilates / Yoga
Yin Urla,+905322190119,Pilates / Yoga
Aden Pilates Studio,+905446115392,Pilates / Yoga
BEAM STÜDYO PİLATES,+905070380958,Pilates / Yoga
Prime Power Stüdyo,+905467190395,Pilates / Yoga
Ekinoks Urla,+905383359609,Pilates / Yoga
Pilates Medica,+905455658200,Pilates / Yoga
Anka Fit EMS Fitness (Urla),+905050223938,Kuaför / Berber
Hürkan PT,+905012481884,Pilates / Yoga
BİZİM BAHÇE YOGA PLATES SAĞLIKLI YAŞAM MERKEZİ,+905322322478,Pilates / Yoga
Studiomaxvo2,+905069331665,Kuaför / Berber
Juntos Studio,+905404586867,Pilates / Yoga
VİORLA URLA,+905401494040,Diğer (Sağlık & Bakım)
XBody URLA,+905372900071,Kuaför / Berber
Sportfit,+902327547773,Kuaför / Berber
Studio Pilatesra,+905451313101,Pilates / Yoga
Derin Urla,+905366166150,Pilates / Yoga
Prana TNS Yoga,+905529245495,Pilates / Yoga
Rain Spor Studio,+905535472282,Kuaför / Berber
Urla Retreat,+905392572464,Pilates / Yoga
URLA GENÇLİK VE SPOR İLÇE MÜDÜRLÜĞÜ (Urla Spor Salonu),+902327541193,Kuaför / Berber
Fizyo Sanitas Sağlıklı Yaşam Merkezi,+905435061059,Diğer (Sağlık & Bakım)
Urla gençlik taekwondo kickboks cimnastik,+905324229560,Kuaför / Berber
Art Of Pilates,+905326804812,Pilates / Yoga
Tire Estetik ADSP,+905302560923,Diş Kliniği
Dilan Atılgan Beauty Studio,+905436600087,Güzellik Salonu
Op. Dr. Ali Gökçen Akdal,+902327543039,Güzellik Salonu
Alara beauty,+905538588221,Güzellik Salonu
Urla Psikoterapi Merkezi,+905326993333,Psikolog / Terapist
Psikiyatrist Dr. Hira Selma Kalkan Psikiyatr ve Psikolojik Danışmanlık,+905415974348,Psikolog / Terapist
"Uzm. Kl. Psk. Hazal Tanrıyakul, Psikoloji",+905335982369,Psikolog / Terapist
Uzm. Dr. Özge İpek Doğan,+908503032135,Psikolog / Terapist
Klinik Psikolog Eda Gökduman,+905336959212,Psikolog / Terapist
Klinik Psikolog Tuğçe Peker,+905327050073,Psikolog / Terapist
Urlaile - Gelişimsel Danışmanlık Merkezi,+905330845883,Psikolog / Terapist
EOS PSİKOLOJİK DANIŞMANLIK - Dr. Barış Yaka,+905356607791,Psikolog / Terapist
Uzman Klinik Psikolog Gözde Ünlüer,+908508119056,Psikolog / Terapist
Klinik Urla,+905414493247,Diğer (Sağlık & Bakım)
Dr.Elif Keskin Pehlivan,+905334788111,Fizyoterapi
Beren Kırkpınar Tuncer,+908504742260,Psikolog / Terapist
Psikiyatri Uzmanı Dr. Özlem Mestçioğlu,+905316785713,Psikolog / Terapist
Çocuk - Genç ve Aile Psikolojik Danışma Merkezi,+902327545512,Psikolog / Terapist
Uzm. Klinik Psikolog Gözde Ekinci,+905525801535,Psikolog / Terapist
Dent Urla Diş Polikliniği / Gülüş Tasarımı - Şeffaf Plak - İmplantoloji - Çocuk Diş Hekimliği,+905053953422,Diş Kliniği
Özel Ata Ağız ve Diş Sağlığı Polikliniği,+902327544050,Diş Kliniği
Dent Alpin Dental Clinic,+902327658787,Diş Kliniği
"Urla Diş Hekimi Muhammed Baytar Kliniği | İmplant, Zirkonyum, Gülüş Tasarımı",+905368851809,Diş Kliniği
Diş Hekimi Sinan Özsoy,+902327544875,Diş Kliniği
Dt. Naci Seçkin / Dt. Meltem Seçkin / Dt. Göktuğ Levent,+902327541083,Diş Kliniği
Diş Hekimi Tanrıkut Mete Akbıyık,+902327522112,Diş Kliniği
Diş Hekimi Gonca Sağlık,+905326494520,Diş Kliniği
Diş Hekimi Güliz Karacaoğlu / Güzelbahçe - Urla,+905323997935,Diş Kliniği
"GÜLBAHÇE, Diş hekimi Begüm Tali",+908504746456,Diş Kliniği
Denteda Ağız ve Diş Sağlığı Polikliniği,+902327590075,Diş Kliniği
Diş Hekimi Hasan Akkoca,+902327545455,Diş Kliniği
Urla Diş Hekimi Ecem Gökırmak,+905376904872,Diş Kliniği
Diş Hekimi Ali Yıldıray Varol,+905497319469,Diş Kliniği
Diş Hekimi Mehmet Uğur Türkyılmaz,+905331517759,Diş Kliniği
Zirve Ağız ve Diş Sağlığı Polikliniği,+902327551717,Diş Kliniği
Diş Hekimi Göktuğ LEVENT,+905436536841,Diş Kliniği
Nero Tattoo Urla,+905531313159,Dövme & Piercing
Linetattoo,+905073797373,Dövme & Piercing
EliFit Sağlıklı Yaşam Merkezi Diyetisyen&Fizyoterapi,+905077731002,Psikolog / Terapist
Fonksiyonel Tıp Diyetisyeni Begüm Isı,+905314719046,Diyetisyen
MY Diyet,+902327545335,Diyetisyen
Ercan Kaplan Diyet Danışma Merkezi,+905011215835,Diyetisyen
Diyetisyen Şevval Preza Eryüzlü,+908504334216,Diyetisyen
Telvin Dental Özel Ağız ve Diş Sağlığı Polikliniği,+902325125757,Diş Kliniği
Özel Gülümse Ağız ve Diş Sağlığı Polikliniği,+905063003535,Diş Kliniği
3K DENTAL Ağız ve Diş Sağığı Polikliniği,+902325059090,Diş Kliniği
Uzman Diş Hekimi Mesutcan CİLLİ,+905058134388,Diş Kliniği
DR. MEHMET BARBAROS ÇULCUOĞLU,+905365516729,Diğer (Sağlık & Bakım)
Diş Hekimi Ali Erdem Hepşen & İdil Hepşen,+902325126298,Diş Kliniği
