Isletme_Adi,Telefon,Sektor
Tattoorbali Dövme ve Piercing,+905533223737,Dövme & Piercing
Yankee Tattoo Piercing,+905544002720,Dövme & Piercing
Owl Ink Tattoo İzmir,+905301591935,Dövme & Piercing
VENC TATTOO İZMİR,+905050507856,Dövme & Piercing
İzmir Tattoo Collective,+905528533904,Dövme & Piercing
NORTH TATTOO & PİERCİNG,+905432199795,Dövme & Piercing
Piercing Clinic - Muzaffer Maral,+905335754856,Dövme & Piercing
Monstera Tattoo & Piercing Studio,+905367608577,Dövme & Piercing
Cleopatra INK Tattoo & Piercing Bostanlı Studio,+905411015101,Dövme & Piercing
Lucky Ink Tattoo,+905300274514,Dövme & Piercing
Hipnoz Dövme Salonu,+905527342243,Dövme & Piercing
Asil Tattoo | Dövme & Piercing,+905549658948,Dövme & Piercing
Tattoo İzmir,+905418142732,Dövme & Piercing
Aytuğ Tattoo İzmir | Tattoo & Piercing,+905053935398,Dövme & Piercing
MYTH INK TATTOO & PIERCING,+905333779130,Dövme & Piercing
Alina Tattoo & Piercing,+905316173532,Dövme & Piercing
ONUR ÖNEN TATTOO,+905358152752,Dövme & Piercing
Interrail Tattoo Studio Bybatu Tattoo Dövme,+905073702050,Dövme & Piercing
InkMade Tattoo & Piercing Studio,+905335199331,Dövme & Piercing
Mergen Tattoo & Piercing Studio,+905448563331,Dövme & Piercing
Black Bolt Dövme Stüdyosu,+905546386482,Dövme & Piercing
Ena Tattoo Studio | İzmir Alsancak Dövme,+905414774784,Dövme & Piercing
InkSide Tattoo Studio,+905384832678,Dövme & Piercing
Travelers Tattoo,+905433068707,Dövme & Piercing
triyandatattoo Ayrancılar Dövme Stüdyosu,+905537053599,Dövme & Piercing
Mai Zen Tattoo Studio,+905536521750,Dövme & Piercing
İzmir Balçova Dövme Stüdyosu | Soner Cura Tattoo Art,+905548329338,Dövme & Piercing
ASLAN TATTOO & PİERCİNG,+905414802623,Dövme & Piercing
304 Tattoo Studio,+905403043500,Dövme & Piercing
Doji Tattoo Izmir,+905523803919,Dövme & Piercing
Darkgate Tattoo Studio,+905556311684,Dövme & Piercing
Tattoobull Studio,+905317285482,Dövme & Piercing
More Ink Tattoo Studıo,+905413480597,Dövme & Piercing
L'art Tattoo & Piercing Studio - Dövme Stüdyosu,+905078195345,Dövme & Piercing
Shelan Ink Tattoo & Piercing,+905417306203,Dövme & Piercing
Özgür Yurdusev Tattoo,+905378910136,Dövme & Piercing
Deniz Tattoo,+902324486543,Dövme & Piercing
Mon Tattoo Studio,+905359212582,Dövme & Piercing
Titan Tattoo Piercing,+905327490721,Dövme & Piercing
Tattoo House By Cura 2,+905319351916,Dövme & Piercing
Venüs Tattoo İzmir,+905076201086,Dövme & Piercing
Holdink Tattoo Ayrancılar Dövme Stüdyosu,+905394839862,Dövme & Piercing
LightFire.ink TATTOO,+905379244273,Dövme & Piercing
Mert Tattoo Piercing Studıo,+905556183104,Dövme & Piercing
İzmir Geçici Dövme SKİN ART TATTOO,+905325746943,Dövme & Piercing
Madhouse Tattoo Studio,+905370630837,Dövme & Piercing
Elizi Tattoo Gaziemir Dövme ve Piercing Stüdyosu,+905336508479,Dövme & Piercing
Miu TATTOO GALLERY/Hilton Hotel İzmir,+905423501849,Dövme & Piercing
Inkstation Tattoo&Piercing Alsancak,+905052088835,Dövme & Piercing
Panormos Tattoo - İzmir,+905384108911,Dövme & Piercing
Goofy Piercing Tattoo,+905549440478,Dövme & Piercing
Lucifer Tattoo Studio,+905433444244,Dövme & Piercing
Don Kişot Tattoo Studio,+905075669381,Dövme & Piercing
35 Skin Art İzmir Dövme-İzmir Piercing-Alsancak Dövme-Alsancak Piercing,+905058871336,Dövme & Piercing
Forza Tattoo Piercing,+905418008444,Dövme & Piercing
Aphrodite Piercing Tattoo,+905059872507,Dövme & Piercing
Last Mohıcan Tattoo & Piercing,+905057142746,Dövme & Piercing
Outlaw Tattoo Studio,+905412559935,Dövme & Piercing
Ma Boy Tattoo,+905529474056,Dövme & Piercing
Sport's Forever,+902322717677,Kuaför / Berber
İzmir Pilates Studio,+902322565585,Pilates / Yoga
NOİFİT EMS FITNESS (GÖZTEPE),+905537028080,Kuaför / Berber
Emstech.İzmir,+905010702030,Kuaför / Berber
TAŞTAN SPOR MERKEZİ,+905449565817,Kuaför / Berber
QFit Ems Studio,+905443487348,Kuaför / Berber
Three Go Training Club,+905060341925,Kuaför / Berber
Ares Gym,+902322282226,Kuaför / Berber
Mataleon Sport Center - Mataleon Spor Salonu,+905308328688,Kuaför / Berber
Sportland,+902322436002,Kuaför / Berber
Bozyaka Sporium Spor Kulübü,+905079387883,Kuaför / Berber
Hero Gym,+905444253401,Kuaför / Berber
Performanss Pilates,+905403107777,Pilates / Yoga
Polifiz,+905387493797,Psikolog / Terapist
İhsan Alyanak Kapalı Spor Salonu,+902324147752,Kuaför / Berber
ULTIMATE EMS FITNESS (POLIGON),+905461054261,Kuaför / Berber
Hatay 19 Mayıs Spor Tesisleri,+902322509515,Kuaför / Berber
Tüdsad Spor Kulübü,+905316658869,Kuaför / Berber
Formella Pilates Ve Reformer Merkezi,+905013294293,Pilates / Yoga
DD PILATES STUDIO,+905534331864,Pilates / Yoga
The Pilates Studio & More,+905513453559,Pilates / Yoga
Performanss Reformer Pilates Studio,+905350366358,Pilates / Yoga
Viento Pilates,+905523010473,Pilates / Yoga
İzmir Bassel Pilates Studio,+905436818111,Pilates / Yoga
Hilates Pilates Studio,+905366362093,Pilates / Yoga
Plus pilates studio,+905419525296,Pilates / Yoga
Studio 23 Pilates,+905544696344,Pilates / Yoga
Body Flow Pilates & Training Studio,+905358102689,Pilates / Yoga
AY Sports Studio,+905522491925,Pilates / Yoga
Pilates Life & Workout Station,+905050971397,Pilates / Yoga
Rua Reformer Pilates,+905330201490,Pilates / Yoga
Pink and grey pilates studio,+905072301996,Pilates / Yoga
LS LEO SPORT,+905446543553,Kuaför / Berber
Ebru Bozyiğit Pilates Stüdio,+905536400066,Pilates / Yoga
Sport Station,+905536814407,Kuaför / Berber
Power Plate,+905318336050,Kuaför / Berber
Ali Ayır Reformer Pilates Stüdyo Basınsitesi,+905558607711,Pilates / Yoga
Studio Tuğçe Budak,+905542298484,Kuaför / Berber
Unıted Sports Akademi,+902322248283,Kuaför / Berber
ERİŞEN SPOR MERKEZİ,+905324470636,Kuaför / Berber
B-fit Kadınların Spor ve Yaşam Merkezi Karabağlar/Yeşilyurt,+905521798535,Kuaför / Berber
Neva Sports Studio,+902322276597,Kuaför / Berber
Max Life Fitness,+902322561997,Kuaför / Berber
Miyofiz Fizik Tedavi Kliniği - Reformer Pilates -Klinik Pilates- Cpm cihazı Kiralama- Evde Fizik Tedavi,+905516816502,Psikolog / Terapist
PARS SPOR SALONU,+905379545050,Kuaför / Berber
FORMFIT PT Studio,+905355258971,Kuaför / Berber
"BigM Team, Personal Trainer, Kişisel Antrenör",+905412421889,Diğer (Sağlık & Bakım)
Yoganka Yoga Studio,+905066892828,Pilates / Yoga
Performanssgym,+905313550058,Kuaför / Berber
Body Flow Training Studio,+905373211202,Kuaför / Berber
Full Form Fitness,+902322319898,Kuaför / Berber
Ali Ayır Sports Center - Yeşilyurt,+902322321755,Kuaför / Berber
Californium Fitness&Gym,+905550111599,Kuaför / Berber
Sportsbox Fitness Club,+902322452508,Kuaför / Berber
Ali Ayır Sports Center - Basınsitesi,+902322325444,Kuaför / Berber
Bornova Reformer Pilates Stüdyo Yağmur Akdemir,+905357419595,Pilates / Yoga
Yaşam Spor Merkezi,+905554508822,Kuaför / Berber
RepizuPlusSportCenter,+905455146526,Kuaför / Berber
Diyetisyen Nesibe Ulaşmış,+905531351739,Diyetisyen
Diyetisyen Nurcan Bayındır,+905334255510,Diyetisyen
"Dyt. Cansu Yavaşoğlu, Diyetisyen",+905069438563,Diyetisyen
Selma Sevda Güzellik Salonu,+902323472821,Güzellik Salonu
Sakura Güzellik Salonu Bayraklı,+905367683020,Güzellik Salonu
Reine Güzellik Merkezi,+905558059150,Güzellik Salonu
Melissa Güzellik Salonu,+905323964545,Güzellik Salonu
Tülay Güzellik Salonu,+905534480988,Güzellik Salonu
Elin Güzellik,+905433483636,Güzellik Salonu
BeautyOne Exclusive,+902325033606,Güzellik Salonu
Bayraklı Hayat Güzellik Merkezi | Bayraklı Güzellik Merkezi,+905357838487,Güzellik Salonu
Serap Öncel Beauty Center,+905421635660,Güzellik Salonu
Medikadom,+905317819080,Güzellik Salonu
Fullderm Cilt Merkezi & Güzellik Salonu,+905497703535,Güzellik Salonu
Stil Güzellik Salonu,+902323472507,Güzellik Salonu
Ezgi Takmaz Güzellik Merkezi,+905468803944,Güzellik Salonu
Dr.Well Bayraklı,+908506110911,Güzellik Salonu
Abel güzellik İzmir,+905076299238,Güzellik Salonu
Yağmur Eroğlu Bayraklı Güzellik Salonu,+905318911336,Güzellik Salonu
Slimfit Estetik Bayraklı (Lider Centrio),+905301774001,Güzellik Salonu
Aydan Gürece Güzellik,+905525839872,Güzellik Salonu
Essi Güzellik Merkezi Bayraklı,+902325202595,Güzellik Salonu
Pera Beauty Plus,+905415062907,Güzellik Salonu
Lamona Güzellik & Estetik,+905076031966,Güzellik Salonu
Altınay güzellik salonu,+905375060588,Güzellik Salonu
Cliniczer Official & İzmir Güzellik Salonu & İzmir Lazer Epilasyon & İzmir En İyi Güzellik Merkezi,+905305586885,Güzellik Salonu
Meliha Tolun Kuaför & Güzellik Salonu,+902323481521,Güzellik Salonu
Gizem Akalan Estetik I Bölgesel Zayıflama İzmir I Lazer Epilasyon I Heykelplus+ I Protez Tırnak I Cilt Bakımı I Microblading,+905469306123,Güzellik Salonu
Mia Life Bayraklı,+902323414242,Güzellik Salonu
Ceren Güzellik Salonu,+902323451374,Güzellik Salonu
Angel Of Beauty,+905330162473,Güzellik Salonu
Radeka Nail Studio,+905058088410,Güzellik Salonu
VENOM KUAFÖR,+905012954145,Kuaför / Berber
Salon Ebru,+902323451919,Kuaför / Berber
Kader Güzellik Salonu,+902323530853,Güzellik Salonu
Güneş Güzellik Salonu,+905537248978,Güzellik Salonu
İbrahim & İbrahim Kuaför Bornova Özkanlar,+902323471236,Kuaför / Berber
ESTEVİLLA GÜZELLİK SALONU,+905452642440,Güzellik Salonu
ESİN GÜZELLİK SALONU / BAYRAKLI GÜZELLİK SALONU / CİLT BAKIMI / LAZER \ MASAJ \ PROTEZ TIRNAK,+905401353597,Güzellik Salonu
Gözde güzellik salonu,+905379422131,Güzellik Salonu
Canan Güzellik Ve Sir Ağda Salonu,+905394543235,Güzellik Salonu
Arya Clinic | Medikal Cilt Bakımı,+905331963340,Güzellik Salonu
Ces Hair Studio,+905077147235,Kuaför / Berber
Salon Melis,+902323717262,Güzellik Salonu
AYLİZ KUAFÖR GÜZELİK SALONU,+905327367609,Kuaför / Berber
Sister Güzellik Salonu,+905449458710,Güzellik Salonu
Setu Güzellik Merkezi & Merkezleri,+905535583842,Güzellik Salonu
Dr Osman Tan- İzmir Göz Kapağı Estetiği & Dudak Dolgusu,+905320545886,Güzellik Salonu
"Sirius Beauty And Nail ( İpek Kirpik , Protez Tırnak, Microblading, Cilt Bakımı ,Epilasyon , Zayıflama)",+905308839111,Güzellik Salonu
PERLA BEAUTY CENTER,+905052685050,Güzellik Salonu
Arzu Güzellik Salonu,+905359263576,Güzellik Salonu
Rönesans Vip Bayraklı,+905012501901,Güzellik Salonu
HAİRDAY GÜZELLİK SALONU,+905550620056,Güzellik Salonu
Room Beauty İzmir,+905339349113,Güzellik Salonu
Gülcan&Faruk güzellik salonu,+905547285451,Güzellik Salonu
Anka Saç Tasarım ve Güzellik Salonu,+905394564187,Güzellik Salonu
Hasan Gezginci Kuaför – İzmir Nano Kaynak & Profesyonel Saç Renklendirme Uzmanı,+905451925125,Kuaför / Berber
Sirius güzellik merkezi,+905076380262,Güzellik Salonu
Salon Yıldız Bayraklı,+905466089576,Kuaför / Berber
Kuaför Güzellik Salonu,+905397820259,Güzellik Salonu
MenGüş Kuaför Salonu,+905454623561,Kuaför / Berber
Nilay Güzelik Salonu,+902329667633,Güzellik Salonu
Kuaför Ahmet,+902323470191,Kuaför / Berber
MURAT ŞAHİN HAIR STUDIO,+905445862011,Kuaför / Berber
Serap Kuaför,+905063649703,Kuaför / Berber
"S Clinic İzmir - Saç Çoğaltma, Saç Bakım ve Güzellik Merkezi",+905523550355,Güzellik Salonu
Yıldız Saç Tasarım,+902323450135,Kuaför / Berber
By Semih Gürkan Kuaför Salonu,+905530733047,Kuaför / Berber
Doç. Dr. Saime İrkören - Estetik Cerrahi,+902325025818,Güzellik Salonu
Diler TAN Kuaför / izmir,+905377659805,Kuaför / Berber
ENS Kuaför Stüdyo,+905399125348,Kuaför / Berber
Kuaför Erol - Figen (bayraklı-izmir),+905323459227,Kuaför / Berber
Show Kuaför,+905553907467,Kuaför / Berber
Emine kuaför,+905070627739,Kuaför / Berber
BB BEAUTY ESTHETİC,+905060568335,Güzellik Salonu
Gül Ağda Ve Manikür Salonu,+902323483737,Güzellik Salonu
Nezi Reyhan Kuaför,+902323455499,Kuaför / Berber
Sayen Kuaför,+905393801925,Kuaför / Berber
Havva Karaman Makeup Studio,+905546982488,Güzellik Salonu
BEAUTY,+902323710055,Güzellik Salonu
Afitap Kuaför & Güzellik Salonu,+905074231930,Güzellik Salonu
ÖNDER KAYA KUAFÖR ViP SALON,+905389153981,Kuaför / Berber
Glamour Hair Dresser,+905436359417,Kuaför / Berber
Derya&Derya Hair Makeup,+905530238414,Güzellik Salonu
Salon Mehmet Can,+902323479390,Kuaför / Berber
Elite Bayan Kuaförü,+902323434471,Kuaför / Berber
Kuaförtanerizmir,+905355642853,Kuaför / Berber
Ahmet Tatlıgün Bayan Kuaförü İzmir | Bayraklıda Makyaj | Bayraklıda Saç Kesimi | Bayraklıda Ombre | Bayraklıda Gelin Başı,+905534786765,Güzellik Salonu
Efendi Kuaför,+905068466666,Kuaför / Berber
Kuaför Kadir,+905445620953,Kuaför / Berber
Kuaför Engin,+905355266457,Kuaför / Berber
Bayan Kuaförü Koray,+902323427677,Güzellik Salonu
Freshlight Hair Design Studio,+905077775176,Kuaför / Berber
Mio Olga Bayraklı,+905366170234,Kuaför / Berber
MAKU Hair Beauty,+905547037728,Güzellik Salonu
Fatih Kuaför,+902323480010,Kuaför / Berber
Beyefendi Boutique Erkek Kuaförü,+905068238426,Kuaför / Berber
BEY KUAFÖR,+905322679082,Kuaför / Berber
Gözde Kuaför,+902323411188,Kuaför / Berber
Kuaför FATOŞ,+902323417273,Kuaför / Berber
KAT HAİR ( BAYAN KUAFÖRÜ ),+905065494262,Kuaför / Berber
İmaj Kuaför,+905368153408,Kuaför / Berber
Mehmet & Halil Kuaför,+902323391910,Kuaför / Berber
SEVİM HAİR MAKE-UP,+905367035009,Kuaför / Berber
GÜRDAL KUAFÖR,+902323479747,Kuaför / Berber
Salon Paşa,+902323397677,Kuaför / Berber
Erkek Kuaförü Burak Özten,+905549992192,Kuaför / Berber
Dilara Kuaför,+902323463987,Kuaför / Berber
Ceyhan Arslan - Erkek Kuaförü ve Protez Saç Merkezi,+905547235182,Kuaför / Berber
Volkan Saç Tasarim,+905530224438,Kuaför / Berber
Kuaför Yıldıray,+902329664698,Kuaför / Berber
Ekol Erkek Kuaförü,+905324401477,Kuaför / Berber
Tuana Kuaför (Aydın&Buğse),+905545102555,Kuaför / Berber
Elit erkek kuaförü servan tümtaş,+905325244730,Kuaför / Berber
Kuaför Gamze,+902323486681,Kuaför / Berber
MÇ Erkek Kuaförü,+905462934521,Kuaför / Berber
KasıMetin Boutique Kuaför,+905321713969,Kuaför / Berber
Bahar Kuaför,+905330210268,Kuaför / Berber
Çiçek Bayan Kuaför,+902323411180,Kuaför / Berber
Salon Bade,+902323630205,Kuaför / Berber
Kuaför Sevilay Karapınar,+905075169513,Kuaför / Berber
By Yasin sivridağ Erkek Kuaförü,+905356895848,Kuaför / Berber
Elegance Kuaför&Güzellik Bayraklı,+905332851882,Güzellik Salonu
Kuaför Hakan,+905549854320,Kuaför / Berber
Bayraklı Kuaförüm UğurLayık,+905322751274,Kuaför / Berber
The Saloon Bay Bayan Çocuk Kuaförü Ege Perla,+902322905458,Kuaför / Berber
Kuaför Suat,+905075835654,Kuaför / Berber
Nebahat Cenan Saç Tasarım Bakım ve Ürünleri,+905336216213,Kuaför / Berber
Cookie Pet Kuaför Bayraklı Şubesi,+905414311062,Kuaför / Berber
Coşkun Saç Tasarım - İzmir Bornova Kuaför,+905413889229,Kuaför / Berber
Hakan erkek kuaförü,+905346882727,Kuaför / Berber
Kuaför Hülya,+905521803519,Kuaför / Berber
Kuaför Tolga,+905417197959,Kuaför / Berber
Gizay Pet Kuaför,+905070079849,Kuaför / Berber
Dilek Kuaför,+902323630454,Kuaför / Berber
Kuaför baysal,+905346880215,Kuaför / Berber
Çevik Erkek Kuaförü,+905497366600,Kuaför / Berber
SELMA KUAFÖR,+905434208160,Kuaför / Berber
Moda Erkek Kuaförü,+905555366910,Kuaför / Berber
Kuaför Berrin,+905435503694,Kuaför / Berber
Ziloş Kuaför,+905304237635,Kuaför / Berber
Ayışığı Bayan Kuaförü,+902323824059,Kuaför / Berber
Gözde Erkek Kuaförü,+905324804702,Kuaför / Berber
Nil Kuaför,+902323530976,Kuaför / Berber
Kuaför İbrahim,+905469493036,Kuaför / Berber
MN'S KUAFÖR,+905434887418,Kuaför / Berber
Mina Bayan Kuaförü Özlem Gök,+905529485806,Kuaför / Berber
Yalçın Erkek Kuaförü,+905424077939,Kuaför / Berber
ERKEK KUAFÖRÜ ✂️BY ASİM,+905548965183,Kuaför / Berber
Zirve Erkek Kuaforü,+905073405045,Kuaför / Berber
Nazlı Kuaför,+902323637194,Kuaför / Berber
Tuana Bayan Kuaförü,+905417178722,Kuaför / Berber
Estetika Kuaför Gülden,+905072801010,Güzellik Salonu
Saloon yüksel,+905465505035,Kuaför / Berber
Tırnakstore & Studio,+905321726090,Güzellik Salonu
O'nail Tırnak ve Güzellik Merkezi Bayraklı,+905461713535,Güzellik Salonu
Tanya Premium Nails Bayraklı,+905513424040,Güzellik Salonu
Tırnak Lounge Bayraklı,+905072353079,Güzellik Salonu
İzmir Protez Tırnak’s - İzmir Protez Tırnak Salonu - Jel Tırnak - Kalıcı Oje - Nail Art,+905315735062,Güzellik Salonu
Art of Nail's,+905541226513,Güzellik Salonu
Ceren Nail Beauty Studio,+905339480535,Güzellik Salonu
Kunnails,+905385538507,Güzellik Salonu
İzmir tırnak Hatıra Nail Studio,+905072441486,Güzellik Salonu
Buse Yalçın Nail Art Studio,+905466275731,Güzellik Salonu
therapy beauty center,+905069368972,Güzellik Salonu
"Premium Beauty House (Nail Art, Protez Tırnak, Kalıcı Oje, İpek Kirpik, Microblading, Manikür, Pedikür, Kalıcı Makyaj)",+905510976593,Güzellik Salonu
O Tırnak,+905547549349,Güzellik Salonu
İzmir Jel Tırnak Küçükpark,+905469610211,Güzellik Salonu
Tırnakmanya Pazarlama İth ve İhr. Ltd. Şti.,+905333450035,Güzellik Salonu
RUMORS | NAIL & BEAUTY,+905057407786,Güzellik Salonu
Parissa Nail Art,+905522825917,Güzellik Salonu
Pınar baysal nail art & beauty studio,+905332178839,Güzellik Salonu
Karşıyaka protez tırnak | Nail House,+905548211912,Güzellik Salonu
mahsa nail studio,+905464658184,Güzellik Salonu
Sibel & Sema Beauty Studio,+905541967135,Güzellik Salonu
Jasnil Nail & Beauty,+905333704500,Güzellik Salonu
Ceren Beauty Studio,+905435494344,Güzellik Salonu
Nail Fabrice,+905331432972,Güzellik Salonu
Rose Nail Beauty | Konak Protez Tırnak,+905419354298,Güzellik Salonu
Cilooje Nail Studio | Karşıyaka Protez Tırnak,+905070223712,Güzellik Salonu
Valentina Nails - Bostanlı Protez Tırnak,+905345256048,Güzellik Salonu
ECLAT PRO TIRNAK VE KİRPİK MALZEME SATIŞI VE GÜZELLIK SALONU,+902324085045,Güzellik Salonu
FAYA GÜZELLİK SALONU,+905443218983,Güzellik Salonu
Matruşka Beauty,+905067870730,Güzellik Salonu
Lina Protez Tırnak Karşıyaka,+905309331735,Güzellik Salonu
Shining Stars Beauty Center,+905331609004,Güzellik Salonu
RİVER BEAUTY BAYRAKLI,+905071273506,Güzellik Salonu
Güzellik Cadısı İzmir,+905013634694,Diş Kliniği
Burcu Yılmaz Beauty,+905388251461,Güzellik Salonu
İnanır Protez Tırnak,+905426467296,Güzellik Salonu
Selma Albayrak Nail Artist,+905074829565,Güzellik Salonu
Marilyn Nail Center,+905013483599,Güzellik Salonu
Karşıyaka Protez Tırnak by Şeyda,+905434509503,Güzellik Salonu
Merve Özkan Beauty Studio,+905363903530,Güzellik Salonu
SU NAİL ART,+905072663577,Güzellik Salonu
Özge Nail Studio - Protez Tırnak Stüdyosu,+905517237376,Güzellik Salonu
Gözde Kaya Nail Studio,+905551053036,Güzellik Salonu
Aurum Nail Studio,+905015359698,Güzellik Salonu
SEQU Nail Studio,+905372431582,Güzellik Salonu
Lumiera Beauty Hub,+905315831224,Güzellik Salonu
Sude nails,+905530259082,Güzellik Salonu
NURAY YAŞA NAİL STUDİO,+905332794059,Güzellik Salonu
MEL'S STUDIO,+905079782223,Güzellik Salonu
Nail Pro İzmir,+905335193035,Güzellik Salonu
Alesta NailArt Studio,+905529420113,Güzellik Salonu
Ella Beauty Center,+905067713552,Güzellik Salonu
Mine Efe beauty center,+905059804576,Güzellik Salonu
"QEN Beauty | Microblanding - İpek Kirpik - Kaş Renklendirme - Kaş, Kirpik Laminasyonu - Eyeliener - Dipliener",+905400609191,Güzellik Salonu
Tuğba Yıldırım Beauty Studio - Bayraklı Lazer Epilasyon - Bayraklı Kalıcı Makyaj,+905392848089,Güzellik Salonu
GÇ BEAUTY,+905326554495,Güzellik Salonu
Canan Kaya Beauty Center,+905054660103,Güzellik Salonu
Ceren Şahin Beauty House,+905536501662,Güzellik Salonu
Verano Beauty,+905366113515,Güzellik Salonu
MatmaZen Beauty,+905323769606,Güzellik Salonu
Nebahat Özaydın Beauty,+905326433235,Güzellik Salonu
Sena Beauty İzmir,+905435443235,Güzellik Salonu
Els beauty izmir,+905468170308,Güzellik Salonu
Özlem Yıldız Beauty Center,+905372614331,Güzellik Salonu
Rock'n Beauty Studio,+905059390630,Güzellik Salonu
Freem Beauty Lounge Güzellik Salonu,+902324800036,Güzellik Salonu
Beauty Care İzmir,+905523653741,Güzellik Salonu
Didem Beauty Center,+905337926563,Güzellik Salonu
Mihrace Beauty Estetik,+905077419147,Güzellik Salonu
Oya Eda Beauty,+905349137214,Güzellik Salonu
Nurs Beauty Center,+905413249064,Güzellik Salonu
fernur ferit luxury beauty,+905526754243,Güzellik Salonu
Davina Beauty,+905323891335,Güzellik Salonu
Gamze Aydın beauty center,+905304492945,Güzellik Salonu
Nilay Erkoç Bayraklı,+905545957015,Güzellik Salonu
Kalıcı Oje Gülgün,+905309292520,Kuaför / Berber
Hilal Nail Beauty,+905334895112,Güzellik Salonu
Rose beauty saç tasarım,+905315611123,Güzellik Salonu
LR Health & Beauty,+905538949424,Güzellik Salonu
RİVER BEAUTY ÜÇYOL,+905536573506,Güzellik Salonu
Özgür Saç Tasarım,+905369959528,Kuaför / Berber
Çiğdem Kuaför,+902323678787,Kuaför / Berber
Şehit Asteğmen Adem Dertsiz Huzurevi Yaşlı Bakım ve Rehabilitasyon Merkezi,+902323638083,Diğer (Sağlık & Bakım)
Zesu Estetik,+905555168080,Güzellik Salonu
Meditouch İzmir | Buz Lazer Epilasyon | Soprano Titanium | LPG Alliance | Frozen Face | Aquapure | Jetpeel | Mobilift,+905325296965,Güzellik Salonu
Esline Estetik ve Cerrahi danışmanlık Merkezi,+905308446430,Psikolog / Terapist
Opr. Dr. Ebru Durmuş - Estetik Cerrah,+905530267547,Güzellik Salonu
Op. Dr. Nejdet Şişman,+905308248949,Güzellik Salonu
Hedonya Clinic,+905411933667,Güzellik Salonu
Eda Savut Güzellik,+905067434127,Güzellik Salonu
PELİT MEDİCAL AESTHETICS,+905013393436,Güzellik Salonu
Laita Güzellik,+905446327799,Güzellik Salonu
Op. Dr. Görkem Çalışkan | Meme Estetiği | Meme Büyütme | Göğüs Estetiği,+905326322518,Güzellik Salonu
Doç. Dr. Önder Karaaslan,+908508117381,Güzellik Salonu
Özel Likya Saç Ekim ve Estetik Cerrahi Polikliniği,+905326769707,Güzellik Salonu
Luxen Clinic,+905307330084,Diğer (Sağlık & Bakım)
Clinic Mono,+905448524526,Güzellik Salonu
Elen Plus Estetik ve Güzellik Merkezi,+902323418899,Güzellik Salonu
Dr Çağlar İmançer | Estetik ve Kozmetoloji,+902322182307,Güzellik Salonu
Dr. Bilal ANİ,+905441713235,Diğer (Sağlık & Bakım)
DR. Tera Estetik,+905076534178,Güzellik Salonu
İz Clinic,+905424081881,Diğer (Sağlık & Bakım)
İvoria Güzellik,+905453979721,Güzellik Salonu
ESRA KOÇAK Güzellik&Estetik,+905308791690,Güzellik Salonu
İzmir Estetik,+905415250214,Güzellik Salonu
Tuby Beauty Aestetic,+905411239293,Güzellik Salonu
"JFS Clinic – Plastic Surgery & Dental Treatment Izmir, Turkey",+905554204502,Diş Kliniği
"Op.Dr. Murat Ataseven - Meme Büyütme | Botox | Gözaltı ışık dolgusu, Dudak Dolgusu | Meme Küçültme | Karın Germe| Jinekomasti",+902324866678,Güzellik Salonu
GC Klinik | Op. Dr. Görkem Çalışkan | Lazer Epilasyon Merkezi,+905538674001,Güzellik Salonu
Aura Derma&Beauty House,+905072923938,Güzellik Salonu
Op.Dr. Rıza İnan KOCAARSLAN - Göz kapağı estetiği ve düşüklüğü (blefaroplasti) ameliyatı,+902324044141,Güzellik Salonu
izmirhair Saç Ekim ve Estetik Merkezi,+905308204247,Güzellik Salonu
Funce Medical İzmir,+905453533581,Güzellik Salonu
Ezgi Sert Estetik & Güzellik,+905330323677,Güzellik Salonu
Monaderm,+905383035590,Güzellik Salonu
İzmir Saç Ekim Merkezi | Eges Hair Clinic,+902324800061,Kuaför / Berber
Castelvia Clinic - İzmir Estetik Kliniği,+901727039270,Güzellik Salonu
"Bengi Güzellik, Estetik ve Diş Sağlığı Polikliniği",+905309176756,Diş Kliniği
Op. Dr. Muhammet Eren Ersöz,+905439169000,Güzellik Salonu
Mawien Beauty,+905354635708,Güzellik Salonu
Clinichair,+902323432585,Kuaför / Berber
Egederm Estetik & Güzellik,+902323732162,Güzellik Salonu
Sunestet Estetik Kliniği | Saç Ekim Merkezi,+905548181211,Güzellik Salonu
Op. Dr. Rıdvan Duran Klinik|Burun Estetiği,+905334725359,Diğer (Sağlık & Bakım)
İzmir Ozon Klinik - Dr. Aslıhan İnce,+905421263535,Diğer (Sağlık & Bakım)
Özel Ariatta Polikliniği,+902324216500,Güzellik Salonu
Can Çalışkan Güzellik Koçu,+905061794174,Güzellik Salonu
Tolga Yılmaz Estetik,+905325624460,Güzellik Salonu
Ma Vie Estetik,+902324860046,Güzellik Salonu
İzmir Saç Ekim Merkezi | Loya Clinic | Fue saç ekimi | İzmir saç PRP ve Mezoterapi | Sakal ekimi | Kaş ekimi,+905331334780,Psikolog / Terapist
Hera Estetik Medikal,+902324620456,Güzellik Salonu
Estetik Cerrahi - Op. Dr. Dilek Bağdatlı,+905462169465,Güzellik Salonu
Gümüş Psikoloji Merkezi Psk. Selin Gümüştekin,+905396995809,Psikolog / Terapist
Aliye Kut | Online Psikolog | İzmir Bayraklı Psikolog | Çocuk Psikoloğu,+905521612330,Psikolog / Terapist
İzmir Şans Psikoloji Danışmanlık Merkezi,+905387756835,Psikolog / Terapist
Klinik Psikolog Ezgi Aktaş,+908508113601,Psikolog / Terapist
"EBRU ÖZER | Uzman Psikolog, İzmir Psikolog, Bayraklı Psikolog",+905302302210,Psikolog / Terapist
Kağan AY Danışmanlık | İzmir Psikolog,+905054216270,Psikolog / Terapist
İzmir Psikolog | Anka Psikoloji Merkezi,+905079140026,Psikolog / Terapist
İzmirde Psikolog | Psikolog Ceren Yağcıköseoğlu,+905539638513,Psikolog / Terapist
Uzman Klinik Psikolog Zübeyde Ezgi Horzum,+905523923435,Psikolog / Terapist
Uzman Psikolog - Doç. Dr. Gizem Akcan,+908508116286,Psikolog / Terapist
Psikolog Ülkü Aktaş,+905071537203,Psikolog / Terapist
İzmir Psikolog - Uzman Klinik Psikolog Elif Işık Çebi,+905337273325,Psikolog / Terapist
Uzm. Kl. Psk. Tuğba Aksu,+905308988222,Psikolog / Terapist
Psikolojik Danışman Hasan İncesu,+905058051735,Psikolog / Terapist
Uzman Psikolog Buse Şentürk,+902323520932,Psikolog / Terapist
İzmir Psikolog Uzman Psikolog Aslıhan Değerli Aytoğan,+905339286063,Psikolog / Terapist
Bayraklı Uzman Psikolog Aleyna Yaman,+905461331888,Psikolog / Terapist
Uzman Psikolog Esra Aydınlı,+905417752802,Psikolog / Terapist
Bayraklı Psikolog,+905318866645,Psikolog / Terapist
İzmir Limen Psikoloji,+905402750035,Psikolog / Terapist
Uzman Psikolog Gülendam OZAN,+902323740407,Psikolog / Terapist
İzmir Bayraklı Psikoloji | İrem Tavukcular Psikolojik Danışmanlık | Çocuk Ergen Yetişkin Psikolojik Danışmanlık Merkezi,+905050076602,Psikolog / Terapist
MİZMER DANIŞMANLIK,+905334230909,Psikolog / Terapist
Psikolog Tuana ÖZBEK,+905421228713,Psikolog / Terapist
Psikolog İrem Varol,+905414123665,Psikolog / Terapist
İzmir Psikolog Altan Demirel - İzmir Bayraklı'da Psikolog,+905346684177,Psikolog / Terapist
Klinik Psikolog Berk Bodur & Ümit Ege Işık Bodur | İzmir Bayraklı,+905354674110,Psikolog / Terapist
İZMİR PSİKOLOG- PSİKOLOJİK DANIŞMAN | İZMİR PERA PSİKOLOJİK DANIŞMANLIK,+905077958037,Psikolog / Terapist
Bayraklı Pedagog - Psikolog - Ege Pozitif Psikoloji,+905377767060,Psikolog / Terapist
Klinik Psikolog Ebru Kaya,+905400180292,Psikolog / Terapist
Klinik Psikolog Ayşe Tuğba SİLAY ÖZ | Veya Psikoloji,+905400105110,Psikolog / Terapist
Psikolog & Uzman Psk.Dan. Pınar Akdemir,+905304150082,Psikolog / Terapist
"İzmir Alkol, Kumar, Madde, Sigara, İnternet Bağımlılık Terapi Danışmanlık",+905389841896,Psikolog / Terapist
Portera Psikoloji,+905384779222,Psikolog / Terapist
Şeyma Altunkalem Danışmanlık,+908504741763,Psikolog / Terapist
Conatus Psikolojik Danışmanlık,+905404799370,Psikolog / Terapist
Bayraklı Klinik Psikolog Hatice Aktakka,+905526898805,Psikolog / Terapist
Blanka Psikolojik Danışmanlık Merkezi İzmir - Online Psikolog,+905060673805,Psikolog / Terapist
Bayraklı Psikolog Uzman Pedagog Aile Evlilik Çift Ergen Terapi Danışmanlık Merkezi,+902329990828,Psikolog / Terapist
Kabile Psikoloji,+905411883918,Psikolog / Terapist
Klinik Psikolog Esra Pektaş Kıldiş,+905548252111,Diş Kliniği
Klinik Psikolog Özgün Engün,+905057876856,Psikolog / Terapist
"Bayraklı Pedagog, İzmir Çocuk Psikologu, Bayraklı Psikolog Merkezi",+905377767061,Psikolog / Terapist
Klinik Psikolog Semih Şan | Karşıyaka Psikolog | İzmir Psikolog | Psikoterapist,+905468782033,Psikolog / Terapist
Klinik Psikolog Cansu Dağdemir Sur,+905538086249,Psikolog / Terapist
Klinik Psikolog Belkıs Abacı,+908504742247,Psikolog / Terapist
Uzman Psikolog Merve Çalışır,+905437756469,Psikolog / Terapist
Psikolog Çağlar Akbaş,+908504740282,Psikolog / Terapist
Klinik Psikolog Ezgi Demirtürk,+905301779690,Psikolog / Terapist
"Aile Danışmanı Abdullah Özer - Uzman Aile Danışmanı, Psikoterapi, Cinsel Terapi, Hipnoterapi, Çift Terapisi",+908504746208,Psikolog / Terapist
Klinik Psikolog Gülfem Mahpeyker ÇELİK,+908504746257,Psikolog / Terapist
Aden Psikolojik Danışmanlık Merkezi İZMİR/BAYRAKLI,+905301861388,Psikolog / Terapist
Klinik Psikolog Özge Köseoğlu,+905355283500,Psikolog / Terapist
İzmir Psikolog Fatma Bilici – Online & Yüz Yüze Terapi,+905302667546,Psikolog / Terapist
Altuğ Psikoloji | İzmir Psikolog,+905011123575,Psikolog / Terapist
Uzm. Klinik Psk. Elif Bascelik Yavuz,+905019420035,Psikolog / Terapist
İzmir Pedagog | Uzman Çocuk Psikologu,+905303708596,Psikolog / Terapist
İzmir Psikolog Elif Özlem Cebeci - Karşıyaka Psikolog,+905071928218,Psikolog / Terapist
Klinik Psikolog Gökçe Gürlek | İzmir,+905392013080,Psikolog / Terapist
Güneş Psikoloji İzmir,+905431270105,Psikolog / Terapist
Psikolog/Aile Terapisti Dr. Mehmet KILIÇ Danışmanlık Merkezi İZMİR,+905076230209,Psikolog / Terapist
Uzman Psikolog Buse Özdede,+905303939672,Psikolog / Terapist
Bostanlı Psikoloji ve Psikodrama Merkezi | İzmir Psikolog & Online Terapi,+905461333500,Psikolog / Terapist
İzmir çocuk Psikolog Merkezi,+905436447351,Psikolog / Terapist
Uzm. Dr. İlker Erdoğan,+908508117730,Diğer (Sağlık & Bakım)
Aile Terapisti İzmir - Uzman Evlilik Çift Danışmanlığı - Ay Psikoloji,+902329992619,Psikolog / Terapist
Duyu Psikoloji - İzmir Psikolog,+905539759635,Psikolog / Terapist
Psk. Nagehan Erkaya Baş,+905313033407,Psikolog / Terapist
Psikolog Nihal Gümülcine,+905524274544,Psikolog / Terapist
Psikolog Gizem Saray,+908508116202,Psikolog / Terapist
Kl. Psk. Gülşah Sak,+905439169274,Psikolog / Terapist
İzmir Psikiyatri Uz. Dr. Olga Gökbulut - İzmir Bayraklı'da Psikiyatrist,+905323502828,Psikolog / Terapist
Uzman Klinik Psikolog Hasan Arslan,+905367795739,Psikolog / Terapist
"Psk. Ebru Çetin Sert, Psikoloji",+905356652382,Psikolog / Terapist
PSY-Q Psikoloji,+905325419666,Psikolog / Terapist
İzmir Psikolog Hipath Psikoloji Merkezi,+905380944304,Psikolog / Terapist
Uzm. Dr. Önder KÜÇÜK,+905424799370,Psikolog / Terapist
Klinik Psikolog Cansu BİNGÜL,+905533979535,Psikolog / Terapist
Klinik Psikolog Fulya Kökden Akdoğan,+905058966710,Psikolog / Terapist
Psikolog Aile Danışmanı Gül Özge BAY,+905327127472,Psikolog / Terapist
Psikolog Sedef Yıldırım Saruhan,+905524635035,Psikolog / Terapist
İzmir Psikolog Elvan Bacanlı,+908504741534,Psikolog / Terapist
"Yaşam Boyu Psikolojik Danışmanlık Merkezi, İzmir Psikolog",+905397073524,Psikolog / Terapist
"Uzm.Dr Armağan İngeç, Psikiyatrist & Psikoterapist",+905326293539,Psikolog / Terapist
SVS Klinik İzmir,+905358710650,Diş Kliniği
"Dent GLOW Clinic⎮İmplant Diş⎮Kozmetik Diş⎮Diş Kaplama⎮İzmir, Bayraklı Diş Kliniği, Diş Hekimi Dt.Dr.Gürkan Metin",+902322030000,Diş Kliniği
Smile İzmir,+905539355141,Diş Kliniği
Dentaglobal Ağız Ve Diş Sağlığı Polikliniği,+908503998282,Diş Kliniği
BAYRAKLI SHİNE AND SMİLE AĞIZ VE DİŞ SAĞLIĞI POLİKLİNİĞİ,+905338116484,Diş Kliniği
es-dent ağız ve diş sağlığı polikliniği,+902329660929,Diş Kliniği
Locadent Ağız Ve Diş Sağlığı Polikliniği - Bayraklı | İmplant Tedavisi | Gülüş Estetiği | Zirkonyum,+902325029596,Diş Kliniği
Özel Vega Ağız ve Diş Sağlığı Polikliniği,+905431253500,Diş Kliniği
Özel Smyrna Ağız ve Diş Sağlığı Polikliniği,+905380833899,Diş Kliniği
Dentagora Ağız ve Diş Sağlığı Polikliniği Bayraklı Şubesi,+902323435608,Diş Kliniği
Özel Dentall Ağız ve Diş Sağlığı Polikliniği,+902324352233,Diş Kliniği
Dent Hayat Ağız ve Diş Sağlığı Polikliniği,+905317212171,Diş Kliniği
Omnia Dental Clinic,+905016006786,Diş Kliniği
Özel Duo Dental Ağız Ve Diş Sağlığı Polikliniği,+905327666377,Diş Kliniği
Uzm. Dt. Mehmet Ali Koldaş – Çene Cerrahı & 20'lik Diş Çekimi,+905453809012,Diş Kliniği
Özel Ege Freshdent Ağız ve Diş Sağlığı Polikliniği,+902324356914,Diş Kliniği
İntegrum Ağız ve Diş Sağlığı Polikliniği | Integrum Dental Clinic,+905309096278,Diş Kliniği
Diş Hekimi Ülkü Sevinç Dental Medical Esthetic,+905435439016,Diş Kliniği
Özel Dent Snow Ağız ve Diş Sağlığı Polikliniği,+905077031424,Diş Kliniği
Dentafix Bayraklı Ağız ve Diş Sağlığı Polikliniği,+905443432584,Diş Kliniği
Diş Hekimi Ayşegül Onuşluel,+902323412102,Diş Kliniği
Uzman Diş Hekimi Fatma Türktekin,+902325039492,Diş Kliniği
Doç.Dr.Halise Aydemir – İzmir Ortodonti Uzmanı (Folkart Towers)Ortognatik Cerrahi.Şeffaf plak(İnvisalign). Dijital Ortodonti,+905301550952,Diş Kliniği
Özel İzmir ECE Ağız ve Diş Sağlığı Polikliniği,+902324864020,Diş Kliniği
Özel Dent İlena Ağız ve Diş Sağlığı Polikliniği,+905305645788,Diş Kliniği
Diş Hekimi Berkay Değer,+905349423500,Diş Kliniği
Diş hekimi yusuf başkan,+905333318122,Diş Kliniği
Ecren Çolak Dent Clinic,+905518221333,Diş Kliniği
DENTELORA AĞIZ VE DİŞ SAĞLIĞI POLİKLİNİĞİ,+905408448484,Diş Kliniği
OMNİA KİDS Ağız ve Diş Sağlığı Polikliniği,+905332906786,Diş Kliniği
Hollywood Dental Clinic,+905304808835,Diş Kliniği
Dent Bonova Çocuk ve Yetişkin Diş Polikliniği,+905495868835,Diş Kliniği
"Dt. Gamze Bayındır | Dt. Hande Uzunallı Yerlikaya İzmir Diş Hekimi İmplant, Zirkonyum, Gülüş Tasarımı",+905327429660,Diş Kliniği
İzmir Diş İmplantı Tedavisi | Avrupadent Bornova Özkanlar Ağız ve Diş Sağlığı Polikliniği,+902322072200,Diş Kliniği
Diş Hekimi Anıl Tunçay,+902323480011,Diş Kliniği
Uzm. Dt. Gülçin Sarsılmazer | İzmir Diş Eti Hastalıkları ve İmplant Tedavisi,+905300528592,Diş Kliniği
ImpOrth Smile Studio,+905495851964,Diş Kliniği
Uzman Dt. Kutay Karaca Muayenehanesi,+905326860396,Diş Kliniği
"Dr. Dt. Fulya Karaoğlan, Diş Hekimi",+905335750171,Diş Kliniği
Diş Hekimi Alper ŞENYÜZ,+905424407441,Diş Kliniği
My Nova Ağız ve Diş Sağlığı Polikliniği İzmir İmplant,+902323300467,Diş Kliniği
Locadent Ağız ve Diş Sağlığı Polikliniği - Mavişehir,+905453886060,Diş Kliniği
Diş Hekimi Hanife Nur Ok,+905537837010,Diş Kliniği
Uzm. Dt. Hakan Bilen | Restoratif Diş Tedavisi Uzmanı | Gülüş Tasarımı | Kompozit Lamina | Bonding | İzmir,+905369773291,Diş Kliniği
Doç.Dr. Önder Gürlek,+905057555888,Diş Kliniği
"Pedodonti İzmir, Dr.Dt. Ebru Keleş Gülbahçe",+905447626080,Diş Kliniği
Dt. Mert Birancı,+905323903596,Diş Kliniği
Diş Hekimi Fatih Karadayı,+905303511645,Diş Kliniği
Dr. Serhat Doğru,+902323430615,Diş Kliniği
Ortodonti Uzmanı Çağrı Şibal - Ortodontik Tedavi I İzmir Şeffaf Plak I invisalign,+905325054008,Diş Kliniği
Diş Hekimi Ahmet Üstel,+902323714212,Diş Kliniği
Smile To World With Us,+905411304235,Diş Kliniği
Diş Hekimi Cem Özboyacı,+902323430734,Diş Kliniği
Bornova Semt Ağız ve Diş Sağlığı Polikliniği,+902323735944,Diş Kliniği
İzmir Dişhekimleri Odası,+902324613615,Diş Kliniği
Uzm. Dr. Berrin Ünek,+908504746835,Diş Kliniği
Bornova Ağız Ve Diş Sağlığı Merkezi,+902324357073,Diş Kliniği
Diş Hekimi Fatma Anaç,+902323660667,Diş Kliniği
Diş Hekimi Şahin Badem,+905336908255,Diş Kliniği
Diş Hekimi Dr. Dt. Ömer Ankaya ( Çene Cerrahisi Uzmanı),+902323444494,Diş Kliniği
Pol Smile,+902325033737,Diş Kliniği
Dent Clinic Turkey,+905539150664,Diş Kliniği
Saygin Health,+905443174849,Diğer (Sağlık & Bakım)
Çocuk Diş Hekimi Uzm.Dt.Nazlı Sevilmiş,+905324684096,Diş Kliniği
Gamze Ağız ve Diş Sağlığı Merkezi,+905323026013,Diş Kliniği
Yalı Ağız ve Diş Sağlığı Polikliniği,+902322242050,Diş Kliniği
Esn Dental Diş Hekimi Dr. Esin Baycan,+902324617801,Diş Kliniği
Dr. Dt. Çağlar Körcük,+902322905676,Diş Kliniği
Dr. Dt. Seyfi Kelebek,+908508119201,Diş Kliniği
Ece Çavdar Ortodonti Kliniği,+905528769300,Diş Kliniği
Diş Hekimi Ebru Peçel,+902323470155,Diş Kliniği
Özel Dent Agora Ağız ve Diş Sağlığı Polikliniği Bornova Şubesi,+902323745055,Diş Kliniği
Dis Hekimi Çigdem Idiz,+902325021110,Diş Kliniği
Ortodonti Uzmanı Dr. Sıla Bilgin Yener,+905466613690,Diş Kliniği
Diş Hekimi Kanun Mercimek,+902324481747,Diş Kliniği
Ağız ve Diş Sağlığı Polikliniği,+902324630939,Diş Kliniği
Özel Batı Diş Ağız Ve Diş Sağlığı Polikliniği,+902323727722,Diş Kliniği
Diş Hekimi Demet Fırat & Diş Hekimi Z. Defne Kırım,+902323488175,Diş Kliniği
Özel Art Ağız ve Diş Sağlığı Polikliniği,+902323811074,Diş Kliniği
Diş Hekimi Ali Kara,+905403564000,Diş Kliniği
Smiles İzmir,+902324088884,Diş Kliniği
Diş Hekimi Emre Ersaçan Diş Kliniği,+902323690919,Diş Kliniği
Burcu Benler Tattoo Atelier,+905535383836,Dövme & Piercing
Şakre Tattoo Exclusive,+905056735345,Dövme & Piercing
KaanSeyhan Tattoo Studio,+905531743585,Dövme & Piercing
GOAT TATTOO INK,+905423052884,Dövme & Piercing
Cloud Ink,+905074078067,Dövme & Piercing
Kepez tattoo,+905050397672,Dövme & Piercing
Dövme Silme Uzmanı,+905421158335,Dövme & Piercing
Magic World Tattoo,+905528832252,Dövme & Piercing
Karşıyaka Dövmecisi,+905452958835,Dövme & Piercing
Stone ink Tattoo&Piercing,+905434665733,Dövme & Piercing
Rec Tattoo,+905078183558,Dövme & Piercing
Toxin Tattoo Studio,+905443359535,Dövme & Piercing
Smiley Tattoo Studio,+905074208040,Diş Kliniği
Tattoo Dodo,+905468841912,Dövme & Piercing
SPACE TATTOO PİERCİNG / by Erman CAN,+905517127040,Dövme & Piercing
Kubilay Küçük Tattoo Studio,+905547558211,Dövme & Piercing
enso ink Tattoo Studio,+905454852419,Dövme & Piercing
Garaj 808 Tattoo Studio & Art Gallery,+905538083000,Dövme & Piercing
INKY TATTOO STUDIO,+905384319465,Dövme & Piercing
Can Demirkaya | Dövme sanatçısı,+905518432763,Dövme & Piercing
Now ink Tattoo & Design Studio,+905050150026,Dövme & Piercing
Halil Asuraci Tattoo Art,+905073473202,Dövme & Piercing
Agartha Tattoo Studio,+905461107248,Dövme & Piercing
Ink Town Tattoo Studio,+905074991346,Dövme & Piercing
Nautilus Tattoo Art,+905443669843,Dövme & Piercing
INKSPACE Tattoo & Piercing,+905309123522,Dövme & Piercing
inkworks tattoo piercing,+905350333515,Dövme & Piercing
katvice. | tattoo & art gallery,+905428083513,Dövme & Piercing
Fenrir Tattoo,+905013651202,Dövme & Piercing
Ares Tattoo Piercing,+905535247184,Dövme & Piercing
SOLAKARTTATTOO,+905324896935,Dövme & Piercing
Emrah Yılmaz Art Studio,+905448886011,Dövme & Piercing
Luna Tattoo & Piercing | Karşıyaka Dövme Stüdyosu,+905060414091,Dövme & Piercing
Hörü Ink Dövme Dükkanı,+905544403997,Dövme & Piercing
The Monarch Ink,+905330137218,Dövme & Piercing
Black Pearl Tattoo,+905395095951,Dövme & Piercing
İzmir Dövme Malzemeleri SKİN ART TATTOO,+905054903519,Dövme & Piercing
Umutcan Yurdusev TATTOO,+905342121061,Dövme & Piercing
Tattoo Okan Çarga,+905449515554,Dövme & Piercing
Tattoo Emko,+905070624297,Dövme & Piercing
TATTOO vetattoo,+905339132436,Dövme & Piercing
HALİT DEMİRALAY Tattoo & Piercing,+905050600995,Dövme & Piercing
35 INK TATTOO STUDIO,+905062460754,Dövme & Piercing
Bros.co.studio,+905528071988,Dövme & Piercing
Homeros Ink Bostanlı Tattoo Piercing,+905378668899,Dövme & Piercing
X232 TATTOO STUDIO,+905314930232,Dövme & Piercing
Duo Inked Home Tattoo Studio,+905546721241,Dövme & Piercing
Durukan Tattoo Piercing,+905070734535,Dövme & Piercing
Splash Ink Tattoo & Piercing Studio,+905464306001,Dövme & Piercing
Pineapple Art Studio,+905068181846,Dövme & Piercing
Köprüaltı Tattoo,+902323686188,Dövme & Piercing
Sayrax.ink Tattoo,+905537652670,Dövme & Piercing
Alpha Monkey Tattoo,+905372556912,Dövme & Piercing
MCA TATTOO,+905526111912,Dövme & Piercing
Pud.Ink Tattoo Studio,+905447967170,Dövme & Piercing
Köprüaltı Tattoo & Piercing,+902324653536,Dövme & Piercing
INKED-UP TATTOO ART GALLERY,+905551616963,Dövme & Piercing
BİG BOSS TATTOO,+905061919457,Dövme & Piercing
Akropol Tattoo & Piercing,+905422533211,Dövme & Piercing
Art Tattoo Coffee,+905079352180,Dövme & Piercing
TNT TATTOO INK,+905336576781,Dövme & Piercing
EPİPHANY TATTOO,+905392380168,Dövme & Piercing
Turtle İnk Tattoo Studio,+905076615399,Dövme & Piercing
Mariposa Tattoo Art Studio,+905056645533,Dövme & Piercing
MC Tattoo & Piercing,+905366947219,Dövme & Piercing
Ankh Tattoo Studio,+905060990214,Dövme & Piercing
BKT TATTOOS,+905549498735,Dövme & Piercing
Backwards Tattoo,+905069414708,Dövme & Piercing
Rusty Hands,+905308153620,Dövme & Piercing
Enes Acar Tattoo,+905522462683,Dövme & Piercing
Jt tattoo,+905050648425,Dövme & Piercing
Tabula Rasa Tats,+905526019914,Dövme & Piercing
Davinci Tattoo Studio,+905303449572,Dövme & Piercing
35oz Tattoo | İzmir Alsancak Dövmeci,+905549168819,Dövme & Piercing
Diyetisyen Gürkan Hınız | İzmir Diyetisyen,+908504746761,Diyetisyen
Diyetisyen Tuba Kılınç Üzümcü | İzmir Diyetisyen,+902322182192,Diyetisyen
Diyetisyen Çağrı ÜZÜMCÜ | İzmir Diyetisyen,+905457188118,Diyetisyen
İzmir - Bayraklı Diyetisyen Gizem Tunçtürk Ege,+905058540960,Diyetisyen
Diyetisyen Simge Altınoluk - İzmir Bayraklı Diyetisyen,+905010906090,Diyetisyen
Diyetisyen Burcu Mehmetoğlu | İzmir Diyetisyen | Sporcu Diyetisyeni,+905073078878,Diyetisyen
Diyetisyen Melike Karaca Denizli,+905309401535,Diyetisyen
Diyetisyen Neslihan Yeşilotalı,+905513510835,Diyetisyen
Diyetisyen Ceren Sağır,+905317125711,Diyetisyen
Uzman Dyt. Candan Varol | İzmir Diyetisyen | Bayraklı Diyetisyen,+908504333961,Diyetisyen
Dyt. Şeyma Türkoğlu - İzmir Diyetisyen,+905542278652,Diyetisyen
Diyet Vizyon | Şükran Vural | İzmir Diyetisyen | Uzman Diyetisyen,+902324212442,Diyetisyen
Diyetisyen Selin Sat- İzmir Diyetisyen Selin SAT,+905362481689,Diyetisyen
Online Diyetisyen,+905346932447,Diyetisyen
Esra Aran | İzmir Diyetisyen| Özel Sağlık Meslek Hizmet Birimi,+905336563047,Diyetisyen
Diyetisyen Tuğçe Tunçtürk,+902324220002,Diyetisyen
Deniz Zünbülcan,+905537478132,Diğer (Sağlık & Bakım)
Sümeyye Yan Beslenme ve Diyet Merkezi,+905545019334,Diyetisyen
Diyetisyen İpek Yıldız Girgin,+905525724296,Diyetisyen
"Diyetisyen Merve Dişyar - İzmir Diyetisyen, Mide Botoksu",+905449171672,Diş Kliniği
Diyetisten Fulya Türkoğuz,+905010351301,Diyetisyen
İZMİR DİYETİSYEN İREMNAZ ASLANMİRZA,+905538397976,Diyetisyen
"Diyetisyen Nuralem Tozoğlu - Fonksiyonel Tıp, Beslenme Danışmanlığı",+902323520921,Diyetisyen
Diyetisyen Ecem Kaynar,+905308470471,Diyetisyen
Diyetisyen Bengü Burcu İpek,+905533073963,Diyetisyen
Uzman Diyetisyen Yelda Mansuroğlu,+902324868808,Diyetisyen
Diyetcin Beslenme ve Diyet Danışmanlığı,+905337046503,Diyetisyen
İzmir Diyetisyen Sevde Varol,+908504744428,Diyetisyen
İzmir Diyetisyen Ece Kayabey,+905548538199,Diyetisyen
Diyetisyen Aslı Kürkçü | İzmir Diyetisyen,+905459406296,Diyetisyen
Diyetisyen Buse Ergin,+902329661414,Diyetisyen
Healthy Way For You,+905456976383,Diyetisyen
Diyetisyen Ömer Faruk Korkmaz | İzmir | Online Diyet,+905436020592,Diyetisyen
Go Diyet | İzmir Diyetisyen,+905539166083,Diyetisyen
Diyetisyen Duygu Öztürk Vargör|İzmir Diyetisyen,+905076765314,Diyetisyen
Diyetisyen Berna Çoban Dinler,+905436646095,Diyetisyen
"Diyetisyen Ezgi Bayram Binli / Dr. Biyokimyager, Fonksiyonel Beslenme",+905350501795,Diyetisyen
Diyetisyen Beyza Kılıç,+902325046884,Diyetisyen
İzmir Diyetisyen - Diyet Sante,+905068000070,Diyetisyen
Diyetisyen Cerennur Turan-Karşıyaka Diyetisyen,+905350349835,Diyetisyen
Dyt. Şenay Ünal / Bayraklı Diyetisyen,+905548331149,Diyetisyen
NEO Diyet ve Dönüşüm Merkezi | İzmir Diyetisyen | İzmir Online Diyetisyen | Uzm. Dyt. Nurça Eda OĞUZ,+905374903460,Diyetisyen
Uzman Diyetisyen Bilgehan Şekerci,+905387719071,Diyetisyen
Uzman Diyetisyen Gülce Gencan,+905321318243,Diyetisyen
Diyetisyen Andaç Yeşilyurt,+905075324004,Diyetisyen
Diyetince Beslenme ve Diyet Danışmanlığı,+905411902235,Diyetisyen
Diyetisyen Kadriye Adıkutlu,+905536296205,Diyetisyen
Uzman Çocuk Diyetisyeni Kader Atlı | İzmir Diyetisyen,+905412504860,Diyetisyen
Diyetisyen Melisa Saklı,+905378293666,Diyetisyen
İzmir Diyetisyen Hanife Kara,+905380496433,Diyetisyen
Uzman Diyetisyen Tuba Büyükoral | FITWITHTUBA,+905068315080,Diyetisyen
Diyetisyen Uğur Taylan,+905010927335,Diyetisyen
İzmir Diyetisyen | Uzman Diyetisyen Buse Epikler,+905343214747,Diyetisyen
Uzman Diyetisyen Semiha Özge Kara Beslenme ve Diyet Danışmanlığı,+905395723657,Diyetisyen
Diyetisyen & Fizyoterapist Ayşe Şahbaz,+905335623500,Psikolog / Terapist
DİYETİSYEN AYGÜL KEKEÇDİL SAĞLIKLI YAŞAM VE DANIŞMANLIK MERKEZİ,+905526225089,Psikolog / Terapist
Global EMS Fitness (BAYRAKLI),+905303849889,Kuaför / Berber
Diyetisyen Büşra Taşçı Dilmen,+905367484879,Diyetisyen
Dyt. İrem ÇAKMAK & Dyt. Ecem BALKAN,+905016521603,Diyetisyen
Diet Time | İzmir Diyetisyen | İzmir Beslenme ve Diyet Uzmanı,+902324224492,Diyetisyen
Diyetisyen Yasemin Bilgili,+905538313800,Diyetisyen
Diyetisyen İrem Tekin - fİT Beslenme Eğitimi ve Diyet Danışmanlığı,+905435879443,Diyetisyen
Dietician Gülden Karadeniz,+905413052212,Diyetisyen
Diyetisyen Burcu Tunç,+905346946669,Diyetisyen
Diyetisyen Rumeysa Dikbaş | Mavişehir Diyetisyen | Karşıyaka Beslenme Uzmanı,+902324224491,Diyetisyen
HAFİF TARTI DİYET OFİSİ,+905421500136,Diyetisyen
Diyetisyen Melike ALTINDAĞ,+905362425634,Diyetisyen
Diyetisyen Cennet Harman,+905457706545,Diyetisyen
Diyetisyen Özge Aykır,+905425281934,Diyetisyen
Diyetisyen Rojhat Koparan,+905438257281,Diyetisyen
SlimWorld Bayraklı,+905302596802,Kuaför / Berber
Diyetisyen İrem Deveci / İzmir Sağlıklı Beslenme ve Diyet,+905304318980,Diyetisyen
Diyetisyen Aybüke SUBAŞIOĞLU YEŞİLYURT,+905373042525,Diyetisyen
"Uzm. Dyt. Simge Becer - İzmir Diyetisyen, Online Diyet",+905055944008,Diyetisyen
Diyetisyen Mert Yorulmaz,+905415898202,Diyetisyen
Nutreolife Beslenme ve Danışmanlık,+905326230282,Psikolog / Terapist
Karşıyaka Sarya Güzellik Salonu-Karşıyaka Cilt Bakımı- Dudak Renklendirme - Protez Tırnak - Pudralama,+905012462135,Güzellik Salonu
Diyetisyen Deniz Karakuş,+905327017402,Diyetisyen
Diyetisyen Ali Mutlu,+905065858888,Diyetisyen
İzmir Diyetisyen Deniz Kutluk,+908504749110,Diyetisyen
Diyetisyen Sıla Yalçıntekin Karadağ I Özel Sağlık Meslek Hizmet Birimi,+905075861102,Diyetisyen
Diyetisyen / Fonksiyonel Tıp Diyetisyeni Ruken Kuzu,+908504748595,Diyetisyen
Metafiz,+905303478200,Diğer (Sağlık & Bakım)
Dyt. Buket Adanç - Online Diyetisyen Online Diyet Hizmeti,+905076521514,Diyetisyen
Uzman Diyetisyen Ayşenur Bozkurt Beslenme Danışmanlık Merkezi,+905064808130,Psikolog / Terapist
Diyetisyen Ayşe Güneş,+905364481692,Diyetisyen
"Dyt. Fatma Yılmaz, Diyetisyen, Online Diyet, İzmir",+905398225952,Diyetisyen
BirKalori İzmir Diyet Merkezi,+905521883505,Diyetisyen
Uzman Diyetisyen Görkem Mercan,+905367451881,Diyetisyen
Diyetisyen Özge Bayraktar,+908504740113,Diyetisyen
Uzman Diyetisyen Aysu Altar,+905558786486,Diyetisyen
Diyetisyen Şüheda Bengisu Rodop,+905061663701,Diyetisyen
Sportfiz Bayraklı | Reformer Pilates Studio,+905312649570,Pilates / Yoga
Bayraklı As Pilates,+902325030712,Pilates / Yoga
Shine Pilates Studio,+905337157229,Pilates / Yoga
ROR and Pilates,+905327862210,Pilates / Yoga
Bayraklı Pilates ve Yoga,+905516419072,Pilates / Yoga
PilateSystem İzmir,+905441538248,Pilates / Yoga
Encore Pilates,+905468505599,Pilates / Yoga
S Pilates Studio,+908502833858,Pilates / Yoga
Noxx Pilates - Bayraklı,+905529451914,Pilates / Yoga
Studio 2K Pilates,+902323630335,Pilates / Yoga
Pumpkin Gym & Pilates Studio,+905010129092,Pilates / Yoga
Ilgın Süsin Pilates Studio,+905333160639,Pilates / Yoga
BES PİLATES STUDİO,+905063773199,Pilates / Yoga
O2xygen Gym Bayraklı,+905011343435,Kuaför / Berber
Omnia Personal Training & Pilates Studio,+905068332805,Pilates / Yoga
Jade Pilates Club,+905412320109,Pilates / Yoga
Ezgi Kırmızıtaş Pilates Stüdyo,+905071383449,Pilates / Yoga
Büşra Günay Training Studio İzmir,+905061114474,Kuaför / Berber
GYMLIFE,+902323417999,Kuaför / Berber
Ers Personal Training Studio,+905332470660,Kuaför / Berber
Dori Pt - Personal Training ve Reformer Pilates Stüdyosu,+905515043674,Pilates / Yoga
Vita Fitness,+902326835053,Kuaför / Berber
NOİFİT EMS FITNESS (BAYRAKLI),+905540287070,Kuaför / Berber
Mr Olympia Spor Salonu,+902323458880,Kuaför / Berber
WILD CLUB Training Studio,+905070437629,Kuaför / Berber
INSPIRE TRANING STUDIO | Personal Training & Fitness | Bayraklı İzmir,+905419531383,Kuaför / Berber
Slimshape Bayraklı,+905330299378,Kuaför / Berber
Focus Pt Studio,+905317316720,Kuaför / Berber
Like Fit-Bayrakli,+905301088623,Kuaför / Berber
Anka Pilates İzmir,+905545660365,Pilates / Yoga
Wod Studio,+905466076734,Kuaför / Berber
UNDERFIT SPORT CENTER,+905074097175,Kuaför / Berber
Fortius Fitness Club,+905374749185,Kuaför / Berber
Perform-x Studio,+905076231958,Diğer (Sağlık & Bakım)
Saga,+905326055786,Kuaför / Berber
Liva Fitness Center,+905358387616,Kuaför / Berber
Doğan ATEŞDAĞLI PT STUDIO,+905324576151,Kuaför / Berber
Bornfit Stüdyo,+905066151788,Pilates / Yoga
Fit & Fiz Sağlıklı Yaşam Merkezi,+905320540676,Kuaför / Berber
Olimpos gym,+905060584629,Kuaför / Berber
Shine training studio,+905359551508,Kuaför / Berber
ALP Boxing Team Bayraklı,+905342043966,Kuaför / Berber
Body Balance Gym,+905548808053,Kuaför / Berber
İZEFE SK SPOR SALONU,+905363711616,Kuaför / Berber
Yücelişli PT Studio,+905315809256,Diğer (Sağlık & Bakım)
Osa pilates stüdyo,+905308930846,Pilates / Yoga
Osman Baysal Hairdesigner,+902326315858,Kuaför / Berber
Bergama Güzellik Dünyası Katre-i Şifa (BAY ve BAYAN),+905050399935,Güzellik Salonu
Marvel Güzellik Salonu Bergama,+905525844445,Güzellik Salonu
BK Smooth Life Beauty Center,+905055252122,Güzellik Salonu
Zen Güzellik Salonu,+905073606100,Güzellik Salonu
Didemsi Beauty,+905362156882,Güzellik Salonu
Naz clas güzellik salonu,+905354377885,Güzellik Salonu
En Beauty Bergama,+905424873967,Güzellik Salonu
My style hair,+905306933862,Kuaför / Berber
Seren Baskın Beauty Studio,+905536361200,Güzellik Salonu
Emy & Cey Güzellik Salonu,+902326314536,Güzellik Salonu
Shine Beauty Center Bergama,+905435533544,Güzellik Salonu
Kumsal Güzellik Salonu,+905415278547,Güzellik Salonu
Pınar Beauty Center,+905374311082,Güzellik Salonu
Minerva güzellik salonu,+905301002873,Güzellik Salonu
KUAFÖR MERVEMM,+905061100428,Kuaför / Berber
Kuaför Ozi,+902326332656,Kuaför / Berber
Last Summer Beauty,+905464560257,Güzellik Salonu
Saloon Bossmer,+905076556364,Güzellik Salonu
dazzle HAİR DESİGNER,+905451383290,Kuaför / Berber
Saloon Bermens,+905356304749,Kuaför / Berber
Diamond Kuaför,+905416298046,Kuaför / Berber
Net Saç Tasarım,+905075457281,Kuaför / Berber
Çağrı Özçimenli Güzellik ve Bakım Merkezi,+905312613511,Güzellik Salonu
Alperen Yoldaş Hair Artist,+905530182435,Kuaför / Berber
Cansu Kaya Beauty,+905432853534,Güzellik Salonu
Hasret Vural Saç Tasarım,+905456416963,Kuaför / Berber
Tuncay Kuaför,+902326333406,Kuaför / Berber
Liz Kardeşler,+905352812646,Kuaför / Berber
Özge saç tasarım,+905326876274,Kuaför / Berber
Özgür Uşak Kuaför,+902326315739,Kuaför / Berber
Berk Babacan kuaför salonu,+905426647529,Kuaför / Berber
Kuaför Çağlar,+905453564055,Güzellik Salonu
Saloon Cix,+905354204137,Kuaför / Berber
HD kuaför Bergama,+905071502147,Kuaför / Berber
Kardelen Berber Salonu,+905305846194,Kuaför / Berber
Halil Banar Hair Center,+905362832091,Kuaför / Berber
Gizem Erkek Kuaförü,+905304093128,Kuaför / Berber
Bsy Kardelen Saç Tasarım Merkezi,+902326327774,Kuaför / Berber
Efe Ateş Hair Design,+905516932037,Kuaför / Berber
HÜSEYİN AL HAİR CENTER,+905546830363,Kuaför / Berber
Salon İlknur Emre,+905056317327,Kuaför / Berber
Kuaför Seher Durmuş,+905543472142,Kuaför / Berber
Berber İbo,+905353067330,Kuaför / Berber
İbrahim Dalgıç Haır Desıgner,+905533240268,Kuaför / Berber
Kuaför büşra,+905054292096,Kuaför / Berber
Makas Erkek Kuaförü,+905464775808,Kuaför / Berber
Kuaför Ayfer,+902326321411,Kuaför / Berber
Kuaför Nurdan,+902326331535,Kuaför / Berber
Vizy10 Hair Designer,+905301509685,Kuaför / Berber
Ebru Tülü Hairdresser,+905303422990,Kuaför / Berber
Seybes Saç Tasarım,+905376099112,Kuaför / Berber
Kuzey Berber Salonu,+905343293586,Kuaför / Berber
Karadut Erkek Kuaförü,+902326314249,Kuaför / Berber
Saloon Vakko saç tasarım,+905547778325,Kuaför / Berber
Kuaför Koray,+902326315033,Kuaför / Berber
Meva Saç Tasarım,+905544399556,Kuaför / Berber
Jet Turgay Bıyık Hair Center,+905558834193,Kuaför / Berber
Kuaför Ayşe,+905511748803,Kuaför / Berber
Madam Dory Saç Tasarım,+902326325452,Kuaför / Berber
Cix Berber Hair Desing,+905387303802,Kuaför / Berber
Dilberay,+905541242966,Kuaför / Berber
Kuaför Filiz,+902326334738,Kuaför / Berber
Kuaför Gülce,+902326325084,Kuaför / Berber
SelinKaraGuzellikSalonu&Kuaför,+905538016451,Güzellik Salonu
Stüdyo Helenia,+905426336311,Kuaför / Berber
Kanaat Berber Salonu,+905364638190,Kuaför / Berber
Kuaför nurşen,+905459521616,Kuaför / Berber
Yıldırım &emine kuaför,+902322782370,Kuaför / Berber
Inci saç tasarım,+902326324100,Kuaför / Berber
By minik hairdesigner,+905015517875,Kuaför / Berber
By_ Kadir TEKİNER,+905413239654,Kuaför / Berber
Genç oğlu erkek kuaförü,+905545854366,Kuaför / Berber
Ekol Erkek Kuaförü,+905356537995,Kuaför / Berber
Kuaför Gülden,+902326314252,Kuaför / Berber
SEVGİNUR UYSAL HAİRDRESSER,+905526359736,Kuaför / Berber
Özcan Erkek Kuaförü,+905546883305,Kuaför / Berber
Mert Erkek Kuaförü,+902326310107,Kuaför / Berber
Vedat Berber Salonu,+905375761061,Kuaför / Berber
TUĞBA ZORLU BEAUTY&ESTETIC BERGAMA,+905011090789,Güzellik Salonu
Berber ömür,+905314720989,Kuaför / Berber
BOSS ERKEK BERBERİ,+905363985212,Kuaför / Berber
"Barış Güzellik, Aliağa Güzellik Merkezi",+905357170787,Güzellik Salonu
PUREBELLA ESTETİK VE GÜZELLİK MERKEZİ,+905416819935,Güzellik Salonu
P&F Beauty Time Estetik ve Güzellik,+905396404402,Güzellik Salonu
Lilya Estetik ve Güzellik Merkezi,+905327642647,Güzellik Salonu
PARLA GÜZELLİK SALONU,+905327294325,Güzellik Salonu
İzmir Beauty,+905469038791,Güzellik Salonu
Esse Bien Nail And Beauty Studio,+905380306800,Güzellik Salonu
🏻SAMİRA ZEYNEP GÜZELLIK MERKEZI,+905075902723,Güzellik Salonu
Diamond Beauty Center,+905317784604,Güzellik Salonu
Ebru güzellik,+905444204307,Güzellik Salonu
ASSYA EPİLASYON GÜZELLİK ALİAĞA,+905055736001,Güzellik Salonu
Lilium Güzellik Merkezi,+902326160094,Güzellik Salonu
Erengül Dinçer Güzellik,+905010287735,Güzellik Salonu
Meral Yıldırım Beauty,+905425903532,Güzellik Salonu
Ludo Nail and Beauty Aliağa Şubesi,+905320608621,Güzellik Salonu
Fikaart / Protez tırnak / Nail art / Kalıcı oje / Güçlendirme,+905458491005,Güzellik Salonu
Ozme Estetik Kuaför,+905303098558,Güzellik Salonu
Protez tırnak kalici makyaj diyot lazer aliaga saloon meltem,+905075464865,Güzellik Salonu
Gloria Güzellik Salonu,+905414122864,Güzellik Salonu
Ece Bella Güzellik Salonu,+905513771201,Güzellik Salonu
Maya Beauty,+905010661858,Güzellik Salonu
By Makass,+905543975253,Kuaför / Berber
aliağa protez tırnak deniz beauty,+905537998065,Güzellik Salonu
Leyla Saç Tasarım,+902326170785,Kuaför / Berber
SEVİNÇ EREN KUAFÖR,+902326162166,Kuaför / Berber
Arzum Güzellik ve Kuaför Salonu,+905342270279,Güzellik Salonu
Stilmen hair academy,+905397053531,Kuaför / Berber
Difference kuaför,+902326161797,Kuaför / Berber
Duru Güzellik Salonu,+905428423585,Güzellik Salonu
Kuaför Özlem,+902326169459,Kuaför / Berber
Serramor bayan kuaförü,+905427422178,Kuaför / Berber
bukettasbeauty,+905424353128,Güzellik Salonu
Güzellik Salonu Charm Alıağa,+905461488814,Güzellik Salonu
MELİNAY GÜZELLİK,+905306093035,Güzellik Salonu
Estel Kuaför Salonu,+902326165058,Kuaför / Berber
Goldstar Kuaför,+902326170555,Kuaför / Berber
Aşina Erkek Kuaförü,+905398333918,Kuaför / Berber
Berber AyS TaŞ MakaS,+905413156953,Kuaför / Berber
Hakan alkan kuaför salonu,+905453144522,Kuaför / Berber
Saloon Turgay Erkek Kuaförü,+905343523068,Kuaför / Berber
Lumiere studio,+905465885921,Güzellik Salonu
Melisa Bayan Kuaförü,+905447278659,Kuaför / Berber
Nazan güler beauty stüdyo,+905321556483,Güzellik Salonu
Pilatesium Aliağa,+905337260373,Pilates / Yoga
neşem bayan kuaförü,+902326161477,Kuaför / Berber
"Ayzone Klinik, Aliağa Ozon Tedavi Merkezi",+905312322177,Güzellik Salonu
Kuaför eres İzmir Aliağa hair desıgner,+905077489035,Kuaför / Berber
Çağdaş ataş kuaför aliağa,+902326167121,Kuaför / Berber
Şimal Hair Makeup Studio,+905445400809,Güzellik Salonu
Dilay Kuaför,+902326169443,Kuaför / Berber
Nazar Bayan Kuaför Salonu,+902326165553,Kuaför / Berber
Biqnet Güzellik Merkezi,+902326170777,Güzellik Salonu
Aliağa Dövme (Perfect Tattoo),+905543543351,Dövme & Piercing
İzmir BarberShop - Aliağa Berber,+905011773535,Kuaför / Berber
Kuaför Şerife,+902326161974,Kuaför / Berber
Angora Kuaför,+902326172340,Kuaför / Berber
Meli Nail Stüdyo,+905466034284,Güzellik Salonu
Dilara Gezer - Hair Makeup Studio,+905383560835,Güzellik Salonu
Kuaför Fatih Aliağa,+902326162808,Kuaför / Berber
Blue Moon Erkek Kuaförü,+905365262823,Kuaför / Berber
ADEV GÜZELLİK SALONU,+905073425426,Güzellik Salonu
Çağın Kuaför,+902326160586,Kuaför / Berber
ALİAĞA GENÇLİK MERKEZİ,+902326167071,Kuaför / Berber
Jasmin Güzellik Salonu,+902326166864,Güzellik Salonu
Dr. Seyhan Günay - Aliağa Medikal Estetik Doktoru,+908504741230,Güzellik Salonu
ŞULE Ç. BAYAN KUAFÖRÜ,+905075472052,Kuaför / Berber
Nilüfer Bakır | Sirius Nail Art | Protez Tırnak,+905071478358,Güzellik Salonu
Le Paris bayan kuaförü,+905437225359,Kuaför / Berber
Rain Kuaför,+905015293945,Kuaför / Berber
Salon Nokta Kuaför ve güzellik,+905467855453,Güzellik Salonu
Volkan Madenli Hair & Makeup Studio,+905300180395,Güzellik Salonu
Uğur bağcı hair palaces,+905070934612,Kuaför / Berber
Melek Saç Tasarım,+905427186458,Kuaför / Berber
Fatma Aydoğdu Hair And Beauty Studio,+905315291294,Güzellik Salonu
Mari Kuaför,+905357282335,Kuaför / Berber
Şahin Hair Design,+905462180700,Kuaför / Berber
AĞAR ERKEK KUAFÖRÜ (SAÇ TASARIM MERKEZİ),+905370633094,Kuaför / Berber
BY Tunçkol,+905304134980,Kuaför / Berber
KuaförYılmaz,+905315772761,Kuaför / Berber
By Emrah Erkek Kuaförü | Aliağa Erkek Kuaförü | Aliağa Erkek Berberi,+905333038958,Kuaför / Berber
PEYRUZE BAYAN KUAFÖRÜ,+905010313572,Kuaför / Berber
Fidan Parfümeri & Kuaför,+902326163272,Kuaför / Berber
Aura hair studio,+905419427816,Kuaför / Berber
Değişim Erkek Kuaförü,+905387179130,Kuaför / Berber
Saloon Zengin,+905333207235,Kuaför / Berber
By Burhan Hair Design,+905387277293,Kuaför / Berber
Nergis Kuaför Salonu,+902326164130,Kuaför / Berber
Umutcan nar hair artist,+905535673887,Kuaför / Berber
Deniz bayan kuaförü,+902326005656,Kuaför / Berber
ARDA BAĞBAŞI & VIP BARBER STUDIOS,+905426246906,Kuaför / Berber
Calista Beauty,+905368697435,Güzellik Salonu
Demir Erkek Kuaförü,+905340793531,Kuaför / Berber
Kuaför Mustafa,+902326167899,Kuaför / Berber
İstanbul Saç Tasarım Aliağa,+905456740704,Kuaför / Berber
Saçlı erkek kuaförü,+905300492356,Kuaför / Berber
HAİRAPİST BY YUNUS GÜLTEPE,+902326166000,Kuaför / Berber
Kuaför Serap,+902326166462,Kuaför / Berber
Deniz bay bayan kuaför salonu,+902326170626,Kuaför / Berber
Ersan Erkek Kuaförü,+905064032232,Kuaför / Berber
Hasan Tutar Erkek Kuaförü,+905064236419,Kuaför / Berber
Elit Bayan Kuaförü,+902326171672,Kuaför / Berber
HAİR DESİGN,+905528647247,Kuaför / Berber
Kuaför Arzu Taşdelen,+902326162373,Kuaför / Berber
Mirza Berber,+905342107608,Kuaför / Berber
Kuaför İlknur,+902326169551,Kuaför / Berber
Ayhan Erkek Kuaförü,+902326171443,Kuaför / Berber
Kuaför Ancelika,+902326164895,Kuaför / Berber
Sefa Erkek Kuaförü,+902326170719,Kuaför / Berber
Kokosh Kuaför,+902326166783,Kuaför / Berber
Nil Kuaför,+902326164602,Kuaför / Berber
Alyona Nail Studio,+905061145506,Güzellik Salonu
DoRa Clinics,+905389430064,Güzellik Salonu
zirve psikoloji,+905375145420,Psikolog / Terapist
Psikolog Bensu Donat,+908504743134,Psikolog / Terapist
"Bergama Pedagog, Ege Pozitif Psikoloji - Psikolog",+905377767063,Psikolog / Terapist
Uzm. Dr. Deniz Bayındırlı PSİKİYATRİST & PSİKOTERAPİST,+905527201879,Psikolog / Terapist
Diş Hekimi Sercan Düşmez,+902326326238,Diş Kliniği
Özel SR Dental Ağız ve Diş Sağlığı Polikliniği,+902326310615,Diş Kliniği
Bergama Ağız Ve Diş Sağlığı Merkezi,+902329550023,Diş Kliniği
Cadde Diş Bergama Özel Ağız ve Diş Sağlığı Polikliniği,+902326314050,Diş Kliniği
Dr. İlker Ersezgin,+902326315452,Diş Kliniği
dişhekimi umut genç,+902326315161,Diş Kliniği
Diş Hekimi Seçkin Türkmen,+902326323334,Diş Kliniği
Diş Hekimi Emine YILDIRIMER BALIK,+905537810438,Diş Kliniği
Diş Hekimi İrem Bolat,+905526320111,Diş Kliniği
Arthistik Creative Studio,+902326315986,Diğer (Sağlık & Bakım)
"Uzman Diyetisyen Gizem Dinç,Beslenme ve Diyet Danışmanlık Merkezi",+905302429505,Psikolog / Terapist
Diyetisyen Seda Nalçacı Sağlıklı Beslenme ve Diyet Danışmanlık Merkezi,+908504743664,Psikolog / Terapist
Diyetisyen Çağatay Kutnal,+905344641390,Diyetisyen
Uzman Diyetisyen Cahide Tankı Beslenme ve Diyet Danışmanlığı,+905428068740,Diyetisyen
Bergama Beslenme Koçluğu,+905322074977,Diyetisyen
Diyetisyen Mediha Nur Ergül Beslenme ve Diyet Danışmanlığı,+905319595479,Diyetisyen
PERGAMON BESLENME KULÜBÜ,+905397722288,Diyetisyen
My Sports Club Bergama Reformer Pilates Atatürk Şubesi,+905345975181,Pilates / Yoga
Master Life Pilates,+905063556950,Pilates / Yoga
B-MOVE PİLATES REFORMER STUDİO,+905056147350,Pilates / Yoga
Prime Fitness Bergama,+905465382461,Kuaför / Berber
Best Premium Fitness,+905512796499,Kuaför / Berber
Esra Zengin Güzellik Salonu,+905536493779,Güzellik Salonu
Ojda Nail Art,+905350208396,Güzellik Salonu
Bilge Beauty,+905344178370,Güzellik Salonu
Psikolog Berk Karaoğlu,+905325074940,Psikolog / Terapist
Oz Psikolojik Danışmanlık (Oz Psychological Consultancy),+905454222729,Psikolog / Terapist
Nora Psikoloji - İzmir Psikolog Alsancak,+902324086672,Psikolog / Terapist
Yankı Psikoloji | İzmir Psikolog,+905519640507,Psikolog / Terapist
Polidea Ağız ve Diş Sağlığı Polikliniği Altındağ Şubesi,+905461354332,Diş Kliniği
Dentalogos Ağız ve Diş Sağlığı Polikliniği,+902325431212,Diş Kliniği
Dentavia Ağız ve Diş Sağlığı Polikliniği,+902323350075,Diş Kliniği
Özel Çağdaş Dent Ağız ve Diş Sağlığı Polikliniği,+905303551575,Diş Kliniği
Polidea Ağız ve Diş Sağlığı Polikliniği,+905451354332,Diş Kliniği
Özel İzmir Dental Klinik Ağız ve Diş Sağlığı Polikliniği,+902325024284,Diş Kliniği
Özel DENT KONAK Ağız ve Diş Sağlığı Polikliniği,+905441121414,Diş Kliniği
Üçkuyular Ağız ve Diş Sağlığı Polikliniği,+902322776242,Diş Kliniği
Dentalogos Ağız ve Diş Sağlığı Polikliniği Kiraz Şubesi,+902325725350,Diş Kliniği
Özel Çamdibi Ağız Ve Diş Sağlığı Polikliniği,+902324868083,Diş Kliniği
Özel Dentin Ağız ve Diş Sağlığı Polikliniği Alsancak Şubesi,+902324460790,Diş Kliniği
Özel Karabağlar Ağız ve Diş Sağlığı Polikliniği,+902322534581,Diş Kliniği
"Dt. Özlem Gülbenli Yılmaz, Diş Hekimi",+905354104444,Diş Kliniği
DİŞ MUAYENEHANESİ Dt.Murat BAYRAMOĞLU,+905419793233,Diş Kliniği
Diş Hekimi Serdar Açar,+905367856995,Diş Kliniği
Mehtap Çoban Güzellik Merkezi,+905347892235,Güzellik Salonu
DRITA BEAUTY HOME,+905515110535,Güzellik Salonu
Aygül Hoşer Beauty Studio,+905334330568,Güzellik Salonu
Özlem Güleç Estetik & Güzellik,+905077805708,Güzellik Salonu
VİTALİA BESLENME KULÜBÜ,+905453211935,Diyetisyen
Bohem Güzellik,+905339161103,Güzellik Salonu
Dr. Belgin Aygün Muayenehanesi -Ozon Tedavi- Botoks-Dolgu- Medikal Estetik,+908504742372,Güzellik Salonu
Maysa Estetik & Güzellik Salonu,+905403555325,Güzellik Salonu
İzmir Estetik Plus,+905010876676,Güzellik Salonu
Kl. Psk. Elif Nur TANFENER,+905364025115,Psikolog / Terapist
FLOS PSİKOLOJİ,+905467193567,Psikolog / Terapist
"Uzm. Kl. Psk. Asena Kantar, Psikolojik Danışma ve Rehberlik",+908504741040,Psikolog / Terapist
Güven Psikolojik Danışmanlık Merkezi,+902326166868,Psikolog / Terapist
Albayrak Psikoloji ve Danışmanlık,+905327479066,Psikolog / Terapist
Klinik Psikolog Feyza Topçu,+908504746223,Psikolog / Terapist
Psikolog Ceren Şimşek,+908508113214,Psikolog / Terapist
Çocuk-Ergen-Bireysel Uzm.Klinik Psikolog Şilan Akçadağ,+905457900921,Psikolog / Terapist
...,+902323812832,Psikolog / Terapist
Psikolog Dilay Ünlü,+905531887398,Psikolog / Terapist
Mg Dent-iz Ağız ve Diş Sağlığı Polikliniği,+905407653535,Diş Kliniği
Özel Bahçedent Ağız ve Diş Sağlığı Polikliniği,+905447256377,Diş Kliniği
Özel Dentsite Ağız ve Diş Sağlığı Polikliniği,+902325028880,Diş Kliniği
Suat Eroğlu Diş Kliniği (Dt Suat Eroğlu-Dt Eda Birer),+905435623572,Diş Kliniği
Dentalizm Aliağa Ağız ve Diş Sağlığı Polikliniği,+902326169035,Diş Kliniği
DENTORA Ağız ve Diş Sağlığı Polikliniği,+902323321661,Diş Kliniği
Diş Hekimleri Ali - Nesrin Beykoz Aliağa,+905367738697,Diş Kliniği
Aliağa Diş Polikliniği,+902326163600,Diş Kliniği
Dr. Coşkun İhsan Sargut,+905422669012,Diş Kliniği
Diş Hekimi ERKAN AKDENİZ,+902326169900,Diş Kliniği
Diş Hekimi Barış Berker Diş Kliniği,+902326168390,Diş Kliniği
Diş Hekimi Aysel Engin Ay,+902326164703,Diş Kliniği
Uzm.Dt.Seher Gözde UĞUR Aliağa çocuk diş hekimi (pedodonti),+905406806040,Diş Kliniği
Diş Hekimi İlknur Esen Şahin,+902326170784,Diş Kliniği
Diş Hekimi Murat ALTUN,+902326168826,Diş Kliniği
Diş Hekimi Levent GÖNÜL,+902326163222,Diş Kliniği
INKORA Tattoo Studio,+905415459203,Dövme & Piercing
zeytin takı & dövme studyosu,+905058918482,Dövme & Piercing
CatBlue Tattoo Studio,+905304078300,Dövme & Piercing
Eray Tattoo,+905302941217,Dövme & Piercing
Seyf Tattoo,+905535254286,Dövme & Piercing
Diyetisyen Lava öner,+905417332319,Diyetisyen
DİYETİSYEN ZEYNEP DURSUN OĞUZ- Özel Sağlık Meslek Hizmet Birimi,+905050236547,Diyetisyen
"Dyt. Mazlum Tan, Diyetisyen",+905459752430,Diyetisyen
Diyetisyen Sabriye Bilgili Sağlıklı Beslenme ve Diyet Danışmanlığı,+905546218829,Diyetisyen
Uzm. Diyetisyen Zeynep ÇİFTCİ Beslenme ve Diyet Danışmanlığı,+905372159454,Diyetisyen
Diyetisyen Simge OZAN ARSLAN,+905300539060,Diyetisyen
HURACAN,+905449172635,Kuaför / Berber
Stayfitaliağa,+905302847710,Pilates / Yoga
Famespor Pilates - Reformer Pilates - Pilates Stüdyosu - Kişiye Özel Ders,+905302861195,Pilates / Yoga
Pilates UP Studio,+905532816786,Pilates / Yoga
Gülhan Ceren Pilates,+905467215816,Pilates / Yoga
Ceypilatesstudio,+905438746791,Pilates / Yoga
Asi GYM Pilates - Aliağa,+905534766670,Pilates / Yoga
FitoFiz,+905442417175,Diğer (Sağlık & Bakım)
Vogue Fitness Club,+905453408483,Kuaför / Berber
Yoga Academy Aliağa,+905067691085,Pilates / Yoga
İcone Güzellik Salonu | Lazer Epilasyon | | Bölgesel İncelme | Cilt Bakım | Kalıcı Makyaj | Protez Tırnak | Meridyen Masaj,+905323999803,Güzellik Salonu
Lady's Aura Güzellik Salonu,+902322782268,Güzellik Salonu
Blue Life Beauty,+905013350009,Güzellik Salonu
Ensari Beauty Center,+905528725293,Güzellik Salonu
Cliniczer Balçova | Balçova Güzellik Salonu | Balçova Lazer Epilasyon,+905395486785,Güzellik Salonu
Yılmaz Bayraktar Beauty | Güzellik Salonu | Kalıcı Makyaj | Tırnak | Cilt Bakımı | Solaryum |,+905393200435,Güzellik Salonu
Pınar akademi estetik&güzellik merkezi,+902322783400,Güzellik Salonu
Gizem Seven Beauty,+905464414171,Güzellik Salonu
Evren Güzellik Salonu,+902322789540,Güzellik Salonu
Sezen Keser Studio,+905077432424,Güzellik Salonu
Lamona Güzellik & Estetik Balçova,+905359339435,Güzellik Salonu
BLASH KUAFÖR İZMİR,+902322790013,Kuaför / Berber
Slimfit Estetik Balçova,+905392615416,Güzellik Salonu
Deniz Bulduk Bayan Kuaförü,+902322791232,Kuaför / Berber
Burcu Aslan Güzellik Merkezi,+905392509213,Güzellik Salonu
Hira Güzellik Salonu,+905415716972,Güzellik Salonu
Osman & Sevda Kuaför,+902322785744,Kuaför / Berber
By Aykut Kuaför Salonu,+902322780011,Kuaför / Berber
C&C Kuaför Güzellik,+902322770097,Güzellik Salonu
Melekler Estetik & Güzellik,+905435530065,Güzellik Salonu
Gamze Güzellik Salonu,+902322771991,Güzellik Salonu
Castles Spa & Wellness,+905449529191,Diğer (Sağlık & Bakım)
Kuaför Ercan Erdinç,+902322787138,Kuaför / Berber
Balçova - Güzellik Merkezi,+902327105056,Güzellik Salonu
Sukuaför Güzellik Salonu,+905331681103,Güzellik Salonu
SAÇAVRA,+905061098452,Kuaför / Berber
Kuaför Kemal & Mustafa Bay-Bayan,+902322784300,Kuaför / Berber
Güzellik Merkezi,+908500000000,Güzellik Salonu
She Life Guzellik Salonu,+902322772957,Güzellik Salonu
Sunshine nail art,+905077317267,Güzellik Salonu
Art Tırnak Stüdyosu,+905324795210,Güzellik Salonu
Silviya Clinic Center - Balçova Şubesi,+905537462020,Güzellik Salonu
SEDAT GÜDER HAİR MAKE UP STUDİO,+905052618434,Kuaför / Berber
Sosyete Güzellik Salonu,+905058970709,Güzellik Salonu
Gümüş güzellik salonu,+905063859059,Güzellik Salonu
Yella Donna Kişisel Bakım Salonu,+902322790966,Güzellik Salonu
Kübra Güzellik Merkezi,+905060572764,Güzellik Salonu
De'luxe estetik ve güzellik,+905362000211,Güzellik Salonu
Kuaför Suna & Fatih,+902322772321,Kuaför / Berber
İlkan kaymak hair artist balçova,+905531283843,Kuaför / Berber
Remziye güzellik salonu,+905067133080,Güzellik Salonu
İnci Kuaför & Güzellik Salonu ( UNİSEX),+905326509535,Güzellik Salonu
MASTER & APPRENTICE ERKEK GÜZELLİK MERKEZİ,+905308410235,Güzellik Salonu
Güneş Güzellik Salonu,+905548538984,Güzellik Salonu
Salon Gökhan Erkek Kuaförü,+905333543232,Kuaför / Berber
Nezahat kuzu beauty saloon,+905358967039,Güzellik Salonu
Kuaför Ertan,+902322781377,Kuaför / Berber
Yıldız Kuaför ve Güzellik Salonu,+905532145116,Güzellik Salonu
Madam Gold Vip Güzellik,+902329351255,Güzellik Salonu
Deniz Bulduk Erkek Kuaförü,+902322790747,Kuaför / Berber
Menekşe Nail Ayak Bakım Güzellik Salonu,+902322479708,Güzellik Salonu
Tırnak Atölyesi,+905537286890,Güzellik Salonu
ZEHRA & GÜLER KUAFÖR & GÜZELLİK SALONU,+905544497680,Güzellik Salonu
Moneta Güzellik,+902322777772,Güzellik Salonu
KISAKES SAÇ SAKAL KESİM SALONU BALÇOVA/İZMİR,+905412483553,Kuaför / Berber
Rüyam Güzellik Salonu (Balçova),+905306375202,Güzellik Salonu
Selma Kadan Beauty Center& Nail Art Studio,+905532320408,Güzellik Salonu
By Serkan Erkek Kuaförü ve Güzellik Merkezi,+905553144230,Güzellik Salonu
Kuaför Fikret,+902322772240,Kuaför / Berber
Kuaför Erman,+905549072482,Kuaför / Berber
Balçova Lobby Kuaför,+905356999225,Kuaför / Berber
Sare Güzellik Salonu,+905443605797,Güzellik Salonu
Selin Kuaför Ve Güzellik Salonu,+902322774030,Güzellik Salonu
Lotus Kuaför Balçova,+905065941208,Kuaför / Berber
Kuaför Şeyda,+902322591169,Kuaför / Berber
Ayşegül & Nihal Kuaför,+902322772633,Kuaför / Berber
Kuaför Barış cirtil,+902322595910,Kuaför / Berber
Ekip Kuaför,+902322771817,Kuaför / Berber
Kuaför Serkan,+902322778889,Kuaför / Berber
Hair Gloss Kuaför,+902322785752,Kuaför / Berber
Ali Kuaför,+902322775561,Kuaför / Berber
Black Star Erkek Kuaförü,+905326872179,Kuaför / Berber
Kanat Erkek Kuaförü,+905364347091,Kuaför / Berber
Kuaför Gökhan,+902322773334,Kuaför / Berber
Studio Mia Balçova,+905412532529,Pilates / Yoga
Rüzgâr kuaför,+905435071597,Kuaför / Berber
Gül Durgun Hair&Makeup Studio,+902322773495,Güzellik Salonu
Little One Kız-Erkek Çocuk Kuaförü,+905550645587,Kuaför / Berber
Barber Shop BY Cevdet,+905454618709,Kuaför / Berber
Damla Güzellik Salonu,+905070981716,Güzellik Salonu
Kuaför Flash,+905334606021,Kuaför / Berber
By Özkan Saç Tasarım,+905453353091,Kuaför / Berber
CAN PİERCİNG & CAN BONCUK,+905063812911,Dövme & Piercing
Kuaför İbrahim,+905545900457,Kuaför / Berber
Serpil Aferin Güzellik Salonu,+902322591116,Güzellik Salonu
Divine Clinic İzmir,+905330283517,Güzellik Salonu
Yuxell Kuaför,+905358858942,Kuaför / Berber
Elit Kuaför Ali,+902322786919,Kuaför / Berber
Erkan Bora Erkek Kuaförü,+905074510045,Kuaför / Berber
Kuaför Celile,+902322777006,Kuaför / Berber
RFS Güzellik Salonu,+902322386555,Güzellik Salonu
Özlem Ural Bayan Kuaförü Balçova,+905068329036,Kuaför / Berber
Mona Lisa Kuaför,+902322770605,Kuaför / Berber
Arzu Kuaför,+905353655773,Kuaför / Berber
AZAD TUĞRUL HAİR ARTİST,+905550572402,Kuaför / Berber
mooi saç tasarım,+905454787186,Kuaför / Berber
Hatice Kuaför,+902322785823,Kuaför / Berber
BERBER 35,+905435241326,Kuaför / Berber
Yılmaz İpek Hair & Makeup Studio,+905396239358,Güzellik Salonu
Cenk Yurdakul Hair Design,+905525374032,Kuaför / Berber
Mustafa Aydemir,+905445150031,Kuaför / Berber
Tina Kuaför,+905375890642,Kuaför / Berber
Kuaför Serkan,+905059843340,Kuaför / Berber
KM Kuaför Metin,+902322772920,Kuaför / Berber
Oğulcan Meriç Erkek Kuaförü,+905377706498,Kuaför / Berber
BY ERKAN KOLUMAN ERKEK KUAFÖRÜ,+905516646022,Kuaför / Berber
Kuaför Emrah Kaplan,+905358430116,Kuaför / Berber
Kuaför Oğuz,+905335194974,Kuaför / Berber
Servet Ulucan - Erkek Kuaförü,+905325889603,Kuaför / Berber
Tolga Erkek Kuaförü,+905558579587,Kuaför / Berber
Serkan Söylemez Saç Tasarım,+902322770796,Güzellik Salonu
Saç Tasarım By Engin,+905327742782,Kuaför / Berber
Kuaför Ergun,+905543832821,Kuaför / Berber
Engin Doğanay Fantaisie sac merkezi,+905417407391,Kuaför / Berber
Salon Edessa,+905458489157,Kuaför / Berber
Fatoş Kuaför,+902322792465,Kuaför / Berber
Kuaför Ayça,+902322791421,Kuaför / Berber
UYAR ERKEK KUAFÖRÜ... ( MUSTAFA UYAR),+905557691980,Kuaför / Berber
Derya Düz Nail Studio,+905538628683,Güzellik Salonu
Ciciş Pet Kuaför,+905326073977,Kuaför / Berber
Ramazan & Hilal Kuaför,+905542345433,Kuaför / Berber
Kent Bayan Kuaförü,+905375492205,Kuaför / Berber
Erkek Kuaförü Soner,+905354249412,Kuaför / Berber
Mech Kuaför,+902322778309,Kuaför / Berber
Caner Erkek Kuaförü,+905067901166,Kuaför / Berber
Salon By Cağdas Erkek Berberi,+905548838790,Kuaför / Berber
Paris Bayan Kuaförü,+902322786278,Kuaför / Berber
Kuaför Arif,+902322786734,Kuaför / Berber
Murat Erkek Kuaförü,+905061328730,Kuaför / Berber
Kuaför Sabri,+902322597138,Kuaför / Berber
Laila,+902322785475,Güzellik Salonu
Poyraz Erkek Kuaförü,+905551033505,Kuaför / Berber
Filiz kuafor,+905424661176,Kuaför / Berber
Salon Mustafa,+902322593777,Güzellik Salonu
KUAFÖR NEVİN,+905544880087,Kuaför / Berber
Esila Kuaför,+905541118108,Kuaför / Berber
Yeni Çizgi Erkek Kuaförü,+905074998226,Kuaför / Berber
Serkan kuaför,+905366636418,Kuaför / Berber
Ayzen Men & Women Coiffeur,+902322780077,Kuaför / Berber
Kuaför Serdar,+902322592223,Kuaför / Berber
Hasanalim Erkek Kuaförü,+902322596988,Kuaför / Berber
Florya V.I.P Erkek Kuaförü Güzellik Merkezi,+905075557541,Güzellik Salonu
ipyos men coiffeur,+905432862011,Kuaför / Berber
ERKAN KUAFÖR,+905375175382,Kuaför / Berber
Erkek Kuaförü Erdal,+905313776696,Kuaför / Berber
Stil Erkek Kuaförü,+902322776375,Kuaför / Berber
Çıt Çıt Kuaför,+908502260908,Kuaför / Berber
Uyar Erkek Kuaförü,+902322591999,Kuaför / Berber
Emrah erkek kuaförü,+905074302944,Kuaför / Berber
N&A Güzellik Salonu,+908503031442,Güzellik Salonu
Bornova Güzellik Merkezi | GAMLİSA GÜZELLİK SALONU,+905303108299,Güzellik Salonu
EGE PLUS GÜZELLİK,+905334059906,Güzellik Salonu
BORNOVA GÜZELLİK VE TIRNAK SALONU | Golden Touch By Asya Akın Studio,+905318701025,Güzellik Salonu
Ena Güzellik Merkezi,+905531309393,Güzellik Salonu
EN.BEAUTY STUDIO | Lazer Epilasyon | Protez Tırnak | Güzellik Merkezi,+905056558525,Güzellik Salonu
Melike Güngör Güzellik & Head Spa,+905054714445,Güzellik Salonu
Liya Güzellik Ve Sir Salonu,+905536152489,Güzellik Salonu
Diva Dermal Güzellik Merkezi,+902323433707,Güzellik Salonu
Dermaface Güzellik Salonu,+905493738855,Güzellik Salonu
Anima Güzellik Salonu,+902323883630,Güzellik Salonu
HARİKA KUAFÖR VE GÜZELLİK SALONU,+905465900110,Güzellik Salonu
Birgül Güzellik Salonu,+902323433515,Güzellik Salonu
Muna Beauty Center - Bornova Güzellik Salonu,+905333957383,Güzellik Salonu
Naz Estetik Güzellik Salonu,+905523723488,Güzellik Salonu
Dilek Karahan Güzellik Salonu,+905326077185,Güzellik Salonu
Songül Avcı Beauty Studio Güzellik Merkezi,+905338105188,Güzellik Salonu
Ten Güzellik Salonu,+905333076886,Güzellik Salonu
Tuğçe Güzellik Merkezi,+905011868823,Güzellik Salonu
Slimfit Estetik Bornova,+905343346159,Güzellik Salonu
LENORA Güzellik Merkezi,+905457485008,Güzellik Salonu
Mirabella,+902323750202,Güzellik Salonu
GÜLNİHAL SİR AĞDA SALONU,+905306411337,Güzellik Salonu
Nets Club Güzellik Salonu,+902323882888,Güzellik Salonu
Özüm Cevher Beauty Salonu,+905070346256,Güzellik Salonu
Zen Beauty,+905367997735,Güzellik Salonu
Nergis Karatay Güzellik Merkezi,+905453730880,Güzellik Salonu
Dermisia Beauty,+905528805435,Güzellik Salonu
Elenora Güzellik İzmir,+905527356835,Güzellik Salonu
Lal Manikür-Pedikür-Ağda Salonu,+902323434288,Güzellik Salonu
Nurdnss Beauty Güzellik Stüdyosu | Bornovada İpek Kirpik | Bornovada Dudak Dolgusu | Bornovada İğnesiz Dudak Dolgusu,+905530834969,Güzellik Salonu
Heaven güzellik salonu sema_akkus34,+905534850526,Güzellik Salonu
Mani Di Fata İzmir Güzellik Salonu,+905054909335,Güzellik Salonu
Şirin Güzellik Salonu,+902323759439,Güzellik Salonu
İBRAHİM & İBRAHİM Kuaför bornova,+902323420022,Kuaför / Berber
Hacer Çal Kaş Salonu,+905468694485,Güzellik Salonu
Gizem Buldu Güzellik Naldöken,+905539432610,Güzellik Salonu
Nora Kuaför ve Güzellik Salonu,+905334063950,Güzellik Salonu
Majestic Nails Center | Bornova Protez Tırnak | Bornovada Kalıcı oje | Bornovada Manikür & Pedikür | Bornovada Ölçülü Kaş,+905456761234,Güzellik Salonu
Paris Kuaför Güzellik Salonu,+905317217234,Güzellik Salonu
Busece saç tasarım ve güzellik salonu,+905353703584,Güzellik Salonu
Goncam Güzellik Salonu,+905072066157,Güzellik Salonu
Şâz-İ Gül Güzellik Salonu,+902329999391,Güzellik Salonu
.,+905321745604,Güzellik Salonu
Lafemme Güzellik Merkezi,+905545698515,Güzellik Salonu
Yağmur Güzellik Salonu,+905068557854,Güzellik Salonu
Beyza Güzellik Salonu,+905357891126,Güzellik Salonu
Soner Saç Tasarım,+902323422248,Kuaför / Berber
Nora Coiffeur & Güzellik Salonu,+902329999970,Güzellik Salonu
Paradise Kuaför,+902323435701,Diş Kliniği
Bir Ay Güzellik Salonu,+902323756067,Güzellik Salonu
Murat & Vedat Saç Tasarım Evka3,+905331207989,Kuaför / Berber
Kardelen Kuaför ve Güzellik Salonu,+902323881418,Güzellik Salonu
Eda Öztürk Güzellik Salonu,+905070272075,Güzellik Salonu
Kadriye Kuaför & Güzellik Salonu,+902324493785,Güzellik Salonu
Elit Saç Tasarım,+902324672252,Kuaför / Berber
LA VİVA KUAFÖR&GÜZELLİK SALONU,+905415908017,Güzellik Salonu
Emine Kuaför,+902323752696,Kuaför / Berber
Arven Epilasyon & Güzellik Salonu,+902323886677,Güzellik Salonu
Bay Bornova Kuaför,+905354743321,Kuaför / Berber
Hasan Kuytu Saç tasarım,+902329991505,Kuaför / Berber
Öznur Kuaför & Güzellik Salonu,+905464910151,Güzellik Salonu
Dilşad Kuaför Ve Güzellik Salonu,+902323471757,Güzellik Salonu
Elegance Erkek Kuaförü,+905378849249,Kuaför / Berber
Şanzelize Kuaför,+902323730376,Kuaför / Berber
Pia saç tasarım & güzellik,+905555817410,Güzellik Salonu
peri güzellik salonu,+905427912517,Güzellik Salonu
Suen Güzellik Salonu,+902323744075,Güzellik Salonu
Thalianur Estetik Saç Güzellik,+902323747418,Güzellik Salonu
Füsun Güzellik Salonu,+905316982485,Güzellik Salonu
NOBLE WOMEN saç tasarım ve güzellik salonu,+905443313032,Güzellik Salonu
Yeliz Dalkara Güzellik Merkezi,+905370638084,Güzellik Salonu
Kuaför ender,+905539663480,Kuaför / Berber
MeGa Güzellik Salonu,+905547367426,Güzellik Salonu
Biray güzellik,+905075612305,Güzellik Salonu
Macha Kuaför,+902329995627,Kuaför / Berber
Yes Beauty Gülsen Sarı,+905519008785,Güzellik Salonu
İzmir Bornova Anka Spa ve Masaj salonu,+905400263500,Kuaför / Berber
Pervin Kuaför,+902323392055,Kuaför / Berber
Daisy Kuaför,+902323752028,Kuaför / Berber
Erkek Kuaförü Faruk,+905366249245,Kuaför / Berber
Scherie Club,+902323420945,Güzellik Salonu
Mez Kuaför Ve Sir Ağda Salonu,+905433730733,Kuaför / Berber
NK GUZELLİK MERKEZİ İZMİR,+905069729823,Güzellik Salonu
Meriç kuaför,+905425694831,Kuaför / Berber
Neşe Kayacı Beauty Center,+905449367084,Güzellik Salonu
CK Saç Tasarım,+905335801274,Kuaför / Berber
GONCA & UĞUR KUAFÖR,+905069381680,Kuaför / Berber
Epilasyon İzmir,+905423646557,Güzellik Salonu
ZÜHAL AKMAN -Kuaför / Güzellik Salonu,+905359771583,Güzellik Salonu
Cicim Kuaför,+905308164585,Kuaför / Berber
Alinda Nail Studio,+905442441149,Güzellik Salonu
Kuaför Hanifi,+902323482026,Kuaför / Berber
Aylin Güzellik salonu,+905367613540,Güzellik Salonu
Zafer Erkek Kuaförü,+905365802131,Kuaför / Berber
The Barber Company - Bornova Erkek Kuaförü,+905532690516,Kuaför / Berber
Celil & Atilla,+902323390039,Güzellik Salonu
Irmak Güzellik Salonu,+905315050372,Güzellik Salonu
Başak kuaför salonu,+905373834916,Kuaför / Berber
HairClub,+902323759105,Kuaför / Berber
Affa Kuaför,+902323881120,Kuaför / Berber
★ HAİR MAKEUP İREM NUR İŞLER ★,+905060506874,Güzellik Salonu
Mavro Kuaför,+902329997375,Kuaför / Berber
Black Sea Kuaför,+905539526135,Kuaför / Berber
YES KUAFÖR,+905071180986,Kuaför / Berber
Dilek Kalbent Beauty Salon,+905375272077,Güzellik Salonu
Seher Kuaför,+902323744414,Kuaför / Berber
Saloon Locca,+902323420313,Kuaför / Berber
BACCA Hair Studio,+902329998329,Kuaför / Berber
Venedik kuaför &Kaynak Merkezi CAVİT ATAR,+905469724210,Kuaför / Berber
Melih Karahan Bayan Kuaförü,+905548294193,Kuaför / Berber
Defnem Bayan Kuaförü,+905302892238,Kuaför / Berber
Semiha Saç Tasarım,+902324588026,Kuaför / Berber
Gülsüm Bayan Kuaförü,+902323432885,Kuaför / Berber
Salon Mix,+905076370268,Kuaför / Berber
Fethiye Kuaför,+902323392100,Kuaför / Berber
By Serdar Hair Palace,+905423312018,Kuaför / Berber
Cüneyt Uğur Kuaför,+905057046992,Kuaför / Berber
Gürkan Turan Hair Art | Profesyonel Erkek Kuaför ve Erkek Berberi,+905431238535,Kuaför / Berber
Elmira Bayan Kuaförü,+905526631883,Kuaför / Berber
SERRA KUAFÖR,+902323434219,Kuaför / Berber
Erkan Yıldırım kuaför,+902329999018,Kuaför / Berber
Anıl İrtem Saç Tasarım,+902329996501,Kuaför / Berber
Salon Gamze,+902323512225,Kuaför / Berber
Kuaför Salon Önder Bakır,+902323442440,Kuaför / Berber
Salon Munchen (Münih Kuaför),+905382555707,Kuaför / Berber
Eliza kuaför,+902324671307,Kuaför / Berber
Ferhat Erkek Kuaför,+905542471486,Kuaför / Berber
Cosmo Kuaför,+902323731040,Kuaför / Berber
First İbrahim,+902323396093,Kuaför / Berber
Kuaför Kemal Levent,+905514609493,Kuaför / Berber
Hair Art Erkek Kuaförü,+905447203517,Kuaför / Berber
Rose Kuaför,+902324672141,Kuaför / Berber
Özen Hair Make-Up Studio,+905347944393,Kuaför / Berber
Barış Erkek Kuaförü,+905353271545,Kuaför / Berber
DENİZ KUAFÖR,+902324867246,Güzellik Salonu
Erkan Hair Studio,+902323883313,Kuaför / Berber
Patron Erkek Kuaförü,+905535737992,Kuaför / Berber
LEGOZ KUAFÖR,+905356850161,Kuaför / Berber
Başkent Kuaför,+902324696427,Kuaför / Berber
Ahmet Camcı Hair Studio,+902323431984,Kuaför / Berber
Reis Karakuş Micro Kaynak Kuaför,+905078636814,Kuaför / Berber
Salon Paris,+902323735639,Güzellik Salonu
Bornova Pet Kuaför,+902323423430,Kuaför / Berber
Emel Kuaför,+905363910571,Kuaför / Berber
Kuaför Bekir & Müzeyyen,+902323880861,Kuaför / Berber
İLKER AVCI,+905069691681,Kuaför / Berber
Sevcan Kurt Kuaför,+905533967725,Kuaför / Berber
Onur Avcı Erkek Kuaför&Güzellik Merkezi,+905065161330,Güzellik Salonu
Barbizon Kuaför,+902323424433,Kuaför / Berber
İmza Bayan Kuaförü,+902323517161,Kuaför / Berber
Özgür Saç Tasarım Myvia414 Erkek kuaförü,+905330229471,Kuaför / Berber
Backstage by Mert Kaya,+905079351079,Kuaför / Berber
KUAFÖR GAMZE (Bornova-Merkez),+905356432314,Kuaför / Berber
Tılsım Kuaför,+902324672221,Kuaför / Berber
Paris Kuaför,+905070994642,Kuaför / Berber
Altın Makas Saç Tasarım Erkek Kuaförü,+905552976789,Kuaför / Berber
Erkek Kuaförü Ferdi,+905354280333,Kuaför / Berber
Taner Erkek Kuaförü,+902323739686,Kuaför / Berber
Saloon Buket,+902324359176,Kuaför / Berber
Bülent & Yasin Kuaför,+902323421039,Kuaför / Berber
Değişim Kuaför,+902324616687,Kuaför / Berber
Ayşegül Kuaför,+902323426046,Kuaför / Berber
Kuaför Ertuğ Erkandır saç tasarım,+905452876306,Kuaför / Berber
Cansu Kuaför,+902324584323,Kuaför / Berber
Saloon nazeli_izmir,+905523312228,Güzellik Salonu
Lotus Kuaför,+902323434352,Kuaför / Berber
Vakko exclusive Kuaför,+905353011451,Kuaför / Berber
Coiffeur Mabelle,+905542678751,Kuaför / Berber
Fehmi Korkmaz Man Hair Studio Erkek Kuaförü,+905322580481,Kuaför / Berber
truva erkek kuaförü,+905379707316,Kuaför / Berber
Sea Hair Port İzmir,+905398335145,Kuaför / Berber
Rebel HAir MAKEUP STUDİO,+902323747552,Güzellik Salonu
Kuaför Seval,+902324611156,Kuaför / Berber
Kenza Kuaför,+905434313338,Kuaför / Berber
Gümüş Makas Kadir,+902324672030,Kuaför / Berber
Pırıltı Kuaför,+902324612115,Kuaför / Berber
Kadınca Kuaför,+902324675957,Kuaför / Berber
Kuafor gokhans,+905548724819,Kuaför / Berber
By Sezo - Bornova Erkek Kuaförü,+905327715224,Kuaför / Berber
Ara Makas Erkek Kuaförü,+905464274314,Kuaför / Berber
Çağdaş Hair Design,+905350883130,Kuaför / Berber
Sudem Kuaför,+905536480480,Kuaför / Berber
Sebahattin Ve Ramazan Bayan Kuaförü,+902324674180,Kuaför / Berber
Tarık Kuaför,+902324691515,Kuaför / Berber
Begüm Boz Kaş Kirpik Tırnak Stüdyo,+905316617241,Güzellik Salonu
Bonita nail art,+905304224512,Güzellik Salonu
Dora Nail Art,+905446656689,Güzellik Salonu
Nail Art Museum - Balçova,+905432805105,Güzellik Salonu
Art Nail Beauty,+905396111985,Güzellik Salonu
Ena Beauty Center,+905330511362,Güzellik Salonu
Lana Beauty Güzellik salonu,+905453551200,Güzellik Salonu
AURA BEAUTY CENTER,+905400102406,Güzellik Salonu
Hermoso Beauty Nail Center,+905319931957,Güzellik Salonu
Junghof Beauty & Tattoo Studio,+905529245818,Dövme & Piercing
Derya Eser Beauty Studio,+905514149074,Güzellik Salonu
Seval Beauty,+905535376325,Güzellik Salonu
5,+905308520435,Güzellik Salonu
Kozmetra Beauty,+902324076666,Güzellik Salonu
yina beauty studio,+905451631880,Güzellik Salonu
NeoBod Health Care Beauty,+905423585313,Güzellik Salonu
Tuana Beauty,+905422570522,Güzellik Salonu
Beauty Oceans,+902322788485,Güzellik Salonu
Berfin Aytar Makeup Artist,+905374905178,Güzellik Salonu
Sarya Mengüş Beauty İzmir,+905461215762,Güzellik Salonu
SEROHAN BEAUTY KALICI MAKYAJ,+905384827432,Güzellik Salonu
Santora Lazer Epilasyon Cilt Bakım Merkezi Balçova,+905493473535,Güzellik Salonu
Burak Derdiyok Hair Design,+905532747879,Kuaför / Berber
MeralKaftancı MakeUp Arts. Studio,+905072042737,Güzellik Salonu
Oje's,+905434083421,Kuaför / Berber
Saloon Sedat & Umut,+902322790000,Güzellik Salonu
Dilara Özbek Nail Studio,+905526509735,Güzellik Salonu
İzmir Bornova Glowup Protez Tırnak Stüdyosu,+905066912593,Güzellik Salonu
Özge Nail Studio | Bornova Kalıcı Oje & Tırnak Tasarım,+905455717773,Güzellik Salonu
OLGA TIRNAK BORNOVA,+905303646296,Güzellik Salonu
İzmir Protez Tırnak İpek Kirpik -Dilek Girti,+905079857539,Güzellik Salonu
Zoe Nail&Beauty - Protez Tırnak ve Güzellik Salonu,+905435081201,Güzellik Salonu
Gamze Sürgün Nail Studio,+905452558952,Güzellik Salonu
Milena Nail&Beauty,+905061710666,Güzellik Salonu
Ebru Sert Nail Art Studio,+905070305335,Güzellik Salonu
BE Nail Studio,+905455284224,Güzellik Salonu
Liora Nail Studio,+905457367350,Güzellik Salonu
Aura nail studio Küçükpark,+905067109975,Güzellik Salonu
Tuğçe Türker Nail Studio,+905444077209,Güzellik Salonu
Aleynails Tırnak Stüdyosu,+905378151413,Güzellik Salonu
Best Nail Art Home Studio,+905445380288,Güzellik Salonu
Apexe Nail,+905466852991,Güzellik Salonu
İrem Suna Nail Studio,+905333231590,Güzellik Salonu
House Of Nails,+905065597494,Güzellik Salonu
Tamay Beauty Studio Nail Art,+905428218798,Güzellik Salonu
Melindanailsstudio,+905533367733,Güzellik Salonu
EVA TIRNAK CENTER,+905050610148,Güzellik Salonu
Duru nail art studio,+905422481561,Güzellik Salonu
Luna Beauty Center,+905411353485,Güzellik Salonu
Beauty & NailSpa By Sevcan Bolugur,+905322800103,Güzellik Salonu
Sisi,+905309504809,Kuaför / Berber
Caba Nail,+902329991435,Güzellik Salonu
Deniz Maniküryum,+905331613735,Güzellik Salonu
Sevim Ekinci Nail Studio,+905433560593,Güzellik Salonu
Mes Nail Lounge,+905061181382,Güzellik Salonu
Nevesta Nail Art,+905380744816,Güzellik Salonu
Zey tırnak,+905382353454,Güzellik Salonu
Ms Beauty Lounge Bornova,+905432742224,Güzellik Salonu
İZ Beauty,+905056971417,Güzellik Salonu
Meral Beauty Studio,+905308759587,Güzellik Salonu
EB SHİNE BEAUTY,+905317497623,Güzellik Salonu
elif öz beauty studio,+905537010422,Güzellik Salonu
Seval İlkin Beauty Studio,+905321789130,Güzellik Salonu
Tülin turan beauty,+905078929436,Güzellik Salonu
Helen Beauty Studio,+905318340089,Güzellik Salonu
Nana Beauty Maison - İzmir Güzellik Merkezi,+905354510788,Güzellik Salonu
Z&S Beauty Center,+905400032844,Güzellik Salonu
Ceylan keserci beauty,+905010273513,Güzellik Salonu
Sıla Cüceoğlu Beauty Center,+905399288303,Güzellik Salonu
MERVE DOĞANDEMİR BEAUTY STUDIO,+902324154541,Güzellik Salonu
HANDAN BEAUTY,+905075200020,Güzellik Salonu
vusale beautyy,+905461703506,Güzellik Salonu
Selin Sintaç Beauty,+905353455305,Güzellik Salonu
Nirvana Hair & Beauty Salon,+905050608421,Güzellik Salonu
Neria Estetik ve Güzellik Salonu,+902323434602,Güzellik Salonu
B&A beauty club,+905052242689,Güzellik Salonu
The Magic Studio,+905512337970,Güzellik Salonu
ANDRA BEAUTY,+905308863000,Güzellik Salonu
sahra.beauty.studyo,+905076014852,Güzellik Salonu
Eylül Kuaför/Güzellik,+902329990784,Güzellik Salonu
ZühalAkman Beauty m.a.t-izmir,+905542447575,Güzellik Salonu
Nira Beauty Center,+902324219092,Güzellik Salonu
The barber Lounge,+905050047897,Kuaför / Berber
Famn. Beauty Atelier,+905339271191,Güzellik Salonu
Zendiva Beauty Salon,+905304752630,Güzellik Salonu
BY Adem,+905079316604,Kuaför / Berber
FATOŞ KAYA,+905461253135,Kuaför / Berber
Burak Saç Tasarım,+905369817602,Kuaför / Berber
Salon elit mustafa,+905051250914,Kuaför / Berber
My Master beauty salon,+905338947939,Güzellik Salonu
Valorem Beauty by Kıymet Özcan,+905528583035,Güzellik Salonu
VAGOS BERBER,+905061078835,Kuaför / Berber
Welsa Kuaför,+905347027062,Kuaför / Berber
OG HAİR STUDİO,+905427280525,Kuaför / Berber
Bio & Ten,+902323734746,Güzellik Salonu
Yeşil Bornova Kilo Kontrol Merkezi • Herbalife,+905069834031,Diyetisyen
Berber Bornova,+905545622516,Kuaför / Berber
By Sezer,+905534953234,Kuaför / Berber
Gamzeyarsibeauty,+905313283817,Güzellik Salonu
Duygum Kuaför,+905394235225,Kuaför / Berber
sidelya mevsimi,+905059852183,Güzellik Salonu
Mine Kuaför,+905366460879,Kuaför / Berber
Sisnova Beauty Center,+905078375735,Güzellik Salonu
SALON JASMİN sac kaynak merkezi,+905070000000,Kuaför / Berber
NURİYE BOZKURT ESTETİK GÜZELLİK MERKEZİ,+905415662300,Güzellik Salonu
GİZA GÜZELLİK ATÖLYESİ,+905400352001,Güzellik Salonu
Berlin Estetik |Lazer Epilasyon|Estetik|Saç Ekimi|Antiaging,+905442905525,Güzellik Salonu
Rüerma Beauty,+905079843030,Güzellik Salonu
Assya Epilasyon ve Güzellik Yeşilova,+902324616001,Güzellik Salonu
Op. Dr. Çağhan Baytekin,+902324633544,Güzellik Salonu
Prof. Dr. Gönül Sağıroğlu,+908504748304,Güzellik Salonu
Yasemin Gülgör Saç Ekim Güzellik ve Estetik Merkezi,+905364096905,Güzellik Salonu
Mest Estetik,+905335828400,Güzellik Salonu
Linera Face Contour Studio,+905324708950,Güzellik Salonu
Avrupa Estetik ve Güzellik Merkezi | Soprano Ice Buz Lazer İzmir-Cilt Bakımı-Lazer Epilasyon İzmir-Beauty Center İzmir,+905533020900,Güzellik Salonu
Pro Estetik Ağız ve Diş Sağlığı Polikliniği,+902324634747,Diş Kliniği
Heys Güzellik Salonu,+905462740939,Güzellik Salonu
LORWEN BEAUTY,+905314099442,Güzellik Salonu
Estpoint - İzmir Estetik Kliniği Şubesi,+905433428509,Güzellik Salonu
Esiderm Güzellik & Estetik,+902323437333,Güzellik Salonu
Op. Dr. Şenol Durukan,+905526475237,Güzellik Salonu
Eser Yılmaz Estetik ve Güzellik,+905010784678,Güzellik Salonu
Novus Estetik,+905331409933,Güzellik Salonu
Elif Dinçarslan Polikliniği - İzmir Saç Ekimi & Estetik Merkezi,+902324001001,Güzellik Salonu
Bornova Psikolog - Çift Aile Evlilik Terapisti Pedagog,+905318866647,Psikolog / Terapist
Uzman Klinik Psikolog Alperen Karabulut,+905067020534,Psikolog / Terapist
Espero Psikoloji | Bornova Psikolog,+902323737150,Psikolog / Terapist
Uzman Psikolog Vedat Akdemir,+905511537825,Psikolog / Terapist
"Dr. Psikolog Murat Sarısoy, 7/24 Hizmetinizdeyiz",+902324640060,Psikolog / Terapist
Uzman Klinik Psikolog Simge Zorlu,+905422683335,Psikolog / Terapist
"Klinik Psikolog Nuray ER - İzmir Psikolog, Aile Danışmanı, Çift Terapisti, EMDR Terapisti",+905374159038,Psikolog / Terapist
Uzman Psikolog Çiçek Tarla,+908504741021,Psikolog / Terapist
Uzm.Psikolog Nihal AKSOY,+905556040890,Psikolog / Terapist
Uzman Klinik Psikolog Beyza Akyurt,+905350351840,Psikolog / Terapist
Doç.Dr. Ülkü AKYOL ARDIÇ,+905525382881,Psikolog / Terapist
İzmir Pedagoji Merkezi,+905384812084,Psikolog / Terapist
Uzman Klinik Psikolog Nihal Sena Çetin,+905458017010,Psikolog / Terapist
Klinik Psikolog Fatma Zehra Çetin,+905334807437,Psikolog / Terapist
Accepta Psikoloji | Psk. D. Mert Diktaş,+905074778523,Psikolog / Terapist
PSK Danışmanlık,+902323883221,Psikolog / Terapist
Bornova Dikkatliyizbiz Dikkat Geliştirme ve Psikolojik Danışmanlık,+905423370635,Psikolog / Terapist
Uzm. Klinik Psk.Buğra Yerlikaya,+905077520711,Psikolog / Terapist
Psk. Burak Dere,+905539798479,Psikolog / Terapist
İzmir Pasaport Psikoloji Danışmanlık Merkezi | İzmir Psikolog - Aile Danışmanı,+905317117090,Psikolog / Terapist
BDT İZMİR Psikoloji,+905526578417,Psikolog / Terapist
"Uzman Klinik Psikolog Çağlar Elbirlik, İzmir Psikolog",+905525952505,Psikolog / Terapist
İZMİR PSİKOLOG Dr. HATİCE TOPÇU ERSOY,+902324211248,Psikolog / Terapist
Medifiz Fizyo&Sports,+905543685939,Diğer (Sağlık & Bakım)
Özel Yağmur Psikoloji Kliniği,+905354105252,Psikolog / Terapist
İzmir Panik Atak Tedavi Merkezi Uzm. Psikolog Cinsel Terapist,+905346932350,Psikolog / Terapist
İZMİR SİNERJİM PSİKOLOJİK HİZMETLER,+905323751618,Psikolog / Terapist
Serenitas Psikoloji,+905455358816,Psikolog / Terapist
PSYART Kişisel Gelişim ve Atölye,+905011852364,Psikolog / Terapist
İDA Psikolojik Danışmanlık,+905448901504,Psikolog / Terapist
Uzman Klinik Psikolog Ece Ergür,+905313077279,Psikolog / Terapist
Psikolog Barış Soylu,+905445227082,Psikolog / Terapist
Klinik Psikolog Merve Tahiroğlu,+905513661353,Psikolog / Terapist
"Özel Bornova Özel Eğitim Rehabilitasyon, Dil Konuşma ve Fizik Tedavi Merkezi",+902323429342,Psikolog / Terapist
Eskülap Danışmanlık,+905067811756,Psikolog / Terapist
İzmir Pedagog Oyun Terapisti Psikolog Nigar Banu Kına,+905073430161,Psikolog / Terapist
BORNOVA PSİKOLOG/YETİŞKİN TERAPİSTİ,+905330165733,Psikolog / Terapist
Uzm. Psikolog Hatice Ünal Demir,+905367713820,Psikolog / Terapist
CK PSİKOLOJİ,+905549960604,Psikolog / Terapist
GAIA Psikolojik Danışmanlık Merkezi,+905330682645,Psikolog / Terapist
Bilgi Psikoloji,+905535643026,Psikolog / Terapist
Psikolojik Danışman Duygu Elçi Topal,+905075282057,Psikolog / Terapist
Psikolog Eslem Yıldırım,+905537697091,Psikolog / Terapist
"Uzman Klinik Psikolog Berken Gündüz, İzmir Tavsiye Edilen Psikolog",+905075331212,Psikolog / Terapist
Denta Köşk Özel İzmir Ağız ve Diş Sağlığı Merkezi,+902323433222,Diş Kliniği
Dentilyum Ağız ve Diş Sağlığı Polikliniği,+905333095171,Diş Kliniği
DENT232 Ağız ve Diş Sağlığı Polikliniği (implant Ortodonti Pedodonti Zirkonum Estetik Diş),+905550055232,Diş Kliniği
Key Smile Ağız ve Diş Sağlığı Polikliniği,+905015393535,Diş Kliniği
Özel MLS Dental Ağız ve Diş Sağlığı Polikliniği,+905526057680,Diş Kliniği
Özel Bornova Tanı Ağız ve Diş Sağlığı Polikliniği,+905528659435,Diş Kliniği
Özel Dentral Ağız ve Diş Sağlığı Polikinliği,+902324791482,Diş Kliniği
Işık Dental Bornova - Ağız ve Diş Sağlığı Polikliniği,+902323740077,Diş Kliniği
"AllOnSmiles Dental Implants | Hollywood Smile in Izmir, Turkey 7/24",+905011222939,Diş Kliniği
Dentilla Ağız Ve Diş Sağlığı Polikliniği,+905055929112,Diş Kliniği
Dent Üniversal Ağız ve Diş Sağlığı Poliklinik Hizmetleri Ticaret Ltd. Şti.,+905395756860,Diş Kliniği
Diş Hekimi N.Ceyda Gökgöz (Bornova Doktor Klinikleri),+908508116733,Diş Kliniği
ÖZEL TUBA ÇELİK AĞIZ ve DİŞ SAĞLIĞI POLİKLİNİĞİ,+902323424848,Diş Kliniği
Tamdent Ağız ve Diş Sağlığı Polikliniği,+902324673599,Diş Kliniği
Özel Gamze Gergük Ağız ve Diş Sağlığı Polikliniği,+905551871331,Diş Kliniği
UltimaDent Ağız ve Diş Sağlığı Kliniği,+902324040144,Diş Kliniği
Özel Avrupadent Bornova Lusso Ağız ve Diş Sağlığı Polikliniği,+902324392020,Diş Kliniği
Dt. Gamze Gergük | Zirkonyum İzmir İmplant Diş doktoru Diş hekimi Yeşilova,+905551871351,Diş Kliniği
Özel Dünya Diş Ağız Ve Diş Sağlığı Polikliniği,+902324862013,Diş Kliniği
Evka 3 Ağız ve Diş Sağlığı Polikliniği,+905335696377,Diş Kliniği
Medisam Health Center - Ağız ve Diş Sağlığı Polikliniği,+905066791835,Diş Kliniği
Diş Hekimi Gökhan ÖZGÜR,+905412333500,Diş Kliniği
Qairy Dent Ağız ve Diş Sağlığı Polikliniği,+905531826335,Diş Kliniği
Dichland Dent Ağız ve Diş Sağlığı Polikliniği,+902324356060,Diş Kliniği
Dent Harmony Ağız ve Diş Sağlığı Polikliniği,+902329998092,Diş Kliniği
Diş Hekimi Atilla İnanöz,+905541758335,Diş Kliniği
"Dr. Dt. Naile Cura, Ağız Diş Ve Çene Cerrahisi",+905453354504,Diş Kliniği
Diş Hekimi Mücevher ÖZTÜRK Kliniği,+902324792529,Diş Kliniği
NİFA DENT AĞIZ VE DİŞ SAĞLIĞI POLİKLİNİĞİ,+902322020055,Diş Kliniği
DentBulut Ağız Diş Sağlığı Polikliniği,+905337362798,Diş Kliniği
Diş Hekimi Onur KINAY,+905326393500,Diş Kliniği
Özel Smile Lounge Ağız ve Diş Sağlığı Polikliniği,+905469044808,Diş Kliniği
Özel Müftüoğlu Ağız ve Diş Tedavi Polikinliği,+902323885719,Diş Kliniği
Nord Dental Clinic,+905454209414,Diş Kliniği
Diş Hekimi Taşkın ÖGEL (Bornova İmplant),+902323886214,Diş Kliniği
Disentra Dental Clinic,+905386452303,Diş Kliniği
Diş Hekimi İlhan Kahveci,+908504747481,Diş Kliniği
Diş Hekimi Birand Gümüş,+902324353569,Diş Kliniği
Diş Hekimi Şenel Akbulut,+902323745656,Diş Kliniği
Diş Hekimi Ferhat Ağın,+905453481361,Diş Kliniği
Özel Family Dent Ağız ve Diş Sağlığı Polikliniği,+905471233535,Diş Kliniği
Diş Hekimi Gizem KÜÇÜKAK,+905517433235,Diş Kliniği
Diş Hekimi Dila Naz Yiğitalp,+905053551535,Diş Kliniği
Diş Hekimi Sena TAYLAN,+905493734443,Diş Kliniği
Diş Hekimi Ozan Akkuş,+902323744777,Diş Kliniği
C&O DENTAL CLINIC,+905535532544,Diş Kliniği
Diş Hekimi Cenk Kavut,+902323745523,Diş Kliniği
DİŞ HEKİMİ MERVE KAR KOCAKURT,+905516474824,Diş Kliniği
Grand Dental,+902324616126,Diş Kliniği
Klinik35,+905017075025,Diş Kliniği
Diş Hekimi Çağıl Çevikel,+905365225647,Diş Kliniği
Diş Hekimi Filiz Yamaner,+902323396948,Diş Kliniği
"Dt. Emre Sarkın, Diş Hekimi",+908504742672,Diş Kliniği
Diş Hekimi Ilhan Kocatepe,+902324337860,Diş Kliniği
Diş Hekimi Muhammed Alperen BALCI,+905303691035,Diş Kliniği
"Turkuaz Dental Özel Diş Hekimliği Hizmetleri, İth., İhr. San. Ve Tic. Ltd. Şti",+902324640666,Diş Kliniği
Eds Med Care,+905375204777,Diğer (Sağlık & Bakım)
NezTIP,+902324351142,Diş Kliniği
Dr. Deniz Çağında,+902323736197,Diş Kliniği
Diş Hekimi Kamuran Belkıs Şaşal,+902323888445,Diş Kliniği
Diş Hekimi Levent Apak,+902323423413,Diş Kliniği
Diş Hekimi Funda Akıncı,+902323473644,Diş Kliniği
Dr. Tülin Durukan İnli,+902323480843,Diş Kliniği
Queen Of İnk Tattoo Studio,+905313034742,Dövme & Piercing
Nous Art Tattoo,+905555965669,Dövme & Piercing
Deep Night Tattoo,+905334803069,Dövme & Piercing
166st. Tattoo Piercing Studio,+905376665316,Dövme & Piercing
Eac Tattoo,+905385190920,Dövme & Piercing
Insomnia Tattoo Studio,+905431129335,Dövme & Piercing
Skyink - Tattoo Studio,+905050675416,Dövme & Piercing
Gülşah Engin Tattoo Studio,+905541312572,Dövme & Piercing
Hex Tattoo Studio,+905078207530,Dövme & Piercing
Bornova INK Tattoo | Küçükpark Tattoo | Bornova Tattoo | Bornova Piercing,+905540127500,Dövme & Piercing
Tattoo Store - Eray YAVAŞ,+905532878747,Dövme & Piercing
Tattoo Art Özge Ceylan,+905385421401,Dövme & Piercing
Sunset Tattoo Studio,+905446041925,Dövme & Piercing
Khaos Tattoo & Art Studio,+905536137043,Dövme & Piercing
tattoo dara stüdyo,+905443437933,Dövme & Piercing
Art Attack Design,+905368671023,Dövme & Piercing
Ank Gümüş Hediyelik Tattoo Piercing,+902323421774,Dövme & Piercing
FocusArt Tattostudio,+905419070354,Dövme & Piercing
Tattoo BoyalıKuş,+905394556440,Dövme & Piercing
TAU TATTOO,+905421052319,Dövme & Piercing
izmir no13tattoo,+905399581335,Dövme & Piercing
İZMİR İNK TATTOO STUDIO,+905546772863,Dövme & Piercing
Baseline Ink,+905534024041,Dövme & Piercing
Janpoll Tattoo İzmir,+905548007220,Dövme & Piercing
Zeph Ink Studio,+905317874061,Dövme & Piercing
Bakink Tattoo Stüdio,+905332862716,Dövme & Piercing
ABB Sanat,+905413779450,Dövme & Piercing
MK ART STUDIO,+905432204654,Dövme & Piercing
Ravel Tattoo Studio,+905330381084,Dövme & Piercing
Denizyıldızı Dövme Malzemeleri,+905367186006,Dövme & Piercing
İnk Void Tatto,+905318851132,Dövme & Piercing
ink technique tattoo,+905531121707,Dövme & Piercing
Reflect Tattoo Studio İzmir,+905318187501,Dövme & Piercing
Legendary Tattoo,+905536583758,Dövme & Piercing
Berataslantattoo,+905412630221,Dövme & Piercing
Tak Tak Tattoo Studio,+905412717665,Dövme & Piercing
Green Arrow Tattoo,+905549490465,Dövme & Piercing
Sev İnk Tattoo Studıo,+905057043963,Dövme & Piercing
Dreamers Tattoo Studio,+905316963766,Dövme & Piercing
tattoospecial.ink | Mert Bildik,+905543811160,Dövme & Piercing
West Side Tattoo Studio,+905318729420,Dövme & Piercing
Tautau Tattoo,+905050142728,Dövme & Piercing
Line Tattoo,+905078344483,Dövme & Piercing
Hekate Tattoo & Styling,+905557207100,Dövme & Piercing
Oxara Tattoo Lab,+905538347802,Dövme & Piercing
Alaca Tattoo & Piercing,+905523047000,Dövme & Piercing
TattooBull Studio Bornova,+905307051035,Dövme & Piercing
Lipödem ve Fonksiyonel Tıp Diyetisyeni Pınar Ergül,+905534477331,Diyetisyen
Diyetisyen Merve Kalmış,+905526814518,Diyetisyen
Diyetisyen Cansu Koyuncu Öztürk,+908504741169,Diyetisyen
İzmir Diyetisyen Beyza Yalav | Beslenme Uzmanı | Online Diyet,+905548670562,Diyetisyen
Diyetisyen Damla Görkem Aktekin / Lera Wellbeing,+905372666252,Diyetisyen
Bornova - Fonksiyonel Tıp Diyetisyeni Ceylin Sude Oğuz,+905401553577,Diyetisyen
Diyetisyen Metin Bodur,+902323428292,Diyetisyen
Diyetisyen Sümeyye Top Beslenme ve Diyet Danışmanlığı,+905521527792,Diyetisyen
Diyetisyen Sebahat Neşeli,+905355622780,Diyetisyen
Bornova Diyetisyen - Uzm. Dyt. Merkezi,+905393349774,Diyetisyen
Diyetisyen Öznur Adak Beslenme ve Diyet Danışmanlığı,+905357143941,Diyetisyen
Diyetisyen Ayça Ayaz,+908504745108,Diyetisyen
KEYF_iM ÇAMDiBİ KİLO KONTROL,+905547009476,Diyetisyen
Diyetisyen Ceren Gümüş,+905367077323,Diyetisyen
Diyetisyen Emine Karabıyık,+905435074645,Diyetisyen
Dyt. Bengü Ünal,+908504748192,Diyetisyen
Diyetisyen Kübra Atıcı,+905534597681,Diyetisyen
Health Co. Fitness and Nutrition personal coaching,+905326220009,Diyetisyen
Karşıyaka Dyt Melisa EMİNE BAKIR - Karşıyaka Diyetisyen Randevu - Sağlıklı Beslenme - Tavsiye Diyetisyen - Beslenme Danışmanı,+905433027183,Diyetisyen
Diyetisyen Yağmur Çoban,+905313121587,Diyetisyen
Dyt. Gül İncekara,+908504741992,Diyetisyen
Orkide Aktif yaşam,+905377077684,Diyetisyen
Psikolog Diyetisyen Gülşen Sarı,+902325703726,Psikolog / Terapist
Sport Vision Plus - Bornova Reformer Pilates & Spor Salonu,+905305001849,Pilates / Yoga
Aqua Pilates Reformer Studio Bornova,+905057928343,Pilates / Yoga
ASI Pilates Studıo Bornova,+905557170701,Pilates / Yoga
M.E.S Pilates & Training Studio,+905309033500,Pilates / Yoga
Positive Pilates Bornova,+905438703500,Pilates / Yoga
Pilates İzmir,+905425919635,Pilates / Yoga
Tekin Spor Studio,+905524856982,Pilates / Yoga
Halime Uludağ Pilates Studio,+905539826085,Pilates / Yoga
Fast Up PT Pilates Studio,+905525875669,Pilates / Yoga
Pan Yoga & Reformer Studio,+905548841212,Pilates / Yoga
Lumia Pilates Stüdyo,+905425269777,Pilates / Yoga
Zyra Pilates & Yoga Studio,+905542386522,Pilates / Yoga
NONSTOP PT / REFORMER STUDIO,+905076263665,Kuaför / Berber
Fit Yaşam Studio Forum Bornova Villalar,+905516511927,Pilates / Yoga
Eylül Özkan Pilates Studio,+905307491533,Pilates / Yoga
Let's Sport,+902325203989,Kuaför / Berber
Nova Pilates Studio,+902323436798,Pilates / Yoga
Aqua Pilates Bornova,+905325834951,Pilates / Yoga
More Studio Pilates,+905368293510,Pilates / Yoga
ANKA REFORMER PİLATES STUDİO,+905549094824,Pilates / Yoga
İZ PİLATES Filiz Algüney,+905072975792,Pilates / Yoga
Esperto Training Studio,+905323544331,Kuaför / Berber
Prime Plus Sport,+905523287597,Pilates / Yoga
Genç Türk Sağlikli Yaşam ve Spor Merkezi,+902323742026,Kuaför / Berber
REFORMER COACH STUDIO,+905545025151,Kuaför / Berber
"Sportfiz Bornova | Kayropraktik, Reformer Pilates, Fizyoterapi, Manuel Terapi",+905312665982,Psikolog / Terapist
Gym Bornova,+902323424849,Kuaför / Berber
Just Training Studio,+905428190503,Pilates / Yoga
Bornova Kapalı Spor Salonu,+902323883494,Kuaför / Berber
Joyfit Pilates,+905493990035,Pilates / Yoga
Home Training Studio,+905536632109,Kuaför / Berber
Yeni Bornova Spor Kulübü KİCK BOKS -TAEKWANDO- PİLATES GRUP VE ÖZEL DERSLER,+905362687455,Pilates / Yoga
Instasports2,+905556495401,Kuaför / Berber
İzmir Vali Hüseyin Öğütçen Spor Salonu,+902323740702,Kuaför / Berber
SMYRNA BORNOVA SPOR KULÜBÜ,+905535027574,Kuaför / Berber
Athletica Sports Club,+905427600912,Kuaför / Berber
KOÇOĞLU SPOR KULUBU,+905332671064,Kuaför / Berber
Court 35 Sport Center,+902323733035,Kuaför / Berber
Next Fit Studio,+905331553599,Kuaför / Berber
Pilates Studio By Tomris,+905320511985,Pilates / Yoga
FP Arena,+902324351285,Kuaför / Berber
Gym Struggle Bornova Reformer stüdyo,+905535788635,Pilates / Yoga
PlayStüdyo Bornova | Kadınlara Özel Spor Salonu,+902323623500,Kuaför / Berber
KERBEROS SPOR KULÜBÜ,+905071601230,Kuaför / Berber
Club Sportiva (Evka-3),+902323732019,Kuaför / Berber
S.E.T 7 Sports,+905053477400,Kuaför / Berber
Şavkar Fitness,+902323757524,Diğer (Sağlık & Bakım)
Gold Fitness,+905061552574,Kuaför / Berber
Pilates Yoga İzmir,+905388155333,Pilates / Yoga
Kontrol7 Kilo Kontrol Merkezi,+905317361828,Diğer (Sağlık & Bakım)
Colourfit training zone,+905331443737,Kuaför / Berber
Ayyıldızım spor kulübü,+905074611367,Kuaför / Berber
ALPHA AKTİF YAŞAM KULÜBÜ,+905325792231,Diğer (Sağlık & Bakım)
CDF Sport,+905065718862,Kuaför / Berber
Workoutzonesport,+905527831806,Kuaför / Berber
Köklü Ata Spor Kulübü,+905427601388,Kuaför / Berber
Fox Beauty Center,+905437177131,Güzellik Salonu
Funda Ak Buca Güzellik Epilasyon İpek Kirpik Kalıcı Oje Protez Microbilding Kıl Tekniği Kaş Zayıflama Saç ve Ağda Cilt Bakımı,+905379264196,Güzellik Salonu
Derma Es Güzellik Salonu,+902324404797,Güzellik Salonu
AYSEL SEVİMLİ GÜZELLİK,+905532269597,Güzellik Salonu
Zirve Güzellik Salonu,+902324390304,Güzellik Salonu
Damla güzellik salonu,+905532249844,Güzellik Salonu
Tınaztepe Güzellik Merkezi,+902324541484,Güzellik Salonu
Derya Ataş Beauty - Hair & Make Up,+905304999035,Güzellik Salonu
Cas Güzellik Merkezi,+905323604614,Güzellik Salonu
Egedermalife Güzellik Merkezi - Buca,+905524333837,Güzellik Salonu
İZMİR / BUCA GÜZELLİK SALONU ŞÜKRİYE ATICI Şirinyer Cilt Bakımı Lazer Epilasyon Selülit Protokolü Bölgesel Zayıflama,+905368943098,Güzellik Salonu
Nur VIP Güzellik Merkezi,+902324485950,Güzellik Salonu
NARGES Güzellik Merkezi,+905551021305,Güzellik Salonu
"Başak Beauty Center (Protez Tırnak, Kalıcı Oje, Manikür, Pedikür, Profesyonel Makyaj, İpek kirpik,Microblading)",+905533895834,Güzellik Salonu
Larissa Güzellik Salonu,+902324536162,Güzellik Salonu
Halime Doğandemir Güzellik,+905435476002,Güzellik Salonu
Ayşe Gönültaş Epilasyon & Güzellik Merkezi,+905424876800,Güzellik Salonu
Clinique Era(EraGüzellik Salonu Buca),+905405753535,Güzellik Salonu
La Liva Beauty Studio Academy,+905323597525,Güzellik Salonu
Özlem Beauty & Nail Art,+905512191452,Güzellik Salonu
Dilek Akyüz Güzellik Merkezi,+905312056380,Güzellik Salonu
Şirince Güzellik Salonu,+905326358641,Güzellik Salonu
ŞAN KUAFÖR buca bayan kuaför güzellik salonu,+902322621923,Güzellik Salonu
Ayşe Naz Güzellik Salonu,+902324484222,Güzellik Salonu
MADAME RUUJ,+905396485548,Kuaför / Berber
Pelin Gündüz Güzellik Şirinyer,+902324263434,Güzellik Salonu
Seyhandan Güzellik,+902324536515,Güzellik Salonu
Saloon Elit Bayan Kuaförü,+902324480856,Kuaför / Berber
Mehmet Aktaş Bayan Kuaförü Buca İZMİR,+905544862168,Kuaför / Berber
WO-MEN KUAFÖR,+905072974045,Kuaför / Berber
Kuaför Emrah Atak & Hi Light | Hair Make Up Studio | Bayan Kuaförü | Güzellik Salonu | Buca,+902324262244,Güzellik Salonu
GÜZELLİK DURAĞI SİNAN GEZDİR,+902322750253,Güzellik Salonu
Greenlife Vip Güzellik Salonu,+905526117088,Güzellik Salonu
Vanessa Atelier (Nail Art Vanessa),+905354493575,Güzellik Salonu
Cinderella Glow Beauty Buca Güzellik Salonu,+905401271177,Güzellik Salonu
Su Derma Güzellik Salonu,+905331680973,Güzellik Salonu
Eylül's Güzellik Salonu Buca,+905422986976,Güzellik Salonu
Mehtap Güzellik Salonu,+902324265769,Güzellik Salonu
Nehir Saç Tasarım Güzellik Salonu,+905013409975,Güzellik Salonu
Berceste Tırnak ve Güzellik Salonu,+905319955330,Güzellik Salonu
Senem Küçük Güzellik Salonu,+905541212805,Güzellik Salonu
Papatya Güzellik Salonu,+902324873043,Güzellik Salonu
New Face Güzellik Salonu & Kuaför,+902324387585,Güzellik Salonu
Eylem kuaför,+905070731898,Kuaför / Berber
Ümran Civan Güzellik Salonu,+902324524041,Güzellik Salonu
Carmen Güzellik ve Lazer Merkezi,+905529352347,Güzellik Salonu
Güleser Yılmaz Saç ve Güzellik Merkezi,+905545742134,Güzellik Salonu
Slimfit Estetik Buca,+905451883535,Güzellik Salonu
SALON KESS,+905513743535,Kuaför / Berber
Selin Güzellik Salonu,+902324206840,Güzellik Salonu
Met Kuaför,+902324422662,Kuaför / Berber
Liva Güzellik Salonu,+905343254100,Güzellik Salonu
Işilti Güzellik Salonu,+902324263310,Güzellik Salonu
Buca Bayan Kuaförü,+905532495794,Kuaför / Berber
Saloon Sevcan,+905532949966,Güzellik Salonu
Dr. Naturel Lazer Epilasyon Merkezi,+905412353929,Güzellik Salonu
Sultan Kuaför Güzellik Salonu,+905059876130,Güzellik Salonu
Almira güzellik salonu,+905349797730,Güzellik Salonu
Buca Kuaför & Salon Mia Kuaför & Güzellik Merkezi,+902324535339,Güzellik Salonu
Aşk Kuaför,+905532700329,Kuaför / Berber
Happy Club Güzellik,+905383413562,Güzellik Salonu
Cadde Coiffeur & Güzellik Salonu,+902324520436,Güzellik Salonu
Serenity Hair&Beauty,+905437744585,Güzellik Salonu
Kız Kulesi Güzellik Salonu,+905387803500,Güzellik Salonu
Makas'h Kuaför ve Güzellik Salonu,+905059972192,Güzellik Salonu
Sem Tırnak Atölyesi Güzellik Salonu,+905432391727,Güzellik Salonu
Vegas-Mikrokaynak İzmir-Saç Kaynak Merkezi-Buca,+905075743921,Güzellik Salonu
Nevin Yıldız Güzellik Salonu,+905411490917,Güzellik Salonu
Yıldız & Barış Kuaför Salonu,+905075058803,Kuaför / Berber
Selin Güzellik Salonu,+905551732527,Güzellik Salonu
Güzellik Salonu,+905519464363,Güzellik Salonu
Buket Yıldız Güzellik Salonu,+905417969108,Güzellik Salonu
Nehir Güzellik Salonu,+905369201795,Güzellik Salonu
Sbl Kuaför,+905549749446,Kuaför / Berber
Mina Estetik Güzellik,+905550570435,Güzellik Salonu
Mayasanté Life Güzellik Salonu,+905058657861,Güzellik Salonu
Kardelen Kuaför ve Güzellik Salonu,+905079957486,Güzellik Salonu
KUAFÖR BuRaK,+905078630037,Kuaför / Berber
Kuaför Niko,+905547501414,Kuaför / Berber
Saloon Barış Bayan Kuaförü,+905531269796,Kuaför / Berber
MOS KUAFÖR,+905538098709,Kuaför / Berber
Şenol&Gülcan Bayan Kuaförü,+905544367551,Kuaför / Berber
Gaye Kuaför,+902324381618,Kuaför / Berber
SaloonSeval,+905052521346,Kuaför / Berber
İlhan Oktay exclusive,+905546281825,Kuaför / Berber
Yalçın ertaş hair& Makeup studio bayan kuaförü,+905076517160,Güzellik Salonu
Başaran Saç Tasarım Merkezi,+902322752026,Kuaför / Berber
Salon VOJO sac tasarim & makyaj,+905327183647,Güzellik Salonu
Kuaför CEM ALAGÖK,+905325714326,Kuaför / Berber
Kuaför Özkan,+902324482224,Kuaför / Berber
Kuaför Ceyhun,+905077349829,Kuaför / Berber
Ferdi Cihan Kuaför,+902324404058,Kuaför / Berber
İnci Ünal Hair Studio,+905555084270,Kuaför / Berber
Dilara İzol Hair Makeup Vip Bay & Bayan Kuaförü,+905054730235,Güzellik Salonu
Kuaför Kenan,+905557858088,Kuaför / Berber
Doğukan Hair Place,+905516519597,Kuaför / Berber
Kuaför Kamil,+902324381593,Kuaför / Berber
Elit Burcu Bayan Kuaförü,+905535318357,Kuaför / Berber
Kuaför Ebru,+902324537552,Kuaför / Berber
Salon Pandora bayan kuaförü,+905312847461,Kuaför / Berber
Fmakas Kuaför,+902324263526,Kuaför / Berber
ZEN BAYAN KUAFÖRÜ,+905332751928,Kuaför / Berber
Simel Kuaför,+905534652139,Kuaför / Berber
Saç Tasarım Efe HairDesigner-Buca Bayan Kuaförü,+905467962235,Kuaför / Berber
Fov Professional Men’s Care,+905339211842,Kuaför / Berber
Saloon Hacer Yılmaz,+902324494917,Kuaför / Berber
Rujj Kuaför Şirinyer,+905066032434,Kuaför / Berber
Şengül&Kito Bay&Bayan Kuaförü,+902324420550,Kuaför / Berber
Zahide Kuaför,+902322752226,Kuaför / Berber
Saloon 911,+905543540394,Kuaför / Berber
S&B COİFFEURE,+905010947394,Kuaför / Berber
Men Erkek Bayan Kuaför &Bakım Merkezi,+902324870201,Kuaför / Berber
Efsane erkek kuaförü,+905448101691,Kuaför / Berber
By Tahsin Saç Tasarım,+905358633860,Kuaför / Berber
Ebruli Bayan kuaförü,+902324202832,Kuaför / Berber
Dizayn Kuaför,+902324528473,Kuaför / Berber
Kuaför Suat,+905545927302,Kuaför / Berber
SALON FIRAT BAYAN KUAFÖRÜ,+905070282624,Kuaför / Berber
Kuaför Serkan Özer,+902324268181,Kuaför / Berber
Lanse kuaför,+905433743515,Kuaför / Berber
Melike Kuaför,+905551716055,Kuaför / Berber
Serdar Kuaför,+905547939020,Kuaför / Berber
Kuaför Aysel,+905382389422,Kuaför / Berber
Erdi Uyar Hair Studio | Berber Buca,+905526269413,Kuaför / Berber
Kuaför Özkan,+905065727903,Kuaför / Berber
Kuaför Sertan Çapkın,+905532901335,Kuaför / Berber
The Brothers Hair Studio | Erkek Kuaför Buca | Berber Buca,+905558816970,Kuaför / Berber
Hakan Erkek Kuaförü,+905543742663,Kuaför / Berber
ABDULLAH YUSUF HAIRDRESSER,+902324262606,Kuaför / Berber
Salon Rüzgar İsmail,+905445233403,Kuaför / Berber
Hakan Kuaför,+902324486005,Kuaför / Berber
KUAFÖR AHMET,+905060201801,Kuaför / Berber
Kuaför By Volkan,+902324487343,Kuaför / Berber
Kuaför Nur,+902324536006,Kuaför / Berber
Sevcan Tosunlar Beauty,+902324421473,Güzellik Salonu
MF Erkek Kuaförü,+905556112870,Kuaför / Berber
Kuaför Burcu,+902324385855,Kuaför / Berber
Ayşegül Kuaför,+902324489040,Kuaför / Berber
EGE KUAFÖR,+902324381331,Kuaför / Berber
Bayan Kuaförü Cumhur,+905530559394,Kuaför / Berber
Kuaför Sevdam,+905530636543,Kuaför / Berber
Hatice Kuaför,+902324392563,Kuaför / Berber
Kuaför Derya,+902324535957,Kuaför / Berber
İlkim Kuaför,+905465674025,Kuaför / Berber
Emre Erkek Kuaförü,+905073298699,Kuaför / Berber
Birgül Kuaför,+902324528792,Kuaför / Berber
SALON SERVET SAKCI,+905326607586,Güzellik Salonu
toprak ç erkek kuaförü,+905523831382,Kuaför / Berber
Deniz Bayan Kuaförü,+902322751604,Kuaför / Berber
Numan erkek kuaförü,+905548999295,Kuaför / Berber
Fatih Erkek Kuaför Salonu,+905556088571,Kuaför / Berber
Müjgan Kuaför,+902324401078,Kuaför / Berber
Papatya kuaför alev,+905531618946,Kuaför / Berber
Hüseyin Akbaş Hair Saloon,+905448167265,Kuaför / Berber
Ferhat Meşinci Erkek Kuaförü,+905308757695,Kuaför / Berber
Ayşegül Kuaför,+905415274791,Kuaför / Berber
Kuaför Yeliz,+905399135938,Kuaför / Berber
Salon Gizem Arslan,+905395199313,Kuaför / Berber
Kuaför İnci,+905394984728,Kuaför / Berber
Tuğba Bayan Kuaförü,+905532228617,Kuaför / Berber
Yunus Göktürk Hair Design,+905074163326,Kuaför / Berber
Çağlayan Erkek Kuaförü,+905545612227,Kuaför / Berber
Başak Kuaför,+905545101658,Kuaför / Berber
Aydınoğlu Beauty Kuaför ve Güzellik Salonu,+905320600262,Güzellik Salonu
Kuaför Eren Eryılmaz,+905070609107,Kuaför / Berber
Kuaför Şükrü,+902324875269,Kuaför / Berber
Songül Kuaför,+902324207007,Kuaför / Berber
S&M beauty bayan kuaförü,+905448512831,Güzellik Salonu
Altın Makas Erkek Kuaförü,+905545514166,Kuaför / Berber
Adress Kuaför,+905077656716,Kuaför / Berber
Alin Nail Art Studio,+905330364601,Güzellik Salonu
Buca Protez Tırnak Center,+905541332167,Güzellik Salonu
Blush Nail Beauty Studio,+905336351722,Güzellik Salonu
İzmir Jel Tırnak Buca,+905415818694,Güzellik Salonu
Sibel Tırnak Center,+905469537341,Güzellik Salonu
Soje Protez Tırnak Buca - Şirinyer,+905356501836,Güzellik Salonu
"Buca Protez Tırnak, Gamze Nail Studio",+905524103511,Güzellik Salonu
Tırnaks,+902324486878,Güzellik Salonu
Nail Studio Nail Art Buca 35 Protez Tırnak,+905451486638,Güzellik Salonu
"Buca Protez Tırnak, Kalıcı Oje | Studio Melinay İzmir",+905366628454,Güzellik Salonu
Luna Tırnak Merkezi,+905051876990,Güzellik Salonu
Nuga Tırnak Merkezi,+905380268550,Güzellik Salonu
Doa nail & art studio,+905345884801,Güzellik Salonu
Naura Beauty | İzmir Buca | Protez Tırnak Kalıcı Oje Nailart Studio,+905376568946,Güzellik Salonu
Şermin Beauty,+905456104013,Güzellik Salonu
Miray Akzeybek Nail Studio,+905073810555,Güzellik Salonu
Olga Tırnak,+905434876640,Güzellik Salonu
Nailartbuket,+905387917001,Güzellik Salonu
Ece Uzun Nail House,+905077083505,Güzellik Salonu
Lina Protez Tırnak Merkezi,+905523201735,Güzellik Salonu
Yeşim Taşkın Nail Studio,+905308279612,Güzellik Salonu
Pink Polish Güzellik Salonu,+905304205311,Güzellik Salonu
Nailora,+905401823535,Güzellik Salonu
Bengi NailArt,+905424613964,Güzellik Salonu
BÜŞRA YILMAZ BEAUTY,+905534993294,Güzellik Salonu
Simya beauty,+905532392020,Güzellik Salonu
Cisotte Nail & Beauty,+905530823535,Güzellik Salonu
Ebrar Beauty Studio,+905303801035,Güzellik Salonu
Nara Güzellik,+905392039893,Güzellik Salonu
Merve Evrim Nail Beauty,+905538684741,Güzellik Salonu
The wind nail studio,+905058081896,Güzellik Salonu
İzmir Tinka Protez Tırnak - Gaziemir Protez Tırnak Salonu - Jel Tırnak - Kalıcı Oje - Nail Art,+905070372374,Güzellik Salonu
Hazel Ağaoğlu Nail Art Studio,+905515448060,Güzellik Salonu
NailArt.İzmir,+905526560094,Güzellik Salonu
VİKTORЯ nail Shop,+905301166713,Güzellik Salonu
Gamze Akyurt Nail & Beauty Studio,+905321701633,Güzellik Salonu
Veranika_Studio,+905519748812,Güzellik Salonu
Nail’UZ Studio,+905529496704,Güzellik Salonu
Ezber Nail Studio,+905378711107,Güzellik Salonu
DÜZEY BEAUTY,+905056811985,Güzellik Salonu
Neşe Nail Art,+905376614773,Güzellik Salonu
Emsel Beauty,+905523777070,Güzellik Salonu
Tuğba Arı Nail Art,+905078332054,Güzellik Salonu
Beauty Çiğdem'ce,+905060320926,Güzellik Salonu
DG Hair Nail Art Studio,+905422642090,Güzellik Salonu
mimi tırnak stüdyo,+905064453732,Güzellik Salonu
Aybüke Güzellik Atölyesi,+905323872946,Güzellik Salonu
Brc Ynr Nailart Studio,+905422324645,Güzellik Salonu
My Beauty Güzellik Salonu,+905011573313,Güzellik Salonu
BEST NAİL STUDİO,+905075701100,Güzellik Salonu
Sena Beauty Buca,+905522981099,Güzellik Salonu
Mia Beauty Kalıcı Oje ve Tırnak Protez Salonu Şirinyer,+905532727671,Güzellik Salonu
Aysegül Beauty Center,+905010190813,Güzellik Salonu
Salon Tuba Beauty-Sir Ağda Salonu-Mikroblading-Kalıcı Makyaj-Buca,+905071311494,Güzellik Salonu
Vaov Beauty,+905304317419,Güzellik Salonu
Gül Yıldız Beauty,+905070049430,Güzellik Salonu
Kübra Murat Beauty,+905012500519,Güzellik Salonu
Naturabeautycenter,+905302324481,Güzellik Salonu
BAHAR DURAL BEAUTY HAUSE MYD PROJE,+905324907012,Güzellik Salonu
WOOW Beauty Center & Kuaför ve Güzellik Salonu,+905516480528,Güzellik Salonu
Yağmur Kent Beauty Center,+905545890324,Güzellik Salonu
Adarya Beauty Center,+905433021981,Güzellik Salonu
Özlem Beauty Center,+905524107942,Güzellik Salonu
seher yılmaz makeup studio,+905413403350,Güzellik Salonu
Holly Beauty,+905382835000,Güzellik Salonu
Burçin Kılıç Beauty,+905306629231,Güzellik Salonu
Saparova Beauty Center,+905520102049,Güzellik Salonu
Anka Beauty Center by Serap KARAZEYBEK,+905062053035,Güzellik Salonu
Öznur Kılınç Beauty Şirinyer Güzellik Salonu,+905332834167,Güzellik Salonu
Ena beauty Hair,+905431657905,Güzellik Salonu
EK BEAUTY,+905364094429,Güzellik Salonu
M&A Beauty Saloon,+905417650710,Güzellik Salonu
Shine Beauty Buca,+905444619160,Güzellik Salonu
H&D Beauty,+905545041873,Güzellik Salonu
Mine Artuç Beauty Güzellik,+905528573504,Güzellik Salonu
Merve Esmer Beauty Studıo | Buca Güzellik Merkezi,+905436096363,Güzellik Salonu
Beauty vibe nataliia & tanya,+905525850539,Güzellik Salonu
Masal Beauty Studıo,+905469574020,Güzellik Salonu
Liscio Beauty Lounge,+905528217088,Güzellik Salonu
SEDA GÜLBAHARLI BEAUTY CENTER,+905411177332,Güzellik Salonu
İlkim Ekiz Beauty,+905075615575,Güzellik Salonu
Tusem Beauty Center,+905417312699,Güzellik Salonu
Rainrose Beauty Center,+905540051946,Güzellik Salonu
Serşah Beauty,+905421422529,Güzellik Salonu
Ceyda AMAT Beauty Lounge,+905536038213,Güzellik Salonu
İrem beauty center,+905378125906,Güzellik Salonu
HK Makeup Studio,+905333298026,Güzellik Salonu
Samira Beauty Saloon,+905524872193,Güzellik Salonu
Fearless Beauty center,+905534581424,Güzellik Salonu
GoBeauty,+905367753792,Güzellik Salonu
Aysun Alpay Beauty & Nail Studio,+905321664013,Güzellik Salonu
natalia kalıcı makyaj,+905469334842,Güzellik Salonu
Menalinda Beauty,+905418341689,Güzellik Salonu
EZER BEAUTY,+905304959335,Güzellik Salonu
Aytaş Beauty Center,+905300660639,Güzellik Salonu
İrem Bulca Beauty Center,+905013550230,Güzellik Salonu
GD Gülay Beauty,+905537340040,Güzellik Salonu
Seher Beauty Center,+905529272783,Güzellik Salonu
Duru Bella Beauty,+905365239659,Güzellik Salonu
Zelal Beauty Center,+905010173435,Güzellik Salonu
BY LENİ BEAUTY CENTER,+905056639795,Güzellik Salonu
Glowe Beauty Studio,+905531896284,Güzellik Salonu
FeMoon Beauty,+905316265287,Güzellik Salonu
Ela Bella Beauty Shop,+905366361409,Güzellik Salonu
Noralife Beauty Aestetic,+905521721685,Güzellik Salonu
Asya Beauty Center,+905313791847,Güzellik Salonu
Arya Clinic Estetik ve Güzellik Merkezi,+902324265562,Güzellik Salonu
Ceren Ceviz Estetik,+905524135265,Güzellik Salonu
Şirinyer AnatoliumVİP Estetik&Güzellik,+902324269599,Güzellik Salonu
Selin&Beyza Güzellik,+905449028515,Güzellik Salonu
SG Clinic Estetik Merkezi,+905392218928,Güzellik Salonu
LABİANCA GÜZELLİK MERKEZİ,+905333261598,Güzellik Salonu
Şirinyer Estetik Merkezi,+905448493535,Güzellik Salonu
Estetik Spor Fitness,+902324527275,Güzellik Salonu
Sia Estetik Güzellik Merkezi,+905536452266,Güzellik Salonu
Aysel Durman Güzellik Merkezi,+905524720405,Güzellik Salonu
Atis Kalıcı Makyaj ve Güzellik Merkezi,+902324385398,Güzellik Salonu
Pırıl Güzellik Merkezi,+905051347528,Güzellik Salonu
Maya Klinik Epilasyan & Güzellik Merkezi,+905462516292,Güzellik Salonu
Ceylan Çiçek Bay Bayan Güzellik Merkezi,+905304807302,Güzellik Salonu
Likya Saç Ekim & Estetik | Alsancak,+902324651255,Güzellik Salonu
Yeliz Güzellik Merkezi,+905447985268,Güzellik Salonu
Zk Estetik Buca,+902324261226,Güzellik Salonu
ESTENOAH - Estetik & Güzellik,+905055122023,Güzellik Salonu
İpek Ersin Estetik,+905326114098,Güzellik Salonu
En Gözde,+902324401640,Güzellik Salonu
BUCA AYAK BAKIM MERKEZİ,+905468221848,Diğer (Sağlık & Bakım)
La Vita Bella,+902322201918,Güzellik Salonu
ARLİNA ESTETİK,+905012359190,Güzellik Salonu
Gülşen Işık Estetik & Güzellik,+902322505656,Güzellik Salonu
Valery Epilasyon ve Güzellik Salonu,+905538658590,Güzellik Salonu
KARYA ESTETİK VE GÜZELLİK,+905550984799,Güzellik Salonu
Tan panjur ve cam balkon sistemleri,+905065701271,Güzellik Salonu
Reborn Estetik Güzellik,+905077600109,Güzellik Salonu
Moon Esthetics Beauty,+905534663290,Güzellik Salonu
Atölye Vera Güzellik,+905421270809,Güzellik Salonu
Güzellik Merkezi,+905050710441,Güzellik Salonu
Laura Derma Plus,+905051153525,Güzellik Salonu
Esmarin Güzellik Merkezi,+905071505455,Güzellik Salonu
Marde Psikoloji | Psikolog Helin AKGÜN,+905385988007,Psikolog / Terapist
Dese Psikoloji Buca Psikolog,+905545944227,Psikolog / Terapist
Psikolog Yeşim Aydın,+905331318880,Psikolog / Terapist
Umut Psikoloji Merkezi | Buca Psikolog (Uzm. Klinik Psk. Derya Demir),+905313955233,Psikolog / Terapist
Psikolog Büşra Yılmaz,+908504744309,Psikolog / Terapist
Güneş Psikoloji Uzm. Psikolog Balkı Deveci İzmir Psikolog,+905422012011,Psikolog / Terapist
Pozitif Psikoloji Buca Psikolog,+905072353525,Psikolog / Terapist
Özgün Psikoloji,+905551951607,Psikolog / Terapist
Oyun Terapisi İzmir | Psikolog Alper Yalçın | Yetişkin Terapisi,+905013193002,Psikolog / Terapist
Nirvana Aile ve Psikolojik Danışmanlık Merkezi,+905527322602,Psikolog / Terapist
"Psikolog Ömer Aslantaş,İzmir Yön Psikoloji",+908504744247,Psikolog / Terapist
İzmir Psikolog | Psikolog & Aile Danışmanı Sıla Sari,+905070086576,Psikolog / Terapist
DİŞ HEKİMİ İPEK AYDIN MUAYENEHANESİ,+905530907578,Diş Kliniği
Dr. Psk. Ayşe Devrim Masalcı Burçak,+908504746213,Psikolog / Terapist
İzmir Analiz Psikoloji,+905469303530,Psikolog / Terapist
İzmir Psikolog Çağla Çanakcı (Online ve Uygun Seans Randevu Ücretleri ile Terapi),+905418863089,Psikolog / Terapist
Psikolog-Aile Danışmanı Ömer Aslantaş,+905395747663,Psikolog / Terapist
Klinik Psikolog Güner Karacasu,+908504746537,Psikolog / Terapist
Klinik Psikolog Dilan Demirdöven,+908508119087,Psikolog / Terapist
Nil Psikoloji- Uzm. Klinik Psikolog Nilay Ayvaz Halıcı,+905545149157,Psikolog / Terapist
Nil Psikoloji Uzman Psikolog Nilay İnceman Buca / İzmir,+902322182360,Psikolog / Terapist
Hana Danışmanlık | Psikolog Sena YİĞENLİ,+905317040629,Psikolog / Terapist
Psikolojik Danışman Burakcan Demirdöven - Psikohealing Psikoloji,+908508113468,Psikolog / Terapist
Psikolog Gizem Oytun,+905011209350,Psikolog / Terapist
Klinik Psikolog Emre MURAT,+905342514662,Psikolog / Terapist
Uzman Klinik Psikolog Büşra Arkalı,+905511751024,Psikolog / Terapist
Uzm. Psk. Dan. Özlem Mutlu Işık,+908508118942,Psikolog / Terapist
Estafiz Sağlıklı Yaşam Merkezi,+905079350070,Pilates / Yoga
Klinik Psikolog Seren Suner Şengül | Alsancak Klinik Psikolog,+908504746858,Psikolog / Terapist
Uzman Psikolog Eda Banisi l Mersin Psikolog l Online Psikolog l Yüz Yüze Danışmanlık,+905336967933,Psikolog / Terapist
Uzman Psikolog Gizem Tutku Yaşar Gaziemir Psikolog/ Pedagog Çocuk Ergen Psikolog Psikoterapi,+905061866386,Psikolog / Terapist
Psikolog Öykü Kırdiken,+905452081880,Psikolog / Terapist
İzmir Oyun Terapisi,+905534888490,Psikolog / Terapist
Psikolog Pelin Akgün | İzmir Psikolog,+905539732527,Psikolog / Terapist
Uzman Psikolog Merve Nur GÜN,+905555154884,Psikolog / Terapist
Liman Psikoloji / İzmir Psikolog,+905321344235,Psikolog / Terapist
"Doç. Dr. Börte Gürbüz Özgür, Çocuk ve Ergen Psikiyatrisi",+902324525252,Psikolog / Terapist
Gaziemir Psikolog Pedagog Uzman Çocuk Ergen Psikoloğu - Aybros Psikoloji,+905458388880,Psikolog / Terapist
Denta İzmir Ağız ve Diş Sağlığı Polikliniği,+905444380510,Diş Kliniği
Özel Avrupadent Buca Üçkuyular Ağız ve Diş Sağlığı Polikliniği,+902324202200,Diş Kliniği
Avrupadent Buca Forbes Ağız ve Diş Sağlığı Polikliniği İzmir Gülüş Tasarımı,+902324382000,Diş Kliniği
Özel Buca Dent Ağız ve Diş Sağlığı Polikliniği,+902324385858,Diş Kliniği
Özel Avrupadent Buca Gediz Ağız ve Diş Sağlığı Polikliniği,+902322602222,Diş Kliniği
Dentey Klinik Ağız ve Diş Sağlığı Polikliniği,+902324527777,Diş Kliniği
Touch Dent Ağız ve Diş Sağlığı,+902324405054,Diş Kliniği
Özel Eliz Dent Ağız ve Diş Sağlığı Polikliniği - Buca,+902324537979,Diş Kliniği
KORHAN AĞIZ VE DİŞ SAĞLIĞI POLİKLİNİĞİ,+905396502418,Diş Kliniği
Dent Universe Ağız Ve Diş Sağlığı Polikliniği,+905010933510,Diş Kliniği
Denta Klinik Ağız ve Diş Sağlığı Polikliniği,+902324380510,Diş Kliniği
Özel Gazi Ata Ağız ve Diş Sağlığı Polikliniği Buca Heykel,+902324202042,Diş Kliniği
Dent Silver Ağız Ve Diş Sağlığı,+905055500445,Diş Kliniği
Dentafe Ağız ve Diş Sağlığı Polikliniği | Dentafe Dental Clinic,+905074688887,Diş Kliniği
Dent Bulut Ağız ve Diş Sağlığı Polikliniği,+905301232797,Diş Kliniği
İzmir İşçievleri Ağız ve Diş Sağlığı Polikliniği,+905421714135,Diş Kliniği
Denteymen ağız ve diş sağlığı polikliniği,+902324425656,Diş Kliniği
Özel DENTAL Boutique Ağız ve Diş Sağlığı Polikliniği,+905413440345,Diş Kliniği
Özel Deniz Doğan Ağız ve Diş Sağlığı Polikliniği,+902322756663,Diş Kliniği
Özel Dent KM Ağız ve Diş Sağlığı Buca Şubesi | İmplant | Diş Kaplama | Restoratif Diş Tasarımı,+902324527452,Diş Kliniği
İzmir-Buca-Dt.Uğur Erçiftci-Özel Dentasey-Ağız ve Diş Sağlığı Polikliniği- Diş Hekimi (Doktoru) - İmplant--Protez,+902324522967,Diş Kliniği
Özel Dent Mega Ağız ve Diş Sağlığı Polikliniği,+905552969415,Diş Kliniği
Laviva Ağız ve Diş Sağlığı Polikliniği,+905444606080,Diş Kliniği
Locadent Ağız Ve Diş Sağlığı Polikliniği - Şirinyer | İmplant Tedavisi | Gülüş Estetiği | Zirkonyum,+902324390777,Diş Kliniği
Özel Uray Ağız ve Diş Sağlığı Polikliniği,+905059079397,Diş Kliniği
Değirmenci Ağız Ve Diş Sağlığı Polikliniği,+905324297975,Diş Kliniği
ÖZEL İŞÇİEVLERİ AĞIZ VE DİŞ SAĞLIĞI POLİKLİNİĞİ,+905327080570,Diş Kliniği
Özel İzmir Ortodonti 2 Ağız ve Diş Sağlığı Polikliniği,+902324267080,Diş Kliniği
Özel Avrupadent Şirinyer Ağız ve Diş Sağlığı Merkezi- İzmir Gülüş Tasarımı -Zirkonyum Tedavisi,+902324872222,Diş Kliniği
Özel Zeus Ağız ve Diş Sağlığı Polikliniği,+902327659387,Diş Kliniği
Tanem Ağız Ve Diş Sağlığı Polikliniği,+905073397348,Diş Kliniği
Özel Avrupadent Karabağlar Ağız ve Diş Sağlığı Polikliniği,+905010832201,Diş Kliniği
Diş Hekimi Yaren Diker-Buca-İzmir,+905074309611,Diş Kliniği
Özel Avrupadent Bozyaka Ağız ve Diş Sağlığı Polikliniği,+902322502200,Diş Kliniği
Diş Hekimi Faris Bahtiyar,+902324421909,Diş Kliniği
Özel Hipokrat Ağız Diş Sağlığı Polikliniği,+902324260093,Diş Kliniği
Diş Hekimi Alperen Salih,+905077475779,Diş Kliniği
Diş Hekimi Fazıl Önür,+905064437850,Diş Kliniği
ZOE Ağız ve Diş Saglığı,+905325463828,Diş Kliniği
Diş Hekimi Ayşenur Karaman,+905515303500,Diş Kliniği
Diş Hekimi İlksen Telli,+908508117325,Diş Kliniği
ÖZEL İLGİ AĞIZ VE DİŞ SAĞLIĞI POLİKİNİĞİ,+905533492323,Diş Kliniği
FLORA DENT,+905071491060,Diş Kliniği
Özel Yaylacık Ağız ve Diş Sağlığı Polikliniği,+905527443848,Diş Kliniği
Özel Altuğ Pınar Ağız ve Diş Sağlığı Polikliniği,+902324201096,Diş Kliniği
Özel Dent Ulucan Ağız ve Diş Sağlığı Polikliniği | Diş Hekimi Hıdır Ulucan,+902324873933,Diş Kliniği
Dişhekimi Güngör ÇALIŞKAN İNNALI,+905528501992,Diş Kliniği
Özel Orkide Ağız Ve Diş Sağlığı Polikliniği,+905330554795,Diş Kliniği
Özel Ufuk Dent Ağız ve Diş Sağlığı Polikliniği,+905062104135,Diş Kliniği
DentHa Plus | Buca Diş Hekimi | Buca Diş Doktoru | Buca Diş Polikliniği,+902324530302,Diş Kliniği
Dent Lotus Ağız ve Diş Sağlığı Polikliniği,+902322767610,Diş Kliniği
Diş hekimi Ahmet Barış Kural,+905387298175,Diş Kliniği
Diş Hekimi Ecem Gümüş,+905558809914,Diş Kliniği
Özel Dental Center Ağız ve Diş Sağlığı Polikliniği,+905433201515,Diş Kliniği
DentalExpertsTurkey | Özel Venta Klinik Ağız ve Diş Sağlığı Polikliniği,+902322811075,Diş Kliniği
Diş Hekimi Erdem SELVİ,+905424350982,Diş Kliniği
Diş Hekimi Murat Kaya,+905559896942,Diş Kliniği
Diş Hekimi Arda Emre Yünük,+905395982753,Diş Kliniği
Diş Hekimi Efe Yavuz,+905403650035,Diş Kliniği
Diş Hekimi Sitare Özlem Meşekoparan,+902324403430,Diş Kliniği
Diş Hekimi Ali Rıza Kaya,+902324873055,Diş Kliniği
"DentaPoint International - Alsancak Şubesi Zirkonyum , Diş İmplantı , Estetik Diş Tedavileri , Çocuk Diş",+905435267670,Diş Kliniği
Diş Hekimi Aslı Günay Karakoç,+902324529990,Diş Kliniği
Özel Yeşilyurt Ağız Ve Diş Sağlığı Polikliniği,+908508501276,Diş Kliniği
Özel Gazi Ata Ağız ve Diş Sağlığı Polikliniği Gaziemir,+905431938420,Diş Kliniği
Diş Hekimi Dt. Vahit Mirzai,+905324684940,Diş Kliniği
Diş Hekimi Yasin Durman,+905345601013,Diş Kliniği
Diş Hekimi İlhan Öztürk,+902322750689,Diş Kliniği
Diş Hekimi Zafer Kahya,+902324200565,Diş Kliniği
Diş Hekimi Meriç Göçmenata,+902324400912,Diş Kliniği
Dt. Nigar Hatipoğlu,+908504746906,Diş Kliniği
Dental Clinic,+905529395020,Diş Kliniği
Diş Hekimi İsmail Peynirci,+902324381630,Diş Kliniği
GDENT Diş Kliniği - Pedodonti -Çocuk Diş Hekimi - Dr. Dt. GÖKŞEN İKİKARAKAYALI,+905412274053,Diş Kliniği
Diş Hekimi İbrahim Doğramacı,+905066720029,Diş Kliniği
Diş Hekimi Ahmet Güvenç,+905324351674,Diş Kliniği
Diş Hekimi Murat Kadakal,+902324269259,Diş Kliniği
İzmir Veteriner Polikliniği,+902324401520,Veteriner
BucaTattooPiercing,+905073371425,Dövme & Piercing
Aspava Tattoo,+905545028927,Dövme & Piercing
Loop Art Tattoo,+905526826093,Dövme & Piercing
İnka Tattoo Piercing,+905523693561,Dövme & Piercing
Deep Line Tattoo,+905542591757,Dövme & Piercing
NOX ART TATTOO & PİERCİNG İZMİR,+905449500278,Dövme & Piercing
Mornİnk Tattoo & Piercing,+905362667346,Dövme & Piercing
İzmir Dövme Piercing,+905417264308,Dövme & Piercing
RaRa İnk Tattoo,+905443437690,Dövme & Piercing
Green Tattoo&Piercing Studio,+905464645606,Dövme & Piercing
LAVARI TATTOO & PIERCING,+905316679677,Dövme & Piercing
Hermod tattoo,+905528203527,Dövme & Piercing
Inkstation Buca,+905518626864,Dövme & Piercing
Month Tattoo,+905544421928,Dövme & Piercing
Volkanz tattoo & piercing studio,+905070076890,Dövme & Piercing
CG Tattoo Studio,+905362021021,Dövme & Piercing
Deniz Tattoo X,+905550261576,Dövme & Piercing
Tattoo gölge sanatı,+905532168551,Dövme & Piercing
ugur taki tattoo,+905388484210,Dövme & Piercing
Liyan Tattoo,+905462322829,Dövme & Piercing
Tattoo Senin Dövmecin,+905396573556,Dövme & Piercing
Hera Tattoo & Nail Art,+905071835864,Dövme & Piercing
Holy Mommy studio,+905540070035,Dövme & Piercing
Mudita Tattoo House,+905446424114,Dövme & Piercing
Fil Tattoo,+905464720552,Dövme & Piercing
Inferno Tattoo Studio,+905541238169,Dövme & Piercing
Sedar Alkan Tattoo Studio,+905529134261,Dövme & Piercing
Tattoo Artist Esattoo,+905070070898,Dövme & Piercing
Dövmenle Anıl,+905372732138,Dövme & Piercing
Tattoo zus,+905423837452,Dövme & Piercing
Tattoo,+905533155597,Dövme & Piercing
K.O. Tattoo,+905354362794,Dövme & Piercing
Stüdyo-N-Art,+905464985523,Dövme & Piercing
Tattooizm Tattoo-Piercing-Store,+905353475357,Dövme & Piercing
Delyy Tattoo,+905320527580,Dövme & Piercing
Karizma Paradise Tattoo Dövme Salonu,+905432893879,Diş Kliniği
Umut Gür Tattoo Home,+905529344471,Dövme & Piercing
Tattoo Center İzmir,+905353639629,Dövme & Piercing
Tattoo Palmiye,+905448832552,Dövme & Piercing
Hashtag Tattoo İzmir,+905313779385,Dövme & Piercing
Lightning Tattoo & Piercing,+905535349262,Dövme & Piercing
Tattoo Studio No 232,+905446238095,Dövme & Piercing
Pablo Tattoo,+905454511710,Dövme & Piercing
Q Art Tattoo Studio,+905558324911,Dövme & Piercing
Can tattoo,+905465131799,Dövme & Piercing
DizaynTattoo,+902323320001,Dövme & Piercing
Simli Dövme Malzemeleri,+905309538582,Dövme & Piercing
Sky Line Tattoo Studio - Gaziemir Dövme - Piercing - Tattoo - Kalici Dövme,+905526393150,Dövme & Piercing
Atölye tattoo studio,+905326695609,Dövme & Piercing
Uzman Diyetisyen Hayriye Garip DEMİR | Leman Beslenme ve Diyet - Buca Andulasyon Terapi- İzmir Diyetisyen,+905534534787,Psikolog / Terapist
DİYETİSYEN ZELİHA ÖZTİTİZ,+905394101171,Diyetisyen
Diyetisyen Fatmanur Kaya,+905510437345,Diyetisyen
Uzman Diyetisyen Batuhan Çitemel,+902324541414,Diyetisyen
Diyetisyen Canan Kaplan Beslenme ve Diyet Danışmanlığı,+905414107560,Diyetisyen
Diyetisyen Aleyna Yaşa,+905532481488,Diyetisyen
ÖZDEM Beslenme Merkezi,+905547658949,Diyetisyen
Diyetisyen Burak Hançer,+905541600535,Diyetisyen
Uzman Diyetisyen Ezel Acar,+905432317723,Diyetisyen
Herbalife ile Yaşam koçulugu,+905076624008,Diyetisyen
"Buca Diyetisyen Hatice Nur ÖZBAY - Buca Diyetisyen,En iyi Diyetisyen,Andulasyon Terapisi,Bölgesel Zayıflama,",+905415333515,Psikolog / Terapist
Diyetisyen Nisa Demir,+905078610032,Diyetisyen
Şirinyer wellnesscenter jet Akademi,+905300956242,Diğer (Sağlık & Bakım)
Formplus35,+905304008284,Kuaför / Berber
Diyetisyen Kardelen İnan,+905433355383,Diyetisyen
Diyetisyenim,+905050744040,Diyetisyen
Ekin pilates studio | Bucada pilates | Bucada reformer | Bucada Pilates | Bucada hamile yogası | Bucada kadınlara özel spor,+902324260787,Pilates / Yoga
Nua Reformer Pilates Stüdyosu,+905070590868,Pilates / Yoga
Luna Pilates Studio,+905532703796,Pilates / Yoga
Aura Pilates Studio,+905523757601,Pilates / Yoga
"Profiz Buca Koop | Fizyoterapist Eşliğinde Reformer Pilates, Klinik Pilates, Hamile Pilatesi",+905359762010,Psikolog / Terapist
Pause Pilates Studio,+905060521023,Pilates / Yoga
Jera Pilates,+905539008093,Pilates / Yoga
Tempo Pilates ve Yoga Studio,+905537287776,Pilates / Yoga
NEXA Pilates&Training Studio,+905539833176,Pilates / Yoga
"DYG Reformer, Pilates, Fonksiyonel PT Studio",+905531122065,Pilates / Yoga
Pink Reformer Pilates,+905071772538,Pilates / Yoga
Sportfiz Buca Koop. | Reformer Pilates Studio,+905400193500,Pilates / Yoga
QUEEN’S PILATES & FUNCTIONAL STUDIO,+905072681676,Pilates / Yoga
Amazon Pilates stüdyo,+905392808837,Pilates / Yoga
Focus & Flow Pilates Yoga Studio,+905548690735,Pilates / Yoga
BUTİ Pilates,+905395477683,Pilates / Yoga
Souf Pilates Studio,+905443151590,Pilates / Yoga
Tuğba'Danspor,+905522219500,Pilates / Yoga
Mind Pilates Stüdyo,+905404911211,Pilates / Yoga
PERLA PİLATES STÜDYO,+905551814761,Pilates / Yoga
Juillet Pilates,+905447344908,Pilates / Yoga
Silva sport Studıo,+905058846209,Pilates / Yoga
SwanBody | PILATES STUDIO,+905398717926,Pilates / Yoga
Zeus Fitness,+905330843454,Kuaför / Berber
GOODNESS Pilates Studio,+905336563035,Pilates / Yoga
Estafiz Şirinyer Sağlıklı Yaşam Merkezi,+905079350055,Diğer (Sağlık & Bakım)
"Sportfiz Buca | Kayropraktik, Reformer Pilates, Fizyoterapi, Manuel Terapi",+905414863500,Psikolog / Terapist
Pluss Fit Elite,+902324870627,Kuaför / Berber
Gizem Atalan Pilates & Pt Studio,+905546938032,Pilates / Yoga
Fully Pilates,+905064681091,Pilates / Yoga
İzmir Fitness Co.,+905422959500,Kuaför / Berber
Club Pulse Fıtness,+905544874608,Kuaför / Berber
She Swan Pilates Studio,+905063277490,Pilates / Yoga
Profit Sport Center (Yıldız),+902324535812,Kuaför / Berber
Buca Reformer Pilates Salonu - Ay Klinik,+902325700636,Pilates / Yoga
Ritim Life Sports Gym Fitness Center,+902324530433,Kuaför / Berber
FlexFit,+905076895361,Kuaför / Berber
Viva Pilates,+905078768207,Pilates / Yoga
VALENS PİLATES,+905326890819,Pilates / Yoga
Real Fitness Studio Center,+905050264274,Kuaför / Berber
Sports35 Fitness ve Sağlıklı Yaşam Merkezi,+905059303007,Kuaför / Berber
B-Fit İzmir Buca ATATÜRK Kadınların Spor ve Yaşam Merkezi,+902324202010,Kuaför / Berber
SPORTEAM,+905449270035,Kuaför / Berber
Optimum Spor Merkezi,+902324425868,Kuaför / Berber
Optimum plus fitness club,+902324539576,Kuaför / Berber
Profit Sport Center,+902324382222,Kuaför / Berber
Winners Gym,+905313048171,Kuaför / Berber
SBPilates,+905551097610,Pilates / Yoga
RUSH FİTNESS CLUB,+905534212404,Kuaför / Berber
Synergy Fitness,+902325203285,Kuaför / Berber
Global EMS Fitness (BUCA),+905334670888,Kuaför / Berber
yoga plates stüdyo yaşa,+905323796641,Pilates / Yoga
Wing Sports Coaching,+905320558234,Kuaför / Berber
BunnyFit Muscle&Fitness,+902325029191,Kuaför / Berber
IN-SHAPE FITNESS CLUB,+902324408780,Kuaför / Berber
"Profiz | Kayropraktik, Fizyoterapist, Manuel Terapi, Skolyoz, Reformer Pilates",+902323320117,Psikolog / Terapist
Spor 35 Sağlık Yaşam Merkezi,+902324423873,Kuaför / Berber
Profit Sport Center Kuruçeşme,+905051284915,Kuaför / Berber
Buca Afetevleri Spor Salonu,+902324202543,Kuaför / Berber
Fitness Arena,+905070046070,Kuaför / Berber
Ultima Fitness,+905530707687,Kuaför / Berber
QUERENCİA FİTNESS,+905545580020,Kuaför / Berber
Dede Gym,+902322769165,Kuaför / Berber
Kurtuluş Fitness,+905324773568,Kuaför / Berber
B-fit Şirinyer,+905327164822,Kuaför / Berber
SC Beauty Country,+902327231715,Güzellik Salonu
ŞEBNEM DUMAN GÜZELLİK SALONU ÇEŞME MARİNA,+905324133280,Güzellik Salonu
QUARTZ BEAUTY STUDİO,+905071080677,Güzellik Salonu
Seda Özgül Beauty Güzellik Salonu,+905467705796,Güzellik Salonu
By Özay Hair & Beauty / Çeşme Kuaför ve Güzellik Salonu By Özay,+905415207844,Güzellik Salonu
Shr beauty,+905521462723,Güzellik Salonu
Pelin Çiçekçi Güzellik Merkezi Çeşme,+905326304435,Güzellik Salonu
As & Os Kuaför ve Güzellik Salonu Çeşme,+902327122923,Güzellik Salonu
Seren Killi BEAUTY CENTER,+905331597335,Güzellik Salonu
Bondia | Çeşme Alaçatı Güzellik Merkezi,+905426655075,Güzellik Salonu
Gizem Güzellik,+905063859403,Güzellik Salonu
Gözde Plus Güzellik Salonu,+902327122223,Güzellik Salonu
Dilyar Kuaför ve Beauty / Güzellik Salonu,+905540230406,Güzellik Salonu
Bodypass Beauty Center - Güzellik Merkezi Çeşme,+905310232535,Güzellik Salonu
Leyla Güzellik Salonu,+902327126961,Güzellik Salonu
Çeşme Kuaför Mehmet,+905399286205,Kuaför / Berber
GÜLŞEN SAYAR GÜZELLİK MERKEZİ,+905539545907,Güzellik Salonu
Şehnaz Erkan Beauty,+905434134765,Güzellik Salonu
Dr. Diva Beauty Çeşme,+905353515749,Güzellik Salonu
Natali Beauty,+905548331053,Güzellik Salonu
Kuaför bülent çeşme,+902327129650,Kuaför / Berber
Sebahat Kaya Estetik Güzellik,+905347951700,Güzellik Salonu
Gözde Bulu Estetik Güzellik Çeşme,+905394812624,Güzellik Salonu
amphora kuaför çeşme,+902327121251,Kuaför / Berber
BarberShop salon cadde,+905011827752,Kuaför / Berber
By Ebru Beauty Güzellik Salonu,+905431010628,Güzellik Salonu
Serap güzellik salonu&kuaför,+905319551222,Güzellik Salonu
Selma baydur nail art,+905530769843,Güzellik Salonu
Çeşme Kuaför Güzellik Salonu My Ela Studio,+905368244768,Güzellik Salonu
Derya & Volkan Bay ve Bayan Kuaförü ( Çeşme Ilıca Kuaför ),+905538713540,Kuaför / Berber
Salon Çeşme Güzellik,+905519383916,Güzellik Salonu
Çeşme Kuaför Değişim,+902327120190,Kuaför / Berber
Napoli Barbers,+905066883512,Kuaför / Berber
Canalp BARBER HAIR SHOP,+905324847812,Kuaför / Berber
Efendi Berber Salonu,+905079960439,Kuaför / Berber
CESMEDE KUAFOR TREND BAY BAYAN KUAFÖR & GÜZELLİK SALONU,+902327122291,Güzellik Salonu
İzmir Psikolog I Mehmet Gülçek,+905364760481,Psikolog / Terapist
Dent Foça Özel Ağız ve Diş Sağlığı Polikliniği,+905306491526,Diş Kliniği
Diş Hekimi Ayhan Aydoğan,+902328122383,Diş Kliniği
Diş Hekimi Banu Şenel,+902328121526,Diş Kliniği
Diş Hekimi Nilüfer Cura,+905335683491,Diş Kliniği
IRA Atelier,+905051057962,Dövme & Piercing
Odin Art Tattoo,+905064939355,Dövme & Piercing
Foça Mustafa Kemal Öztürk Tattoo,+905523126935,Dövme & Piercing
Diyetisyen Beste Kutlu Makro Diyet,+905464268281,Diyetisyen
Elza Beauty Center,+905067151195,Güzellik Salonu
Anna Beauty Center,+905416244289,Güzellik Salonu
Sema Beauty,+905360359294,Güzellik Salonu
Mon Cher Güzellik Gaziemir,+905316415313,Güzellik Salonu
Birgül Karagöz Güzellik,+902322526300,Güzellik Salonu
Yağmur Arpacı Beauty,+905010300035,Güzellik Salonu
İzzBeauty_hair,+905453656354,Güzellik Salonu
İzmir Güzellik Salonu,+905545481219,Güzellik Salonu
Elite plus lazer cilt bakımı ve güzellik merkezi,+905525029489,Güzellik Salonu
Didem beauty VIP,+905074198505,Güzellik Salonu
Slimfit Estetik Gaziemir,+905414309763,Güzellik Salonu
Essi Gaziemir Güzellik Merkezi,+902322744666,Güzellik Salonu
Vera Estetik&Güzellik,+905524809199,Güzellik Salonu
Raha Beauty Güzellik Merkezi,+905557522478,Güzellik Salonu
Mojo Beauty Nail Art | Gaziemir Tırnak,+905540204515,Güzellik Salonu
Gaziemir Güzellik Salonu Zerrin Tezcan Beauty - Nail Art - Epilasyon - Kalıcı Makyaj - Bölgesel İncelme,+905060501478,Güzellik Salonu
EBRU METE ESTETİK & LİPOSONİX MERKEZİ,+902322524353,Güzellik Salonu
Nora Güzellik,+905541507600,Güzellik Salonu
Rana Nail Beauty,+905491203535,Güzellik Salonu
Çise Saç Tasarım & Güzellik Salonu,+902322514912,Güzellik Salonu
Şeyma fidan beauty,+902322526147,Güzellik Salonu
Gaziemir Güzellik Salonu - Epilasyon - Protez Tırnak - Kalıcı Oje - Cilt Bakımı,+905424762420,Güzellik Salonu
Birce Türker Beauty House,+905464770035,Güzellik Salonu
PERLA DE LA LUNA NAİL BEAUTY,+905330487457,Güzellik Salonu
Cess Güzellik Salonu,+905054001538,Güzellik Salonu
Anastasiya Tırnak Stüdyosu & Güzellik Merkezi,+905308800184,Güzellik Salonu
Jasper Beauty Center,+902322511905,Güzellik Salonu
Gülçin Akın stüdyo,+905435869102,Güzellik Salonu
Flora Kuaför & Güzellik Salonu,+905555861854,Güzellik Salonu
Gaziemirde Güzellik Merkezi | Duygu Başçı Güzellik Merkezi,+905543799080,Güzellik Salonu
Noss Bayan Kuaförü,+902322515052,Kuaför / Berber
Sinem Güzellik Salonu,+905534329112,Güzellik Salonu
Frida Güzellik Salonu,+902322520002,Güzellik Salonu
Lume Skin Studio Gaziemir,+905336030093,Güzellik Salonu
Orçin Kuaför Salonu,+902322519933,Kuaför / Berber
Aktüel Kuaför Güzellik Salonu,+905062701467,Güzellik Salonu
Onur Özdaş Hair Fashion Center,+902322520051,Kuaför / Berber
Kuaför Mecit Yiğit,+905077269131,Kuaför / Berber
Hair POTE,+905077110240,Kuaför / Berber
Altun kuaför,+905530961006,Kuaför / Berber
Dilamed İzmir Sağlık & Güzellik,+905447323545,Güzellik Salonu
Gaziemir Masaj Salonu EN Spa,+905079690968,Kuaför / Berber
Bioderm Güzellik & Epilasyon,+902322524480,Güzellik Salonu
Moss Kuaför,+902322520300,Güzellik Salonu
Elitte Kuaför,+902322520775,Kuaför / Berber
GAZİEMİR EPİLASYON,+902322519051,Güzellik Salonu
BEK KUAFÖR,+905016862135,Kuaför / Berber
GÜNEY ES HAIR STATION PROTEZ SAÇ BARBER,+905432184804,Kuaför / Berber
Glow beauty saloon Gaziemir,+905052580064,Güzellik Salonu
MEN’S PLACE HAİR STUDİO,+905050580181,Kuaför / Berber
By Görkem Kuaför,+905442130697,Kuaför / Berber
Songül Kiremitçi Esthetic Beauty Therapy,+905324699282,Güzellik Salonu
MegaPlus Guzellik Salonu,+902322523504,Güzellik Salonu
Gaziemirde Kuaför,+905063041302,Kuaför / Berber
Yaşam Güzellik ve Estetik,+902322208181,Güzellik Salonu
DM KUAFÖR,+905418254785,Kuaför / Berber
Eylül Güzellik Salonu,+905550600276,Güzellik Salonu
Kuaför Ufuk,+902322515061,Kuaför / Berber
GAZİEMİR TÜRBAN (DUYGU SAÇ & TÜRBAN TASARIMI),+905344349122,Kuaför / Berber
MezoHair Güzellik Merkezi,+905437290499,Güzellik Salonu
Hair Club Gaziemir,+905076631035,Kuaför / Berber
Özgür Yüce Hair Studio,+902322511441,Kuaför / Berber
Gaziemir Pilates & Reformer Salonu,+905317262879,Pilates / Yoga
Desire Kuaför,+905358378264,Kuaför / Berber
Işık Polikliniği,+905301541970,Güzellik Salonu
Kuaför Suat,+902322514729,Kuaför / Berber
Kuaför Savaş,+902322524140,Kuaför / Berber
Kuaför Tufan,+902322202244,Kuaför / Berber
Kezban Kuaför,+902322524901,Kuaför / Berber
Kuaför Firdevs Gaziemir,+905356691153,Kuaför / Berber
Kuaför Yunus,+902322524328,Kuaför / Berber
HD Kuaför Hüseyin,+905549028682,Kuaför / Berber
ŞAHİN KUAFÖR,+905079306338,Kuaför / Berber
Ombre Krallığı,+905548958636,Kuaför / Berber
Es Erkek Kuaförü,+905076818839,Kuaför / Berber
KUAFÖR ANIL İSTEM,+905551018789,Kuaför / Berber
Burak Zengin Protez Saç ve Erkek Güzellik Merkezi,+905426222667,Güzellik Salonu
GAZİEMİR GAMZE KUAFÖR,+905060948187,Kuaför / Berber
BLACK ROSE HAİR STÜDYO,+905071601227,Kuaför / Berber
Orçin & Atınç Kuaför,+902322521575,Kuaför / Berber
Kuaför Banu,+905534268065,Kuaför / Berber
Furkan Erkek Kuaförü,+905067840227,Kuaför / Berber
Kuaför Ersin,+902322522890,Kuaför / Berber
Kuaför Ali,+902322525248,Kuaför / Berber
Kuaför Saliha İzmir,+902322201040,Kuaför / Berber
Kuaför Tayfun,+905366667199,Kuaför / Berber
Kuaför Hülya & Turgut,+902322512261,Kuaför / Berber
Mesut Kuaför,+902322203500,Kuaför / Berber
XBody Gaziemir EMS Spor Merkezi,+905541681060,Kuaför / Berber
Songül Alkan Kuaför,+905522241159,Kuaför / Berber
Hakan erkek kuaförü,+905345887474,Kuaför / Berber
Kuaför Tria,+902322201001,Kuaför / Berber
Salon by Uğur | Gaziemir Erkek Kuaförü,+905073951144,Kuaför / Berber
Kuaför Selman,+902322522520,Kuaför / Berber
Stil Bayan Kuaförü,+905533432432,Kuaför / Berber
Black White Bayan Kuaförü OĞUZ TORLAK,+905534231671,Kuaför / Berber
Fatih bayan kuaförü,+905067885686,Kuaför / Berber
Kuaföremre,+905544225345,Kuaför / Berber
Joseph Hair Palace,+905510800958,Kuaför / Berber
Nefertity,+902322511822,Kuaför / Berber
Kuaför İbrahim,+905547910484,Kuaför / Berber
MT ERKEK KUAFÖRÜ MUSTAFA TÜRKAN,+905425243678,Kuaför / Berber
Emin Bollukcu kuaför,+905308708715,Kuaför / Berber
Hair Lab - Saç Tasarım Atölyesi,+905549759808,Kuaför / Berber
Kuaför Soner yıldız,+902322519230,Kuaför / Berber
Şenay boutique kuaför,+905314717421,Kuaför / Berber
Bayram Bal,+902322738085,Kuaför / Berber
Masculine HairBoss,+905530681099,Kuaför / Berber
Ahmet Aslan Hair Studio,+905414656375,Kuaför / Berber
Kuaför Mustafa,+905396993084,Kuaför / Berber
Yunus Emre hair artist,+905066862628,Kuaför / Berber
LondonMakeup&Hair,+905438091978,Güzellik Salonu
Kuaför Fatoş,+905531441660,Kuaför / Berber
Kuaför İsmail Aktaş,+905549326713,Kuaför / Berber
Kuaför Sibel,+902322516825,Kuaför / Berber
Hayal Kuaför,+905349744549,Kuaför / Berber
Kuaför osman,+905426554642,Kuaför / Berber
Kuaför Kenan,+905464670530,Kuaför / Berber
Hacer Kuaför,+905071857831,Kuaför / Berber
Harun Erkek Kuaförü,+905396743247,Kuaför / Berber
Kuaför ali göktaş,+905078368870,Kuaför / Berber
Kuaför İsmail,+905548847236,Kuaför / Berber
ASLAN ERKEK KUAFÖRÜ,+905077434010,Kuaför / Berber
İbrahim hair palace,+905077122736,Kuaför / Berber
Kuaför Tolga Gülcan,+905060640787,Kuaför / Berber
Işıltı Saç Tasarım,+902322518483,Kuaför / Berber
Kuaför Özgür yüce,+905342014226,Kuaför / Berber
İçöz erkek kuaförü,+905546816809,Kuaför / Berber
Harun Erkek Kuaförü,+905368352084,Kuaför / Berber
Kuaför Elçin,+902322524552,Kuaför / Berber
Bahar kuaför &güzellik salonu,+902322521157,Güzellik Salonu
ANIL PROTEZ SAÇ MERKEZİ,+905343694054,Kuaför / Berber
Patiş Pet Kuaför,+905528821236,Kuaför / Berber
Yasemin Hair-Make Up-Artist,+905396237029,Kuaför / Berber
Kuaför Mustafa,+902322525554,Kuaför / Berber
Kuaför Ufuk Acar,+902322517755,Kuaför / Berber
Kuaför Hatun,+905368402790,Kuaför / Berber
Black pearl hair design,+905378188655,Kuaför / Berber
Klas Erkek Kuaförü Bülent - Engin,+905555027908,Kuaför / Berber
Mutlu Erkek Kuaförü,+905437856279,Kuaför / Berber
Elizan Hair & Beauty Salon,+905357179111,Güzellik Salonu
Kuaför nuray,+905555821995,Kuaför / Berber
Hair Stylist - Emre Akbaş,+905394563960,Kuaför / Berber
Deniz & Nehir Kuaför,+902322512435,Kuaför / Berber
Foça Güzellik Atölyem,+905444947280,Güzellik Salonu
Zenn Estetik & Beauty,+905057275971,Güzellik Salonu
Nisa Kuaför,+905067509369,Kuaför / Berber
Bayan kuaförü ada,+905417714145,Kuaför / Berber
HAN KUAFÖR ÇEŞME,+905350467244,Kuaför / Berber
Çeşme Şirin Kuaför,+902327232366,Kuaför / Berber
Çeşme Kuaför İlhan,+905362618336,Kuaför / Berber
Fame Kuaför Çeşme Ilıca,+905307490332,Kuaför / Berber
Han By Gökhan Çeşme Ilıca,+902327234848,Kuaför / Berber
İMAJ Barber,+905342760372,Kuaför / Berber
Semih&Orhan Kuaför,+902327160004,Kuaför / Berber
BY MG Barber Shop,+905069122495,Kuaför / Berber
Shine Hair Kuaför,+905535593829,Kuaför / Berber
Kadir Alkan Hair Artist Unisex Kuaför Alaçatı Çeşme İzmir Uma Beach,+905317241535,Kuaför / Berber
Şanzelize Kuaför,+902327121264,Kuaför / Berber
Özcan hair studio,+905326979079,Kuaför / Berber
Salon ozan erkek kuaförü,+905537487309,Kuaför / Berber
𝙃.𝘿 𝘽𝘼𝙍𝘽𝙀𝙍𝙎𝙃𝙊𝙋 💈💈,+905303203546,Kuaför / Berber
THE TİME HAİR DESİNG (bayan kuaförü) ÇEŞME,+905510577438,Kuaför / Berber
O İş Bende Kuaför,+905070420653,Kuaför / Berber
Bülent & Gamze Kuaför,+905330846424,Kuaför / Berber
Salon uğur,+905432646827,Kuaför / Berber
Kuaför musti,+905325099961,Kuaför / Berber
💈3A💈BARBER MURAT💈,+905416823686,Kuaför / Berber
Afrodit Kuaför Ve Güzellik Salonu,+902327120367,Güzellik Salonu
Elleza kuafor çeşme,+905345729280,Kuaför / Berber
Kuaför Cihat Yasemin / Highlights,+902327168010,Kuaför / Berber
misk kuaför,+902327230871,Güzellik Salonu
Kuaför Osman,+905312258815,Kuaför / Berber
Alacati Saloon Istanbul Sachh&Bashh Bayan Kuaför,+905308441911,Kuaför / Berber
Hüseyin Erkek kuaförü,+905353111280,Kuaför / Berber
Yasin Arslan Hair Saloon,+905549408649,Kuaför / Berber
Seden Emiroğlu Beauty,+905421640501,Güzellik Salonu
BERBER💈ENGİN🇹🇷,+905363514748,Kuaför / Berber
Erhan Balkaya barbershop,+905065041974,Kuaför / Berber
Ekip By Sercan Kuaför Çeşme,+905382258217,Kuaför / Berber
DENİZ KUAFÖR SALONU,+902327122919,Kuaför / Berber
Hamdi Tahir Çeşme,+905348207117,Kuaför / Berber
Berber Üzeyir,+905051622090,Kuaför / Berber
Yıldırım Özdemir Çeşme,+905314053035,Kuaför / Berber
Bella Kuaför & Güzellik Merkezi,+902327128889,Güzellik Salonu
Dilek Kuaför,+902327128363,Kuaför / Berber
cesme radison kuafor salonu,+905074641328,Diş Kliniği
Salon by Metin,+905072471488,Kuaför / Berber
Alaçatı bay bayan Kuaförü,+902327169450,Güzellik Salonu
Kuaför Nurcan,+905325786871,Kuaför / Berber
Berber Zeki,+905368157028,Kuaför / Berber
Serpil Kuaför,+905344777450,Kuaför / Berber
"Mert Dayıoğlu Alaçatı, Hair & Make-up Couture",+902327166939,Kuaför / Berber
Efkan Gölgeçen Hair Artist,+905533408802,Kuaför / Berber
Kuaför Kemal & Mustafa,+902327166763,Kuaför / Berber
BLACK & WHITE GÜZELLİK SALONU BAY/BAYAN,+902327170301,Güzellik Salonu
Çeşme Pet Shop Pet Kuaför Pet Otel Köpek Eğitimi,+905327822529,Kuaför / Berber
Barbershop Erkan AYGÜN,+905530849759,Kuaför / Berber
®Alaçatı Pet Kuaför Güzellik Merkezi,+905325835202,Güzellik Salonu
C&C BERBER,+902327128425,Kuaför / Berber
Kuaför Mükerrem,+905365732376,Kuaför / Berber
Men Hair Club,+905411422035,Kuaför / Berber
KUAFÖR GÖKHAN ÇEŞME,+905445957334,Kuaför / Berber
Taylan erkek kuaförü,+905550838230,Kuaför / Berber
Reges Luxury Hotel Coiffeur / Kuaför,+905333600068,Kuaför / Berber
Melek & Osman Kuaför,+902327123017,Kuaför / Berber
Cyssus Berber Çeşme,+905050840449,Kuaför / Berber
Berber Ferdi,+905372405258,Kuaför / Berber
Resital Erkek Kuaför,+905374971089,Kuaför / Berber
Riva Beauty Çeşme,+905447847035,Güzellik Salonu
Yasin nurcan kuaför,+905315028714,Kuaför / Berber
ÇEŞME GYM Sağlıklı Yaşam Merkezi,+902327126124,Kuaför / Berber
Street Corner Erkek Kuaförü,+905539497677,Kuaför / Berber
Kuaför Emin Eser,+902327168171,Kuaför / Berber
Kuaför Emin Çeşme,+902327129696,Kuaför / Berber
Berber Şinasi & Ahmet,+905353067222,Kuaför / Berber
Sporium Çeşme Fitness Center,+905352593003,Kuaför / Berber
İzmir Ecem protez tırnak,+905421321393,Güzellik Salonu
OLGA TIRNAK - Alaçatı - bay bayan kuaför protez tırnak,+905363534333,Güzellik Salonu
FDM BEAUTY ATELIER,+905354698658,Güzellik Salonu
Tırnak Lounge Alaçatı,+905013255194,Güzellik Salonu
Baiemooi Beauty Studio | Narlıdere Protez Tırnak,+905491902029,Güzellik Salonu
Sirena Nail Studio (Tırnak Merkezi),+905380880080,Güzellik Salonu
Güneş Protez Tırnak Studio,+905313374256,Güzellik Salonu
Protez Tırnak İzmir,+905418688323,Güzellik Salonu
Orva beauty&kozmetik (çiğli),+905418219189,Güzellik Salonu
Şah beauty.Gazel Hayat,+905340539576,Güzellik Salonu
Alaçatı Beauty Aesthetic Wellness,+905510732331,Güzellik Salonu
İnciNailArt,+905050115692,Güzellik Salonu
Çeşme Masaj Salonu - Sunshine Spa,+905418765735,Kuaför / Berber
Pırıl Hotel Thermal Beauty SPA,+902322530303,Güzellik Salonu
Yalı çapkını accessories piercing,+905066574122,Dövme & Piercing
Çeşme'DE Pilates Studio Marina,+905453689959,Pilates / Yoga
Zen Bahçesi Wellness Çeşme,+905459150674,Pilates / Yoga
Savcı Tattoo (Çeşme),+905302545389,Dövme & Piercing
Kuğu Pilates Serpil Arıkan,+905333059789,Pilates / Yoga
Art Point Tattoo Studio,+905444473193,Dövme & Piercing
Tuna Kaya Beauty Studio,+905535740176,Güzellik Salonu
Stella Health & Beauty,+905395792728,Güzellik Salonu
Dr. Diva Beauty Alaçatı,+905071809401,Güzellik Salonu
Hara Güzellik Alaçatı,+905331362497,Güzellik Salonu
Sevgi Vurmaz Psikolojik Danışmanlık Merkezi,+905324781147,Psikolog / Terapist
Özel Çeşme Rehberlik ve Psikolojik Danışma Merkezi,+905428219144,Psikolog / Terapist
"Psk. Dan. Gülsüm Tekin, Psikolojik Danışman ve Aile Danışmanı",+905058296424,Psikolog / Terapist
Psikolog Dilay GÖKARSLAN,+905534920246,Psikolog / Terapist
Çeşme Dönüşüm Psikoloji,+905060210360,Psikolog / Terapist
Diş Hekimi Kübra GÖRGÜN,+902325030500,Diş Kliniği
DENT ÇEŞME AĞIZ VE DİŞ SAĞLIĞI POLİKLİNİĞİ,+905540049955,Diş Kliniği
DENTARTE Ağız ve Diş Sağlığı Polikliniği,+905326793570,Diş Kliniği
Diş Hekimi M.Özden Tuncel,+905337469717,Diş Kliniği
Diş Hekimi Handan Çetin,+908508117271,Diş Kliniği
Diş Hekimi Birgül GÜRBÜZ,+902327128338,Diş Kliniği
DİŞ HEKİMİ MELTEM PAMUK,+905548976468,Diş Kliniği
Bora Akbaykal - Çeşme Diş Hekimi,+905372752959,Diş Kliniği
Dr. Emel Dayanıklı,+902327129813,Diş Kliniği
california tattoo,+905550443645,Dövme & Piercing
Cleopatra Ink Tattoo & Piercing Alaçatı Studio,+905306405012,Dövme & Piercing
Alaçatı tattoo & piercing,+905061661544,Dövme & Piercing
izmir dövme,+905544731356,Dövme & Piercing
serentattoo,+905077676817,Dövme & Piercing
Eightart,+905552456402,Dövme & Piercing
Diyetisyen Fatma İrem Çetinkaya,+905070453738,Diyetisyen
H2O Clinic Çeşme,+905532277675,Diyetisyen
Core Collective Studio,+905433524494,Kuaför / Berber
Nazlı Yenigöl Pilates Studio,+905065703953,Pilates / Yoga
SWAN PiLATES,+905052547360,Pilates / Yoga
Emel's Studio Pilates Yoga & 360 Fit,+905349565202,Pilates / Yoga
Alaçatı Pilates & Art,+905307068070,Pilates / Yoga
House Pilates Alaçatı,+905327008212,Pilates / Yoga
Unique Workout Studio,+905325725200,Kuaför / Berber
Çeşme Kapalı Spor Salonu,+902327232000,Kuaför / Berber
Nine Alaçatı,+905354944193,Kuaför / Berber
NETA Fitness Club,+905402029992,Kuaför / Berber
Fitlab Alaçatı,+905312436676,Kuaför / Berber
Çeşme,+902327127219,Kuaför / Berber
Studio functional çeşme,+905077973535,Kuaför / Berber
NK Beauty Güzellik Salonu,+905401223535,Güzellik Salonu
Lilibeth Nail & Beauty Çiğli,+905520920031,Güzellik Salonu
By Yasemin Deniz Güzellik,+905538064751,Güzellik Salonu
HB Güzellik Beslenme Çiğli,+905431415116,Diyetisyen
SEREN ALYAZ BEAUTY | Çiğli Güzellik Merkezi | Manikür & Pedikür | Cilt Bakımı | Kalıcı Oje | Lazer Epilasyon | İpek Kirpik,+905457220419,Güzellik Salonu
Dermameg çiğli,+905422978880,Güzellik Salonu
Günay güzellik salonu,+905074171496,Güzellik Salonu
Aysel kuaför ve güzellik salonu,+905302790981,Güzellik Salonu
SADE POLİKLİNİK,+902323291900,Güzellik Salonu
Lamona Güzellik & Estetik Çiğli,+905010729435,Güzellik Salonu
VIP Sapphire Güzellik Çiğli,+905010680202,Güzellik Salonu
eva güzellik merkezi,+905061813535,Güzellik Salonu
"Artline Güzellik Salonu, Çiğli Güzellik Salonu",+902324300393,Güzellik Salonu
Madam Luna Güzellik Salonu & Estetik Merkezi,+905056973440,Güzellik Salonu
Fame Kuaför Bay Bayan Güzellik Salonu,+902325028012,Güzellik Salonu
İzmir Atalanta Güzellik Merkezi,+905465078836,Güzellik Salonu
Queens Estetik Güzellik,+905307326993,Güzellik Salonu
Ayra Kuaför,+905354121097,Kuaför / Berber
Naturel Güzellik Salonu,+902323698196,Güzellik Salonu
Reyhan saç tasarım güzellik salonu,+905529315841,Güzellik Salonu
ATAŞEHİR GÜZELLİK,+905554011534,Güzellik Salonu
Doğa'l Güzellik ve Kuaför Salonu,+905435970695,Güzellik Salonu
Bi Güzellik Merkezi,+905317082535,Güzellik Salonu
Erman Kanat Hair Design,+902323251500,Kuaför / Berber
Kuaför Erol Kamalı,+905423198544,Kuaför / Berber
Salon Vip Bay Bayan Kuaför Salonu,+905538159595,Kuaför / Berber
Lavanta Terapi Spa Ataşehir/Çiğli,+905334321683,Psikolog / Terapist
Derya Ülkü kuaför ve güzellik merkezi,+905319008692,Güzellik Salonu
Melisa Kuaför,+902323865161,Güzellik Salonu
FormPlus,+905161613676,Güzellik Salonu
Tuğba Kocaoğlu Beauty,+905422426048,Güzellik Salonu
CALLİA ESTETİK GÜZELLİK,+902323290990,Güzellik Salonu
Beauty Vega,+905455895641,Güzellik Salonu
BIOTEK LAZER TEKNOLOJILERI,+905305421979,Güzellik Salonu
Serdar Alev Bayan Kuaförü,+905073430199,Kuaför / Berber
Zümrüt Kuaför,+902323292061,Kuaför / Berber
Saloon Gentleman,+905458850183,Kuaför / Berber
Trend Kuaför,+902323296581,Kuaför / Berber
Gülşah İnce Güzellik ve Bakım Salonu,+905384708692,Güzellik Salonu
Güzellik Salonu Şana,+905438522126,Güzellik Salonu
Joyo Güzellik,+905534217566,Güzellik Salonu
Nazar Bayan Kuaförü,+905548179506,Kuaför / Berber
Moda Kuaför,+902323290088,Kuaför / Berber
Emel Taş Kuaför Balatçık,+905373289633,Kuaför / Berber
LOCA ERKEK KUAFÖRÜ GÜZELLİK SALONU,+905368592675,Güzellik Salonu
Saloon rose spring,+905468105120,Kuaför / Berber
Dilek Kuaför,+902323291616,Kuaför / Berber
KUAFÖR ERMAN,+905317773522,Kuaför / Berber
Erkek kuaförü gentleman,+905551701739,Kuaför / Berber
SaloonVip,+905522921617,Güzellik Salonu
Doğal Güzellik Merkezi,+905533464924,Güzellik Salonu
Starliçe Kuaför,+905335977024,Kuaför / Berber
Kuaför Gözdeniz,+902323293240,Kuaför / Berber
Fit in Minute – İzmir Personal Training Studio | Çiğli PT,+905467830700,Diğer (Sağlık & Bakım)
LUGIS KUAFÖR,+905365842863,Kuaför / Berber
Sude Kuaför,+902323292114,Kuaför / Berber
Cennet Bayan Kuaför Salonu,+902323292398,Kuaför / Berber
Kuaför Esra,+905454769112,Kuaför / Berber
Saloonn.sevgi,+905056434035,Kuaför / Berber
Semra Bayan Kuaförü,+902323861062,Kuaför / Berber
Kuaför Ferhat,+902323291406,Kuaför / Berber
Mehmet Taşcı Hair Design Studio,+905437811974,Kuaför / Berber
Kuaför Kübra,+902323764744,Kuaför / Berber
Hanımeli Kuaför Salonu,+902323296500,Kuaför / Berber
Kuaför Gülhan,+905376339756,Kuaför / Berber
Kuaför Nuri,+902323292332,Kuaför / Berber
FATOŞ KUAFÖR,+905334002397,Kuaför / Berber
Tayfun bay bayan kuafor salonu,+905068531287,Kuaför / Berber
Vission Kuaför Samet-Hacer ÇAKIROĞLU,+905319212111,Kuaför / Berber
Halil Kuaför,+902323702216,Kuaför / Berber
GB Hair Studio Ataşehir,+905319381884,Kuaför / Berber
Kardelen Kuaför,+902323700623,Kuaför / Berber
Kuaför mustafa doğan,+905300691694,Kuaför / Berber
Kuaför Filiz,+902323700163,Kuaför / Berber
Selda&özkan kuaför güzellik,+905059727359,Güzellik Salonu
Piren Kuaför,+905552547941,Kuaför / Berber
Rephair Kuaför,+905532876002,Kuaför / Berber
Serkan Kuaför,+905335150720,Kuaför / Berber
Düzgün Erkek Kuaför Salonu,+905063725931,Kuaför / Berber
Makas Eller Bayan Kuaförü,+905530064864,Kuaför / Berber
Emre Korkar Erkek Kuaförü,+905445819070,Kuaför / Berber
Saloon Resital,+905062172825,Kuaför / Berber
Murat Hair Boss Çiğli,+905456175802,Kuaför / Berber
Kılıç erkek kuaförü,+905392409376,Kuaför / Berber
Zen Saç Tasarım,+902323864245,Kuaför / Berber
DAS KOZMETİK HAUSE KUAFÖR,+905416457602,Kuaför / Berber
LİNA BAYAN KUAFÖRÜ,+905396687396,Kuaför / Berber
Kuaför Ayşe,+902323765440,Kuaför / Berber
Kuaför Çiğdem,+905533164969,Kuaför / Berber
Sevda Mehmet Bayan Kuaförü,+902323295975,Kuaför / Berber
Kuaför Hakan,+905075216460,Kuaför / Berber
Deniz Berber,+905545221285,Kuaför / Berber
El - Uz Bayan Kuaförü,+905376335417,Kuaför / Berber
MERTCAN KUAFÖR,+905523366088,Kuaför / Berber
By Kuaför Oğuz,+905412124118,Kuaför / Berber
by mustafa erkek kuaforu,+905535386256,Kuaför / Berber
Özlem yıldırım kuaför,+905063308777,Kuaför / Berber
Evka 5 Gönül bayan kuaförü,+902323845096,Kuaför / Berber
Tuana Kuaför,+905077794049,Kuaför / Berber
Stilist Cem Erkek Kuaförü,+905312783148,Kuaför / Berber
Aura Salon,+905453463491,Kuaför / Berber
Tayfun Erkek Kuaförü,+905315610871,Kuaför / Berber
Pet Kuaför Ataşehir,+905541406832,Kuaför / Berber
Oktay doğan erkek kuaförü,+905534369749,Kuaför / Berber
Nur Kuaför,+902329664166,Kuaför / Berber
Hatun Bayan Kuaförü,+905347808987,Kuaför / Berber
Tunara Bayan Kuaförü,+905070273977,Kuaför / Berber
Mutlu Kuaför,+905309739981,Kuaför / Berber
Bahar Kuaför,+905433329416,Kuaför / Berber
Kuaför Mualla,+905462742706,Kuaför / Berber
Meriç Tuna Saç Tasarım,+902323299329,Kuaför / Berber
TAS Hair Design,+905465396261,Kuaför / Berber
İhsan Kuaför,+905432083103,Kuaför / Berber
Çimen Erkek Kuaförü,+905343243630,Kuaför / Berber
Eray Erkek Kuaförü,+905359693275,Kuaför / Berber
Şahin Erkek Kuaförü,+905414077654,Kuaför / Berber
AG kuaför,+905383123543,Kuaför / Berber
Bahar Kuaför,+902323292054,Kuaför / Berber
Mert Erkek Kuaförü,+902323764219,Kuaför / Berber
Kardeşler erkek kuaförü,+905376248599,Kuaför / Berber
Fix Kuaför Salonu,+905056895420,Kuaför / Berber
Natural hair studio Ataşehir,+905547896845,Kuaför / Berber
Kuaför Furkan,+905532621800,Kuaför / Berber
Yonca Kuaför,+902323293717,Kuaför / Berber
Miss Kokoş Kuaför Salonu,+905468063535,Kuaför / Berber
Okyanus Erkek Kuaförü,+905384580265,Kuaför / Berber
Stil Erkek Kuaförü,+905555962327,Kuaför / Berber
Monaco Erkek Kuaförü,+905074796836,Kuaför / Berber
Babacan Erkek Kuaförü,+905438661461,Kuaför / Berber
Deniz Bayan Kuaför Salonu,+905074593025,Kuaför / Berber
NAG Güzellik Salonu,+905433760910,Güzellik Salonu
Freya Tırnak,+905465254556,Güzellik Salonu
MESS Nail Art Studio Protez Tırnak & Nail Art,+905461277073,Güzellik Salonu
Buda Nail Studio,+905538623331,Güzellik Salonu
Met Nail Studio,+905514380376,Güzellik Salonu
Beyza Kızılarslan Beauty Studio,+905534962912,Güzellik Salonu
Ays Nail Art Studio,+905461123433,Güzellik Salonu
Gizem Aksoy Beauty,+905365883597,Güzellik Salonu
Belma Kahveci Beauty Studio,+905555702106,Güzellik Salonu
Luna Beauty&Nail,+905012994135,Güzellik Salonu
Ela,+902323862020,Güzellik Salonu
Elanor Demirpençe Beauty Center,+905384527819,Güzellik Salonu
ED Nail Saloon,+905513611234,Güzellik Salonu
Helin Gül Beauty Center,+905301519239,Güzellik Salonu
Sevdam Manikür & Pedikür Sir -Agda ve Kuaför,+905383716340,Kuaför / Berber
Aslım Güzellik Salonu,+905536791019,Güzellik Salonu
Dore Güzellik,+905510419945,Güzellik Salonu
Sergül Özkan Güzellik ve Bakım Salonu,+902323861010,Güzellik Salonu
Mosso Ataşehir - Beauty Studio,+905558965009,Güzellik Salonu
Maison de beauté,+905423011141,Güzellik Salonu
Elyse nail art studio,+905340166099,Güzellik Salonu
Mey Nail Art - Tırnak Sanatı Stüdyosu,+905435351991,Güzellik Salonu
Lena Nail Beauty Karşıyaka,+905432507711,Güzellik Salonu
Neva Nail Beauty,+905532399975,Güzellik Salonu
Tuğba Yılmaz Nail Arts & Beauty,+905012570309,Güzellik Salonu
Tırnak Lounge Mavişehir,+905065202991,Güzellik Salonu
Vero Tirnak Studio,+905330566639,Güzellik Salonu
Olga Tırnak Mavişehir,+905331395242,Güzellik Salonu
Sayraç Nail Art Studio,+905010647648,Güzellik Salonu
Sui Hair Nail Beauty Saloon,+905336475581,Güzellik Salonu
La Vie Beauty & Nail Art,+905525503782,Güzellik Salonu
Müzeyyen Beauty,+905372434737,Güzellik Salonu
Kübra Yiğit Nail studio,+905431811788,Güzellik Salonu
Yaren Nail Studio,+905366658076,Güzellik Salonu
Jaja Nails & Lashes,+905072046312,Güzellik Salonu
Burcu demirci makeup,+905458621384,Güzellik Salonu
Eflatun Beauty,+905364957264,Güzellik Salonu
sevim's beauty,+905010273506,Güzellik Salonu
Kardelen Demir Beauty Center,+905300155405,Güzellik Salonu
İlknur Makeup | İzmir Ataşehir,+905456373535,Güzellik Salonu
TAC BEAUTY,+905319497725,Güzellik Salonu
Lavinya Saç Tırnak Tasarım,+905536325389,Güzellik Salonu
Uzm. Dr. Vatan Barışık,+908504745186,Diğer (Sağlık & Bakım)
Reformance Studio,+905411177131,Pilates / Yoga
"Sportfiz Çiğli | Reformer Pilates, Skolyoz, Fizyoterapi, Manuel Terapi",+905400750035,Psikolog / Terapist
acrnail,+902323610725,Güzellik Salonu
Ege Estetik Ağız ve Diş Sağlığı Merkezi,+902323864000,Diş Kliniği
Musse Güzellik Salonu,+905312354036,Güzellik Salonu
Dr.Atalay Kabakcıoglu / Sade Poliklinik İzmir,+905059060060,Diğer (Sağlık & Bakım)
World Class Clinic,+905375650414,Güzellik Salonu
Cenk Melikoğlu - Meme Estetiği - Burun Estetiği- Estetik Cerrah,+905052767069,Güzellik Salonu
SADE DERMA GÜZELLİK,+902323301903,Güzellik Salonu
Dr Kudret Karakayacık,+905523851345,Diğer (Sağlık & Bakım)
Başkent Estetik,+905358893777,Güzellik Salonu
Dr. Şule Yaşar,+905335482835,Diğer (Sağlık & Bakım)
Uzm. Dr. Onur BAYKAN İzmir Saç Ekimi,+905476621165,Kuaför / Berber
Elis Bora Güzellik Salonu,+905331993891,Güzellik Salonu
Op. Dr. Samet CİN,+905355737972,Diğer (Sağlık & Bakım)
Op. Dr. Ümit Karagöz / UK klinik Çiğli / İzmir KBB Uzmanı,+905312367211,Diğer (Sağlık & Bakım)
Op.Dr.Arif AYDIN,+905526333360,Güzellik Salonu
Çiğli Diş Hekimi | Ersel Kaya - Kerem Kısa Ağız ve Diş Sağlığı Polikliniği,+905399247733,Diş Kliniği
Op. Dr. Kader YILDIZ DOĞAN,+905357608417,Diğer (Sağlık & Bakım)
Ege Cerrahi,+905525662210,Diğer (Sağlık & Bakım)
Tafiderm,+905324953509,Güzellik Salonu
Uzman Psikolog Eylem Esen,+905301231869,Psikolog / Terapist
izmir çocuk psikolog,+905372191612,Psikolog / Terapist
Çiğli Psikolog Aile Evlilik Çift Çocuk Ergen Terapisi - Uzman Psikoloji,+905318866641,Psikolog / Terapist
Klinik Psikolog Ceren Gündüz Zamandar,+905317117650,Psikolog / Terapist
Uzm. Psk. Burcu Budak Psikoloji Merkezi,+905451882018,Psikolog / Terapist
Uzman Klinik Psikolog Alara Torunlu | İzmir Çiğli EMDR ve Psikoterapi,+905315233774,Psikolog / Terapist
İzmir Psikolog | Psikolog & İlişki Danışmanı Nazli Tutan,+905321323488,Psikolog / Terapist
DOMİ AİLE DANIŞMA MERKEZİ,+905055743333,Psikolog / Terapist
Mirerti Psikolojik Danışmanlık Merkezi,+905522399543,Psikolog / Terapist
Sofist Danışmanlık,+902323293029,Psikolog / Terapist
Uzm. Psikolog Ebru GÖKTAŞ,+905464879501,Psikolog / Terapist
Klinik Psikolog Güzide Türkyılmaz,+905456454501,Psikolog / Terapist
Uzman Psikolog Elif Can Öztürk,+905309310399,Psikolog / Terapist
İzmir Psikolog - İsmer Aile Danışma Merkezi,+902324633332,Psikolog / Terapist
Ütopya Psikoloji,+905551437131,Psikolog / Terapist
Psikolog Halil Çetinkaya,+905544998135,Psikolog / Terapist
Özel Sağlık Meslek Hizmet Birimi Uzm. Klinik Psikolog Zeynep Alanyalı,+905334358414,Psikolog / Terapist
Psikolog Hayriye Tuğçe Kurusakız,+908508116146,Psikolog / Terapist
Konuşma Akademi Dil ve Konuşma Terapisi Merkezi,+905013418988,Psikolog / Terapist
"Haziran Psikoloji - İzmir Karşıyaka Psikolog, Psikoloji Merkezi",+905412369200,Psikolog / Terapist
Psikoloji İzmir,+905312371226,Psikolog / Terapist
"Ecem Hazel Soyalp, İzmir | İzmir Psikolog | Aile Danışmanı",+905344520958,Psikolog / Terapist
Uzman Psikolog İlknur Demirtaş,+908504740695,Psikolog / Terapist
Uzman psikolog Ezgi sayın,+905343649509,Psikolog / Terapist
Değişim Psikoloji Danışmanlık Merkezi,+902324215757,Psikolog / Terapist
Psikolog Hayri Furkan Genç,+905064513383,Psikolog / Terapist
Marin Psikoloji Merkezi,+905377899980,Psikolog / Terapist
"Psikolog Onur Çakır, Psikoloji",+905078653897,Psikolog / Terapist
Umutcan Akova | Uzman Psikolog & Aile Danışmanı,+905350378546,Psikolog / Terapist
Dr. Sinem Demirel,+905414571507,Psikolog / Terapist
Diyalog 35 - Karşıyaka Psikolog ve Danışmanlık,+902323230303,Psikolog / Terapist
Ayriz Uçuran,+905330286198,Psikolog / Terapist
Uzman Psikolog İrem Kalaycıklı,+905345250313,Psikolog / Terapist
Klinik Psikolog Nesibe Dinç,+905534319442,Psikolog / Terapist
İzmir Oda Psikoloji,+905393895579,Psikolog / Terapist
Smyrna Psikoloji,+905526300136,Psikolog / Terapist
"Doç. Dr. D. Hakan Delibaş, Psikiyatrist & Psikoterapist",+905062922141,Psikolog / Terapist
Pilea Psikoloji,+905059351824,Psikolog / Terapist
Uzman Psikolog Dicle Naz Naki,+905411884287,Psikolog / Terapist
Uzm. Psikolog Gözde ŞENOCAK,+905079171104,Psikolog / Terapist
PsikoEvim,+905372158373,Psikolog / Terapist
"Uzm. Kl. Psk. Ahmet Metehan Er, Psikoloji",+905469049253,Psikolog / Terapist
İzmir Perla Psikoloji,+905491800001,Psikolog / Terapist
"Psk. Alkım Avcı, Psikoloji",+905050253815,Psikolog / Terapist
İzmir Psikolog Uzman Klinik Psikolog Dr. Sinem Malkoç,+905339696131,Psikolog / Terapist
Uzman Psikolojik Danışman ve Aile Danışmanı Begüm Ayyıldız,+905060968135,Psikolog / Terapist
Büşra Nur Yorulmaz | İzmir Uzman Psikolog,+905316774321,Psikolog / Terapist
ÇOCUK ve ERGEN PSİKOLOĞU,+905333286272,Psikolog / Terapist
Uzman Klinik Psikolog Ayça KUZU,+905549425501,Psikolog / Terapist
Diş Hekimi Şeyma Özenoğlu Tarhan,+902323292995,Diş Kliniği
Uzman Psikolog Aşkın Çisem Özgüler,+905057886780,Psikolog / Terapist
MGM dental Ağız ve Diş Sağlığı Kliniği - DR Gözde Peker TEKDAL - DT Murat TEKDAL,+905400403010,Diş Kliniği
Özel Avrupadent Çiğli Ağız ve Diş Sağlığı Polikliniği,+902322750505,Diş Kliniği
Özel Aspro Dent Diş Polikliniği 7/24,+905305258035,Diş Kliniği
Vitadent Ağız ve Diş Sağlığı Polikliniği,+905372625999,Diş Kliniği
Dente Dental Studio Ağız ve Diş Sağlığı Polikliniği Çiğli,+905526081555,Diş Kliniği
"Dent Rainbow Ağız Ve Diş Sağlığı Polikliniği – Çiğli |Karşıyaka- Diş Beyazlatma, İmplant, Zirkonyum Kaplama, Kanal Tedavisi",+905349584699,Diş Kliniği
Özel Anadolu Dental Grup Ağız ve Diş Sağlığı Polikliniği,+905435643535,Diş Kliniği
White Point Dental Ağız ve Diş Sağlığı Polikliniği,+905330588373,Diş Kliniği
Özel KALİKO AĞIZ VE DİŞ SAĞLIĞI POLİKLİNİĞİ,+905300610552,Diş Kliniği
Dent Anka Ağız ve Diş Sağlığı Polikliniği,+905455079495,Diş Kliniği
Hasan Ali Yoloğlu Ağız Ve Diş Sağlığı Kliniği,+905531060100,Diş Kliniği
"İzmir, Çiğli Diş Hekimi Kutay Gürel - İmplant Diş, Ortodonti, Zirkonyum Diş Kaplama",+905465041090,Diş Kliniği
Özel Smart Ağız ve Diş Sağlığı Polikliniği,+902323298877,Diş Kliniği
Yenice Dental - Yenice Ağız ve Diş Sağlığı Polikliniği,+902323298645,Diş Kliniği
Özel Ark Dental Ağız ve Diş Sağlığı Polikliniği,+902323860099,Diş Kliniği
DİŞ HEKİMİ EVRİM SELÇUK,+902323864318,Diş Kliniği
Diş Hekimi Hasan Alperen Doğan,+905308858035,Diş Kliniği
TRUDENT Ağız ve Diş Sağlığı Polikliniği,+902323247283,Diş Kliniği
Diş Hekimi Onur Yücel,+902323291108,Diş Kliniği
Uzman Diş Hekimi Eylül Türsen,+908508116965,Diş Kliniği
Dt. Dicle Yeşilırmak,+908508113609,Diş Kliniği
Diş Hekimi Hanife Köprülü Korkmaz,+905326738212,Diş Kliniği
Özel İzmir Liva Dent Ağız ve Diş Sağlığı Polikliniği,+905332725482,Diş Kliniği
Videntis Ağız ve Diş Sağlığı Polikliniği,+905053371100,Diş Kliniği
Dt. Nil Yalçınkaya,+908504334209,Diş Kliniği
"Diş Hekimi Yusuf Ekinci - Karşıyaka - İmplant , Zirkonyum , Estetik diş",+905423781420,Diş Kliniği
Dr. Dt. Nuri Ünal,+902326081555,Diş Kliniği
Kayhan Küçükvural,+905428949739,Diş Kliniği
MECANÍC TATTOO STUDIO CENAP KANER,+905532102535,Dövme & Piercing
SERCAN ALKAN Tattoo studıo,+905421511925,Dövme & Piercing
Bariscan Tattoo7,+905012173223,Dövme & Piercing
Lion Tattoo,+905077267265,Dövme & Piercing
Ezoterika art stüdyo,+905077972356,Dövme & Piercing
Life Time Tatto Studio,+905554271950,Dövme & Piercing
Witch Tattoo,+905392663270,Dövme & Piercing
Diyetisyen Büşra Donat Ergin,+905427444812,Diyetisyen
Diyetisyen Salih Buğra Ölmez,+905550679555,Diyetisyen
Uzman Diyetisyen Şahika Nur Bidar,+905538077181,Diyetisyen
Diyetisyen Merve Gökçekaya Yazıcı Beslenme ve Diyet Danışmanlık Merkezi,+905389740044,Psikolog / Terapist
Diyetisyen Kübra KAYAPUNAR K-fit Beslenme ve Diyet Danışmanlığı,+905366623770,Diyetisyen
Diyetisyen Ahsen Durgör Beslenme Danışmanlık & Andulasyon Terapi Merkezi,+905540086086,Psikolog / Terapist
Diyetisyen Gökçe AKBAŞ - Online Diyet,+905447434005,Diyetisyen
Diyetisyen Öykü Maral Aydın,+905071183158,Diyetisyen
Fitizmir Beslenme ve Diyet Danışmanlığı,+905352514515,Diyetisyen
Dyt. Elzem Arslan Kliniği,+905330979989,Diyetisyen
Uzman Diyetisyen Melike Taylan Ergin,+905456855460,Diyetisyen
Diyetisyen Elif Aynalı Beslenme ve Diyet Danışmanlığı,+905455445003,Diyetisyen
| İzmir Diyetisyen | Betül Kıngır Beslenme Danışmanlığı,+905013640095,Diyetisyen
Diyetisyen Elif Çakırca Avcu,+905065342774,Diyetisyen
Fonksiyonel Tıp Diyetisyeni Kübra ÖZER ÇAĞLAR Sağlıklı Yaşam Merkezi,+905392820793,Diyetisyen
Diet Clinic,+905062731447,Diyetisyen
AlteLife Ataşehir,+905057150409,Pilates / Yoga
Diyetisyen Lara Kılıç,+905320530566,Diyetisyen
Diyetisyen Burcu Gökce,+905374085441,Diyetisyen
Pilates Cigli BE FORM PİLATES,+905322008334,Pilates / Yoga
Diyetisyen Seda Ertürk,+905369481487,Diyetisyen
Diyetisyen Betül Demir turhan,+905422259483,Diyetisyen
Poll Fitness Center,+905523193548,Kuaför / Berber
FT Pilates Studio Çiğli,+905339137387,Pilates / Yoga
Çiğli HtC Pilates Reformer Studio & Çiğli Pilates,+905331552772,Pilates / Yoga
Estafiz Çiğli Sağlıklı Yaşam Merkezi,+905079350066,Pilates / Yoga
İlknur Uğur - Reformer Life Studio - Pilates Salonu,+905325183256,Pilates / Yoga
Serra Özgen Studio,+905529248994,Pilates / Yoga
Diren Reformer Pilates,+905442594257,Pilates / Yoga
Black Studio House,+905437363568,Kuaför / Berber
Studio Z,+905520805589,Kuaför / Berber
Sinta Pilates,+905379174035,Pilates / Yoga
Kartal pilates,+905010828312,Pilates / Yoga
Jasmin Pilates Studyo,+905362183687,Pilates / Yoga
Power House Training Studio,+905346762705,Pilates / Yoga
Reo Pilates Studio,+905441003543,Pilates / Yoga
Dg Fitness Center,+902323862387,Kuaför / Berber
Alden pilates stüdyosu,+905454291019,Pilates / Yoga
FizyoMass Çiğli | Fizyoterapi ve Reformer Pilates,+905073795030,Psikolog / Terapist
Happy Moves Studio Karya Mavisehir,+905336116810,Pilates / Yoga
Ek Sport Pilates Fitness,+905321320496,Pilates / Yoga
CLUB221,+905402582221,Kuaför / Berber
NFS Fitness,+905063873043,Kuaför / Berber
Revo Wellness Hub,+905457980213,Kuaför / Berber
Fit Sports City,+905541855573,Kuaför / Berber
ALL THE WAY PİLATES,+905050124501,Pilates / Yoga
Stüdyo Pi,+905326142912,Kuaför / Berber
Kingfisher PT Studio,+905418906031,Kuaför / Berber
Slimworld Ataşehir,+905373115077,Kuaför / Berber
Özgecan Sportif Pilates,+905522305550,Pilates / Yoga
Nsportive,+905415360986,Kuaför / Berber
Studio ALA,+905424408629,Pilates / Yoga
KUAFÖR SÜHEYLA ATAOĞLU,+905353064747,Kuaför / Berber
FİLİZ ATEŞ BEAUTY,+905526834540,Güzellik Salonu
SEVALSENGEZER_GÜZELLİKSALONU,+905532211163,Güzellik Salonu
Sevda Tufan Beauty Center,+905421776232,Güzellik Salonu
SALON SİHİRLİ TARAK & GÜZELLİK SALONU,+905459355309,Güzellik Salonu
Manifestbeautycenter,+905069559462,Güzellik Salonu
Canım’s Naıl,+905550838689,Güzellik Salonu
BERNA BURUL GÜZELLİK VE ESTETİK MERKEZİ,+905528412420,Güzellik Salonu
Kızılkaya Hair&Beauty Studio,+905077945718,Güzellik Salonu
Dikili Başakça Güzellik Beauty,+905426519437,Güzellik Salonu
Berkim Medanlı Beauty,+905075107581,Güzellik Salonu
Saloon Bohem,+902326716575,Kuaför / Berber
Deniz Bulut Güzellik Salonu,+905523355019,Güzellik Salonu
Gizem Koçer güzellik merkezi & kuaför,+905060231333,Güzellik Salonu
Şeniz Güzellik ve Kalıcı Makyaj Stüdyosu,+905056495274,Güzellik Salonu
Okan Erdem Kuaför Salonu,+902326716262,Kuaför / Berber
La bohemce güzellik salonu,+905419370135,Güzellik Salonu
İmaj Kuaför,+902326715911,Kuaför / Berber
Öykü Ekinci güzellik merkezi,+905526106918,Güzellik Salonu
Kuaför Ezgi Oğuz,+905532759200,Kuaför / Berber
Ozi Kuaför Dikili,+905418636900,Kuaför / Berber
Hair point bayan kuaförü,+905075166397,Kuaför / Berber
Saloon Becca,+905531297137,Kuaför / Berber
Modern Melissa Masaj Salonu,+902326719334,Kuaför / Berber
BERBER MESUT UMAY,+905424830668,Kuaför / Berber
Mia Bella,+905530313115,Güzellik Salonu
Bro Barber’s,+905548626876,Kuaför / Berber
KUAFÖR EMİN ATAOĞLU,+905355270832,Kuaför / Berber
Salon Gökçe Yiğit,+902326716070,Kuaför / Berber
Kuaför Ayfer Dikili,+905428247511,Güzellik Salonu
Fufi saç tasarım (BERBER),+905542713405,Kuaför / Berber
Hair Saloon,+902326710272,Kuaför / Berber
Avcı Beauty Studio,+905342741795,Güzellik Salonu
Saçlı Saç Tasarım,+905353627502,Kuaför / Berber
Server Bayan Kuaförü,+905532757676,Kuaför / Berber
Aysima kuaför,+905337345114,Kuaför / Berber
Kuğulu bayan kuaför,+905530349095,Kuaför / Berber
Özge Yunus Bayan Kuaförü,+905458946404,Kuaför / Berber
SALON SILA,+905055977035,Kuaför / Berber
Kuaför Simay,+905537788352,Kuaför / Berber
Deniz bayan kuaförü,+905446523047,Kuaför / Berber
Berber Emin,+905435803726,Kuaför / Berber
Vizyon Erkek Kuaförü,+905521819929,Kuaför / Berber
Gazi Gençlik Erkek Kuaförü,+905067879817,Kuaför / Berber
İnci Beauty Studio,+905312914916,Güzellik Salonu
İstanbul Kuaför Levent,+902326730111,Kuaför / Berber
Bizim Mekan Oyun Salonu,+905412822440,Kuaför / Berber
Ceylanım kişisel bakım Sır ağda salonu,+905541245951,Güzellik Salonu
Berber Hüseyin,+905321388450,Kuaför / Berber
Golden Touch masaj & terapi,+905011277475,Psikolog / Terapist
Saloon Gökçay Altındağ,+905454610641,Kuaför / Berber
Berberium,+905536450397,Kuaför / Berber
Yusuf Algın Hair Design,+905324646389,Kuaför / Berber
Dikili Aura Veteriner Kliniği,+905455063526,Veteriner
Monde Spa,+905403456543,Diğer (Sağlık & Bakım)
Psikolog Merve Duran Danışmanlık Merkezi,+905518441125,Psikolog / Terapist
Zeybek Psikoloji Merkezi,+905346294296,Psikolog / Terapist
Dikili Anka Psikolojik Danışmanlık Merkezi,+905423209200,Psikolog / Terapist
Ecem Şahin Danışmanlık,+905013028866,Psikolog / Terapist
Dikili Klinik Akademi - Ağız ve Diş Sağlığı Polikliniği,+905321639545,Diş Kliniği
DİKİLİDENT AĞIZ ve DİŞ SAĞLIĞI POLİKLİNİĞİ,+905010621411,Diş Kliniği
Diş Hekimi Yılmaz Açar,+905354698314,Diş Kliniği
Diş Hekimi Cem Demir,+905412806577,Diş Kliniği
Diş Hekimi M. Önder Akşengür,+902326712438,Diş Kliniği
diş hekimi ahmet keskin,+902326715310,Diş Kliniği
Diş Hekimi İsmail Yılmaz,+902326719146,Diş Kliniği
özel kumsal ağız ve diş sağlığı polikliniği,+905357254821,Diş Kliniği
Dr.Yavuzmacit muayenehane,+905055888696,Diğer (Sağlık & Bakım)
Dr. Sedat Celil Bullalıoğlu,+902326713663,Diş Kliniği
Murphy Tattoo & Piercing,+905425141368,Dövme & Piercing
HELEN TATTOO,+905431128879,Dövme & Piercing
Tatto Dövmeci,+905331613371,Dövme & Piercing
Diyetisyen Güniz Duru,+905400404505,Diyetisyen
Diyet Noktası - Diyetisyen Emir Özçoban,+902326712284,Diyetisyen
Diyetisyen Güliz Akkaynak-Sağlıklı Beslenme ve Diyet Kliniği,+905467128287,Diyetisyen
Diyetisyen Ceyda Sağlam,+905073444424,Diyetisyen
Diyetisyen Ünal Mert AŞARER,+905074926958,Diyetisyen
Fizyoterapist Zeynep Ceren Aydın,+905522946107,Psikolog / Terapist
Ema Pilates Stüdyo,+905300405777,Pilates / Yoga
Aker Fitness Dikili,+905300295586,Kuaför / Berber
Mce Pilates Stüdyo,+905324797593,Pilates / Yoga
YENİFOÇA DENİZ KUAFÖR&GÜZELLİK,+902328147085,Güzellik Salonu
UF KUAFÖR,+905536628783,Güzellik Salonu
Dicle Işıklar Beauty Saloon,+905356392231,Güzellik Salonu
FK HAİR PROFESSİONAL STÜDİO✂️✂️ESKİFOÇA ŞUBE 🇹🇷YENİFOÇA ŞUBE,+905010903533,Kuaför / Berber
Only Beauty Güzelik Salonu (Beauty Salon),+905300886409,Güzellik Salonu
Kuaför Murat & Sinem Bay Bayan kuafor salonu,+905384833828,Kuaför / Berber
Uğur Kuaför ve güzellik merkezi,+905438385000,Güzellik Salonu
Kuaför Fatih,+905418918870,Kuaför / Berber
Raja&Mina Güzellik Merkezi,+905415182301,Güzellik Salonu
Elit Kuaför,+902328121282,Kuaför / Berber
Bediş Bayan Kuaför Ve Güz.Sal.İşl,+905380109164,Diş Kliniği
Saloon 4men,+905425265032,Kuaför / Berber
Milenyum Erkek Kuaförü,+905542042307,Kuaför / Berber
Berber Muco Erkek Kuaförü Foça,+905534298080,Kuaför / Berber
Kuaför Salim,+905355605659,Kuaför / Berber
Kapris Kuaför,+902328123869,Kuaför / Berber
Kuaför Kadir,+905510611248,Kuaför / Berber
Merve Angış,+905453438952,Kuaför / Berber
Mw Phokaia Coiffeur,+902328128080,Kuaför / Berber
Salon Hatice Erkil - Bayan kuaförü,+905455288209,Kuaför / Berber
Kuaför Sevda,+902328148294,Kuaför / Berber
BY SÜLO ERKEK KUAFÖRÜ,+905384666386,Kuaför / Berber
Kuaför Gülay,+902328145659,Kuaför / Berber
Salon M Hair Design,+902325700221,Kuaför / Berber
Gülhan & Fatih,+902328121708,Kuaför / Berber
Womans Studio Güzellik Salonu | Saç | Makyaj,+905317850735,Güzellik Salonu
Batuhan bayram kuaför,+908502202406,Kuaför / Berber
Işık Saç Tasarım,+905362818081,Kuaför / Berber
berber'im meto,+905300405529,Kuaför / Berber
SERKAN KAHYA KUAFÖR,+905076952757,Kuaför / Berber
Kybele Güzellik Salonu,+905303562972,Güzellik Salonu
Engin Erkek Kuaförü,+905358739513,Kuaför / Berber
Leyla Güzellik Salonu,+905059710512,Güzellik Salonu
Gönül Güzelliği Güzellik Salonu - YENİFOÇA,+905417327758,Güzellik Salonu
Elmas Bayan Kuaförü,+905456576393,Kuaför / Berber
Phokaia Gym,+905321134118,Kuaför / Berber
Kuaför Asuman,+902328121711,Kuaför / Berber
Berna Kaplan Güzellik,+905302446886,Güzellik Salonu
Yasemin Ulusoy Estetik ve Güzellik,+905462301359,Güzellik Salonu
Drxdion Dermaklinik & Dermakozmetik,+902322595559,Güzellik Salonu
Akkor Güzellik Salonu,+902322474682,Güzellik Salonu
La Derma Beauty Center,+905331626640,Güzellik Salonu
"Diyetisyen Ecem Hakan | Balçova, İzmir Diyetisyen",+905548643935,Diyetisyen
DrMet Estetik ve Zayıflama Merkezi,+905520691410,Güzellik Salonu
Altın La Beaute Narlıdere Güzellik Salonu,+905323846463,Güzellik Salonu
Narlıdere derm.A güzellik,+905054402535,Güzellik Salonu
Plaza Güzellik,+905370559888,Güzellik Salonu
Eva Rise Beauty,+905321770838,Güzellik Salonu
Pakalın Sağlığın ve Güzelliğin Merkezi,+905337634321,Güzellik Salonu
Mirina Clinic Güzellik & Estetik,+902322453636,Güzellik Salonu
Slimfit Estetik Göztepe,+905555148118,Güzellik Salonu
Güzellik Merkezi İzmir,+905072800624,Güzellik Salonu
Op.Dr Cenk Tokat Estetik Cerrahi Uzmanı Alsancak İzmir,+905323680661,Güzellik Salonu
Cliniczer Konak | Konak Güzellik Merkezi | Konak Lazer Epilasyon,+905365886885,Güzellik Salonu
Sema Cinel Güzellik & Estetik,+905356672501,Güzellik Salonu
Nur Güzellik Salonu,+902322856610,Güzellik Salonu
Auto Estetik Çizik Giderme,+905557372966,Güzellik Salonu
Öznur Manikür-Pedikür-Güzellik Salonu,+905383200048,Güzellik Salonu
İnci Beauty & Esthetic,+905525753140,Güzellik Salonu
Müge Kepenek Beauty Center,+905547298003,Güzellik Salonu
Prof. Dr. Ufuk Bilkay,+902324223232,Güzellik Salonu
shadzi nail boutique,+905065818602,Güzellik Salonu
İnfinity Life Care,+905334637362,Diğer (Sağlık & Bakım)
WOW Estetik & Güzellik,+908505577741,Güzellik Salonu
Dr.Bekir Hucuptan - Medikal Estetik Uygulamalar - Ozon terapi - Mezoterapi,+905443231320,Psikolog / Terapist
Aynur Güzellik Salonu,+905079243123,Güzellik Salonu
La.Vinia Health El ve Ayak Bakım,+905526829052,Kuaför / Berber
Elada Güzellik Merkezi,+902324071717,Güzellik Salonu
Müşerref Demirtaş Beauty Studio,+905516610060,Güzellik Salonu
Prof. Dr. Fatih Uygur | İzmir Estetik Cerrahi,+905550153953,Güzellik Salonu
Nur Çalışır Beauty,+905372056265,Güzellik Salonu
Ezgi Aydın Diş Muayenehanesi,+905528573333,Diş Kliniği
Derya Yanık Estetik ve Güzellik,+905315261691,Güzellik Salonu
Balçova Diş Hekimi Mertcan KÖSE,+905356239011,Diş Kliniği
MELİSA TOPALOĞLU NAİL & BEAUTY CENTER,+905332360053,Güzellik Salonu
DiDEM GÜZELLİK MERKEZİ,+902322479947,Güzellik Salonu
Özel Avrupadent Balçova Ağız ve Diş Sağlığı Polikliniği,+902322770100,Diş Kliniği
Op. Dr. HASAN YILDIZ | Genital Estetik | Labioplasti | Vajinoplasti | Kürtaj İzmir | Kızlık Zarı Dikimi | Jinekolog İzmir,+905320639077,Güzellik Salonu
Tuğba,+905337095385,Güzellik Salonu
izmir klinik,+905321377157,Güzellik Salonu
Iryna Nail Art Studio,+905392484988,Güzellik Salonu
İzmir Psikolog - Bilinç Danışmanlık,+905076657232,Psikolog / Terapist
Özel His Psikoloji Aile Danışma Merkezi,+905513665535,Psikolog / Terapist
Sercan Özgören | Online Psikolog | İzmir Psikolog,+905459306177,Psikolog / Terapist
Uzman Psikoloji Balçova Psikolog Pedagog Çocuk Ergen Danışmanlığı,+905352086752,Psikolog / Terapist
Etka Psikolojik Danışmanlık,+905079291466,Psikolog / Terapist
Uzman Psikolog Senem Kadıoğlu,+905453071973,Psikolog / Terapist
Psikolog Ümran Şipal Deniz-İzmir Etik Danışmanlık Merkezi,+905056547542,Psikolog / Terapist
Statera Fizyoterapi & Psikoloji Danışmanlık Merkezi (Balçova),+905053102425,Psikolog / Terapist
Evren Psikoloji Danışmanlığı,+905307638736,Psikolog / Terapist
Balçova Terapist,+905535350233,Psikolog / Terapist
Uzm.Dr. Harun Erdem,+905335088035,Psikolog / Terapist
YALI PSİKOLOJİ,+905013703535,Psikolog / Terapist
Kordon Psikoloji Merkezi | İzmir Balçova Psikolog,+905013416035,Psikolog / Terapist
Klinik Psikolog Salih Kuzucu ve Klinik Psikolog Dilek Fatma Erkenci Kırkım,+905510100369,Psikolog / Terapist
YAŞAM PSİKOLOJİ DANIŞMANLIK MERKEZİ,+905522019098,Psikolog / Terapist
Balçova Dil ve Konuşma Terapisi,+905056347378,Psikolog / Terapist
Uzman Pedagog Sıla Ersan Tektaş,+905362493185,Psikolog / Terapist
AKTİF PSİKOTERAPİ,+905323745081,Psikolog / Terapist
Uzman Doktor Nihal Mumcu Psikiyatrist Psikoterapist,+905065567851,Psikolog / Terapist
Sufle Psikoloji,+905313025477,Psikolog / Terapist
Ceren Gencosman Sabuncu,+905396555122,Psikolog / Terapist
Maya Danışmanlık,+905558820747,Psikolog / Terapist
Uzm Klinik Psikolog Özge Yağmurlu Özkurt,+905073134013,Psikolog / Terapist
Psikolog Hülya Öznehir Çintan Eğitim & Danışmanlık,+905322823009,Psikolog / Terapist
Konak Psikoloji Merkezi,+905061758445,Psikolog / Terapist
Psikolog İrem Tükel,+905545749893,Psikolog / Terapist
Uzman Psikolog Sena TOROS,+905335674540,Psikolog / Terapist
NARLIDERE SARES PSİKOLOJİ,+905513583535,Psikolog / Terapist
The Balance Psikoloji,+905403535232,Psikolog / Terapist
Narlıdere Psikoloji ve Yaşam Merkezi,+905324292135,Psikolog / Terapist
Ra Psikoloji Danışmanlık Merkezi,+905010391364,Psikolog / Terapist
Klinik Psikolog Melissa Eser,+905316453522,Psikolog / Terapist
Psikolog İzmir,+902324222628,Psikolog / Terapist
"Uzm. Kl. Psk. Lal Gürün, Psikoloji",+905382927501,Psikolog / Terapist
"Cem Akdemir, Uzman Klinik Psikolog",+905439738444,Psikolog / Terapist
İlgi Psikoloji | İzmir Klinik Psikolog İlgi Anderson,+905307049040,Psikolog / Terapist
İzmir Psikoloji Merkezi,+908504746356,Psikolog / Terapist
Uzman Klinik Psikolog Ozan Baysal,+908508119885,Psikolog / Terapist
Zeynep Uzun,+905382940484,Psikolog / Terapist
İzmir Psikologlar,+905449751124,Psikolog / Terapist
ES PSİKOLOJİ,+905518868946,Psikolog / Terapist
Su Psikoloji,+905380857031,Psikolog / Terapist
Pınar ÖNEN,+905355268982,Psikolog / Terapist
Uzman Psikolog Şilan Kuruş,+905389749305,Psikolog / Terapist
FirstLine Psikoloji,+905528428035,Psikolog / Terapist
Acedia Psikoloji Danışmanlık ve Eğitim Merkezi,+905432044103,Psikolog / Terapist
"İnegöl psikolog. Uzman Klinik Psikolog Yusuf Kavun. Ergen, Yetişkin, Evlilik, Çift Psikoloğu, Psikoterapist",+905449393969,Psikolog / Terapist
Psk. Cansu Karcıoğlu,+908508119878,Psikolog / Terapist
Köprü Psikolojik Danışmanlı ve Kişisel Gelişim,+905353742801,Psikolog / Terapist
"Baykara Psikoloji, Psk. Bahar Baykara",+905469388635,Psikolog / Terapist
Opia Psikoloji Merkezi,+905524787431,Psikolog / Terapist
La Femme Güzellik Merkezi,+902328124200,Güzellik Salonu
Balçova Diş Hekimi | Diş Hekimi M. Halil Yücesoy Diş Polikinliği,+905359867201,Diş Kliniği
DENT BALÇOVA - Balçova Ağız ve Diş Sağlığı Polikliniği,+905451133535,Diş Kliniği
ASYA DENTAL AĞIZ VE DİŞ SAĞLIĞI POLİKLİNİĞİ,+905313004135,Diş Kliniği
Klinik Kuru Ağız ve Diş Sağlığı Polikliniği,+905323979622,Diş Kliniği
Özel Coşkun Ağız Ve Diş Sağlığı Polikliniği,+902322771044,Diş Kliniği
Diş hekimi Barlas Taner,+902322591344,Diş Kliniği
Kuru Clinic Dental Health Polyclinic Turkey,+905302399213,Diş Kliniği
Diş Hekimi F. Figen Cosgun,+902322593507,Diş Kliniği
Sun Diş Polikliniği,+902322791067,Diş Kliniği
Tezgel Özel Ağız ve Diş Kliniği,+905533919835,Diş Kliniği
Gülşan Açıkbaş Önen Diş Kliniği,+905336369296,Diş Kliniği
Diş Hekimi Kübra Akbacı,+902322773938,Diş Kliniği
Diş Hekimi,+902322770479,Diş Kliniği
Özel Dokuz Eylül Ağız Ve Diş Sağlığı Polikliniği,+902322390041,Diş Kliniği
Dent Forum Ağız ve Diş Sağlığı Polikliniği,+902322503050,Diş Kliniği
Narlıdere Ağız ve Diş Sağlığı Merkezi,+902322393311,Diş Kliniği
CEON Ağız ve Diş Sağlığı Polikliniği,+902324234414,Diş Kliniği
Özel İzmirdiş Ağız ve Diş Sağlığı Polikliniği Yeşilyurt Şubesi,+902322568670,Diş Kliniği
Diş Hekimi Ufuk Tiyanşan,+902322595055,Diş Kliniği
Dr.Tuğba Kayasu Avşar,+905524284414,Diş Kliniği
Smile Dent Turkey,+905079121476,Diş Kliniği
Murat Tan Tattoo,+905512445159,Dövme & Piercing
444 Tattoo & Design Studio,+905432711646,Dövme & Piercing
Balçova Dövmeci / Lord Of Tattoos,+905330830882,Dövme & Piercing
Gloria piercing,+905314315668,Dövme & Piercing
RAT TATTOO PİERCİNG STÜDYO ALP.,+905524748108,Dövme & Piercing
8 Art studio,+905523682082,Dövme & Piercing
DAMLA TATTOO KINA DÖVMESİ,+905344151000,Dövme & Piercing
QUEENİNK.TATTOO,+905541387599,Dövme & Piercing
Darkness Tattoo İzmir dövme & piercing,+905541184353,Dövme & Piercing
OOPS!ESSED Tattoo&Piercing Studio,+905541348906,Dövme & Piercing
Sistattoo,+905547050272,Dövme & Piercing
Majestic Tattoo,+905467353531,Dövme & Piercing
Alamut Art Gallery | İzmir Tattoo Studio,+905462243536,Dövme & Piercing
Zeynep Doğaner Nail art,+905013511705,Güzellik Salonu
Nirvana Nail Art | İzmir Jel Tırnak & Nail Art Stüdyosu,+905541321925,Güzellik Salonu
Yd Nail Art & Studio,+905326631810,Güzellik Salonu
Alsancak Nail Art Studio,+905534509385,Güzellik Salonu
Açelya Güldağ Nail Art,+905532178667,Güzellik Salonu
Moonail Art Boutique,+905523662935,Güzellik Salonu
Saida Beauty & Nail Art Studio,+905522107509,Güzellik Salonu
Çağla Bingöl Nail Art Studio,+905533591449,Güzellik Salonu
Hilal Nail Studio,+905421030280,Güzellik Salonu
Bella Make-up & Nail Studio | Protez Tırnak,+905548323552,Güzellik Salonu
Beauna Nail Art Tırnak Stüdyo,+905550704057,Güzellik Salonu
Ludo Nail & Beauty - Canan Akçalı - Güzellik Merkezi,+905528084781,Güzellik Salonu
Elmira Nail & Eyelash Studio,+905448106103,Güzellik Salonu
Boho Nail Art Studio,+905388856673,Güzellik Salonu
Best Nail Studio,+905541560807,Güzellik Salonu
Nail Art Luna,+905362741908,Güzellik Salonu
Babe Beauty,+905513494988,Güzellik Salonu
O la la Nail Art,+905462926556,Güzellik Salonu
Seher Nail Art Beauty,+905356203235,Güzellik Salonu
THE TIRNAK STÜDYOSU,+905079124836,Güzellik Salonu
Takmatırnak Beauty Academy & Nailart Stüdio,+905551009232,Güzellik Salonu
ALİNA EFE NAİL & BEAUTY ART STUDİO,+905393528702,Güzellik Salonu
İzmir Makyaj ve Tırnak | Kabuki Makeup & Nail Studio,+905525852985,Güzellik Salonu
Violet Nail Art,+905550355297,Güzellik Salonu
Si Life Beauty Nail,+902324800212,Güzellik Salonu
Nails Pop Tırnak Stüdyosu,+905449766783,Güzellik Salonu
Esra Kılıç Nail Studio,+905548377267,Güzellik Salonu
Yaprak Nail Studio,+905544302146,Güzellik Salonu
Happy center nail art,+902324641010,Güzellik Salonu
Ayça Nail Stüdyo,+905530635436,Güzellik Salonu
Dilara Umut Nail Art Beauty,+905536195704,Güzellik Salonu
Anastasiia Torbalı Tırnak Stüdyosu,+905326399098,Güzellik Salonu
Nailbykıvılcım,+905071103702,Güzellik Salonu
You İzmir Güzellik Salonu,+905377767535,Güzellik Salonu
Nail Kuaför ve Güzellik Salonu,+905302613636,Güzellik Salonu
Pin Nail art,+905071669150,Güzellik Salonu
Mavi güzellik,+905057961880,Güzellik Salonu
ARON GÜZELLİK,+902322550203,Güzellik Salonu
Torbalı Tırnak Studio,+905434984741,Güzellik Salonu
Leyla çiçek nails,+905532624588,Güzellik Salonu
cnn. nailss,+905385999505,Güzellik Salonu
Arzu Cenk Naıl Art,+905309201799,Güzellik Salonu
Aksana Nail art ve beauty center,+905437176120,Güzellik Salonu
Aron Nail Studio,+905447389990,Güzellik Salonu
Emsal Doğan İzmir,+905331982835,Güzellik Salonu
Frey Beauty,+905394597030,Güzellik Salonu
Merve Acarkanlı Nail Art Studio,+905011666045,Güzellik Salonu
özge bahadır make up nail studio,+905442625802,Güzellik Salonu
BB Beauty hair spa nail art,+902325991974,Güzellik Salonu
Luda Beauty & Berna Baş - Torbalı/İzmir,+905300127759,Güzellik Salonu
Luna Nail & Tattoo Art Studio Kuşadası,+905442349994,Dövme & Piercing
İzgi Tattoo Make Up Nail Art Studio,+905076766105,Dövme & Piercing
Like a Star Beauty & Nail Art Studio,+905402317000,Güzellik Salonu
Uzman Diyetisyen Sueda AKKAŞ,+905069773150,Diyetisyen
Diyetisyen Hamide Taş,+905443739051,Diyetisyen
Diyetisyen Eda Önal Oktar,+905442554035,Diyetisyen
Diyetisyen Özge Uludağ,+905349585860,Diyetisyen
Uzman Diyetisyen Elif Arslan,+905079214506,Diyetisyen
Diyetisyen Melisa uçkun,+905532649514,Diyetisyen
Lina Klinik,+905330207052,Diğer (Sağlık & Bakım)
Diyetisyen Burcu Kara,+905378493575,Diyetisyen
Diyetisyen Melis Mandev,+905013478195,Diyetisyen
Diyetisyen İpek Güngör,+905376071325,Diyetisyen
Diyetisyen Zehra Kaşıkçı,+905425565909,Diyetisyen
Uzman Diyetisyen Ümmü GÜVEN NEHİR,+905413732262,Diyetisyen
EA wellness Club,+905515129899,Kuaför / Berber
Sporthouse Studio,+905064816226,Kuaför / Berber
White Sports Center,+902322792643,Kuaför / Berber
BB Pilates Stüdio,+905536296692,Pilates / Yoga
Premium Sports Club,+905068768618,Kuaför / Berber
U-FIT Personal Coaching,+905385282290,Kuaför / Berber
Prime Ems Studios,+905337337453,Kuaför / Berber
Euphoria Plus,+905331231925,Kuaför / Berber
Pilates Garden Wellness Studio,+905060672026,Pilates / Yoga
GMZ Personel Training Studio,+905546895530,Kuaför / Berber
HEX PERSONAL TRAINING STUDİO,+905397174666,Kuaför / Berber
SportsCityPlus,+902322782501,Kuaför / Berber
GOLD GYM BALÇOVA,+905532372726,Kuaför / Berber
Ayesefit pilates stüdyo,+905305123436,Pilates / Yoga
EC Pilates Studio Balçova,+905444588829,Pilates / Yoga
Studio 823,+905307250371,Pilates / Yoga
Seal Pilates Studio,+902322777325,Pilates / Yoga
Balance Fit Wellness Studio,+905077102867,Pilates / Yoga
Cemy's Pilates Studio,+905454501965,Pilates / Yoga
Fitstop Personal Training Studio,+905546897984,Kuaför / Berber
The Pilates Office,+902329355732,Pilates / Yoga
Sui Pilates Studio,+902322773214,Pilates / Yoga
ASI GYM Balçova,+905388108488,Pilates / Yoga
İzmir Balçova Spor Salonu,+902322596556,Kuaför / Berber
RESELF EXERCİSE FACTORY,+905334779219,Kuaför / Berber
Formda Kilo Kontrol Merkezi,+905337369335,Diğer (Sağlık & Bakım)
Men’s Studıo Deluxe,+905074250993,Kuaför / Berber
Kuaför yeliz,+905397653440,Güzellik Salonu
Emine Bayındır Beauty Center,+905060296179,Güzellik Salonu
Buse Kuaför & Güzellik Salonu,+905050514442,Güzellik Salonu
HAYAT KUAFÖR VE GÜZELLİK SALONU,+905498202249,Güzellik Salonu
SALON VİP BY RAHMİ,+905357164855,Kuaför / Berber
Altın makas erkek kuaförü,+905372425914,Güzellik Salonu
Elenora Güzellik Merkezi Bayındır,+902325996219,Güzellik Salonu
MERAL KUAFÖR,+905347415572,Kuaför / Berber
Kuaför Nilgün AKCA,+905304951875,Kuaför / Berber
Kuaför meliha,+905388619818,Kuaför / Berber
Natural by Ahmet,+905377858962,Kuaför / Berber
İdeal Erkek Kuaförü,+905332580991,Kuaför / Berber
Dinçer Erkek Kuaförü,+905437255640,Kuaför / Berber
Anka Tırnak Stüdyosu | Protez Tırnak,+905536524064,Güzellik Salonu
Funda protez tırnak,+905326419279,Güzellik Salonu
Angelina Tırnak | Jel Güçlendirme | Protez Tırnak | Kalıcı Oje,+905464904685,Güzellik Salonu
"İzmir Hatay Güzellik Merkezi - Coco DieS Beauty | Solaryum, Lazer Epilasyon, Cilt Bakımı, Ems, HeykelTraş, Protez Tırnak",+905321374535,Güzellik Salonu
Etna Beauty Studio Protez Tırnak Kalıcı Oje Cilt Bakım,+905364207503,Güzellik Salonu
LUSHNESS beauty & academy Tırnak Stüdio,+905433853565,Güzellik Salonu
EOS Güzellik,+905325131576,Güzellik Salonu
Mell Güzellik Merkezi - Torbalı Lazer Epilasyon Merkezi ve Güzellik Salonu,+905070352992,Güzellik Salonu
Alya Protez tırnak,+905422324115,Güzellik Salonu
YAĞMUR GÜZELLİK SALONU,+905542838820,Güzellik Salonu
Atakent Tırnak merkezi,+905549697264,Güzellik Salonu
Madame Tırnak Center,+905384517939,Güzellik Salonu
Tırnak Şairi,+905527094169,Güzellik Salonu
Dilay Akgün | Beauty Center,+905324478247,Güzellik Salonu
Aymira Koçaklı Güzellik Merkezi Tire,+905534861330,Güzellik Salonu
NAZAN TIRNAK & MANİKÜR PEDİKÜR SİR AĞDA SALONU..,+905064420933,Güzellik Salonu
Rosa beauty nails,+905061056225,Güzellik Salonu
Torbalı Tırnak Merkezi by Didem,+905546756579,Güzellik Salonu
ESSE GÜZELLİK,+905537895055,Güzellik Salonu
Tırnak Lounge Alsancak,+905050212555,Güzellik Salonu
Seçil Beauty Tire Güzellik Merkezi,+905321769535,Güzellik Salonu
She's Studio,+905302205457,Güzellik Salonu
Eda Güzhan Beauty Center,+905316776887,Güzellik Salonu
Runail İzmir Ana Bayi,+905068689450,Güzellik Salonu
DMA Torbalı Güzellik Salonu Ve Lazer Epilasyon Merkezi,+905435802866,Güzellik Salonu
GAMZE AŞIK BEAUTY,+905524148599,Güzellik Salonu
Olga Tırnak Alsancak,+905347825462,Güzellik Salonu
Sevcan Beauty Center,+905461231321,Güzellik Salonu
Luvia Estetik ve Güzellik Merkezi,+905458560002,Güzellik Salonu
Lidya Güzellik Merkezi,+902322317723,Güzellik Salonu
4K Dental Ağız ve Diş Sağlığı Polikliniği,+905010437735,Diş Kliniği
Bayındır 2 Nolu Öğretmen Emine Nihal Binark Aile Sağlığı Merkezi,+902325817386,Diğer (Sağlık & Bakım)
Bayındır Diş Hekimi Ramazan Buğra Kuş,+905510126613,Diş Kliniği
My Olive Farm - Zeytin Çiftlik İzmir,+905346763509,Diğer (Sağlık & Bakım)
BAYINDIR YAŞAM MEDİKAL,+905457719335,Diğer (Sağlık & Bakım)
Zeyvora,+905432322447,Diğer (Sağlık & Bakım)
Uzman Psikolojik Danışman Özge Çıplak,+905079927949,Psikolog / Terapist
SU PSİKOLOJİ MERKEZİ,+905453259799,Psikolog / Terapist
Uzman Psikolog ve Aile Danışmanı Ece Nur Ayar,+905349602635,Psikolog / Terapist
Uzman Klinik Psikolog Gözde Ünlüer,+908508119056,Psikolog / Terapist
Yel Psikoloji,+905536502202,Psikolog / Terapist
Özel Selin Atasoy Danışmanlık Merkezi Güzelbahçe,+905355731733,Psikolog / Terapist
Medusa Psikoloji,+905302778554,Psikolog / Terapist
Dafne Psikoloji Rehberlik ve Psikolojik Danışma Merkezi,+905366118892,Psikolog / Terapist
Uzm.Psikolog Sena Yıldırım,+905012188696,Psikolog / Terapist
ÖZGE ALKANAT,+905324527411,Psikolog / Terapist
Klinik Psikolog Hazal Aymandir,+905337676379,Psikolog / Terapist
Uzm. Dr. Şule Özmen,+905308905987,Diğer (Sağlık & Bakım)
Psikoİzmir Psikolojik Danışmanlık Merkezi,+905325752714,Psikolog / Terapist
Uzm.Dr. Betül ARAYICI Psikiyatrist ve Psikoterapist,+905541996681,Psikolog / Terapist
Uzman Psikolog Funda Dokur Kılınç,+905557061120,Psikolog / Terapist
Psikolog/Aile Danışmanı Bedriye Doğan,+905075288160,Psikolog / Terapist
Maria & Ayhan Öcal Psikolojik Danışmanlık Merkezi,+905379532925,Psikolog / Terapist
"Uzm. Kl. Psk. Hazal Tanrıyakul, Psikoloji",+905335982369,Psikolog / Terapist
Psikiyatrist Dr. Hira Selma Kalkan Psikiyatr ve Psikolojik Danışmanlık,+905415974348,Psikolog / Terapist
Lika Psikoloji,+905388973040,Psikolog / Terapist
Nar Psikoloji,+905436715805,Psikolog / Terapist
Uzm. Dr. Özge İpek Doğan,+908503032135,Psikolog / Terapist
İda Yaşlı Bakım Merkezi ve Huzurevi,+905073151350,Diğer (Sağlık & Bakım)
Heal&More,+905347264486,Psikolog / Terapist
Uzman Psikolog - Pedagog Emdr Aile Evlilik Çift Çocuk Terapisti Güzelbahçe,+905352527421,Psikolog / Terapist
Uzm. Kl. Psk.Ceren Gümüş Yaşa,+908504744468,Psikolog / Terapist
Diş Hk. Aslıhan Arzu Ünal,+905528929202,Diş Kliniği
Klinik Psikolog Eda Gökduman,+905336959212,Psikolog / Terapist
Klinik Urla,+905414493247,Diğer (Sağlık & Bakım)
Uzman Doktor Ayşe ÖZKAN ACAR,+905442242664,Diğer (Sağlık & Bakım)
Lugın Beauty & Jewerly,+905077667850,Güzellik Salonu
Urlaile - Gelişimsel Danışmanlık Merkezi,+905330845883,Psikolog / Terapist
Uzman Klinik Psikolog Hasan Arslan,+908504741996,Psikolog / Terapist
Bahriye İncirmen,+905324231437,Psikolog / Terapist
Klinik Psikolog Tuğçe Peker,+905327050073,Psikolog / Terapist
Citrine Nail & Tattoo,+905427699115,Dövme & Piercing
Seville Nailart,+905417384553,Güzellik Salonu
Bahar Seran Beauty,+905322008817,Güzellik Salonu
Farah Beauty Studio,+905439463763,Güzellik Salonu
Elis Beauty Center,+905072122222,Güzellik Salonu
Gönül Beauty,+905077726455,Güzellik Salonu
Valeria Beauty,+905016722515,Güzellik Salonu
Tuğba Öztürk Beauty,+905310887160,Güzellik Salonu
Kıymet Temel Beauty Studio,+905321304868,Güzellik Salonu
Sisi Beauty,+905461815926,Güzellik Salonu
GÜLŞAH KOLAY BEAUTY STUDIO,+905075676057,Güzellik Salonu
Elina Beauty Center,+905063378295,Güzellik Salonu
BB Shine Beauty Center,+905012753501,Güzellik Salonu
Melike Tek Art & Beauty,+905426699035,Güzellik Salonu
İzmir Gaziemir b-fit,+902322203737,Kuaför / Berber
Ciltizmir,+905055492577,Güzellik Salonu
Estopia Estetik ve Güzellik Kliniği,+905441380135,Güzellik Salonu
"İzmir Botoks Merkezi - Uzman Doktor ile Botoks, Dudak Dolgusu Uygulamaları",+905057484307,Güzellik Salonu
Asel Çankaya Estetik ve Güzellik,+905532955211,Güzellik Salonu
Enki Psikolojik Danışmanlık Merkezi,+902325012505,Psikolog / Terapist
Gaziemir Psikolog | Kalpte Psikoloji,+905019107523,Psikolog / Terapist
Sınar Psikolojik Danışmanlık Merkezi Gaziemir Psikolog Pedagog,+905326956269,Psikolog / Terapist
İzmir Z Danışmanlık Merkezi,+905306203567,Psikolog / Terapist
Noa Psikoloji,+905553530035,Psikolog / Terapist
Cansu ŞAFAK GÜRKAN Danışmanlık Merkezi,+905536592654,Psikolog / Terapist
Klinik Psikolog Melda Akoğlu Günbatan,+905309411224,Psikolog / Terapist
Leon Psikoloji / Uzm. Psk. Gizemnur A. Kalpakçı,+905466076208,Psikolog / Terapist
Uzm. Kl. Psk. Ayça Türkyılmaz,+905304210196,Psikolog / Terapist
Psk. Hatice Kübra Güzeloğlu,+902322525017,Psikolog / Terapist
Yiğit İŞBİTİREN Psikoloji ve Danışmanlık,+905424682478,Psikolog / Terapist
Klinik Psikolog Yuşa Karakoç,+905054703835,Psikolog / Terapist
EVA Aile Danışmanlık Merkezi,+905411426673,Psikolog / Terapist
Psikolog & Aile Danışmanı Yaren Demircan,+905061196511,Psikolog / Terapist
Ala Rehberlik ve Psikolojik Danışma Merkezi - Uzman Psikolog Onur Coşkun,+905455767587,Psikolog / Terapist
Uzman Psikolojik Danışman İbrahim CEYLAN,+905435802693,Psikolog / Terapist
Klinik Psikolog Damla Devecioğlu,+905058906767,Psikolog / Terapist
İzmir Psikolog İbrahim Karaca ( Online Seans ve Yüz Yüze Terapi ),+905518516413,Psikolog / Terapist
Önem Psikoloji Danışmanlık,+902322520550,Psikolog / Terapist
Psikolog Lebibe Güner,+902322182270,Psikolog / Terapist
Zen Rehberlik ve Danışmanlık Merkezi Gaziemir,+905421396936,Psikolog / Terapist
Simurg FBA Danışmanlık,+902322522985,Psikolog / Terapist
Deniz Psikoloji İzmir,+905468540401,Psikolog / Terapist
Psikiyatrist Uzman Doktor Özlem Tecer,+905384189158,Psikolog / Terapist
"Tuğbagül Başer, İzmir Psikolojik Danışman ve Aile Danışmanı, ADA Psikoloji",+905453052301,Psikolog / Terapist
Miray Akçakaya Psikolojik Danışmanlık,+905302238823,Psikolog / Terapist
Fizyo Home - İzmir Fizyoterapist,+905541176378,Psikolog / Terapist
Uzman Psikolog Selin Kışla,+905070701340,Psikolog / Terapist
Uzm. Kl. Psk. Meltem Eruyur,+908504747496,Psikolog / Terapist
Klinik Psikolog Dilara Işık Kliniği,+905013423390,Psikolog / Terapist
Psk. Sevim Eda Ertan,+905537932235,Psikolog / Terapist
Uzman Klinik Psikolog Nazlı Şerifoğlu Kaya,+905444550996,Psikolog / Terapist
Gaziemir / Perla Fizyoterapi,+905055197735,Psikolog / Terapist
Psikolog Gökçe Sümekçi,+905050614822,Psikolog / Terapist
Fizyoterapist Sinem PAZARLI,+905544213128,Psikolog / Terapist
ABG Psikoloji,+905415383838,Psikolog / Terapist
İzmir Alsancak Psikolog Fatma İşlek,+905435535959,Psikolog / Terapist
Ted Klinik Ağız ve Diş Sağlığı Polikliniği,+905319929520,Diş Kliniği
Özel Avrupadent Gaziemir Akçay Ağız ve Diş Sağlığı Polikliniği,+902322202300,Diş Kliniği
Egeport Ağız Ve Diş Sağlığı Polikliniği,+905010727678,Diş Kliniği
Özel Dent KM Ağız ve Diş Sağlığı Gaziemir Şubesi | İmplant | Diş Kaplama | Diş Çekimi,+905334523648,Diş Kliniği
merkez klinik,+905523125251,Diş Kliniği
DentMe Ağız ve Diş Sağlığı Polikliniği - Gaziemir ( Diş İmplant ve Çene Cerrahisi ),+905016902500,Diş Kliniği
Diş Hekimi Ersin Güler Ağız ve Diş Sağlığı Kliniği,+905526824445,Diş Kliniği
Özel Sarnıç Ağız ve Diş Sağlığı Polikliniği,+902322813981,Diş Kliniği
Diş Hekimi Dilan Gök Özöktem | Gaziemir Diş Hekimi | Gaziemir Diş Doktoru | Gaziemir İmplant,+905436671087,Diş Kliniği
Diş Hekimi Halil Buran | Gaziemir Diş Hekimi | Gaziemir Diş Doktoru,+905542727594,Diş Kliniği
Özel Uluçam Ağız ve Diş Sağlığı Polikliniği,+902322743223,Diş Kliniği
Gaziemir Dent | Gaziemir Diş Hekimi | İmplant,+905541719499,Diş Kliniği
Dilara Topkaya Nail&Beauty,+905548897604,Güzellik Salonu
Ré Nao Nail Studio,+905300841611,Güzellik Salonu
Zoom Hair Nail Art,+902324800812,Güzellik Salonu
LÜ NAİL STUDİO,+905536537880,Güzellik Salonu
Nail room by yaren,+905443356160,Güzellik Salonu
Merve Yıldız Nail Studio,+905547562839,Güzellik Salonu
Sisters Nail Club,+905536948570,Güzellik Salonu
Stüdyo Tırnak,+905461833500,Güzellik Salonu
Arzu Yüzer Nail & Beauty Studio,+905393121779,Güzellik Salonu
Mel’s Nails Tırnak Center,+905309386547,Güzellik Salonu
Aura NAIL & BEAUTY,+905074366076,Güzellik Salonu
LK Beauty,+905448666405,Güzellik Salonu
Leila Nailss Studio,+905454494122,Güzellik Salonu
Berrak Nail Studio,+905540272848,Güzellik Salonu
Vega Nail Studio,+905321713886,Güzellik Salonu
Aleyna Nail Studio,+905527391801,Güzellik Salonu
Merve Baltacı Nails,+905392152995,Güzellik Salonu
Nail & More,+905331702035,Güzellik Salonu
You Saç Tasarım ve Güzellik,+905308922730,Güzellik Salonu
Tuğba Kuaför ve Güzellik Salonu,+905558141799,Güzellik Salonu
Şeha Kuaför ve güzellik salonu,+902327376599,Güzellik Salonu
Saloon nüans,+905318411371,Kuaför / Berber
Fikriye Sedef Kuaför ve Güzellik Salonu,+905398486605,Güzellik Salonu
S&C Hair Art,+905359597798,Kuaför / Berber
Kuaför Seher,+905541149887,Kuaför / Berber
RA (Ramazan) Erkek Kuaförü,+905392427843,Kuaför / Berber
Konul Nails Protez Tırnak,+905522789528,Güzellik Salonu
Selin Döngel Beauty Protez Tırnak,+905536191682,Güzellik Salonu
GA Luxury Nails – Urla Protez Tırnak & Nail Art,+905455638212,Güzellik Salonu
Bubu tırnak ve guzellik,+905468857896,Güzellik Salonu
Oje Tırnak vs. Güzellik ve Kişisel Bakım Salonu,+902322391979,Güzellik Salonu
Fero nail Proteztırnak Stüdyosu,+905383267494,Güzellik Salonu
Tırnak Malzemeleri İzmir,+905388523555,Güzellik Salonu
Lavinya Erdener Beauty Studio,+905422660072,Güzellik Salonu
Pelin Piri - House Of Beauty,+905536282840,Güzellik Salonu
HELEN GÜZELLİK SALONU,+905558961912,Güzellik Salonu
İlknur Turan nail studio,+905524078902,Güzellik Salonu
Glamour Nails & Lashes Akrilik Protez Tırnak,+905468087544,Güzellik Salonu
Servet & GÖKHAN Erkek Kuaförü (Barber Shop),+905069576973,Kuaför / Berber
Happy Life Güzellik Merkezi,+905334136001,Güzellik Salonu
Kimya Karaburun Güzellik Merkezi,+905069904533,Güzellik Salonu
Fogofit Sports Club,+905323162999,Kuaför / Berber
OM Karaburun Pilates & Yoga,+905354547000,Pilates / Yoga
Stüdyo Lia,+905557639738,Pilates / Yoga
Dentamor Ağız ve Diş Sağlığı Polikliniği,+905422652667,Diş Kliniği
Nilay İnk Dövme Stüdyosu,+905468843635,Dövme & Piercing
Artside Tattoo Urla,+905553995650,Dövme & Piercing
Lucky Ink Tattoo Bostanlı,+905416607868,Dövme & Piercing
Bodesa Tattoo & Piercing,+905352242554,Dövme & Piercing
DEJAVU TATTOO PİERCİNG,+905354779592,Dövme & Piercing
İn's Tattoo Art Studio,+905414211928,Dövme & Piercing
Blue Shadow Tattoo,+905070957178,Dövme & Piercing
Derin Art Tattoo,+905534363151,Dövme & Piercing
Bee Tattoo Design,+905550132202,Dövme & Piercing
Dip Tattoo Piercing Atölyesi,+905333443674,Dövme & Piercing
Uzman Diyetisyen Miray Duman Beslenme ve Sağlıklı Yaşam Merkezi,+905069691114,Diyetisyen
DİYETİSYEN Merve Yalçın,+905495601213,Diyetisyen
Hey Dietista! Beslenme ve Wellbeing Merkezi - Diyetisyen Fikriye Balaban,+905064963065,Diyetisyen
Diyetisyen Nuray Geçkil,+905454142728,Diyetisyen
Diyetisyen Şeyda Tag,+905510931508,Diyetisyen
Fitkcal - Uzman Diyetisyen Büşra Değirmenci | Gaziemir Diyetisyen,+905514363873,Diyetisyen
Fulya Cevizci Diyetisyen ile Sağlıklı Yaşam,+902322182179,Diyetisyen
Uzman Diyetisyen Fatma Çetin,+905349137528,Diyetisyen
Uzman Diyetisyen Buse Türker,+905364561330,Diyetisyen
DİYETİSYEN TUTKU PELİNSU SEVEN,+905382809536,Diyetisyen
DİYETİSYEN ESRA AKCAN,+905465354535,Diyetisyen
Uzman Diyetisyen Işkın Akçam,+905392904575,Diyetisyen
Doktor Diyetisyen Meltem Yaman,+902324213220,Diyetisyen
Diyetisyen Mesude Evirgen Beslenme Danışmanlığı,+902324211416,Diyetisyen
Uzman Diyetisyen Ecem Mullaoğlu,+908504740431,Diyetisyen
Uzm. Diyetisyen Aslı ULU ÇELİK,+908504746583,Diyetisyen
Diyetisyen Duygu Üpçin,+908508118103,Diyetisyen
Diyetisyen Cansu Uygur - Sağlıklı Şeyler Atölyesi,+905465498021,Diyetisyen
Uzman Diyetisyen Ezgi Altay | Beslenme ve Diyet Danışmanlığı Merkezi,+905421488024,Diyetisyen
Diyetisyen Rabia Amcaoğlu Sağlıklı Yaşam ve Diyet Danışmanlığı,+905528489935,Diyetisyen
Diyetisyen MÜGE P KALE,+905458664868,Diyetisyen
Uzman Diyetisyen İrem Yorgancı diet’N more,+905322948697,Diyetisyen
Diyetisyen Kerem Mazmahor,+905414883958,Diyetisyen
İzmir Diyet & Psikolojim,+905442909288,Diyetisyen
Diyetisyen Melike Yenier,+905516429600,Diyetisyen
Reyhan Beauty Güzellik Salonu,+905074566698,Güzellik Salonu
NİKA LİFE GÜZELLİK SALONU,+905413150105,Güzellik Salonu
sahar güzellik salonu,+905528080977,Güzellik Salonu
Pelin Öztürk Beauty Expert Karşıyaka,+905334948735,Güzellik Salonu
Yeliz Fayrap Güzellik Salonu,+905423785156,Güzellik Salonu
Seçila güzellik salonu,+905555778073,Güzellik Salonu
Senfoni Güzellik Salonu,+902323818810,Güzellik Salonu
Serap Güzellik Salonu,+902323664602,Güzellik Salonu
Fi Beauty,+905424489901,Güzellik Salonu
Almira Güzellik Merkezi,+905448186999,Güzellik Salonu
Ceyda Gökçen Beauty,+905425475735,Güzellik Salonu
Diva Güzellik & Tırnak Center,+905337120035,Güzellik Salonu
Elif 'çe Güzellik ve Epilasyon Salonu,+905322076758,Güzellik Salonu
Artı Güzellik İzmir,+902323300016,Güzellik Salonu
YELDA MANİKÜR PEDİKÜR SİR SALONU,+905530216577,Kuaför / Berber
Yıldız Güzellik Salonu,+902323687573,Güzellik Salonu
Esin Türk Güzellik Merkezi,+905550808830,Güzellik Salonu
Epilady Kişisel Bakım Salonu İZMİR,+905352079335,Güzellik Salonu
Yakamoz Beauty Park - İzmir Güzellik Merkezi & Masaj,+908502600191,Güzellik Salonu
GÜL GÜZELLİK NAİL SALON,+905398617712,Güzellik Salonu
Halime Güzellik Salonu,+902323366535,Güzellik Salonu
ClinicZer Güzellik Merkezi Karşıyaka,+905325086885,Güzellik Salonu
Hena Güzellik Salonu,+902323364355,Güzellik Salonu
SALON NAZAN GÜZELLİK MERKEZİ,+902323364116,Güzellik Salonu
Melange Güzellik Merkezi,+902323308880,Güzellik Salonu
Livin Premium güzellik salonu,+902323682727,Güzellik Salonu
Soft Estetik,+905442032908,Güzellik Salonu
Semra Kuaför ve Güzellik,+905065319161,Güzellik Salonu
M'Aesteticare - Meltem Güzellik Merkezi,+905306609242,Güzellik Salonu
Değişim Manikür & Pedikür,+902323367874,Güzellik Salonu
Güldeniz Odabaş Güzellik Merkezi- İzmir,+905305144805,Güzellik Salonu
Rüya Mercan Güzellik,+905304687292,Güzellik Salonu
Gülşah Akçay Güzellik Salonu,+905529243689,Güzellik Salonu
EgeVela Güzellik,+905523422447,Güzellik Salonu
Kuaför Marin Da Güzellik Salonu,+905349248166,Güzellik Salonu
H&N Güzellik Salonu,+905069455376,Güzellik Salonu
Karşıyaka Selma Uyanık Güzellik Salonu,+902323698474,Güzellik Salonu
Ozzy Saç Tırnak Tasarım & Güzellik Salonu,+902323686776,Güzellik Salonu
Lal güzellik ve kuaför,+905510222122,Güzellik Salonu
İzmir Microblading Kaş Stüdyosu,+905313975973,Güzellik Salonu
Kuafor Bilal Özer ve güzellik salonu,+905427172698,Güzellik Salonu
Feminen Saç Tasarım,+902323656545,Güzellik Salonu
BALYA GÜZELLİK SALONU KARŞIYAKA ÇARŞI,+905526659339,Güzellik Salonu
GENU Güzellik Salonu / Gevher & Nuray Kamalı / Karşıyaka,+905401251112,Güzellik Salonu
RİVA GÜZELLİK İZMİR,+905536393870,Güzellik Salonu
Sinem Çelebi Güzellik Salonu,+902329991841,Güzellik Salonu
Kuaför Ebru Güzellik Salonu,+905510528258,Güzellik Salonu
Harun Kuaför,+902323234637,Kuaför / Berber
Duru Güzellik,+905532253255,Güzellik Salonu
Ayşen Peri Güzellik Salonu,+905510256158,Güzellik Salonu
La Esté,+902323662266,Güzellik Salonu
Leila Güzellik Salonu,+905550535444,Güzellik Salonu
Kuaför Ceren,+905315028711,Kuaför / Berber
PINAR GÜZELLİK SALONU,+905079836011,Güzellik Salonu
Gala Güzellik Salonu & Kuaför,+902323680760,Güzellik Salonu
MELIKE HALIL TEAM,+902323823515,Güzellik Salonu
Hülyam Güzellik,+902323816978,Güzellik Salonu
Asya Güzellik Salonu,+902323685209,Güzellik Salonu
Ebru Tik Beauty Center Güzellik Salonu,+905449552310,Güzellik Salonu
Karşıyaka Kuaför ve Güzellik Salonu,+905435019630,Güzellik Salonu
Millennia Güzellik Salonu,+902323656225,Güzellik Salonu
By Tolga Kuaför ve Güzellik Salonu,+902323673179,Güzellik Salonu
Dora Yaşam ve Güzellik Salonu Karşıyaka,+905312378990,Güzellik Salonu
İlyas Kuaför Karşıyaka,+902323234026,Kuaför / Berber
Ayla Güzellik Merkezi,+905072792606,Güzellik Salonu
Elfesya Kuaför & Güzellik Salonu,+902323694789,Güzellik Salonu
İLYAS KUAFÖR MAVİŞEHİR,+902323361666,Kuaför / Berber
Zafer Güzellik Salonu,+905326386959,Güzellik Salonu
San Kuaför İzmir Mavişehir,+905527526315,Kuaför / Berber
Marvel Kuaför ve Güzellik Merkezi,+902323302122,Güzellik Salonu
Yağmur Kuaför Ve Güzellik Salonu,+905451762559,Güzellik Salonu
IŞILTI GÜZELLİK,+905342166862,Güzellik Salonu
Nursel Güzellik Salonu,+905384260300,Güzellik Salonu
Toprak Saç Tasarım Kuaför Güzellik Salonu,+905439752495,Güzellik Salonu
Mediclinic’s Karşıyaka,+902323690088,Güzellik Salonu
Verona Güzellik Salonu,+905321562126,Güzellik Salonu
Karşıyaka Güzellik Merkezi AEP Protez Tırnak,+905331505894,Güzellik Salonu
Neşem Kuaför ve Güzellik Salonu (Bay&Bayan),+902323818180,Güzellik Salonu
Eda Güzellik Salonu,+902323818072,Güzellik Salonu
Salonn Hair Makeup,+905303058335,Güzellik Salonu
Elegance Güzellik Salonu ve Bayan Kuaförü,+902323305204,Güzellik Salonu
Climate Kuaför Ve Güzellik Salonu,+902323243922,Güzellik Salonu
Kuaför Mehmet zor,+902323641963,Kuaför / Berber
EFES Güzellik Salonu & Kuaför,+902323367525,Güzellik Salonu
Nehir Kuaför,+902323610095,Kuaför / Berber
Adem Kuaför,+905063938425,Kuaför / Berber
Freya Güzellik Salonu,+905011413535,Güzellik Salonu
Zen Spa Masaj Salonu – Karşıyaka İzmir,+905525122223,Kuaför / Berber
Feray Kuaför,+902323656365,Kuaför / Berber
Flexi Güzellik Salonu,+902323366426,Güzellik Salonu
Uzm. Dr. Başak BİNGÖL | Akupunktur | Sigara Bırakma | Zayıflama | Medikal Estetik | Mezoterapi | Kupa | Hacamat | Hipnoterapi,+905054911932,Psikolog / Terapist
İLKAY ERGİN KUAFÖR,+905061354437,Kuaför / Berber
Elisa Kuaför,+905541419519,Kuaför / Berber
Kuaför Harun Köse,+902323232002,Kuaför / Berber
Altar Yalçın premıum haır studıo,+905522513988,Kuaför / Berber
Kuaför Kadir,+902323654495,Kuaför / Berber
Key Kuaför,+902323301304,Kuaför / Berber
SALOON 89 (kadın kuaförü) ‍ ️(KUDRET ÇAVDARLAR),+905536523252,Kuaför / Berber
Hatice Saç Tasarım,+905444642233,Kuaför / Berber
Saça bayan Kuaförü,+905418673500,Kuaför / Berber
KUAFÖR SÜLEYMAN ÇAKIR,+905305091034,Kuaför / Berber
HAN KUAFÖR PRIME,+905448325343,Kuaför / Berber
By Süleyman Talay,+902323688049,Kuaför / Berber
Gökhanergin HAİR STUDIO,+905355153324,Kuaför / Berber
balayage Kuaför,+905550339825,Kuaför / Berber
İzzet Kuaför,+902323372327,Kuaför / Berber
Prestige Erkek Kuaförü,+902323653380,Kuaför / Berber
Nergiz Bayan Kuaförü,+902323657404,Kuaför / Berber
The Most İzmir Atakent,+905538413512,Kuaför / Berber
İlkim Bayan Kuaförü,+905558716594,Kuaför / Berber
Zey Kuaför,+902323693938,Kuaför / Berber
Mahmut Karali Kuaför,+905353094917,Kuaför / Berber
Kuaför ufuk,+905388965755,Kuaför / Berber
Paris Kuaför Atakent,+905325010752,Kuaför / Berber
Kuaför Serpil,+902323678772,Kuaför / Berber
Bostanlı Hair Design Studio,+902323371092,Kuaför / Berber
VOE Hair Stylist,+902323371116,Kuaför / Berber
Zeki Çetinkaya Hair Design,+902323370006,Kuaför / Berber
Kuaför Mehmet Team,+902323813238,Kuaför / Berber
Ayça Kuaför,+902323820497,Kuaför / Berber
X Hair Erkek Kuaförü Karşıyaka İzmir,+905356171535,Kuaför / Berber
Gökhan Özer Hair Boss Atakent,+905331687303,Kuaför / Berber
Kuaför Murat Çakmak,+902323371229,Kuaför / Berber
Bay Kuaför Veysel | Size En Yakın Erkek Berberi | Saç Boyası | Röfle | Kısa Bayan Saç Kesimi,+905384349898,Kuaför / Berber
Coşkun Öztaş hair studıo Bahçelievler,+902329999427,Kuaför / Berber
Kuaför Cumhur Kaplan,+902323694920,Kuaför / Berber
Serkan Söğüt Kuaför İzmir | Kadın Saç Kesim & Boya Uzmanı,+905068556070,Kuaför / Berber
Bayan Kuaförü Doğan,+905423015193,Kuaför / Berber
Fame Kuaför Atakent,+905385861811,Kuaför / Berber
Han Kuaför By Gökhan,+905331530375,Kuaför / Berber
Dündar & Ramazan Team,+902323676574,Kuaför / Berber
Kuaför Ayfer,+905054186091,Kuaför / Berber
BlueStar BarberShop 1999,+905327145034,Kuaför / Berber
Salon ASOS,+902323371053,Kuaför / Berber
Imaj Kuaför,+902323656917,Kuaför / Berber
Bay Mk Kuaför,+905532816709,Kuaför / Berber
Hairvana Kuaför,+905419736651,Kuaför / Berber
Ozan Kuaför,+905303088626,Kuaför / Berber
Kuaför Erdem,+905050759879,Kuaför / Berber
Kuaför Sacit,+905436107649,Kuaför / Berber
NAİM YÜKSEL SAÇ KAYNAK MERKEZİ KUAFÖR,+905054757035,Kuaför / Berber
Gorgeous Kuaför Güzellik,+902323372546,Güzellik Salonu
Kuaför Atakan,+905069701151,Kuaför / Berber
Gençler Bayan Kuaförü,+902323668810,Kuaför / Berber
Songül Kuaför,+902323824674,Kuaför / Berber
oğuz güven kuaför,+902323822721,Kuaför / Berber
Damla Durukan | Kuaför & Güzellik Merkezi,+905558380785,Güzellik Salonu
Bay Uğur Berber,+905346851861,Kuaför / Berber
Hm Kuaför,+902323307323,Kuaför / Berber
Fatoş Kuaför,+905383415768,Kuaför / Berber
SO Hair & Beauty,+902323828278,Güzellik Salonu
Kuaför Özgür Bulut,+905354740829,Kuaför / Berber
Salon Doğan Erkek Kuaförü,+905376201681,Kuaför / Berber
Kuaför Selçuk,+905531986056,Kuaför / Berber
Kuaför'üm Ensar-i Erkek&Çocuk,+905061062121,Kuaför / Berber
Gökhan Gönüer Bayan Kuaförü (Kuaför Lila),+905368445284,Kuaför / Berber
Cemkey Kuaför,+905355674206,Kuaför / Berber
Bekir Kuaför,+902323680249,Kuaför / Berber
Şeref Kuaför,+902323698901,Kuaför / Berber
SERGEN KUAFÖR,+905434117786,Kuaför / Berber
Aysem kuaför-Karşıyaka,+905549723635,Kuaför / Berber
salon etiler,+902325038373,Kuaför / Berber
Damat Boutique Kuaför,+905530200135,Kuaför / Berber
KUAFÖR CEM,+902323301544,Kuaför / Berber
Os & Ak Bayan Kuaförü,+902323810894,Kuaför / Berber
Kuaför Oktay,+905372077848,Kuaför / Berber
Zafer & Buket Kuaför,+905380763484,Kuaför / Berber
Kuaför Podium Mavişehir Bay & Bayan,+902323301921,Kuaför / Berber
MALİ Kuaför İzmir,+905545443648,Kuaför / Berber
Belinay Kuaför Salonu,+905321666317,Kuaför / Berber
H&D HAİR DESİGN,+902323363836,Kuaför / Berber
Semra Kuaför,+902323617077,Kuaför / Berber
Kuaför Onur,+905417659544,Kuaför / Berber
Cansu Kuafor serkansaat,+905552372778,Kuaför / Berber
Canan Kuaför,+905356640388,Kuaför / Berber
Delta Erkek Kuaförü,+905326055826,Kuaför / Berber
Just Pati Pet Kuaför,+905552456123,Kuaför / Berber
Kuaför Serkan,+902323652252,Kuaför / Berber
Kuaför Adem & Sezer,+902323307392,Kuaför / Berber
Kuaför Tolga,+902323306768,Kuaför / Berber
Kuaför Erdoğan,+902323304585,Kuaför / Berber
Erkek Kuaförü Hakan,+905395704702,Kuaför / Berber
Sole Beauty Studio,+905532356369,Güzellik Salonu
Efsane Nail | Protez Tırnak & Manikür,+905347211995,Güzellik Salonu
Tırnakmania beauty yalı,+905322299035,Güzellik Salonu
tirnakmaniabeauty,+905545534616,Güzellik Salonu
Lunor Nail Studio,+905053862806,Güzellik Salonu
Ceyda Atsan Beauty,+905421780719,Güzellik Salonu
Nail Studio-Özge Kurul,+905388610976,Güzellik Salonu
Betül Baysal Beauty,+905323005226,Güzellik Salonu
Belkız Beauty&Nail Studio,+905514097126,Güzellik Salonu
Ada Öztürk Beauty World,+905322483112,Güzellik Salonu
Gamze Yılmaz Studio De Beautè,+905075783687,Güzellik Salonu
Studio Bee,+905510168081,Güzellik Salonu
Gamze Bulut Nail Studio,+905078693648,Güzellik Salonu
Tuğçe Armağan beauty & nail studio,+905524305120,Güzellik Salonu
Lumos Nail Studio,+905434129561,Güzellik Salonu
Fatma Çetin Beauty Nail Studio,+905013674135,Güzellik Salonu
Proteztırnak malzemeleri,+905550599984,Güzellik Salonu
Yume Nail Art - Protez Tırnak,+905307339295,Güzellik Salonu
Menemen Beslenme ve Diyet Merkezi,+905425856437,Diyetisyen
"Senin rengin aktif yaşam,kilo kontrol ve cilt bakımı merkezi",+905069735865,Diyetisyen
Bella Bell Beauty İzmir,+905411572352,Güzellik Salonu
BEAUTYLINER Güzellik & Estetik,+905349193105,Güzellik Salonu
Luzz Beauty,+905321751878,Güzellik Salonu
Özge Ayden Makeup & Beauty Studio,+905077932178,Güzellik Salonu
RAYSA BEAUTY STUDIO,+905339496342,Güzellik Salonu
Merve Doğan Beauty Center,+905359287549,Güzellik Salonu
Yasemin Polat Beauty Lounge,+905473693535,Güzellik Salonu
NurcanBALA beauty home,+905526356828,Güzellik Salonu
Müberya Sağlam Makeup Studio Karşıyaka,+905312950435,Güzellik Salonu
Elif Nur Işık Beauty,+905421823533,Güzellik Salonu
E & B Prime Beauty,+905050314140,Güzellik Salonu
The LAB Beauty Center,+905335223199,Güzellik Salonu
Body & Beauty Studio,+905468323335,Güzellik Salonu
Shemall Beauty,+905400116717,Güzellik Salonu
TOUCH BEAUTY,+905321740516,Güzellik Salonu
Merve Beauty,+905050465539,Güzellik Salonu
Ecem Gorgulu Beauty Studio,+905530948954,Güzellik Salonu
İlge-s Beauty Center,+905071374981,Güzellik Salonu
A.K. COCO BEAUTY,+905303415432,Güzellik Salonu
Selda Tuncer Beauty Consultancy,+905397496434,Güzellik Salonu
Harika Beauty,+905382952011,Güzellik Salonu
Asenass Beauty,+905393203583,Güzellik Salonu
Canss Beauty Center,+905424251440,Güzellik Salonu
Peonas Beauty,+905461913500,Güzellik Salonu
Be Nice Beauty,+905332325635,Güzellik Salonu
ZEYNEP BEAUTY,+905518587486,Güzellik Salonu
Ece Yılmaz Beauty Clinic,+905421523886,Güzellik Salonu
Cansu Akkaya Beauty Center,+905323066298,Güzellik Salonu
Arzu yüksel beauty,+905340419696,Güzellik Salonu
La Vie Beauty & Nail Art Nergiz,+905062621886,Güzellik Salonu
Beura Beauty,+905076186180,Güzellik Salonu
New Touch Bay/Bayan BEAUTY,+905557326196,Güzellik Salonu
Emre Yurtoğlu Beauty,+905398677971,Güzellik Salonu
Ayşe Beauty Center,+905467828155,Güzellik Salonu
Yives Clinic | Buz Lazer İzmir,+905425093535,Güzellik Salonu
Lunula Nail Beauty,+905078476605,Güzellik Salonu
Henel Beauty Studio,+905375690844,Güzellik Salonu
Nani Beauty İzmir,+905387996264,Güzellik Salonu
Aura Beauty,+905305143735,Güzellik Salonu
Suzi beauty,+905434508982,Güzellik Salonu
Sibel Aktaş Beauty Lounge,+905334795094,Güzellik Salonu
Buse Gülşen Beauty Center,+905466216294,Güzellik Salonu
LD Beauty Center,+905058918177,Güzellik Salonu
Diler Beauty,+905448732317,Güzellik Salonu
More İzmir,+905548540385,Güzellik Salonu
ND Beauty & Hair Center,+905343600710,Güzellik Salonu
Este Team Beauty Mustafa & Emre,+902323303783,Güzellik Salonu
CHarms Beauty,+905540064283,Güzellik Salonu
DidemAsık Beauty,+905331411190,Güzellik Salonu
Sevil Tunak Beauty Salon,+905301229115,Güzellik Salonu
Rubby Beauty,+905455715618,Güzellik Salonu
Beauty By Heart Nail,+905331572502,Güzellik Salonu
Beauty Bonn,+905520267016,Güzellik Salonu
Leona Beauty Alev Aslan,+905304300327,Güzellik Salonu
Sunlight Beauty,+905417830981,Güzellik Salonu
Le Narcisse Beauty Lounge,+905306503777,Güzellik Salonu
SALOON ÖZGE HAİR BEAUTY (kuaför Özge),+905301309315,Güzellik Salonu
Pembe Panter Beauty,+905533336797,Güzellik Salonu
By Neslihan Beauty Home,+905357323040,Güzellik Salonu
Sezen Arınç beauty,+905491991912,Güzellik Salonu
Beauty Born Harmonia,+902323640809,Güzellik Salonu
Dengi Poyraz Beauty,+905434353236,Güzellik Salonu
Op. Dr. Ali Üçkan | Estetik Cerrahi | Vücut Şekillendirme,+905453782526,Güzellik Salonu
Anessa Estetik & Güzellik,+905331310043,Güzellik Salonu
Este West Estetik Polikliniği,+902323305423,Güzellik Salonu
Yasemin Demir Güzellik Salonu,+905455640598,Güzellik Salonu
Estetica Karşıyaka - Özel Estetik 4 Ağız ve Diş Sağlığı Polikliniği,+908509261010,Diş Kliniği
Pusula Clinic Estetic,+905323276171,Güzellik Salonu
"Dr. Ayşe Alkurt, Sertifikalı Medikal Estetik",+905462506051,Güzellik Salonu
Op. Dr. Onur Evren Yılmaz,+905309585393,Güzellik Salonu
Dr Deniz Şen Muayenehanesi,+905075052216,Güzellik Salonu
Lunest Güzellik,+905558962762,Güzellik Salonu
ÖZ EGE ESTETİK,+902323663914,Diş Kliniği
Medalife Güzellik ve Saç İzmir,+905323496735,Güzellik Salonu
Hola Güzellik,+905303507625,Güzellik Salonu
Mihra Beauty,+905411509397,Güzellik Salonu
Han Lazer Epilasyon ve Güzellik Merkezi,+905520227373,Güzellik Salonu
Başkent Estetik,+902322411018,Güzellik Salonu
WOW Estetik Karşıyaka Sahil Şube,+905065993742,Güzellik Salonu
Karşıyaka Este Alsancak,+902324224332,Güzellik Salonu
Bionet Kabbin,+902323818122,Güzellik Salonu
Artemis Güzellik,+902323643637,Güzellik Salonu
Pi estetik ve güzellik merkezi,+905464236271,Güzellik Salonu
Aslife Health Club İzmir Bostanlı,+905521128900,Güzellik Salonu
Hermes Lazer Estetik,+905050418893,Güzellik Salonu
Fulllight,+902323657222,Güzellik Salonu
Derma Dora Guzellik Estetik Merkezi,+902323684725,Güzellik Salonu
lilyum estetik ve güzellik,+905457995090,Güzellik Salonu
Özdem Estetik,+905558753064,Güzellik Salonu
Fuess Güzellik,+905529487611,Güzellik Salonu
Dr. Soner Uyanık,+905422676666,Diğer (Sağlık & Bakım)
Se-Derm Güzellik ve Estetik,+902323818484,Güzellik Salonu
White Diamond Güzellik & Estetik Merkezi,+902323818808,Güzellik Salonu
Assist. Prof. Dr. Hüsnü Hacı,+905437362719,Güzellik Salonu
Dr. Haluk Mıdoğlu,+902323644746,Diğer (Sağlık & Bakım)
Bestella Beaute,+905356690997,Güzellik Salonu
Vizyon Estetik,+902323814333,Güzellik Salonu
Öznur Gençdoğuş Kalıcı Makyaj Merkezi,+905537812340,Güzellik Salonu
CİLİNİC NEWLİFE ( 10 günde sporsuz ve diyetsiz zayıflama %100 garantili),+902323686090,Diyetisyen
Biolife Beauty Center,+902322032137,Güzellik Salonu
Yankı Psikoloji | Karşıyaka Psikolog,+905449503691,Psikolog / Terapist
Lotus Psikolojik Danışmanlık,+905519945399,Psikolog / Terapist
Uzm. Psikolog Gökçe İpeklioğlu,+905367056094,Psikolog / Terapist
Psikolog Dilara Zeynep Güneş,+905472274967,Psikolog / Terapist
Ege Psikoloji Danışmanlık ve Eğitim Merkezi,+905050595535,Psikolog / Terapist
Psk. Dan. Ahunur Soysal,+905057730932,Psikolog / Terapist
Aslı Paksoy | Uzman Psikolog | Aile Danışmanı,+905057047237,Psikolog / Terapist
Gelişim Analiz Danışmanlık,+905321766472,Psikolog / Terapist
Klinik Psikolog Gülenay Özcan Ataş,+905069510988,Psikolog / Terapist
Psikolog Meryem Erdem,+905055824833,Psikolog / Terapist
Klinik Psikolog Cansu Ataş,+905461832709,Psikolog / Terapist
Karşıyaka Uzman Klinik Psikolog Ezgi Aktaş,+905359543505,Psikolog / Terapist
Psikolog Ecem Kozalı Mancı,+905050585535,Psikolog / Terapist
ZEN Rehberlik Ve Danışmanlık Merkezi,+905416090507,Psikolog / Terapist
Bilen Psikolojik Danışmanlık,+905395991858,Psikolog / Terapist
"Verde Psikoloji || Karşıyaka Psikolog, Psikolojik Danışmanlık Merkezi",+905336126245,Psikolog / Terapist
İlknur Kılıç Bekçi - Psikolog ve Aile Danışmanı,+905435206680,Psikolog / Terapist
Psikolog Cihangir Acar İzmir Karşıyaka,+905053879419,Psikolog / Terapist
Klinik Psikolog Pırıl Bilger Özkaranfil,+905336090183,Psikolog / Terapist
Psikolog Orhun Atıcı,+905330112251,Psikolog / Terapist
İZDA PSİKOLOJİ,+905528839493,Psikolog / Terapist
Karşıyaka Psikoloji,+905300877045,Psikolog / Terapist
Uzman Psikolog Yeşim Altundaş,+905055632008,Psikolog / Terapist
Destina Psikoloji,+905063414162,Psikolog / Terapist
Karşıyaka Çocuk Psikoloğu,+905535706985,Psikolog / Terapist
Sentire Psikoloji,+905348580058,Psikolog / Terapist
Karşıyaka Pedagoji - Çocuk Pedagog - Ergen Pedagog,+908503082394,Psikolog / Terapist
Özel Dipol Aile Danışma Merkezi,+905056444937,Psikolog / Terapist
"Psk. Yaren Doydu, Psikoloji",+905374141897,Psikolog / Terapist
Klinik Psikolog Zeynep Bener,+905321537090,Psikolog / Terapist
Dr. Psikolog Dilek Gülveren Kaizen Psikoloji Merkezi,+905312035835,Psikolog / Terapist
Psikolog İrem GÜNGÖR,+905443394789,Psikolog / Terapist
"Özel DentaPoint Diş Polikliniği Karşıyaka Şubesi Zirkonyum , Diş İmplantı , Estetik Diş Tedavileri , Ortodonti",+905425267670,Diş Kliniği
Özel Avrupadent Karşıyaka Ağız ve Diş Sağlığı Polikliniği,+902323232200,Diş Kliniği
Özel İzmirdiş Ağız ve Diş Sağlığı Polikliniği Karşıyaka Şubesi,+905550134724,Diş Kliniği
Özel Şemikler Kar Beyazı Ağız ve Diş Sağlığı Polikliniği Karşıyaka,+905054295719,Diş Kliniği
MEDICALDENT AĞIZ VE DİŞ SAĞLIĞI POLİKLİNİĞİ,+902323321020,Diş Kliniği
Özel DentOrdu Ağız ve Diş Sağlığı Polikliniği Karşıyaka,+902323865220,Diş Kliniği
Triodent Ağız ve Diş Sağlığı Polikliniği - Karşıyaka İzmir,+905336508076,Diş Kliniği
Dentavis Ağız ve Diş Sağlığı Polikliniği,+902325025253,Diş Kliniği
Özel Karşıyaka Dental Ağız ve Diş Sağlığı Polikliniği,+902323654555,Diş Kliniği
Sigma Ağız ve Diş Sağlığı Polikliniği,+905532331380,Diş Kliniği
"İzmir Dentalizm Ağız ve Diş Sağlığı Polikliniği, Diş Hekimliği",+902323697079,Diş Kliniği
Özel Karşıyaka Ağız Ve Diş Sağlığı Polikliniği,+905011433523,Diş Kliniği
Gamadent Ağız ve Diş Sağlığı Polikliniği,+902322024262,Diş Kliniği
Dent Luna Ağız ve Diş Sağlığı Polikliniği,+905426354120,Diş Kliniği
Dent Atelier Ağız ve Diş Sağlığı Polikliniği,+902324161595,Diş Kliniği
Dent Oliva Ağız Ve Diş Sağlığı Polikliniği,+905367403511,Diş Kliniği
Roselle Dent | Ağız ve Diş Sağlığı Polikliniği,+902324219319,Diş Kliniği
"Özel DentaPoint Diş Polikliniği Bostanlı Şubesi - İmplant , Zirkonyum , Estetik Diş , Acil Diş , Kanal Tedavisi",+905455267670,Diş Kliniği
Özel Deniz Dent Ağız ve Diş Sağlığı Polikliniği,+902323360708,Diş Kliniği
Özel CM Park Ağız ve Diş Sağlığı Polikliniği,+905528068990,Diş Kliniği
BT DENT AĞIZ VE DİŞ SAĞLIĞI POLİKLİNİĞİ,+905439474546,Diş Kliniği
Karşıyaka Diş Hekimi | Dentist Fatih Burak BATMAZ,+905418505318,Diş Kliniği
Özel Kordelya Ağız ve Diş Sağlığı Polikliniği,+902324160335,Diş Kliniği
Dent Glory Ağız ve Diş Sağlığı Polikliniği,+905336022235,Diş Kliniği
CEO Dent Ağız ve Diş Sağlığı Polikliniği - Çene Cerrahisi Uzmanı - İzmir-Gülüş Estetiği İzmir,+905377765333,Diş Kliniği
Özel Oladent Ağız ve Diş Sağlığı Polikliniği,+905399274035,Diş Kliniği
Diş hekimi Adem GÜRÜP Karşıyaka İzmir,+905538262600,Diş Kliniği
Diş Hekimi Serpil Feyza Yücel,+905326599303,Diş Kliniği
GVM Ağız ve Diş Sağlığı Polikliniği,+905323096787,Diş Kliniği
Özel Dentafil Ağız ve Diş Sağlığı Polikliniği,+905449128919,Diş Kliniği
Özel Dent SAYAK Ağız ve Diş Sağlığı Polikliniği,+905072353536,Diş Kliniği
Dt.Ferda ÖGE - Dr.Dt. Elif ÇELEN Diş Muayenehanesi,+902323303672,Diş Kliniği
Dt.Berkay Yağız Yıldırım Dental Studio Diş Kliniği | Karşıyaka Diş Kliniği,+905054104088,Diş Kliniği
Smile Time Ağız ve Diş Sağlığı Polikliniği,+902325012583,Diş Kliniği
Karşıyaka Diş Hekimi Mert Erbulut,+905385816190,Diş Kliniği
Özel Trend Dental Ağız ve Diş Sağlığı Polikliniği,+905413574242,Diş Kliniği
Diş Hekimi Bora Tecimer,+902323689163,Diş Kliniği
Diş Hekimi Derya Elik,+902323720808,Diş Kliniği
Diş Hekimi Seval Ak Yakar,+905422617677,Diş Kliniği
Beyaz Nokta Dental Ağız ve Diş Sağlığı Polikliniği - Dişhekimi İzmir,+902323621163,Diş Kliniği
Diş Hekimi Arda Çetintaş,+902323722271,Diş Kliniği
Özel Hafızoğlu Ağız Ve Dış Sağlığı Polikliniği,+905356066611,Diş Kliniği
Uzman Diş Hekimi Gözde Öztürk Kliniği,+905380946735,Diş Kliniği
Bostanlı Diş Kliniği,+902323306168,Diş Kliniği
Özel GVM 2 Ağız ve Diş Sağlığı Polikliniği,+902323817381,Diş Kliniği
DT. Yunus Emre BALABAN Diş Hekimi Kliniği,+905438668369,Diş Kliniği
Dental Clinic Izmir,+905455481645,Diş Kliniği
Çizge İçmeli - Dişhekimi,+905366872882,Diş Kliniği
Çötert Diş Kliniği (Prof. Dr. Serdar Çötert & Dr. Dt. İrem Çötert- Diş Protez Doktoru),+902323812837,Diş Kliniği
Özel Egedentin Ağız ve Diş Sağlığı Polikliniği,+905330784771,Diş Kliniği
SİNANOĞLU 7/24 Ağız ve Diş Sağlığı Polikliniği,+902329991690,Diş Kliniği
Ortodonti Uzmanı Kadir Işık | İzmir | Şeffaf plak (Invisalign) | Ortodontik Tedavi,+905449705260,Diş Kliniği
Diş Hekimi A.Kadir Baştürk,+905403251535,Diş Kliniği
Diş Hekimi Aslıhan Kulaşen Türkkahraman,+905315514144,Diş Kliniği
Diş Hekimi Tunç Özay,+902323627207,Diş Kliniği
Diş Hekimi Onur GÜZELDAL,+905547766722,Diş Kliniği
Diş Hekimi SERTAÇ GÜNDOĞDU,+905537976113,Diş Kliniği
Özel Egem Ağız Ve Diş Sağlığı Polikliniği,+902323373222,Diş Kliniği
Diş Hekimi Mahir Açıkalın,+902323814565,Diş Kliniği
"Diş Hekimi Güray Sal | Karşıyaka Gülüş Tasarımı, Lazerle Diş Beyazlatma",+902323681075,Diş Kliniği
Özel Helin Tuğçe Alacagöz - Kardelen Ulusoydan Diş Hekimi Muayenehanesi,+905413311613,Diş Kliniği
"Uzm.Dt. Özlem Balkan, Çocuk Diş Hekimi",+905058184511,Diş Kliniği
İzmir Diş Hekimi | Gülbin Ekmekçi Bangi,+905333279139,Diş Kliniği
Elma Özel Ağız Ve Diş Sağlığı Hizmetleri.,+902323366564,Diş Kliniği
Diş Hekimi Emre Özbay | Alsancak Diş Hekimi | İzmir Diş Hekimi,+905051083535,Diş Kliniği
Diş Hekimi Cem Mangıroğlu,+908503255012,Diş Kliniği
Özel Önce Ağız ve Diş Sağlığı Polikliniği,+905533580910,Diş Kliniği
Tanju Sarıhasan Diş Hekimi,+902323683227,Diş Kliniği
Diş Hekimi Tülay Şahingöz Bostanlı Diş Doktoru implant zirkonyum,+905332530767,Diş Kliniği
Diş Hekimi Mustafa Kemal Yapıcıer,+905077730565,Diş Kliniği
Dt. İsmail Türk,+902323371100,Diş Kliniği
İzmir Diş Protez Uzmanı Uzm. Dt. İrem Ürünal,+905411831300,Diş Kliniği
Ortodonti Uzmanı Diş Hekimi Cem İrezli,+905324480509,Diş Kliniği
Soysal Diş Kliniği,+902323812522,Diş Kliniği
Ortodonti Uzmanı Dr. Gülistan Yiğidim Şimşek,+905366856786,Diş Kliniği
Diş Hekimi Prof. Dr. Bora Bağış,+905451516545,Diş Kliniği
Diş Hekimi Nazan Erol,+902323647242,Diş Kliniği
Diş Hekimi Taylan Korkmaz,+902323652561,Diş Kliniği
Uzm. Dt. Merve Pekpınarlı,+908504748396,Diş Kliniği
Gaia Art&Tattoo Studio,+905468410804,Dövme & Piercing
Tattoolab.art,+905418408073,Dövme & Piercing
Atelier Aeon,+905308959781,Dövme & Piercing
DÜKKAN ART STUDIO,+905053873536,Dövme & Piercing
Start Tattoo & Piercing,+905469002090,Dövme & Piercing
MLS Tattoo&Piercing Art Studio,+905319491635,Dövme & Piercing
Ykartstudio,+905067911493,Dövme & Piercing
Melisa Akar / Dövme Sanatçısı,+905536990718,Dövme & Piercing
Immortal Tattoo Studio,+905434814422,Dövme & Piercing
Tattooizm,+902323810220,Dövme & Piercing
Katana Dövme ve Kalıcı makyaj,+905551533222,Dövme & Piercing
BARBLUE TATTOO FARUK PEKER,+905317791912,Dövme & Piercing
İzmir Dövme - Aygün Kara,+905538811714,Dövme & Piercing
VIP Tattoo,+902323644020,Dövme & Piercing
Genji Ink,+905353153586,Dövme & Piercing
Tabulaink,+905050362670,Dövme & Piercing
Tattoo Dövmeci,+905546980357,Dövme & Piercing
Muratturgay.ink tattoo & piercing,+905383637381,Dövme & Piercing
TattooMell,+905454621466,Dövme & Piercing
Re:Create Art Gallery,+905425282907,Dövme & Piercing
Ventablack Dövme Atölyesi,+905325400078,Dövme & Piercing
Mask Tattoo,+905354705014,Dövme & Piercing
ink about tattoo,+905549337664,Dövme & Piercing
Tattoo,+905392238192,Dövme & Piercing
Bonobo Tattoo Studio,+905543195900,Dövme & Piercing
Lilit Tattoo,+905441207002,Dövme & Piercing
Aurora Ink,+905423782400,Dövme & Piercing
Ray's Inkworks Tattoo Studio,+905467277103,Dövme & Piercing
Dyt. Serez Tuğçe Uysal,+908504747754,Diyetisyen
Diyetisyen Ayça Karaçay,+905555914630,Diyetisyen
Karşıyaka Beslenme&Diyet Merkezi,+905065932419,Diyetisyen
Diyetisyen Aslı Abalıoğlu,+902329993739,Diyetisyen
Diyetisyen Suay Akıska Karşıyaka,+902323302000,Diyetisyen
Dyt.Melis Özbay,+905010369742,Diyetisyen
H-FİT Beslenme ve Diyet Danışmanlığı,+905313569074,Diyetisyen
Nihal İLTER Beslenme ve Diyet Danışmanlığı,+905053577476,Diyetisyen
Herbalife Karşıyaka Nergis AREL AKTİF YAŞAM KULÜBÜ,+905357031525,Diyetisyen
NutriCare Diyet ve Kilo Kontrol Merkezi,+905316783471,Diyetisyen
Bella Fit Sağlıklı Yaşam Merkezi,+905521778200,Diğer (Sağlık & Bakım)
Bi Bize Danış,+905010644240,Psikolog / Terapist
Lezzetli Yaşam Diyet Yemek İzmir,+905306677662,Diyetisyen
Diyetisyen Tünsel Tiftikçioğlu,+902323699340,Diyetisyen
Diyetisyen Sevim Altıntaş,+905383242520,Diyetisyen
"Sportfiz Karşıyaka | Kayropraktik, Reformer Pilates, Fizyoterapist",+905467142415,Psikolog / Terapist
Uzman Diyetisyen Nihal Bozova,+905405515101,Diyetisyen
Studio Lifetime Pilates - Yoga,+908503023056,Pilates / Yoga
Karşıyaka Sahil Lotus Reformer Pilates,+905412805450,Pilates / Yoga
Karşıyaka Reformer Pilates,+905427857989,Pilates / Yoga
Karşıyaka Reformer,+905325940040,Pilates / Yoga
"Karşıyaka Pilates, İzmir Pilates, Massive Pilates Studio",+905531902513,Pilates / Yoga
Pilates karşıyaka,+905312960479,Pilates / Yoga
N'JOY Pilates Studio,+905456232335,Pilates / Yoga
Step Fit Pilates Stüdyo,+905426433846,Pilates / Yoga
Prana Fizyoterapist | Reformer Pilates,+905451980588,Psikolog / Terapist
Reformation Fizyopilates Studio,+905466560098,Pilates / Yoga
Mayu Pilates Studio,+905537760305,Pilates / Yoga
Cadde 35 Pilates Training,+905070476906,Pilates / Yoga
Sportfiz Şemikler | Reformer Pilates Studio,+905300792415,Pilates / Yoga
Betül Çolakoğlu Pilates Studio,+905531664688,Pilates / Yoga
Stüdyo Pilates,+902323308003,Pilates / Yoga
Sunshine Pilates Studio,+905413289186,Pilates / Yoga
Master Pilates By Nur Haylaz | Karşıyaka Reformer Pilates,+905077529038,Pilates / Yoga
Smyrna Pilates Studio,+905066132654,Pilates / Yoga
Sheo Studio,+902323728372,Pilates / Yoga
Body Graphy Fitness Club & Pilates Studio,+905315232367,Pilates / Yoga
Joyness Pilates Studio,+905521886377,Pilates / Yoga
Pilates One,+905419086853,Pilates / Yoga
Reform Wellness Pilates & Bodyart Studio,+905522079191,Pilates / Yoga
Fit Pilates by Sevgin Tomruk,+905396352368,Pilates / Yoga
Fizyo SS Pilates,+905447686760,Pilates / Yoga
Reformer Pilates Funda DENİZ,+905536134082,Pilates / Yoga
House Pilates & Training,+905333049390,Pilates / Yoga
High Pulse Pilates Studio,+905530855431,Pilates / Yoga
Studio Espina,+905305460911,Pilates / Yoga
Olympia Gym / Karşıyaka Fitness,+902323690129,Kuaför / Berber
Joya sport center,+905312461678,Kuaför / Berber
Pilates Floor,+905523424490,Pilates / Yoga
Oasis Pilates Studio,+905396599199,Pilates / Yoga
Prolife Pilates Studio,+902323366089,Pilates / Yoga
Kuba Sport,+905077554755,Kuaför / Berber
Pilates RA,+905326555268,Pilates / Yoga
Sole Pilates,+905337664083,Pilates / Yoga
FİT & HEAL,+905333570888,Kuaför / Berber
Zero PT studio,+905536252751,Kuaför / Berber
River Pilates,+905532267531,Pilates / Yoga
Karşıyaka Bostanlı Pilates ve Yoga,+905075005443,Pilates / Yoga
Carpe Diem Fitness Club,+902323624831,Kuaför / Berber
Studio Master Of Pilates,+905324639284,Pilates / Yoga
Pilayoga Center,+908505777880,Pilates / Yoga
KöK Pilates Yoga Stüdyo,+905363848352,Pilates / Yoga
Hit Pilates Studio,+905326869086,Pilates / Yoga
Egem Spor,+902323817711,Kuaför / Berber
My Pilates Studio,+902323626266,Pilates / Yoga
PlayStüdyo Karşıyaka | Kadınlara Özel Spor Salonu,+902325032040,Kuaför / Berber
Global EMS Fitness (KARŞIYAKA ALAYBEY),+905327728808,Kuaför / Berber
Fitness Club,+905545954555,Kuaför / Berber
Yogasis,+905321767693,Pilates / Yoga
Rubicon Athletic Performance,+905552934547,Kuaför / Berber
Fitintime,+902323620014,Kuaför / Berber
"Corpus Fitness, Wellness & Pilates",+905303072888,Pilates / Yoga
Mavisehir Health Club,+902325020292,Pilates / Yoga
Evolution Pilates Stüdyo,+905348524110,Pilates / Yoga
O2xygen Gym Karşıyaka,+905010002435,Kuaför / Berber
Fitline Slim and Gym Center,+905327771928,Kuaför / Berber
GT SPORTS,+905339637205,Kuaför / Berber
Boutique Wellness Club Spor Merkezi,+905532335368,Kuaför / Berber
Winners Sports Center,+905549661490,Kuaför / Berber
Club Vital Pilates Studio,+905525589987,Pilates / Yoga
Gymyaka,+905418841814,Kuaför / Berber
BOOM Personal Training Studio,+905537513509,Kuaför / Berber
The Best Sport Center,+905334258282,Kuaför / Berber
Sports Forever KSK,+905367889030,Kuaför / Berber
Fizyoflex - Fizyoterapist Dr. Fadime Doymaz,+905558881930,Psikolog / Terapist
Mustafa Kemal Atatürk Karşıyaka Spor Salonu,+902323686995,Kuaför / Berber
Mavişehir Functional Training,+905557034559,Kuaför / Berber
FLEXFİT FİTNESS & SPA MERKEZİ,+902329359306,Kuaför / Berber
Big Power Fitness Center,+905324478789,Kuaför / Berber
Mk Pilates Yoga,+905543214123,Pilates / Yoga
Punch Fight Club Karşıyaka,+905437357973,Kuaför / Berber
NOİFİT EMS FITNESS (KARŞIYAKA),+905335635035,Kuaför / Berber
Fit For Street Spor Salonu,+905368547512,Kuaför / Berber
ZAVİPTRAİNİNG,+905424093535,Kuaför / Berber
Sky Gym,+905536763029,Kuaför / Berber
Fitness City spor salonu( karşıyakada spor salonu)gym,+905543340104,Kuaför / Berber
KaptanFit Wellness Spor Salonu,+905528333540,Kuaför / Berber
Personal Trainer Karşıyaka Bostanlı Hakan Spor Studio,+905543473226,Kuaför / Berber
Fit Form Sport Center,+902323828239,Kuaför / Berber
Spor Fit,+905558389447,Kuaför / Berber
CrossFit Karşıyaka - Official Hyrox Club,+905322979795,Kuaför / Berber
İzmir Karuna Yoga,+905455318775,Pilates / Yoga
the line sports center,+905537197157,Kuaför / Berber
Cumhuriyet Mahallesi Spor Salonu,+902323614501,Kuaför / Berber
İris Spor Akademisi Karşıyaka,+905336075926,Kuaför / Berber
The Best Spor Salonu,+902323692945,Kuaför / Berber
1912 Zühtü Işıl Spor Salonu,+905495220255,Kuaför / Berber
Azim Spor Kulübü,+905059708698,Kuaför / Berber
Fisiodem,+905312668388,Psikolog / Terapist
Karşıyaka İstikrar Gelişim Spor Kulübü,+905353161288,Kuaför / Berber
MOW FIT,+905385446861,Kuaför / Berber
Kemalpaşa - Güzellik Merkezi,+902327105053,Güzellik Salonu
Birgül Gülak Güzellik Salonu,+905074883646,Güzellik Salonu
Aylin Kuaför,+902328780256,Güzellik Salonu
ELA AKTAŞ TIRNAK STÜDYOSU,+905510576510,Güzellik Salonu
Leyla & berfin Beauty makeup studio,+905301492904,Güzellik Salonu
AYSUN CANAY KUAFÖR SALONU,+905308298564,Kuaför / Berber
Çağla Kuaför ve Güzellik Salonu,+905413037519,Güzellik Salonu
Madame Cocosh,+905374509295,Güzellik Salonu
MELEK KÖSE GÜZELLİK SALONU,+905382279563,Güzellik Salonu
Gamze Kuafor Ve Guzellik Salonu,+905533100473,Güzellik Salonu
MS Beauty Center,+905300933508,Güzellik Salonu
Su Güzellik Salonu,+905077730125,Güzellik Salonu
Tuşba kuaför salonu,+905393490197,Kuaför / Berber
Leydi Kuaför,+902328782531,Kuaför / Berber
SEM KUAFÖR,+905520272572,Kuaför / Berber
Meltem Özen Beauty Güzellik Salonu,+905464540805,Güzellik Salonu
Kuaför Aziz,+902328789090,Kuaför / Berber
sude budak haır& makeup studıo,+905386990835,Güzellik Salonu
Aysun hair makeup,+902328787817,Güzellik Salonu
Açelya Bayan Kuaförü,+905362515844,Kuaför / Berber
Saloon Talha,+905466233835,Kuaför / Berber
seraparaztürbantasarım,+905388690786,Güzellik Salonu
Merve Kuaför Ve Güzellik Salonu,+902328787969,Güzellik Salonu
Sevda duman bayan kuaförü,+905305283935,Güzellik Salonu
Dilan güçlü güzellik merkezi,+905324596935,Güzellik Salonu
Assya Güzellik Merkezi Kemalpaşa Şubesi,+905528224004,Güzellik Salonu
Serena Güzellik Salonu,+902328780111,Güzellik Salonu
İZ Güzellik Salonu,+905525021213,Güzellik Salonu
RA Saç Tasarım & Güzellik Salonu,+905551807836,Güzellik Salonu
NDÜ Pilates Studio,+905466858201,Pilates / Yoga
M&B PRIVATE BERBER,+905528141335,Kuaför / Berber
Saloon Tekdemir,+905535721858,Kuaför / Berber
Zeki Kuaför,+902328780151,Kuaför / Berber
A&A Erkek Kuaför Salonu,+905066273004,Kuaför / Berber
Laskaris erkek berber salonu,+905432569883,Kuaför / Berber
Salon permanent,+905392004743,Kuaför / Berber
Firdevs Kuaför,+905064138711,Kuaför / Berber
Figen Kuaför,+902328788604,Kuaför / Berber
Mia Life Güzellik Merkezi Kemalpaşa,+905010287511,Güzellik Salonu
Hercules Gym Studio,+905529486027,Kuaför / Berber
Rose Bloom Yaşam ve Güzellik Merkezi,+905300489762,Güzellik Salonu
CC ELEGANT GÜZELLİK MERKEZİ,+905540245980,Güzellik Salonu
Slimfit Estetik Kemalpaşa,+905529468444,Güzellik Salonu
Destina Bayan Güzellik Salonu,+902328789212,Güzellik Salonu
Kemalpaşa Eslina Estetik Güzellik ve Yaşam Merkezi,+905334314540,Güzellik Salonu
Saloon Aydın,+905546900205,Kuaför / Berber
Hakan Şahin berbers club,+905545128573,Kuaför / Berber
SALON ELITE COIFFURE KEMALPASA,+902328786667,Güzellik Salonu
Salon Gökhan,+905399235739,Kuaför / Berber
Bulut kuaför,+905074119574,Kuaför / Berber
AD HAIR STUDIO,+905530009850,Kuaför / Berber
Elif kuaför,+905522017622,Kuaför / Berber
Bay Mavi Erkek Kuaförü,+905079404558,Kuaför / Berber
Nefertity Bayan Kuaförü,+902327822544,Kuaför / Berber
Kuaför 2000,+902328781970,Kuaför / Berber
Onur Erkek Kuaförü Hair Design,+905522397560,Kuaför / Berber
Salon Idris duman,+905321319282,Kuaför / Berber
BERBER BERAT ŞAHİN,+905459853519,Kuaför / Berber
Beyza Keklik Hair Make up Studio,+905541684265,Kuaför / Berber
Life Fit,+905326102239,Kuaför / Berber
BÜŞRA YILDIRIM BEAUTY SALON,+905011528335,Güzellik Salonu
Hilal Subaşı Makeup Studio,+905535315675,Güzellik Salonu
Erdal anli,+905050183236,Kuaför / Berber
Gençlik kuaför,+905325995930,Kuaför / Berber
Kuaför Kadir,+905542763655,Kuaför / Berber
Kuaför Sezai,+905384229267,Kuaför / Berber
Gamze bayan kuaförü,+905075138432,Kuaför / Berber
Saloon Songül,+905523353225,Kuaför / Berber
TİRYAKİ BERBER SALONU,+905379201675,Kuaför / Berber
FM sactasarimi kuaför FATMA ÇAKIROĞLU,+905432244362,Kuaför / Berber
BARBEY erkek kuaförü,+905383138038,Kuaför / Berber
Kardeşler kuaför,+905458314057,Kuaför / Berber
Uğur& yılmaz pt stüdyosu,+905071633270,Kuaför / Berber
AniMall Pet Kuaför & Pet Shop,+905389157772,Kuaför / Berber
Ezgiyildirim nailart beauty center,+905536262850,Güzellik Salonu
SlimWorld Kemalpaşa,+905367754096,Kuaför / Berber
MGÇ PILATES,+905307861162,Pilates / Yoga
Kemalpasa agiz ve dis sagligi poliklinigi,+905348912305,Diş Kliniği
Fizyoterapist Büşra Günay | Özel Sağlık Meslek Hizmet Birimi,+905537180035,Psikolog / Terapist
FİZYO YAŞAM PARK Fizyoterapist Ahmet Özçelik,+905067157999,Psikolog / Terapist
Sporiumpark Fitness,+902328780067,Kuaför / Berber
Gülerterapi Psikolojik Danışmanlık Merkezi,+905054203835,Psikolog / Terapist
Fizyoterapist Kaan ÖZER - Fizyoterapist Sevim GÜMÜŞ ÖZER ÖZEL SAĞLIK MESLEK HİZMET BİRİMİ,+905535588963,Psikolog / Terapist
Özel Dent İdea Ağız ve Diş Sağlığı Polikliniği,+902328784332,Diş Kliniği
ZC ELEGANT GÜZELLİK MERKEZİ,+905528766654,Güzellik Salonu
Kiraz Dent Ağız ve Diş Sağlığı Polikliniği,+905462369963,Diş Kliniği
Sevikler erkek kuaförü,+905073214277,Kuaför / Berber
Dr. Aydın Erkurt,+905324264198,Diğer (Sağlık & Bakım)
Diyetisyen Rümeysa Bektaş Fonksiyonel Beslenme ve Diyet Merkezi,+905333277724,Diyetisyen
Yapboz beauty center,+905375484913,Güzellik Salonu
RABİA HAN Estetik Güzellik Merkezi,+905433587492,Güzellik Salonu
Merve KARABOĞA Psikolojik Danışmanlık Merkezi,+905456733959,Psikolog / Terapist
Nif Psikoloji Merkezi,+905549921997,Psikolog / Terapist
UZMAN PSİKOLOG HATİCE COŞKUN,+905523418688,Psikolog / Terapist
"Psk. Dan. Gözde İstanbullıoğlu, Psikolojik Danışma ve Rehberlik",+905079323656,Psikolog / Terapist
İZMİR KEMALPAŞA ÖZEL SAĞLIK MESLEK HİZMET BİRİMİ KLİNİK PSİKOLOG,+905305692477,Psikolog / Terapist
ST Dent Ağız ve Diş Sağlığı Polikliniği,+905056779890,Diş Kliniği
Diş Hekimi Ceren ÜNAL ÖNÜR,+905401813521,Diş Kliniği
Diyetisyen Merve AKAY,+905308513565,Diyetisyen
Diyetisyen Gülnur Tezcan Çam,+905537062701,Diyetisyen
FNG SAĞLIKLI YAŞAM VE DİYET MERKEZİ,+905383785264,Diyetisyen
Diyetisyen Seher Yaşar,+905314635001,Diyetisyen
Dinamik Hareket Eğitim Merkezi ve Genel Cimnastik,+905304340835,Kuaför / Berber
Gamzereformerpilatesstudio,+905536048853,Pilates / Yoga
Power fitness club,+905473852525,Kuaför / Berber
GYM Plus+,+905060250990,Kuaför / Berber
Pilates Aslı Reformer Stüdyo,+905534537149,Pilates / Yoga
Port Pilates Factory,+902322466646,Pilates / Yoga
Şimşek GYM,+905074949895,Kuaför / Berber
FSA Pilates Studio,+905013375835,Pilates / Yoga
Cadde Kuaför,+905070527626,Kuaför / Berber
Hülya Kuaför Güzellik Salonu,+905016104300,Güzellik Salonu
ARI KARDEŞLER KUAFÖR VE GÜZELLİK SALONU,+905436338365,Güzellik Salonu
EvaJadem Soma /kınık,+905356720780,Güzellik Salonu
ÇINAR ERKEK KUAFÖRÜ,+905011536651,Kuaför / Berber
Hair Artist Cemal Aydın,+905315407213,Kuaför / Berber
Berber Soner,+905303047377,Kuaför / Berber
Naz Art Nails,+905464320535,Güzellik Salonu
Nail Art Öykü,+905529190608,Güzellik Salonu
Angelique Güzellik Salonu,+905313686151,Güzellik Salonu
İnna Kuaför ve Nail Art,+905050814782,Güzellik Salonu
Yelki’ss Tırnak Stüdyosu,+905052647261,Güzellik Salonu
NEKK Makeup - Hairstyle & Beauty,+905551874045,Güzellik Salonu
Uzm. Psikolog Yağız OĞUZHAN / İzmir,+905326658080,Psikolog / Terapist
"Uzm. Dr. Arzu Dalmış, Psikiyatrist & Psikoterapist",+905545516588,Psikolog / Terapist
Yankı Psikoloji | Antalya Psikolog,+905516282763,Psikolog / Terapist
bazinga tattoo piercing,+905464404111,Dövme & Piercing
Got Ink?,+905071222658,Dövme & Piercing
Emre ALTIN Tattoo & Piercing,+905444700533,Dövme & Piercing
Tayfun Bilgen Tattoo Studio,+905558742780,Dövme & Piercing
Diyetisyen Halime Akdoğan - Akhisar Beslenme & Diyet Danışmanlığı,+905071861819,Diyetisyen
Diyetisyen Deniz Ece Dudu Sarıca,+905326410684,Diyetisyen
Diyetisyen Ece Kanık Beslenme Danışmanlığı,+905325745868,Diyetisyen
Diyetisyen Hatice Nur Ege Diyet Merkezi,+905531603445,Diyetisyen
Diyetisyen Sevgi Gökçen Erkün,+905322090469,Diyetisyen
Diyetisyen Sevcan İnci,+905074722715,Diyetisyen
DİYETİSYEN NİHAL YILDIZ BESLENME MERKEZİ,+905465431308,Diyetisyen
Dyt. Mahir Tekgöz İzmir İştah Kapatma - Diyetm İzmir,+905404760052,Diyetisyen
Diyetisyen İrem Nida Atik,+905418439443,Diyetisyen
Diyetisyen Poyraz Aydaş | Manisa Diyetisyen | Sporcu Diyetisyeni,+905068072552,Diyetisyen
Thera Vita İzmir Alsancak Wellbeing Community,+905421078277,Diğer (Sağlık & Bakım)
Diyetisyen Ayşen Gülşen Beslenme ve Diyet Danışma Merkezi,+905414079368,Diyetisyen
Uzman Diyetisyen Aslı Kınsız,+905363522253,Diyetisyen
Formidea Sağlıklı Yaşam ve Diyet Danışmanlığı - Klinik Reformer Pilates - Akhisar Diyetisyen Betül Anamas Sülen,+905413685080,Diyetisyen
DİYETİSYEN ŞEYDA ÖNCEL,+905076754445,Diyetisyen
DİYETİSYEN DERYA ZÜNBÜLCAN KEYİFLE ZAYIFLAMANIN MERKEZİ,+902324643070,Diyetisyen
Diyetisyen Görkem Gül,+905318894434,Diyetisyen
Diyetisyen Nuriye ŞAHİN,+905078485484,Diyetisyen
Diyetisyen Betül Karataş Uygun,+905060916754,Diyetisyen
Şule Aydın Sağlıklı Yaşam Merkezi,+905438732208,Diyetisyen
Uzman Diyetisyen Şeyma İşlek,+905383938686,Diyetisyen
Uzman Diyetisyen Tuğba Küçükbay - Beslenme Ve Wellness,+908504747871,Diyetisyen
Melek Nur Bolışık Beslenme ve Diyet Danışmanlığı,+905370200907,Diyetisyen
Diyetisyen Berna Yalçın,+905356828807,Diyetisyen
Diyetisyen Şevval Çiçek,+908508110452,Diyetisyen
"Diyetisyen Melisa Şentürk, Beslenme ve Diyet Danışmanlığı,MUYTERAPİ, EMS BODY PRO, DETOX BODY ,ANDULASYON TERAPİ",+905543615839,Psikolog / Terapist
Diyetisyen Kübra BİNGÜLER Beslenme ve Diyet Danışmanlığı,+905455234938,Diyetisyen
Diyetisyen Nil KANAT,+905447804623,Diyetisyen
Özlem UÇAR ATEŞ Pilates stüdyo,+905074951203,Pilates / Yoga
Dips Fitness Center,+905385879815,Kuaför / Berber
Sevgi Beauty,+905433834352,Güzellik Salonu
SALON LEVENT KİRAZ,+905332327579,Kuaför / Berber
Güder Bay Kuaförü,+905494981974,Kuaför / Berber
Star berber,+905306131009,Kuaför / Berber
Kiraz Bayan Kuaförü,+905348998897,Kuaför / Berber
Hep-Şen Erkek Kuaförü,+905357014120,Kuaför / Berber
İmaj Kuaför Mehmet,+905546730045,Kuaför / Berber
Şengün erkek kuaförü,+905064222214,Kuaför / Berber
Cev Dövme Malzemeleri / Tattoo Supply,+905518702221,Dövme & Piercing
ideal tattoo & piercing,+905543790386,Dövme & Piercing
Vegvisir Art Tattoo,+905333079135,Dövme & Piercing
Celsus Tattoo ve Piercing Studio,+905459306469,Dövme & Piercing
Rg.ink_,+905437400571,Dövme & Piercing
Wizart Tattoo Studio,+905520795829,Dövme & Piercing
Nazilli Tattoo Piercing®️,+905076120034,Dövme & Piercing
Ays.ink Tattoo,+905070042972,Dövme & Piercing
Nazilli09ink Dövme Piercing Dükkanı,+905368116706,Dövme & Piercing
EFE INK TATTOO PIERCING,+905321569530,Dövme & Piercing
Tattoo izci art studio,+905305657375,Dövme & Piercing
LineHouse Tattoo & Design,+905425300948,Dövme & Piercing
Grimmer Tattoo,+905347703541,Dövme & Piercing
Krios Tattoo,+905346462596,Dövme & Piercing
Boss Tattoo Denizli,+905077900722,Dövme & Piercing
ESMER TATTOO & PİERCİNG LAZER,+905050451677,Dövme & Piercing
Konigsrasse Tattoo & Piercing,+905079754770,Dövme & Piercing
Denizli DOMİNO TATTOO & PİERCİNG Stüdyo,+905377381213,Dövme & Piercing
Renika Tattoo,+905462614419,Dövme & Piercing
Tibet Tattoo & Piercing,+905323546382,Dövme & Piercing
Avvare Art & Tattoo,+905431493435,Dövme & Piercing
Redline Tattoo,+905413669064,Dövme & Piercing
Manisa Dövme,+905532227373,Dövme & Piercing
Anka Tattoo Ink Studio Denizli dövmeci,+905070538514,Dövme & Piercing
STELLA TATTOO & PİERCİNG,+905078239471,Dövme & Piercing
Casper Tattoo - Dövme,+908502219165,Dövme & Piercing
Mia Porfiria Ink Tattoo&Piercing Studio,+905070060169,Dövme & Piercing
Bozköy Ink Tattoo Piercing,+905326739045,Dövme & Piercing
ONUR ARAÇ TATTOO ART,+905364254436,Dövme & Piercing
İkizler tattoo,+905527061801,Dövme & Piercing
Stark Ink Tattoo Piercing,+905456596009,Dövme & Piercing
Tattoo20th dövme stüdyosu,+905533530073,Dövme & Piercing
Inkra Tattoo Studio,+905439087925,Dövme & Piercing
Su Tattoo (Ayşesu) Denizli Dövme,+905533061717,Dövme & Piercing
Pamukkale Tattoo | Denizli Dövmeci | Dilek Akçaöz,+905550494989,Dövme & Piercing
Think Art Tattoo Studio,+905069090327,Dövme & Piercing
Nazilli Tattoo By Şevket,+905455174545,Dövme & Piercing
Diyetisyen Mehmet Kiraz Özel Sağlık Meslek Hizmet Birimi,+902522120400,Diyetisyen
Diyetisyen Sevilay Çalkur,+905522122907,Diyetisyen
Virtus Spor Salonu,+905050860536,Kuaför / Berber
Shine Beauty By Nevin Çınar | Konak Güzellik Salonu,+905556046184,Güzellik Salonu
Maya Beauty Bay ve Bayan Güzellik Salonu,+905439114388,Güzellik Salonu
Nadya Güzellik Salonu,+905010616243,Güzellik Salonu
İzmir Vip Güzellik,+905324109230,Güzellik Salonu
İlayda Güzellik Salonu,+902322555958,Güzellik Salonu
ADEN GÜZELLİK SALONU,+905537249714,Güzellik Salonu
Güneş Güzellik,+905383128816,Güzellik Salonu
MAY MERAL YAĞINLI BEAUTY HOUSE | izmir epilasyon | zayıflama | cilt bakımı / izmir lazer epilasyon | iğneli epilasyon |,+905453260874,Güzellik Salonu
Semra Akgün Saç Tasarım ve Güzellik Salonu,+905533923440,Güzellik Salonu
SİSTA Güzellik Salonu by Nazlıcan Arslan,+905326689324,Güzellik Salonu
SerSed Güzellik Salonu,+905376812004,Güzellik Salonu
Parla Güzellik Salonu,+905461491203,Güzellik Salonu
Hollywood Beauty Concept Kuaför Güzellik Makyaj Tırnak Alsancak Kuaför,+905551051923,Güzellik Salonu
Nuray Manikür & Pedikür Sir Salonu,+902322626111,Güzellik Salonu
esra alpaslan güzellik ve tırnak salonu,+905335110084,Güzellik Salonu
Enza Güzellik Merkezi Konak,+905060353502,Güzellik Salonu
"Beauty_center_Günay - Saç kesimi, Manikür, Pedikür, Kirpik",+905374164870,Güzellik Salonu
Liparis Güzellik İzmir Şube,+905436983527,Güzellik Salonu
Esma Tarım Güzellik Salonu,+905300707298,Güzellik Salonu
ZK Estetik Ve Güzellik Salonu,+902322909294,Güzellik Salonu
By Sadettin Kuaför,+905412322231,Kuaför / Berber
Janine Güzellik Salonu,+902324217506,Güzellik Salonu
Napless Epilasyon Güzellik Salonu,+905442321102,Güzellik Salonu
IMMORTAL BEAUTY GÜZELLİK SALONU | İzmir Güzellik Merkezi,+905545956869,Güzellik Salonu
Suwia Güzellik Salonu,+905016826535,Güzellik Salonu
Şeniz Çelik Güzellik Merkezi,+902324631045,Güzellik Salonu
Esila Nail Studio - Güzellik Salonu Alsancak,+905512808830,Güzellik Salonu
Sibel Güzellik Salonu,+905078645747,Güzellik Salonu
CliniqueS Güzellik Merkezi,+905367444477,Güzellik Salonu
Sevgi Güzellik Salonu,+905384056506,Güzellik Salonu
Ay Güzellik Salonu,+905374354690,Güzellik Salonu
Sevim Alan İzmir Konak,+905444907645,Güzellik Salonu
imperial İzmir Alsancak,+905322301091,Güzellik Salonu
Svalin Güzellik Salonları,+905350333303,Güzellik Salonu
Valira Saç Bakımı ve Güzellik Salonu,+905451329311,Güzellik Salonu
Pur'Elegance Güzellik Salonu,+905379643235,Güzellik Salonu
bayan kuaförü by cihan,+905468011780,Kuaför / Berber
Fatma Demirkol Kuaför ve Güzellik Salonu,+905551432436,Güzellik Salonu
Ema Beauty İzmir,+905325150980,Güzellik Salonu
Nisa Güzellik Salonu,+905393854041,Güzellik Salonu
Cest La Vie Güzellik Salonu,+905541414388,Güzellik Salonu
NS NUR&SİNEM Kuaför Güzellık Salonu,+902322327303,Güzellik Salonu
Ra Güzellik Salonu,+902324220177,Güzellik Salonu
Sultans Derm Güzellik Salonu,+905416329707,Güzellik Salonu
"Volley Spa,Konak İzmir spa merkezi,Konak İzmir masaj salonu Konak İzmir Sağlık Merkezi",+905317044535,Kuaför / Berber
Melih Yavuz Makeup Studio,+905523766872,Güzellik Salonu
Miracle Güzellik,+902324220818,Güzellik Salonu
Alp güzellik merkezi,+905064805547,Güzellik Salonu
Rezan Pekdoğan Art&Beauty - İzmir Güzellik Merkezi,+905538876716,Güzellik Salonu
SWEET TOUCH HAİR & NAİL GÜZELLİK SALONU,+905325830336,Güzellik Salonu
Görsel Güzellik Salonu,+902324644749,Güzellik Salonu
BGS Bloom Güzellik Salonu,+905076561316,Güzellik Salonu
Sibella Güzellik Klinigi,+905558989441,Güzellik Salonu
En İyi Güzellik Merkezi Alsancak Beauty Balance İzmir,+905432211353,Güzellik Salonu
Tansu Bozkurt Saç Kaynak Ve Güzellik Salonu,+905321391543,Güzellik Salonu
Yasemen Güzellik Merkezi,+902324227103,Güzellik Salonu
Ali Kaygısız Kuaför,+905545344589,Kuaför / Berber
Medikey Beauty,+905314971190,Güzellik Salonu
İzmir Kuaförler Manikürcüler Ve Güzellik Salonu İşletmecileri Odası,+902324454426,Güzellik Salonu
Ayvalık Güzellik Salonu,+902324225890,Güzellik Salonu
Belans Güzellik Salonu,+905541282269,Güzellik Salonu
Okan Sibel Bayan Kuaför Salonu,+905412110259,Kuaför / Berber
Kuaför Kaan hair desing,+905531547045,Kuaför / Berber
Madlen Kuaför & Güzellik salonu,+905395631547,Güzellik Salonu
Elina güzellik Merkezi,+905549156931,Güzellik Salonu
Beyaz Düşler Masaj Salonu & Spa,+905372152247,Kuaför / Berber
Miss Güzellik Salonu,+905461920617,Güzellik Salonu
Fulyam Spa & Masaj Salonu,+905339163145,Kuaför / Berber
Divine Beauty Club,+902324638822,Güzellik Salonu
Estelife,+902324225646,Güzellik Salonu
S4 Hair Studyo,+905382899285,Kuaför / Berber
Kapris Güzellik Salonu,+905333184244,Güzellik Salonu
NAZLI YALÇINKAYA BEAUTY CENTER,+905511770718,Güzellik Salonu
Sam Kuaför,+905336602721,Kuaför / Berber
Salon Ömer,+905465854380,Kuaför / Berber
Serap Kartal güzellik salonu,+905448699449,Güzellik Salonu
Işıl Işıl Güzellik Salonu,+905326434174,Güzellik Salonu
Eros Bay Bayan Kuaförü & Güzellik Salonu,+902322921056,Güzellik Salonu
Hicran Acat Güzellik Salonu,+905424645720,Güzellik Salonu
Kuaför Fuat Güzellik Salonu,+905372514615,Güzellik Salonu
Masal Güzellik Salonu,+905070610565,Güzellik Salonu
Ayşe Güzellik Salonu,+905332669490,Güzellik Salonu
Nalan güzellik salonu,+905323745729,Güzellik Salonu
Le Badan Spa & Wellness,+905421993519,Diğer (Sağlık & Bakım)
The Saloon,+905323852955,Kuaför / Berber
NAMIK KOÇ KUAFÖR,+905068649288,Kuaför / Berber
Saloon Oktay,+905323942101,Güzellik Salonu
MD Saç Tasarım,+902322443973,Kuaför / Berber
Şanlı Bayan Kuaförü,+905537731745,Kuaför / Berber
Coiffeur Serkan,+902324643824,Kuaför / Berber
Neşe KUAFÖR,+905059778080,Kuaför / Berber
FE KUAFÖR HAİR & MAKE UP Fatma Çetinkaya,+905542849188,Kuaför / Berber
Hülyam Kuaför,+905534807262,Kuaför / Berber
ALSANCAK SAlon Saç Makas Ferit Yeter,+905536633748,Kuaför / Berber
Kuaför Ali,+905436276384,Kuaför / Berber
Fatoş Kuaför,+902322567800,Kuaför / Berber
Serkant kuaför,+902322623909,Kuaför / Berber
Kuaför Ümit,+905356054980,Kuaför / Berber
Özer Kuaför,+902324215838,Kuaför / Berber
İzmir Deniz Bayan Kuaförü,+905418035922,Kuaför / Berber
The West Hair Studio,+905070596650,Kuaför / Berber
Harun Kuaför,+902324833002,Kuaför / Berber
City Kuaför,+905554681733,Kuaför / Berber
Ufuk İLHAN Saç Tasarım,+902324251683,Kuaför / Berber
Efes Kuaför,+902324632391,Kuaför / Berber
SUAT ERDOĞAN HAİR STİLİST KUAFÖR,+905531827295,Kuaför / Berber
SK hair studio,+905558131244,Kuaför / Berber
Tahirdastanhairdesign,+905301822270,Kuaför / Berber
Bayan Kuaförü Bircan,+902322610013,Kuaför / Berber
Cadde Kuaför,+902324838960,Kuaför / Berber
Şebnem Kuaför,+902322286319,Kuaför / Berber
Studio Neo Kuaför,+905303101593,Kuaför / Berber
Kuaför Miracle Hair,+902324216621,Kuaför / Berber
Bayan Kuaför,+905331431702,Kuaför / Berber
Toprak Şeker İzmir,+902325027272,Kuaför / Berber
Barış & Murat Kuaför,+902324211033,Kuaför / Berber
Hüseyin Mustafa Kuaför,+905531234431,Kuaför / Berber
Flora Coiffeur Serkan 1,+905079180101,Kuaför / Berber
Enver Kuaför,+902324217487,Kuaför / Berber
Candan Kuaför,+905399773818,Kuaför / Berber
By ilhan Kuaför,+902324892150,Kuaför / Berber
Studio No 35 Hair Design,+905393882000,Kuaför / Berber
Fia Coiffeur Alsancak,+902326832068,Kuaför / Berber
Semam Bayan Kuaförü,+905077392368,Kuaför / Berber
Can kuaför,+902324454454,Kuaför / Berber
By Fatih Erkek Kuaförü,+905383591192,Kuaför / Berber
İzmir's Bayan Kuaförü,+905074732186,Kuaför / Berber
Renk Kuaför Emre,+902324223001,Kuaför / Berber
Star Kuaför,+905334988161,Kuaför / Berber
Art Hair Bay Kuaför Salonu,+905309282717,Kuaför / Berber
KUAFÖR AYLİN MUZAFFER,+902324259232,Kuaför / Berber
Salon Magic Hair,+902322670205,Kuaför / Berber
Orhan Fide Kuaför,+902324636112,Kuaför / Berber
Palmiye Kuaför,+902324258321,Kuaför / Berber
Paşam Kuaför,+905526872817,Kuaför / Berber
Taylan Erkek Kuaförü,+905075570440,Kuaför / Berber
BEYEFENDİ SAÇ TASARIM VE KUAFÖR,+902324411313,Kuaför / Berber
Kuaför Canan,+905365430206,Kuaför / Berber
Kuaför Gülsüm (Makbule Tamer),+902324895768,Kuaför / Berber
Canan & Meryem Kuaför,+902322565232,Kuaför / Berber
Kuaför Smyrna,+902324637707,Kuaför / Berber
Eda Kuaför,+905558123005,Kuaför / Berber
UNİQUE Güzellik&Tırnak stüdyo,+905319267435,Güzellik Salonu
Dilek Duygu Dinçer Tırnak Stüdyosu,+905529243557,Güzellik Salonu
"Izmir Manikür Pedikür Tırnak Salonu - Nail Art Studio - Kalıcı oje, Tırnak Güçlendirme",+905396541782,Güzellik Salonu
Aurora Nail Studio,+905531622190,Güzellik Salonu
ÇİĞDEM KOÇAK NAIL STUDIO,+905327020385,Güzellik Salonu
HOTMADE NAILS,+905349421886,Güzellik Salonu
Violet Nail Studio,+905426411286,Güzellik Salonu
İPEK KİRPİK AŞKI,+905529207445,Güzellik Salonu
Nail Room by Çise,+905468868440,Güzellik Salonu
Öznur Göler Beauty,+905385260927,Güzellik Salonu
Simila Güzellik Salonu,+905336296993,Güzellik Salonu
Beril Nail Studio | Protez Tırnak & Kalıcı Oje,+905012650399,Güzellik Salonu
Tuğçe Toprak Kaş Kirpik,+905079508348,Güzellik Salonu
Sorella Beauty&Nail,+905069050970,Güzellik Salonu
Kui Kui nail studio,+905456446968,Güzellik Salonu
Buse Ersan Beauty Center,+905541135025,Güzellik Salonu
Risee Beauty Studio,+905528179985,Güzellik Salonu
Alsancak Tırnak Center,+905334305536,Güzellik Salonu
Filiz Poyraz Nail Art Studio,+905524038416,Güzellik Salonu
NAIL LAB stüdyo,+905056236831,Güzellik Salonu
Sihirliellernails Üçyol,+905362484214,Güzellik Salonu
Noc Nail,+905067353662,Güzellik Salonu
Double S Nail Art Studio,+905050500730,Güzellik Salonu
Sibel Mete Nail Studio,+905063328350,Güzellik Salonu
Emotion Nail Art Studio,+905537862529,Güzellik Salonu
PINAR ÖKMEN HAİR MAKEUP,+905307833703,Güzellik Salonu
Diora Beauty Studio,+905551627303,Güzellik Salonu
Gamze Kurt Beauty,+905310893598,Güzellik Salonu
Beauty Club İzmir,+905050651511,Güzellik Salonu
GÜLNAZ YILMAZ BEAUTY HOUSE | İZMİR DERMAPEN | CİLT BAKIMI /HYDROFACİAL CİLT YENİLEME /PLAZMAPEN,+905530745622,Güzellik Salonu
Mila Beauty Care | Lazer Epilasyon | Cilt Yenileme | Bölgesel İncelme | Kalıcı Makyaj,+902326832423,Güzellik Salonu
Müberya Sağlam Makeup Studio Alsancak,+905437829535,Güzellik Salonu
ARTİZ BEAUTY ALSANCAK,+902322024276,Güzellik Salonu
Smyrna Beauty Güzellik Salonu,+905334878214,Güzellik Salonu
Mono Beauty,+905541248790,Güzellik Salonu
CV Beauty Center,+905422677595,Güzellik Salonu
Cm beauty izmir,+905058326980,Güzellik Salonu
ÖZLEM YILDIRIM BEAUTY✨,+905324518888,Güzellik Salonu
MS Beauty Club,+905494025846,Güzellik Salonu
Nurella Beauty House,+905379160932,Güzellik Salonu
Ada Demirkoparan Beauty Center,+905517212023,Güzellik Salonu
MeWe Beauty Parlor,+902326835292,Güzellik Salonu
Selen Beauty Güzellik Merkezi,+905380921981,Güzellik Salonu
Ays Beauty Alsancak,+905330944638,Güzellik Salonu
Melis Çetin Beauty,+905335930162,Güzellik Salonu
Phibrows Gözde Gürlen Beauty Studio,+905532209807,Güzellik Salonu
Vanilla Beauty,+902324844181,Güzellik Salonu
ivany beauty center,+905461144464,Güzellik Salonu
DERYA DALGIÇ Hair & Makeup Studio,+905384417601,Güzellik Salonu
La Piel Angels Beauty & Güzellik,+902325011144,Güzellik Salonu
By Bahattin Çoban Saç Tasarım,+905453470225,Kuaför / Berber
Gamze Yaman Beauty,+905536052859,Güzellik Salonu
Birce Plus Kaş Tasarım & Güzellik Estetik,+902324630530,Güzellik Salonu
Tülay Özsoy Hair & Beauty Studio,+905376194835,Güzellik Salonu
Mediderm Lazer Epilasyon İzmir,+902324642200,Güzellik Salonu
LUMİ KAMUFLAJ ESTETİK BEAUTY,+905401174707,Güzellik Salonu
İzmir Klinik,+905396544726,Güzellik Salonu
CEMİLE KARHAN ESTETİK VE GÜZELLİK,+905076421222,Güzellik Salonu
Özel Mayasante İzmir Polikliniği | İple Yüz Germe - Lazer Epilasyon - Çene Dolgusu - Dudak Dolgusu,+902327000777,Güzellik Salonu
Şilan Yurteri Estetik Güzellik,+905464678533,Güzellik Salonu
Op. Dr. Özgür Sunay,+902322905757,Güzellik Salonu
Este Cln,+902324210889,Güzellik Salonu
Rota Alsancak Estetik,+902324049393,Güzellik Salonu
Essi Güzellik Merkezi Alsancak,+902324220800,Güzellik Salonu
N Beaute,+905373066445,Güzellik Salonu
"Prof. Dr. Yiğit Ö. Tiftikcioğlu | Meme Estetiği | Rinoplasti | Estetik Cerrahi, İzmir",+905325752088,Güzellik Salonu
Özel Essi Polikliniği (Alsancak),+905422805502,Güzellik Salonu
Op. Dr. Mehmet Onur Öztürk,+905404964777,Güzellik Salonu
Form Club Spa Estetik Ve Güzellik Merkezi,+905445636763,Güzellik Salonu
Doç. Dr. Hakan Kerem | İzmir Meme Büyütme | İzmir Meme Küçültme| İzmir Estetik Cerrahi,+902324212644,Güzellik Salonu
Nili Estetik ve Danışmanlık,+905534820199,Psikolog / Terapist
By Lady Estetik,+902325020305,Güzellik Salonu
Hypatia Güzellik Merkezi,+905528117045,Güzellik Salonu
Era Estetik,+902324048866,Güzellik Salonu
Dr. Devrim Elmas - Medikal Estetik İşlemler,+905323557881,Güzellik Salonu
Avesta Clinic Güzellik Hizmetleri,+905512393535,Güzellik Salonu
Dr. Mehmet Emin Öznur,+905322877649,Diğer (Sağlık & Bakım)
İzmir Genital Estetik Merkezi - Labioplasti - Vajina Daraltma,+902321000000,Güzellik Salonu
Eldi Health & Beauty,+905395143637,Güzellik Salonu
Op. Dr. Bahadır Özkeskin,+908504333987,Güzellik Salonu
Dr Tuba Kavala Medikal Estetik Hekimi | Biorezonans | Ozon Tedavi | Sigara Bırakma | CGF Kök Hücre | Eksozom Tedavisi | İzmir,+905452903646,Güzellik Salonu
Göktuğ Önder Estetik,+905418065854,Güzellik Salonu
"Göz Doktor Ali Türker çocuk,kapak estetik,laser",+905053572799,Güzellik Salonu
Op. Dr. Nazmi Yoğurtçu,+902322023130,Diğer (Sağlık & Bakım)
"Nora Medikal, Estetik Kozmetik ve Tıbbi Cihaz Distribütörü",+902324454549,Diş Kliniği
Genital Estetik Cerrahisi ve Hpv Genital Siğil Tedavisi İzmir,+902324632363,Güzellik Salonu
Prof. Dr. Bilsev İnce Estetik Cerrahi Kliniği,+905067634623,Güzellik Salonu
CMYK SAĞLIK HİZMETLERİ izmirde liposuction,+902323361729,Güzellik Salonu
"Op. Dr. Mine Tüzel İzmir Kadın Doğum Uzmanı,Gebelik Takibi Bioeşdeğer Hormon tedavisi,, Kürtaj,Ozon,Medikal Estetik",+905414351525,Güzellik Salonu
Op. Dr. Yücel Birinci / KBB Uzmanı / BİRİNCİ Klinik / İzmir Burun Estetiği,+905458818021,Diğer (Sağlık & Bakım)
Mola Lazer Epilasyon Merkezi Estetik ve Güzellik Hizmetleri Ltd.Şrk İzmir Alsanc,+902324631767,Güzellik Salonu
Dr. Osman Baş | İple Yüz Germe | Fransız Askı | Çene Dolgusu,+905513870097,Diğer (Sağlık & Bakım)
Op. Dr. Özgür Erdem,+905325281103,Güzellik Salonu
Op. Dr. Zeynep KORKMAZ - İzmir Genital Estetik - Labioplasti - Vajinoplasti - Kadın Hastalıkları ve Doğum Uzmanı,+905079484058,Güzellik Salonu
Prp Saç Tedavisi İzmir | Ossi Hair | İzmir Saç Ekimi | Mezoterapi İzmir | PRP İzmir,+905523330673,Psikolog / Terapist
Özel A Plus Polikliniği,+902324646171,Güzellik Salonu
Dental Estetik Ağız ve Diş Sağlığı Polikliniği,+902325024476,Diş Kliniği
Op. Dr Aslı CAN-Op. Dr Günay CAN Estetik Cerrahi ve Kadın Sağlığı Merkezi,+905424308119,Güzellik Salonu
Mire Estetik Güzellik,+902324636374,Güzellik Salonu
Dr. Sema Öngün - Medikal Estetik Hekimi,+905010281970,Güzellik Salonu
Prof. Dr. Cüneyt Özek,+902324650909,Güzellik Salonu
Klinik Psikolog Duygu Ünver,+905533177941,Psikolog / Terapist
Psikoloji Alsancak,+902324163323,Psikolog / Terapist
EMA PSİKOLOJİ DANIŞMANLIK MERKEZİ İZMİR,+905551879193,Psikolog / Terapist
"İzmir Konak Psikolog |Akis Psikoloji | Konak Bireysel Danışmanlık,Aile Danışmanlığı,Çocuk Psikolog Randevu,Oyun Terapisi,",+905437745171,Psikolog / Terapist
Rion Psikoloji - İzmir Psikolog,+905415030507,Psikolog / Terapist
Psikolog Bekir Sakarya | İzmir Psikolog | EMDR | Yetişkin Psikoloğu,+905418817891,Psikolog / Terapist
Menta Psikoloji İzmir - İzmir Psikolog,+905071690305,Psikolog / Terapist
Uzman Psikolog Ecem Çakın | İzmir Psikolog | Çocuk-Ergen-Yetişkin Psikoloğu,+905073388801,Psikolog / Terapist
İzmir/ Psikolog Fatma Demir,+905541276760,Psikolog / Terapist
Klinik Psikolog Emre Bulut Görentaş,+905079125916,Psikolog / Terapist
İzmir Psikolog Gizem Polat,+905526253783,Psikolog / Terapist
İzmir Orjin Psikoloji & Psikolojik Danışmanlık Merkezi,+905515968730,Psikolog / Terapist
Uzman Psikolog Ezgi Bayırlı,+905394525110,Psikolog / Terapist
Klinik Psikolog Zühra Gizem Özer,+908504334171,Psikolog / Terapist
Psikolog Duygu Öz,+905073404527,Psikolog / Terapist
İzmir Psikolog - Melius Psikoloji Merkezi,+905451146040,Psikolog / Terapist
Vega Psikoloji Merkezi,+905525194139,Psikolog / Terapist
Psikolog Kutay Ürkmen,+905326077172,Psikolog / Terapist
"Uzman Klinik Psikolog Ece İŞTEERMİŞ | Alsancak, İZMİR",+905308853035,Psikolog / Terapist
Denge Psikoloji ve Aile Danışma Merkezi,+905322841961,Psikolog / Terapist
Psikolog Eren Can BULUT,+905537162535,Psikolog / Terapist
İzmir Psikolog Raziye Özcan,+905427393633,Psikolog / Terapist
Psikolog Serkan Pozan/ Oda Psikoloji,+905306560632,Psikolog / Terapist
Uzm. Psikolog Cemal Uzun,+905054424180,Psikolog / Terapist
PsikologAyça Anı Atılbaz | İzmir Psikolog | Alsancak Psikoterapi | İlişki ve Boşanma Danışmanlığı,+905421997107,Psikolog / Terapist
İleri Psikoloji,+905422113011,Psikolog / Terapist
İzmir Psikiyatrist Uzm. Dr. Ayşe Nur Oğuz | İzmir Psikiyatri & İzmir Psikoterapist,+905431231018,Psikolog / Terapist
İzmir Çocuk ve Ergen Psikoloğu / Uzman Psikolog Şerifenur Karatepe,+905446480210,Psikolog / Terapist
Psikolog Emre Turan,+905357853605,Psikolog / Terapist
Psikolog Tolgahan Korkmaz,+905316312435,Psikolog / Terapist
ÖZEL VERA AİLE DANIŞMA MERKEZİ - PSİKOLOG & PSİKOLOJİK DANIŞMAN,+905303884830,Psikolog / Terapist
İzmir Psikolog Ve Online Danışmanlık Psk. Öykü Tekiner,+905333003741,Psikolog / Terapist
İzmir Çocuk ve Ergen Psikoloğu - Kids Psikoloji,+905417882099,Psikolog / Terapist
Psikolog İsmail TOK,+905453972284,Psikolog / Terapist
Kök Psikoloji,+905536623313,Psikolog / Terapist
"Uzm. Psikolog Ceren Gökoğlu, Klinik Nörobilim Uzmanı",+905068885788,Psikolog / Terapist
Klinik Psikolog/ Aile Danışmanı İpek Güneş,+902324646252,Psikolog / Terapist
Domino Psikoloji,+905331462662,Psikolog / Terapist
"Psk. Emrah Oğuz, Psikoloji",+905010356432,Psikolog / Terapist
İzmir Psikolog Ve Online Terapi Psk.Yelda Sarıkaya,+908504743731,Psikolog / Terapist
Dia Psikoloji,+905353617931,Psikolog / Terapist
Laris Psikoloji - Psikolog Bella Esin,+905394852118,Psikolog / Terapist
Martı Psikoloji,+905355181208,Psikolog / Terapist
FARK PSİKOLOJİ,+905301327206,Psikolog / Terapist
İzmir Uzman Psikolog | Serap Bilgen,+905522435041,Psikolog / Terapist
İzmir Psikolog | Klinik Psikolog Vildan Bahar Önemli,+905366170511,Psikolog / Terapist
İzmir Psikolog - Kültür Psikoloji,+905532081104,Psikolog / Terapist
İzmir Psikolog Sude Şahin,+905546624362,Psikolog / Terapist
Klinik Psikolog Aygen Gökçay Sancak,+908508118250,Psikolog / Terapist
Klinik Psikolog Gülce Odaman,+905449167366,Psikolog / Terapist
Uzman Klinik Psikolog Aydın Erincik,+908504740358,Psikolog / Terapist
Psikolog Merve Işık,+905519536039,Psikolog / Terapist
"Psikolog İdil Özer, Psikolog Semra Doğan",+905013395659,Psikolog / Terapist
Uzman Psikolog Candan Erker Güven,+902324211110,Psikolog / Terapist
Uzman Klinik Psikolog Aslı Şen (Yıkgeç),+905331677730,Psikolog / Terapist
Derin Psikoloji Nilgün Köstem Pınar Başpınar Can Gmbav,+905332082262,Psikolog / Terapist
Psikiyatrist ve Psikoterapist Evrim Ebru Yılmazer,+905424156090,Psikolog / Terapist
Psikolog Cem Aslıtürk - Kaynak Psikoterapi Alsancak,+905065310339,Psikolog / Terapist
Psikiyatrist Dr. Hakan Tokur,+905428053535,Psikolog / Terapist
Uzman Psikolog Elif Doğru,+905382630208,Psikolog / Terapist
Klinik Psikolog Zeynep Özmeydan,+908508119239,Psikolog / Terapist
Çocuk Ergen Psikoloğu İzmir,+905352086733,Psikolog / Terapist
"Psk. Beste Kalkan Yavuzyuğruk , Alsancak Psikolog",+905551689135,Psikolog / Terapist
Psikolog Çağla Çapar,+905304047933,Psikolog / Terapist
Prof. Dr. Sultan DOĞAN | Alsancakta Psikiyatrist | Alsancakta Depresyon Tedavisi | Alsancakta Çift Terapisti,+905444059221,Psikolog / Terapist
Psikolog Esra Mazlum / Alsancak Çift ve Bireysel Terapi,+905067097601,Psikolog / Terapist
İzmir Psikolog Gizem Kuş,+902322182361,Psikolog / Terapist
Özel Bluedent Ağız Ve Diş Sağlığı Polikliniği,+902322610035,Diş Kliniği
Özel İlke Ağız ve Diş Sağlığı Polikliniği,+902322555155,Diş Kliniği
Lozan Dent Ağız ve Diş Sağlığı Polikliniği,+902324410881,Diş Kliniği
Özel Atlas Dental Ağız ve Diş Sağlığı Polikliniği,+905528308554,Diş Kliniği
Efe Dental Klinik - Ağız ve Diş Sağlığı Polikliniği,+902324633355,Diş Kliniği
Dentstation Ağız ve Diş Sağlığı Kliniği,+905405213535,Diş Kliniği
Özel Ata Ağız ve Diş Sağlığı Polikliniği,+902324648626,Diş Kliniği
"İzmir, Konak Deva Ağız ve Diş Sağlığı Polikliniği - Diş Hekimi, İmplant Diş, Kozmetik Diş, Ortodontist",+905441550035,Diş Kliniği
Yücelen Ağız ve Diş Sağlığı Polikliniği,+905524434240,Diş Kliniği
Özel Hildent Ağız ve Diş Sağlığı Polikliniği,+905354530115,Diş Kliniği
Özel Pearly Ağız ve Diş Sağlığı Polikliniği,+905527919090,Diş Kliniği
Göztepe Ağız ve Diş Sağlığı Polikliniği,+902322472888,Diş Kliniği
Özel İnci Ağız Ve Diş Sağlığı Polikliniği,+905492550504,Diş Kliniği
Özel Gümüşeller Ağız ve Diş Sağlığı Polikliniği,+902324258990,Diş Kliniği
Özel Ctg Ağız ve Diş Sağlığı Merkezi,+905422840347,Diş Kliniği
Denta Rosa Ağız ve Diş Sağlığı Polikliniği,+905323682550,Diş Kliniği
"Ephesus Global Dental - İzmir İmplant ve Çene Cerrahi, Zirkonyum Kaplama, Emaxx Lamina, Gülüş Tasarımı Merkezi",+902324214414,Diş Kliniği
Diş Hekimi İlhan İdiz,+902322277877,Diş Kliniği
İzmir Diş Hekimi,+902323322111,Diş Kliniği
Diş Hekimi Selahattin AYKURT,+905446423747,Diş Kliniği
Örgev Diş Polikliniği,+902324641717,Diş Kliniği
Dentorion Dental Clinic,+905323429746,Diş Kliniği
Özel Gözde Dental Ağız Ve Diş Sağlığı Polikliniği,+902324259090,Diş Kliniği
Uzman Diş Hekimi Neslihan Efeoğlu (Fadıloğlu),+902324225952,Diş Kliniği
Özel İzmir Ortodonti Ağız ve Diş Sağlığı Polikliniği,+902322553434,Diş Kliniği
Özel Gökçeler Ağız ve Dış Sağlığı Polikliniği,+902322275506,Diş Kliniği
Özel Orte Ağız Ve Diş Sağlığı Polikliniği,+902324650550,Diş Kliniği
Diş Hekimi Can SAN | İmplant Tedavisi - Diş Beyazlatma İzmir - Diş Estetiği,+902324215965,Diş Kliniği
Özel Ünsal Ağız ve Diş Sağlığı Polikliniği,+902324820408,Diş Kliniği
Diş Hekimi Gürkan METİN - Dream Smiles,+902324045000,Diş Kliniği
Dişhekimi Zabit Oğan,+905057797311,Diş Kliniği
Özel Ertürk Ağız Ve Diş Sağlığı Polikliniği,+902324213454,Diş Kliniği
Uzm. Dt. Ezgihan Arslan Efeoğlu Çocuk Diş Hekimliği Uzmanı (Pedodonti),+905334076267,Diş Kliniği
Diş Hekimi Uğur Bilkay | İzmir Gülüş Estetiği ve Diş İmplant Tedavisi,+902324644842,Diş Kliniği
SRC Diş Kliniği - Diş Hekimi Ahmet Saraçoğlu,+902324631011,Diş Kliniği
Özel Dental Design Clinic Ağız ve Diş Sağlığı Merkezi,+905495792603,Diş Kliniği
Diş Hekimi Levent Uysal,+902324639327,Diş Kliniği
Özel Ornes Ağız Ve Diş Sağlığı Polikliniği Alsancak İzmir,+902324226881,Diş Kliniği
"Uzman Diş Hekimi Yiğit Ali Özkubat | Ağız, Diş ve Çene Cerrahisi Uzmanı",+905350420838,Diş Kliniği
Özel Kulya Ağız ve Diş Sağlığı Polikliniği,+902324575555,Diş Kliniği
Diş Hekimi Hatice Atılgan,+905335573770,Diş Kliniği
Diş Hekimi Batu Önal DUMAN,+905333596513,Diş Kliniği
Diş hekimi Ali AKKULAK,+902322273504,Diş Kliniği
Yaman Yamangil Diş Kliniği,+905431895399,Diş Kliniği
İMRE Diş Kliniği,+902324648838,Diş Kliniği
Yılmaz Bozok Diş Doktoru,+902324830770,Diş Kliniği
İZMİR DİŞ ESTETİK POLİKLİNİK,+905536146147,Diş Kliniği
Diş Hekim AHMAD KADI,+905060328385,Diş Kliniği
Teras Dental Clinic,+902324637300,Diş Kliniği
İzmir Diş Hekimi Ecem Dilek Küçük,+902325036695,Diş Kliniği
Diş Hekimi Bedri Barçın,+902324213344,Diş Kliniği
Özel Ege Ortodonti Ağız ve Diş Sağlığı Polikliniği,+902324636328,Diş Kliniği
İzmir Diş Hekimi Dr. Olcay Dilber,+905357158665,Diş Kliniği
Prof. Dr. Tayfun Günbay,+902324644134,Diş Kliniği
Dr. Handan ALTUĞ | Ortodonti Uzmanı İzmir | Ortodontik Tedavi I İzmir Şeffaf Plak I invisalign,+902324211015,Diş Kliniği
"Dr. Dt. Alp Abidin Ateşçi, Çocuk Diş Hekimliği (Pedodonti)",+905421529112,Diş Kliniği
Dentakid Ağız Ve Diş Polikliniği,+902324651105,Diş Kliniği
Dt. Maide Küçük & Dt. Merve Küçük Diş Hekimliği Muayenehanesi,+905342036979,Diş Kliniği
Diş Hekimi Taşkın Gülmez,+902325034241,Diş Kliniği
Diş Hekimi Özge Türkay,+905303903035,Diş Kliniği
Özel Ortam Ortodonti Ağız ve Diş Sağlığı Polikliniği,+902324222871,Diş Kliniği
"Uzman Diş Hekimi Deniz Çengelli - Emre Çengelli , Endodonti & Çene Cerrahisi Kliniği",+905324233594,Diş Kliniği
Diş Hekimi M.Bülent Alanya,+902324637982,Diş Kliniği
Diş Hekimi Serkan Özkılınç,+902324631328,Diş Kliniği
Dr. Serhat Aslan,+905339342304,Diş Kliniği
Diş Hekimi Necati Işık,+902322567107,Diş Kliniği
Dis Hekimi M.Ufuk ZEREN,+902324641180,Diş Kliniği
Murat Erdalyan Tattoo Piercing Lazer Studio,+905434841009,Dövme & Piercing
Draven Tattoo & Piercing Studio,+905303048800,Dövme & Piercing
No:46,+905066533103,Dövme & Piercing
Humanart Atelier,+905074739524,Dövme & Piercing
Agnes Tattoo Alsancak,+905515370707,Dövme & Piercing
Milena Tattoo&Piercing Studio,+905511713321,Dövme & Piercing
Sida Ink Tattoo Studio,+905458001335,Dövme & Piercing
Punisher Ink Tattoo Studio,+905303822723,Dövme & Piercing
Alsancak Tattoo,+905076729292,Dövme & Piercing
Svs Tattoo,+905372342099,Dövme & Piercing
BetterDayz Tattoo,+905459893595,Dövme & Piercing
Solunar Tattoo&Rasta,+905432722002,Dövme & Piercing
Brusk Art Tattoo & Dreadlock,+905369913887,Dövme & Piercing
Rose Tattoo,+905533058226,Dövme & Piercing
Passion Tattoo Studio,+905419792237,Dövme & Piercing
Tattoo By Dilara,+905516580172,Dövme & Piercing
Ayça Selen Tattoo Studio,+905517311118,Dövme & Piercing
Eir Tattoo Shop,+905530083960,Dövme & Piercing
Dora Tattoo Piercing,+905536500230,Dövme & Piercing
MELLS İNK STUDYO,+905421470805,Dövme & Piercing
Efruz Tattoo House,+905050180126,Dövme & Piercing
Bi 13 Tattoo By İlkel Irksız,+905387894886,Dövme & Piercing
Punk Art212 Tattoo&Piercing Studio,+905426764559,Dövme & Piercing
Art Royal Tattoo & Piercing,+902324213982,Dövme & Piercing
Baranoncel.ink,+905340623275,Dövme & Piercing
Emin Belge Tattoo Studio,+905311019635,Dövme & Piercing
Moon Tattoo Piercing,+905383723171,Dövme & Piercing
Gizmo Tattoo,+905366303257,Dövme & Piercing
Murat durur tattoo studio,+905444016612,Dövme & Piercing
HM tattoo piercing,+905400303435,Dövme & Piercing
WONDERLAND INK STUDIO,+905307238183,Dövme & Piercing
Arda Ozguc Tattoo Studio,+905399268900,Dövme & Piercing
Carmen Art Tattoo,+905546133870,Dövme & Piercing
Tattoo Studio 7,+905524019115,Dövme & Piercing
Lunas Diyet,+905446527326,Diyetisyen
LUX DİYET BESLENME VE DİYET MERKEZİ,+905327612420,Diyetisyen
"Dyt. Fadime Gül Alkaya, Diyetisyen",+908508119890,Diyetisyen
Diyetisyen Ece Kurtuldu,+905533242488,Diyetisyen
Uzm. Dyt. Burcu Dilek Demir,+902325030406,Diyetisyen
Diyetisyen Ayça Merve TURAN,+905324101895,Diyetisyen
Diyetisyen Esma Özdemir,+905325484697,Diyetisyen
Diyetisyen Eda Kılıç,+908504747369,Diyetisyen
Uzm. Dyt. Betül Karakuş Sürdürülebilir Beslenme ve Diyet Danışmanlığı,+905451987770,Diyetisyen
TEPE KLİNİK,+905059997737,Diğer (Sağlık & Bakım)
Diyetisyen Çiğdem Çetinkaya Beslenme Danışmanlığı ve Koçluğu,+905327023320,Diyetisyen
Uzman Diyetisyen Ebrar Bozgan,+905468422913,Diyetisyen
Diyetisyen Bilge Birgül,+905454035584,Diyetisyen
Diyetisyen Sıla Karakaş,+905304040593,Diyetisyen
Uzman Diyetisyen Aylin Tunç,+905069928833,Diyetisyen
Uzman Diyetisyen Müge EKİNCİ,+905382839396,Diyetisyen
Dyt. Hazal Meleknaz Özkan,+908508116924,Diyetisyen
Ümit Yıldız Diyetisyen,+902324221805,Diyetisyen
Burçin Çelikezer,+908508502535,Diğer (Sağlık & Bakım)
Son Kalori Diyet Kliniği-Ceren Şahin,+905064782636,Diyetisyen
Diyetisyen,+905326011511,Diyetisyen
Diyetisyen Işık Özdemir,+905326589501,Diyetisyen
Dyt. Nazen Cesur,+905389169634,Diyetisyen
Fit Point Clinic,+905521441421,Diyetisyen
Benefit Slimming Studio,+905308338474,Diğer (Sağlık & Bakım)
Yenil Nesil Diyet,+905539866848,Diyetisyen
Dyt. Dilara Öztaş,+908508110654,Diyetisyen
Uzman Fizyoterapist Tutku Bitmez Egzersiz ve Danışmanlık Merkezi Alsancak - İzmir,+905313396245,Psikolog / Terapist
Dyt. Mehlika Öktem Boz,+905306684125,Diyetisyen
Diyetisyen Feryal Toplu,+902324630623,Diyetisyen
Dr.Diyetisyen Selda Seçkiner,+908508114073,Diyetisyen
Orkide Güzel,+902324453035,Diğer (Sağlık & Bakım)
Konak 1 Nolu Sağlıklı Hayat Merkezi,+902324411297,Diğer (Sağlık & Bakım)
Diyetisyen Mutfağı,+902324633367,Diyetisyen
Nuala Wellness Studio,+905521120891,Güzellik Salonu
Studio Altay Tekin,+905466490409,Pilates / Yoga
Sağlık Natural,+902324839544,Diğer (Sağlık & Bakım)
Uzman Diyetisyen Demet KONAK,+902666060061,Diyetisyen
Uzman Diyetisyen Burcu Akdoğan Beslenme Danışmanlığı,+905325106409,Diyetisyen
Hyper Spor Center,+905558988333,Kuaför / Berber
Unıversal Spor Merkezi,+902322508858,Kuaför / Berber
Akuvamarin Yoga & Pilates & Reformer Alsancak - İzmir,+905330325161,Pilates / Yoga
No.22 Training Zone,+905387200732,Pilates / Yoga
Fizyofelix,+905467880735,Diğer (Sağlık & Bakım)
TAP SPORTS Alsancak,+905374413011,Kuaför / Berber
Power House,+902322900110,Pilates / Yoga
Q Zen Pilates,+902324221600,Pilates / Yoga
ANTRENOS,+905315918753,Kuaför / Berber
İzmir Yoga,+905306046924,Pilates / Yoga
Premium GYM Alsancak,+902327000404,Kuaför / Berber
Pt.Uğur Bulut Sports Studio,+905558547047,Kuaför / Berber
Sportmax,+902322859292,Kuaför / Berber
Sportsinn,+902322243400,Kuaför / Berber
Sportslove Fitness Center,+902322618776,Kuaför / Berber
Yogaspace Izmir,+905319911617,Pilates / Yoga
Halkapınar Spor Salonu,+902324863536,Kuaför / Berber
İzmir Boğaları Spor Kulübü / FitBulls Fitness,+905426781797,Kuaför / Berber
Olimpik Arena Spor Kulübü,+905535727605,Kuaför / Berber
Nest Combat Fitness / BJJ / MMA / Crossfit,+905537139455,Kuaför / Berber
SPORTS GÜZELYALI,+905010076094,Kuaför / Berber
THE PILATES ACADEMY,+905322076014,Pilates / Yoga
Dev Stüdyo,+905454220300,Kuaför / Berber
Fizyoterapist Özgür Güven | Manuel Terapi | Klinik Pilates | Reformer Pilates,+905072437503,Psikolog / Terapist
Devi Pilates,+905401052535,Pilates / Yoga
Relax & Rehab Fizyoterapi,+905013358003,Psikolog / Terapist
Nyx Pilates Studio,+905312459567,Pilates / Yoga
CrossFit Alsancak,+905331615252,Kuaför / Berber
DENGE PİLATES REFORMER,+905305658474,Pilates / Yoga
Okyanus Pilates,+905353112177,Pilates / Yoga
Collective Life Studio,+905534490455,Pilates / Yoga
Mavi Rota Spor Kulübü,+905541468553,Kuaför / Berber
BB Pilates Studio,+905548884242,Pilates / Yoga
Zen Pilates,+905063250282,Pilates / Yoga
Studio Leo Pilates,+905333684610,Pilates / Yoga
Ekinoks Pilates Studio,+902322851717,Pilates / Yoga
ALSANCAK REFORMER PİLATES,+905336075272,Pilates / Yoga
ALSANCAK PİLATES STUDİO,+905302071908,Pilates / Yoga
HEYZIL PİLATES,+905458677115,Pilates / Yoga
Nas Pilates Stüdyosu,+902322438243,Pilates / Yoga
Karaca Mini Spa Ve Fitness Merkezi,+902324891940,Kuaför / Berber
Alsancak Pilates & Training Zone Studıo,+905555026085,Pilates / Yoga
"Enercix Sports Studio Personal Traning & Reformer Pilates , Hamile Jimlastiği Alsancak",+905072601841,Pilates / Yoga
Atölye Sağlık Pilates,+905526533600,Pilates / Yoga
Flex Training Studio,+905555751624,Kuaför / Berber
izmir wakeup pilates studio,+905312183030,Pilates / Yoga
Me Time Pilates Studio,+905516210618,Pilates / Yoga
izmirde pilates salonu | Stüdyo İDA,+905425536807,Pilates / Yoga
CGA PİLATES STUDİO,+905550516697,Pilates / Yoga
Fit Republic,+902324651956,Kuaför / Berber
ES PLUS PILATES & PERSONAL TRAINING STUDIO,+905321356789,Pilates / Yoga
Studio Woo,+905533254969,Kuaför / Berber
Yess Pilates Studio,+905327811909,Pilates / Yoga
QuiteFit Spor Salonu,+905079423530,Kuaför / Berber
Balance Pilates School,+902324217077,Pilates / Yoga
Reforuim | Reformer Pilates,+905072504710,Pilates / Yoga
Maymesporcenter,+905413576963,Kuaför / Berber
SALOON KAAN +plus,+905069643144,Kuaför / Berber
Zeynep Meriç beauty saloon menderes,+905323796005,Güzellik Salonu
Gülay Ersoy Güzellik Salonu,+905333012314,Güzellik Salonu
NUR KOÇ GÜZELLİK VE ESTETİK,+905539545447,Güzellik Salonu
Luux bayan kuaförü ve güzellik salonu,+905061176915,Güzellik Salonu
Hd Beauty Salon,+905531700095,Güzellik Salonu
Erva’s Beauty,+905052653553,Güzellik Salonu
SMYRNA KUAFÖR & GÜZELLİK,+905077103197,Güzellik Salonu
esen beauty studio,+905075461614,Güzellik Salonu
LUNES GÜZELLİK,+905540064959,Güzellik Salonu
Gonca Gönüllü Güzellik Merkezi,+905313552662,Güzellik Salonu
ALVİON MENDERES,+905521695192,Güzellik Salonu
Kokoşş Kuaför / KADIN KUAFÖRÜ,+905392798353,Kuaför / Berber
Elçin Sir-Ağda Salonu,+905556159974,Güzellik Salonu
Menderes Güzellik Salonu,+908507702249,Güzellik Salonu
Menderes Bayan Kuaförü shanzelize,+905442949858,Kuaför / Berber
Karmin Bayan Kuaförü | Protez Tırnak | Güzellik Salonu,+905324943609,Güzellik Salonu
Cansu Özkan Beauty,+905382408009,Güzellik Salonu
Şengül Saç & Türban Tasarım,+902327826499,Kuaför / Berber
İSEM KADIN KUAFORÜ VE GÜZELLİK SALONU,+905434188858,Güzellik Salonu
Alim Kaymaz Hair Design,+905532875810,Kuaför / Berber
Gökçe kaya beauty,+905428313551,Güzellik Salonu
Menderes Merve kuaför,+905534893233,Kuaför / Berber
Noyaderm kuaför ve güzellik salonu,+905303787082,Güzellik Salonu
CASANOVA ERKEK KUAFÖRÜ,+905340811414,Kuaför / Berber
Zeynep Tezcan Kuaför Güzelik & Estetik,+905301559689,Güzellik Salonu
Evren Kuaför,+902327825180,Kuaför / Berber
Merve Kuaför/Güzellik Salonu,+905071811020,Güzellik Salonu
BY SERKAN BARBERS SHOP,+905310237969,Kuaför / Berber
Saloon Ferdi,+905449714120,Kuaför / Berber
Kuaför Nazan,+902327827172,Kuaför / Berber
Tamer Azizoğlu Kuaför,+905072697492,Kuaför / Berber
ES.MAKAS ERKEK KUAFÖRÜ,+905539638942,Kuaför / Berber
The Power House GYM MENDERES,+905316028551,Kuaför / Berber
Gladio Fit Menderes,+905444683710,Kuaför / Berber
Sportlife Menderes,+902327821819,Kuaför / Berber
Sportfiz Menderes | Reformer Pilates Studio,+905423913530,Pilates / Yoga
Kali Nail Studio,+905531900022,Güzellik Salonu
Venustas kuaför,+905422648200,Kuaför / Berber
Gözde Kuaför,+905427653599,Kuaför / Berber
SALON Özenç Simge,+905079083423,Kuaför / Berber
BY MAKAS ERKEK KUAFÖRÜ,+905344509239,Kuaför / Berber
Uğur Makas Erkek Kuaförü,+905325746989,Kuaför / Berber
Aşkın Erkek Kuaförü,+905327840900,Kuaför / Berber
H&S HAİR STYLE,+905513907976,Kuaför / Berber
Kuaför Mehmet,+902327826073,Kuaför / Berber
Oğuz hair stylist,+905071509900,Kuaför / Berber
Elif Nail Studio,+905520246907,Güzellik Salonu
Özge Temel Beauty,+905422583332,Güzellik Salonu
BOHEME GÜZELLİK MENDERES,+905418982624,Güzellik Salonu
Leo Beauty,+905534312729,Güzellik Salonu
Mehmet Karakaya Barber,+905344991830,Kuaför / Berber
SERDAR HAİR ERKEK KUAFÖR,+905444698536,Kuaför / Berber
Seher Kuaför,+905055588563,Kuaför / Berber
Pilates Studio 222,+905333799599,Pilates / Yoga
Etiler Saç Tasarım,+905384557420,Kuaför / Berber
Cansu Kuaför,+905073077553,Kuaför / Berber
Berber Mustafa,+905326632610,Kuaför / Berber
TARZ ERKEK KUAFÖRÜ MENDERES,+905551699180,Kuaför / Berber
İmaj Kuaför,+905316936297,Kuaför / Berber
Can Bayan Kuaförü,+902327822791,Kuaför / Berber
TREND ERKEK KUAFÖRÜ,+905425360989,Kuaför / Berber
FIT AND ART STUDIO,+905543744051,Kuaför / Berber
Fizyoterapist Doktor Ümran Kömür - İzmir Menderes,+905400628872,Psikolog / Terapist
Fitnessland,+905498502149,Kuaför / Berber
setriesma,+905321368373,Güzellik Salonu
Saloon Aygül,+905464351509,Kuaför / Berber
Serkan Pala Berber,+905334484861,Kuaför / Berber
Mert Erkek Kuaförü,+905079160967,Kuaför / Berber
Doğuş Erkek Kuaförü,+905365085147,Kuaför / Berber
Deniz erkek kuaförü,+905364978526,Kuaför / Berber
EYLÜL BEAUTY,+905058561416,Güzellik Salonu
Dent Notion I Menderes Diş Polikliniği l İmplant ve Estetik Diş Hekimliği,+902327826811,Diş Kliniği
dermolife güzellik merkezi,+903224588400,Güzellik Salonu
Menderes Psikolog - Menderes Psikoloji - Uzman Klinik Psikolog Sinem Bayrak,+905468454965,Psikolog / Terapist
İzmir Çene Cerrahisi Uzmanı | Gamze Arıcı | İmplant ve Gömülü Diş Tedavisi,+905343911664,Diş Kliniği
Özel Dent Menderes Ağız ve Diş Sağlığı Polikliniği,+905331209876,Diş Kliniği
Özel Avrupadent Menderes Ağız ve Diş Sağlığı Polikliniği,+905010762201,Diş Kliniği
DENTEGEMEN,+902327821190,Diş Kliniği
SEODENT Ağız Ve Diş Sağlığı Polikliniği,+905447824049,Diş Kliniği
Dt. Ertan Balıkçı,+905334237882,Diş Kliniği
Diş Hekimi Mustafa BAHAR.,+902327824049,Diş Kliniği
ICE Dent Ağız ve Diş Sağlığı Polikliniği,+905444237658,Diş Kliniği
ÖZEL MOVA DENTAL AĞIZ VE DİŞ SAĞLIĞI POLİKLİNİĞİ,+905010823386,Diş Kliniği
Diş Hekimi Aysun Kackın,+902327823183,Diş Kliniği
Tattoogang232,+905070233752,Dövme & Piercing
Nyx tattoo studio,+905367293708,Dövme & Piercing
OBeN Tattoo Ve Piercing,+905059811508,Dövme & Piercing
Mori ink - Tattoo & Piercing Studio,+905556893529,Dövme & Piercing
Diyetisyen Şeyma Aytekin,+905550800469,Diyetisyen
Diyetisyen Seray Akın,+905427849780,Diyetisyen
Gold Sporium Menderes,+905307022176,Kuaför / Berber
Menderes Pilates,+905072392897,Pilates / Yoga
SDF SPORT Pilates & Ems Studio,+905334403393,Pilates / Yoga
İzFit Pt Studio,+905316871370,Kuaför / Berber
North pilates studio,+905453153535,Pilates / Yoga
lithium sports center menderes,+905397705252,Kuaför / Berber
Neon Fit Spor Center Menderes,+905557431110,Kuaför / Berber
"Gise Fizyoterapi ve Psikolojik Danışmanlık - Menderes/Kemalpaşa | Reformer Pilates, Manuel Terapi, Kişiye Özel",+905070824990,Psikolog / Terapist
Pilates Therapy Studio,+905068364496,Pilates / Yoga
Duru Güzellik Salonu,+905468533226,Güzellik Salonu
Anisa Beauty Studio,+905533889800,Güzellik Salonu
ESİNLESTETİK,+905331509186,Güzellik Salonu
SN TIRNAK VE GÜZELLİK MERKEZİ,+905333550825,Güzellik Salonu
Esra's Beauty Plus Güzellik & Kuaför Merkezi,+905075355089,Güzellik Salonu
Kybele Güzellik Salonu,+902328329297,Güzellik Salonu
Valery Estetik & Güzellik Menemen,+905441991415,Güzellik Salonu
DİNÇ GÜZELLİK MERKEZİ,+905314669395,Güzellik Salonu
CES GÜZELLİK MERKEZİ,+905533990035,Güzellik Salonu
Saida Halidova Güzellik Merkezi,+905528320001,Güzellik Salonu
Matmazel Estetik & Güzellik Merkezi,+905551585700,Güzellik Salonu
Emel Atasoy Microblading Beauty Studio,+905428232142,Güzellik Salonu
Tuğçe Dinçer Güzellik Salonu,+905433060693,Güzellik Salonu
Selay Oğuz Beauty Center,+905010887883,Güzellik Salonu
Nilüfer Deniz Güzellik & Estetik Merkezi,+905438982248,Güzellik Salonu
Dilara Cambaz güzellik salonu,+905546731423,Güzellik Salonu
Sevgi Dinleyen Beauty,+905354929409,Güzellik Salonu
Ceyda Altın Beauty,+905327744377,Güzellik Salonu
Liva Güzellik Salonu,+905313628811,Güzellik Salonu
Ezgisu KAYA Beauty Lounge,+905411182122,Güzellik Salonu
İLKAY VARKAN GÜZELLİK SALONU,+905522654035,Güzellik Salonu
Koyundere Menemen Kuaför Esra,+905359861006,Kuaför / Berber
Nis Kuaför & Güzellik Salonu,+905467924304,Güzellik Salonu
Huzur güzellik kuaför salonu,+905413536985,Güzellik Salonu
Pınar Kuaför&Güzellik Salonu,+902328383181,Güzellik Salonu
Atlı Kuaför | Egekent 2 | Ulukent |Menemen Bayan Kuaförü,+905388447120,Kuaför / Berber
Coıffeur Time,+905050172792,Güzellik Salonu
F&D Lotus Güzellik Salonu,+905066091916,Güzellik Salonu
B. Beauty,+905458909935,Güzellik Salonu
Elenora Estetik & Güzellik & Yaşam Dünyası,+902325077705,Güzellik Salonu
Salon The Mood kent 2- Ulukent- Bayan Kuaförü,+905437101219,Kuaför / Berber
Jadem Epilasyon & Güzellik Salonları,+905522312980,Güzellik Salonu
Nesrin Ataoğlu Güzellik Menemen,+905013657477,Güzellik Salonu
Assya Güzellik Salonu,+902364616001,Güzellik Salonu
EMN Beauty Center,+905074395369,Güzellik Salonu
Sevgi Kuaför Menemen,+902328314464,Kuaför / Berber
Mia Life Menemen,+905526218386,Güzellik Salonu
SS Beauty Center Güzellik Merkezi Kuaför,+905057976609,Güzellik Salonu
Rüzgar Beuaty,+905355447306,Güzellik Salonu
Sertaç bayan kuaför | Egekent 2 | Ulukent | Menemen bayan kuaförü,+905342189935,Kuaför / Berber
Serap Güzellik Salonu,+905530107377,Güzellik Salonu
Leyla Eker Hair Makeup Studio,+905382867992,Güzellik Salonu
Madam Angel Güzellik Salonu Menemen,+902328321129,Güzellik Salonu
Karamel Kuaför,+905532591060,Kuaför / Berber
Ensar Berber,+905073570229,Kuaför / Berber
inci güzellik merkezi,+905415207794,Güzellik Salonu
TUĞBA AVŞAR ESTETİK VE GÜZELLİK MERKEZİ,+905523193535,Güzellik Salonu
İzmir kuaför ferit,+905442325121,Kuaför / Berber
Oje Land Nail Stüdio,+905533863702,Güzellik Salonu
Oğuz Kuaför Nevzat Oğuz,+902328326550,Kuaför / Berber
Kuaför Evrim,+905545903517,Kuaför / Berber
Kuaför Sultan,+902328320413,Kuaför / Berber
Aleyna kuaför,+905342253617,Kuaför / Berber
Diyar Varkan Hair Studio,+905530102439,Kuaför / Berber
Firuze Saç ve Türban Tasarım,+905367059041,Kuaför / Berber
Anılar Kuaför Salonu,+905464819286,Kuaför / Berber
Kuaför Selma Baysal,+905070556822,Kuaför / Berber
BY ESİLA KUAFÖR,+905462815665,Kuaför / Berber
Melisa Kuaför,+905368106216,Kuaför / Berber
Kuaför Serpil,+902328311686,Kuaför / Berber
Nilay Güzellik & Yaşam Salonu Menemen,+905538297906,Güzellik Salonu
DYA kuaför,+905075263996,Güzellik Salonu
Ayşenur Kuaför Salonu,+902328310294,Kuaför / Berber
İnci Bayan Kuaför Salonu,+905385244448,Kuaför / Berber
Esma Semra Saç Tasarım Ve Sir Salonu,+905374432167,Kuaför / Berber
Kırık Tarak Erkek Kuaför Salonu,+905543667223,Kuaför / Berber
Zinevriye Kuaför,+905369823998,Kuaför / Berber
salon Oğuzhan Erkek Kuaförü,+905529408092,Kuaför / Berber
Bahar Kuaför Salonu,+905070609225,Kuaför / Berber
Luna Epilasyon & Güzellik Salonu,+905539507535,Güzellik Salonu
Erkek Kuaför Salonu Haldun,+905443017076,Kuaför / Berber
Dilek Aydın Güzellik Salonu,+905424609379,Güzellik Salonu
Şafak Kuaför,+905434594212,Kuaför / Berber
Luwi Hair Salon,+905438384001,Kuaför / Berber
Selcan & Ege Bayan Kuaförü,+905054188825,Kuaför / Berber
İlknur Kuaför Salonu,+902328312895,Kuaför / Berber
Artist Bayan Coıffeur Beyaz,+905377724997,Kuaför / Berber
Saloon By Hakan,+905320576786,Kuaför / Berber
Kuaför ERCAN,+905419029412,Kuaför / Berber
Hacer Koçak / Makyaj & Saç Türban Tasarım,+905422384926,Güzellik Salonu
Güneş Türban Tasarım,+905307039263,Güzellik Salonu
Gümüş kuaför,+905323041084,Kuaför / Berber
Zarife Kuaför,+902328461016,Kuaför / Berber
Bayan Kuaförü Mehtap,+902328327032,Kuaför / Berber
Ekol Erkek Kuaförü,+905424058738,Kuaför / Berber
Kuaför Meryem,+902328312894,Kuaför / Berber
Kuaför Sinem İncekara,+905303007795,Kuaför / Berber
Yağmur Bayan Kuaförü,+905534760167,Kuaför / Berber
Namlı Hair Designer,+905318933631,Kuaför / Berber
Batı Erkek kuaför Salonu,+905383973597,Kuaför / Berber
Songül Kuaför,+902328313009,Kuaför / Berber
Kuaför Hilal,+905464269708,Kuaför / Berber
Kuaför Füsun,+902328321217,Kuaför / Berber
Çakır Erkek Kuaförü,+905468289702,Kuaför / Berber
Kuaför Şevket,+902328328464,Kuaför / Berber
Mert Erkek Kuaför Salonu,+905374424399,Kuaför / Berber
Erkek Kuaförü Erdi,+905344614401,Kuaför / Berber
FLORYA ERKEK KUAFÖRÜ,+905363865108,Kuaför / Berber
Egem Erkek Kuaför Salonu,+905449291860,Kuaför / Berber
By Mustafa Kuaför,+905438830672,Kuaför / Berber
Kardeşler Erkek Kuaförü,+905542514357,Kuaför / Berber
Altın Makas Erkek Kuaförü,+905077591386,Kuaför / Berber
BERBER ERKAN,+905354995405,Kuaför / Berber
Altın Serçe Kuaför Salonu,+905356847471,Kuaför / Berber
Kuaför İlknur,+905529331126,Kuaför / Berber
Umut Kuaför,+905496061662,Kuaför / Berber
Ömer Serbest Erkek Kuaför Salonu,+905313761054,Kuaför / Berber
Baykan Erkek Kuaförü,+905069020010,Kuaför / Berber
Berber Kardeşler (Halit Kurt),+905358273082,Kuaför / Berber
Berber Ayhan (Ayhan Kadıoğlu),+905337205635,Kuaför / Berber
Okyanus Erkek Kuaförü,+905414286809,Kuaför / Berber
İsa Erkek Kuaförü,+905385891806,Kuaför / Berber
Kuaför Umay,+905432231966,Kuaför / Berber
Bu Talip Erkek Kuaförü,+905372044650,Kuaför / Berber
İlayda Akçay Beauty,+905352850035,Güzellik Salonu
Luna Beauty&Nail,+905331903500,Güzellik Salonu
Chicas Nail Studio,+905520176909,Güzellik Salonu
Gamze Engel Nail Art Stüdyo,+905527751515,Güzellik Salonu
Linna Beauty,+905546333255,Güzellik Salonu
Tuğba Özer Nail Studio,+905520783894,Güzellik Salonu
İREMER BEAUTY,+902327001066,Güzellik Salonu
Plumanailart,+905414781643,Güzellik Salonu
İZNİLHAİRSTYLİST&MAKEUP,+905059774897,Güzellik Salonu
Nuti Beauty Center,+905319555562,Güzellik Salonu
ZC Estetik Ağız Ve Diş Sağlığı Polikliniği,+902328329594,Diş Kliniği
Uzm. Dr. Remzi Güzel,+905402002135,Diğer (Sağlık & Bakım)
Menemen Sempati Psikolojik Danışmanlık Merkezi | Menemen Psikolog,+905455409015,Psikolog / Terapist
Uzm. Kl. Psk. Aysel Genç,+905327925145,Psikolog / Terapist
Lotus Psikoloji,+905073359622,Psikolog / Terapist
Psikolog Şeyma Nur ÇİMEN,+905079330173,Psikolog / Terapist
Özel Santes Ağız ve Diş Sağlığı Polikliniği,+905324629395,Diş Kliniği
Özel Diş İzmir Ağız Ve Diş Sağlığı Polikliniği,+905320640472,Diş Kliniği
Özel Bora Demir Ağız Ve Diş Sağlığı Polikliniği,+902328322679,Diş Kliniği
ÖZEL DLR DENT AĞIZ VE DİŞ SAĞLIĞI POLİKLİNİĞİ,+905078070535,Diş Kliniği
ImpOrth Smile Studio Menemen Şubesi,+905497470635,Diş Kliniği
Özel SmileOn Ağız ve Diş Sağlığı Polikliniği,+905365216736,Diş Kliniği
Diş Hekimi Ebru Yüksel Doğu Muayenehanesi | Menemende Diş Hekimi | Menemende Diş Kliniği | Ulukentte Diş Tedavisi,+905079737366,Diş Kliniği
Diş Hekimi Zeynep Şeker,+902328381155,Diş Kliniği
MSA Smile Ağız ve Diş Sağlığı Polikliniği,+905340121006,Diş Kliniği
Dent Royal Dental Clinic,+902323663330,Diş Kliniği
Egekent 2 Diş Hekimi Cankat Yenemuk - Ulukent Diş Hekimi,+905313403081,Diş Kliniği
Diş Hekimi Özlem Dolar,+902328310687,Diş Kliniği
Özel CC Klinik Ağız ve Diş Sağlığı Polikliniği,+905319410335,Diş Kliniği
AnnKa Tattoo Art Studio,+905538019962,Dövme & Piercing
bybeardtattoosaloon,+905417842959,Dövme & Piercing
ANATOLİA GÜMÜŞ & SAAT TATTOO,+905355154801,Dövme & Piercing
Aifortattoo,+905057302699,Dövme & Piercing
Bade Gümüş,+905525334221,Dövme & Piercing
Kuaför Faruk,+902328920717,Kuaför / Berber
Exclusive Unisex Kuaför,+905321342822,Kuaför / Berber
Fatoş Kuaför,+902328922736,Kuaför / Berber
Kuaför Fatih,+902328929345,Kuaför / Berber
Başkent kuaför,+905353047232,Kuaför / Berber
Relax Erkek Kuafor,+905345895942,Kuaför / Berber
Kuaför Selçuk,+905559733203,Kuaför / Berber
Görkem Selçuk Hair Studio,+905076546511,Kuaför / Berber
Selçuk Opsar Kuaför,+902322503389,Kuaför / Berber
Kuaför Selçuk,+905373052994,Kuaför / Berber
NİLGÜN KUAFOR,+905436931369,Kuaför / Berber
.,+905305221138,Kuaför / Berber
Kuaför Selçuk,+905522725517,Kuaför / Berber
Salon Selçuk - Bay Bayan Kuaförü - Hair Artist,+902422299979,Kuaför / Berber
Mevlüt Bayan Kuaförü,+905549229606,Kuaför / Berber
MÜGE KUAFÖR,+902328923895,Kuaför / Berber
Selçuk 2 Erkek Kuaförü,+905062383929,Kuaför / Berber
Moda Kuaför Burcu,+905437231638,Kuaför / Berber
Kuaför Selçuk,+905362089979,Kuaför / Berber
Ceyhun Erkek Kuaförü,+905394567060,Kuaför / Berber
Mars Pilates Ulukent,+905411021426,Pilates / Yoga
Mona Reformer Pilates Studio,+905306501221,Pilates / Yoga
ReformArt pilates stüdyosu,+905456481072,Pilates / Yoga
MELSA PILATES STUDIO,+905102216073,Pilates / Yoga
Alara Pilates Studio,+905060429317,Pilates / Yoga
Nortia Pilates,+905439102635,Pilates / Yoga
Bng Pilates Reformer,+905301126991,Pilates / Yoga
GMZ Pilates Studio,+905076819471,Pilates / Yoga
Alissa Pilates Studio,+905337951912,Pilates / Yoga
Fizyomer Reformer Mervenur Kaya,+905495607851,Pilates / Yoga
Sportfiz Ulukent | Reformer Pilates Studio,+905470750035,Pilates / Yoga
1'ST CLUB PİLATES,+905389381912,Pilates / Yoga
BNG pilates Menemen,+905078241700,Pilates / Yoga
M&G PILATES STUDIO,+905535356641,Pilates / Yoga
Sportime Fitness Menemen,+905434158795,Kuaför / Berber
Gizem Köse Pilates Studio,+905546332149,Pilates / Yoga
LARA WELLNESS ULUKENT PİLATES YOGA STUDIOSU,+905339297470,Pilates / Yoga
Blue Pilates Studio,+905078444035,Pilates / Yoga
PİLATESİUM PİLATES YOGA STUDİO,+905524359099,Pilates / Yoga
Hit Pilates Studio By Kübra Burak,+905053343795,Pilates / Yoga
KAYGISIZ YAŞAM - Reformer Pilates,+905336393555,Pilates / Yoga
Ladyfitt reformer,+905051254912,Kuaför / Berber
WasPilates,+905365039145,Pilates / Yoga
Vacu Premium Studio,+905367754099,Kuaför / Berber
Equinox Gym,+905547565516,Kuaför / Berber
Energy Sport Center,+905387427991,Kuaför / Berber
Menemen Fizyoterapist Mehmet Emre Çalışkan / Fizyomec Fizyoterapi ve Reformer Pilates,+905400043500,Psikolog / Terapist
WasFit,+905078326883,Kuaför / Berber
Gorilbey Gym Egekent 2 Menemen,+905332175350,Kuaför / Berber
Apex Fitness Arena,+905514857986,Kuaför / Berber
Pachamama Wellness,+905335515035,Pilates / Yoga
Türkan Güzellik Salonu,+902322395544,Güzellik Salonu
Narlıdere Kuaför & Güzellik Salonu - The COLORBOX,+905367708577,Güzellik Salonu
Erhan Apaydın,+905538338900,Kuaför / Berber
Elite Plus narlıdere,+905010598879,Güzellik Salonu
Derm By Gulshen,+905068718622,Güzellik Salonu
Birsen Güzellik Salonu,+902322380222,Güzellik Salonu
Levante Beaute,+905078736411,Güzellik Salonu
Parla Tırnak Stüdyosu - Narlıdere,+905011863354,Güzellik Salonu
Mine Güzellik Salonu,+902322386444,Güzellik Salonu
Solo Hair,+902322380868,Kuaför / Berber
Nazlı Acar Güzellik Salonu,+905061184340,Güzellik Salonu
Tufaner Kuaför ve Güzellik Salonu,+902322391939,Güzellik Salonu
San Kuaför İzmir Narlıdere,+902322393030,Kuaför / Berber
Gigi Nail & Beauty - Narlıdere Tırnak Stüdyosu,+905079927234,Güzellik Salonu
Diamore Beauty,+905417426966,Güzellik Salonu
Tuncay Doğan kuaför,+902325030023,Kuaför / Berber
Zarafetli Güzellik Merkezi,+902322381258,Güzellik Salonu
Jest Güzellik & Bakım İzmir,+905332513517,Güzellik Salonu
Kuaför Levent Çetin,+905079382756,Kuaför / Berber
Berrak Güzellik Salonu,+905333840482,Güzellik Salonu
Glory Hair Repair Studio,+905548076872,Kuaför / Berber
SALOON IŞIL,+905530851025,Kuaför / Berber
Midsummer Beauty Club By Efkan,+902322395030,Güzellik Salonu
Evoly Beauty,+905422033779,Güzellik Salonu
Kuaför Armağan Bürüncük,+902325030323,Kuaför / Berber
Osca Vip Kuaför,+902322791572,Kuaför / Berber
Gülden Yılmaz Güzellik Salonu,+902322388471,Güzellik Salonu
Moringa Kuaför,+902322382107,Kuaför / Berber
SAÇ TASARIM BERBER ORHAN,+905337427500,Kuaför / Berber
Esda Güzellik,+902322385092,Güzellik Salonu
Fox Beauty Clinic,+905537806860,Güzellik Salonu
FACTORY İZMİR KUAFÖR,+902322391020,Kuaför / Berber
Kuaför Cadde Plus,+902322394206,Kuaför / Berber
Kuaför Saniye,+902322391380,Kuaför / Berber
Kemal Küçükorman,+905067202987,Kuaför / Berber
Stüdyo 35 Kuaför,+902322393743,Kuaför / Berber
BY SΛVΛŞ DİNÇKΛL,+905301175924,Kuaför / Berber
Barones Kuaför,+902322383516,Kuaför / Berber
Fusun Salon Narlıdere,+905074665383,Kuaför / Berber
Saloon Remzi,+902329992510,Kuaför / Berber
Kuaför Anıl,+902322394818,Kuaför / Berber
HK Kuaför | Röfle Ombre | Kadın Saç Boyama ve Kesimi | En İyi Keratin Bakım ve Botoks | Bayan Topuz Saç Modelleri Fiyatları,+902322390909,Kuaför / Berber
Kuaför Alper Baykan,+902322394030,Kuaför / Berber
SALOON MARKA HAİR.MAKE-UP STUDIO,+902322389595,Kuaför / Berber
Soner THCR,+902322390992,Kuaför / Berber
Kuaför Sabiha & Melike,+902322394015,Kuaför / Berber
Kardelen Kuaför,+902322385095,Kuaför / Berber
Aslı Kuaför,+905548743454,Kuaför / Berber
Taner & Ekip,+902322390880,Kuaför / Berber
Kuaför Mehmet Ali,+905388308000,Kuaför / Berber
Bio-Derm Güzellik,+902324632774,Güzellik Salonu
Kuaför Mehmet Turhan,+902322381333,Kuaför / Berber
Afro Braids İzmir,+905536375553,Güzellik Salonu
By Vedat,+905425101171,Kuaför / Berber
Maskumen Lounge,+902322385047,Kuaför / Berber
Kuaför Emrah Yüksekol,+905458924811,Kuaför / Berber
PNR GÜZELLİK SALONU,+905447901616,Güzellik Salonu
Hair Art,+905066855688,Kuaför / Berber
Evrim Kuaför,+905063169157,Kuaför / Berber
Kuaför Bayram,+902322394445,Kuaför / Berber
Mahmut Köroğlu Hair Design,+905543536774,Kuaför / Berber
Salon MEHMET,+905309683785,Kuaför / Berber
Behiye Kuaför,+902322393443,Kuaför / Berber
Olga Tırnak Güzelbahçe Müge Aykutu,+905451223117,Güzellik Salonu
Serin Deniz Güzellik Salonu,+902322384344,Güzellik Salonu
Kuaför Alev Erol,+905050437686,Kuaför / Berber
BELLEZZA HAIR LOUNGE,+905449991006,Kuaför / Berber
Hair Studio Özkan,+905373231735,Kuaför / Berber
Ferhat Güzel Hair Artist,+905308705830,Kuaför / Berber
Kuaför By Mehmet & Ekibi,+902322396000,Kuaför / Berber
Sosyete Kuaförü Emin Çetin,+905531456670,Kuaför / Berber
FMOS KUAFÖR,+905301086297,Kuaför / Berber
Kemal Kuaför,+902322393771,Kuaför / Berber
Yıldız Erkek Kuaförü,+905355288475,Kuaför / Berber
Saloon Şafak Erkek Kuaförü,+905556499694,Kuaför / Berber
Saloon Soner Kaçmaz,+905413089490,Kuaför / Berber
Berber Caner,+902322382629,Kuaför / Berber
Ramazan Kaçmaz Bayan Kuaförü,+902322390027,Kuaför / Berber
Gamze bayan kuaförü,+905530236164,Kuaför / Berber
GD Görkem Demiröz Erkek Kuaförü,+905534312879,Kuaför / Berber
Sönmez Erkek Kuaförü,+905386237110,Kuaför / Berber
Gaia Hair Salon,+905438840358,Kuaför / Berber
By Ramazan Erek Kuaför,+905070663868,Kuaför / Berber
Musty Erkek Kuaförü,+905558702312,Kuaför / Berber
Dilek Kuaför,+902322389329,Kuaför / Berber
Ersin,+905353157865,Kuaför / Berber
Ahmet Erkek Kuaförü,+905069702023,Kuaför / Berber
Fatoş Kuaför,+902322393448,Kuaför / Berber
Gökhan çetin kuaför,+905548286092,Kuaför / Berber
Halil Erkek Kuaförü,+902322397075,Kuaför / Berber
kuaför gülden adıgüzel,+905524748187,Kuaför / Berber
Kuaför Merve,+902322380515,Kuaför / Berber
Kuaför Ahmet & Hülya,+905548009202,Kuaför / Berber
Ertan kuaför,+905079615248,Kuaför / Berber
Kuaför Ayhan Çevik,+905392455454,Kuaför / Berber
Muhsin erkek kuaförü İzmir Narlıdere,+905060264197,Kuaför / Berber
ST Erkek kuaför ve bakım merkezi,+905458226744,Kuaför / Berber
Kuaför Özay Duman,+902322385855,Kuaför / Berber
Deno Pet Style Pet Kuaför,+905324809488,Kuaför / Berber
Cengiz Atabay Erkek Kuaförü,+905536451256,Kuaför / Berber
Berber Süleyman,+905546959675,Kuaför / Berber
Mustafa Erkek Kuaför İrem,+905364661887,Kuaför / Berber
Ti Amo Kuaför,+902322383909,Kuaför / Berber
Karizma Erkek Kuaförü,+902322397274,Kuaför / Berber
Ozan Erkek Kuaförü,+905071667662,Kuaför / Berber
Şehnaz Kaş Tasarım Kalıcı Makyaj,+905439212281,Güzellik Salonu
ARZU Kuaför,+902322394401,Kuaför / Berber
Kuaför Sae,+902322393115,Kuaför / Berber
LARA PET KUAFÖR,+905427285272,Kuaför / Berber
GokchenBeauty,+905530913218,Güzellik Salonu
STUDIO MATHILDA,+905077770109,Güzellik Salonu
Tuğba Bıyık Permanent Makeup Studio,+905342754322,Güzellik Salonu
Seray Ergin Beauty,+905053265735,Güzellik Salonu
Bircan Beauty,+902322381615,Güzellik Salonu
Nesrin Meriç BEAUTY,+905062746780,Güzellik Salonu
Aycan Demir Beauty,+905309482493,Güzellik Salonu
Mohan Fit Beauty,+905331615756,Güzellik Salonu
Meccaofbeauty,+905066322135,Güzellik Salonu
Narlıdere Enerji Kilo Kontrol Merkezi,+905075936865,Güzellik Salonu
Dr. Rukiye Hatipsoylu Medikal Estetik Kliniği,+905064189507,Güzellik Salonu
Dr. Duygu Uz,+905432947111,Diğer (Sağlık & Bakım)
Lotus Güzellik Güzelbahçe,+902322343424,Güzellik Salonu
Emine Kıdal Estetik ve Güzellik Merkezi,+902327541191,Güzellik Salonu
Dr. Dilek Kök,+908508113621,Diğer (Sağlık & Bakım)
Op.Dr.Kerem Yılmaz,+905392320340,Diğer (Sağlık & Bakım)
Hills Beauty House By İlayda,+905304189511,Güzellik Salonu
proinvent clinic,+905453786307,Güzellik Salonu
"Prof. Dr. Rıza Alpöz Diş Kliniği Çocuk Diş Hekimliği, estetik Diş Hekimliği, ortodonti implant, endodonti",+902322381626,Diş Kliniği
Özel Plüton Gündüz Bakım Evi,+902323727247,Diğer (Sağlık & Bakım)
Psikiyatrist Necati Çobanoğlu,+902322908495,Psikolog / Terapist
Özel Avrupadent Narlıdere Ağız ve Diş Sağlığı Polikliniği,+905050472201,Diş Kliniği
NarlıDent Ağız ve Diş Sağlığı Polikliniği | İzmir Diş Kliniği,+905462381535,Diş Kliniği
DENT BİRCAN AĞIZ VE DİŞ SAĞLIĞI POLİKLİNIĞİ,+905528835566,Diş Kliniği
Navi Ağız ve Diş Sağlığı Polikliniği,+902323677777,Diş Kliniği
Diş Hekimi Dt. Özge İlhan,+902329999162,Diş Kliniği
Diş Hekimi Ahmet Erdoğdu,+905537898836,Diş Kliniği
Dentaverse Özel Ağız ve Diş Sağlıklı Polikliniği | Dentaverse Turkey,+905545215790,Diş Kliniği
Diş Hekimi Batuhan Hıdıroğlu,+902322161312,Diş Kliniği
DİŞ HEKİMİ REHA ÖNGEN| İmplant diş|Protez|Zirkonyum diş|Gülüş tasarımı|E max diş|Lamine diş|Dolgu|Diş teli|,+905322009659,Diş Kliniği
Diş Hekimi Vahit Miçooğulları,+902322383050,Diş Kliniği
Diş Hekimi Leman Türksever,+902322393617,Diş Kliniği
Diş Hekimi Berna Yarımağa,+902322394285,Diş Kliniği
Oğuz Titiz,+905333100135,Diş Kliniği
Diş Hekimi Hülya Coşkun,+902322380171,Diş Kliniği
Diş Hekimi Berkan Alptekin,+902322383336,Diş Kliniği
DİŞ HEKİMİ MÜGE AKTAŞ GÜLTEKIN- DİŞ HEKİMİ ATAMAN ÖZGEN GÜLTEKİN,+905330494419,Diş Kliniği
A kiss is art,+905050143666,Dövme & Piercing
Renascor Kilo Kontrol Merkezi,+905052350010,Kuaför / Berber
BOUNCE PILATES STUDIO,+905552339699,Pilates / Yoga
Narlıdere Pilates Reformer,+905326915320,Pilates / Yoga
SDF Pilates Studio,+905060233393,Pilates / Yoga
Koi Pilates Studio,+905544884873,Pilates / Yoga
EGE PİLATES & Reformer Pilates & Aletli Pilates & Özel Pilates Dersi,+902322380788,Pilates / Yoga
LIFE BALANCE PILATES & WELLNESS STUDIO,+905535151438,Pilates / Yoga
UVA Wellness - Pilates - Yoga,+905441743074,Pilates / Yoga
Inside Pilates / Training Studio,+905536509555,Pilates / Yoga
DDG🧡Dilan Deniz Gökçek pilates Studio,+905333551648,Pilates / Yoga
Dia Pilates Studio,+905366110342,Pilates / Yoga
Vital Gym,+905398271814,Kuaför / Berber
"PtDynamic - Klinik Pilates, Osteopati, Yoga",+905350156500,Pilates / Yoga
Studio Si Plus - Pilates,+905546845333,Pilates / Yoga
Mua Pilates Studio,+905339451218,Pilates / Yoga
Sole Private Training Studio,+905379136974,Kuaför / Berber
Ru Wellnes & Pilates Studio,+905521506237,Pilates / Yoga
Form PT Studio,+905322072372,Kuaför / Berber
Master of Training Pt,+905553135267,Pilates / Yoga
Studiolife | Pilates Matwork | Anti Gravity Fitness,+902322398386,Pilates / Yoga
NOİFİT EMS FITNESS (NARLIDERE),+905538857641,Kuaför / Berber
Vita Pilates Studio,+902323740300,Pilates / Yoga
House Of Movement,+905544887891,Kuaför / Berber
Narlıdere pilates,+905335809764,Pilates / Yoga
Elegant Güzellik Simay Yorgancı,+902325095005,Güzellik Salonu
Velux Sağlıklı Güzellik Merkezi,+905546880435,Güzellik Salonu
Elenora Güzellik Merkezi Ödemiş,+905466191031,Güzellik Salonu
LETA PLUS,+905323908550,Güzellik Salonu
Lila Beauty,+905468826921,Güzellik Salonu
Cansu Bayan Kuaförü Güzellik Salonu,+905546934663,Güzellik Salonu
ÖDEMİŞ KUAFÖR DİLARA ༺༊✾🍃 𝕊𝔸𝕃𝕆𝕆ℕ ƦƛƤƲƝȤЄԼ 🍃✾༊༻,+905466687900,Kuaför / Berber
Olivia Boyacıoğlu Güzellik Merkezi,+905331302826,Güzellik Salonu
Sevgi Serinkan Güzellik Merkezi,+905422614347,Güzellik Salonu
BURCU BAYAN KUAFÖRÜ HAİR STYLE ÖDEMİŞ,+905076179594,Güzellik Salonu
ESTETİSYA BEAUTY & MAKEUP STUDIO,+905356048010,Güzellik Salonu
Burcu öztürk,+905356558242,Güzellik Salonu
Trend Güzellik Salonu,+902325453348,Güzellik Salonu
Suna Hair & Make Up,+905395637730,Kuaför / Berber
YIKICI SALOON PROTEZ SAÇ VE ERKEK BAKIM MERKEZİ,+905542865663,Kuaför / Berber
Selinay Kuaför,+902325091986,Kuaför / Berber
Özgül Kuaför,+905514829034,Kuaför / Berber
Prime nail studio,+905345744151,Güzellik Salonu
Kapris Spa Masaj Salonu ÖDEMİŞ,+905355772132,Kuaför / Berber
Derya Kuaför,+902325442196,Kuaför / Berber
Mimoza Bayan Kuaförü,+905457612028,Kuaför / Berber
Salon Onur Bayan Kuaförü,+905075131797,Kuaför / Berber
Saloon meltem,+905315035571,Kuaför / Berber
Nihal Kuaför Ödemiş,+905354393228,Kuaför / Berber
Salon 35 Erkek Kuaförü,+905427675377,Kuaför / Berber
Kuaför Gürkan,+905367633529,Kuaför / Berber
MADAM HH KUAFÖR SALONU,+905392330122,Kuaför / Berber
Gizem Atelier,+905542423965,Kuaför / Berber
M S KUAFÖR,+905349110176,Kuaför / Berber
SALOON ABDULLAH ÖDEMİŞ,+905308792069,Kuaför / Berber
CPOWER FİTNESS SPOR SALONU ÖDEMİŞ,+905510943056,Kuaför / Berber
leventsaçtasarim,+905422198253,Kuaför / Berber
Değişim Erkek Kuaförü,+905054043710,Kuaför / Berber
Ferya Kuaför,+905355246758,Kuaför / Berber
Mihrican Kuaför,+902325454963,Kuaför / Berber
KUMSAL ERKEK KUAFÖRÜ,+905457273709,Güzellik Salonu
Trend Saç Tasarım Merkezi,+905343550098,Kuaför / Berber
Kenzel Kuaför,+905325030452,Kuaför / Berber
Selhan Saç Tasarım Merkezi,+905327385597,Kuaför / Berber
Aura Hairdresser Beauty,+905530824028,Güzellik Salonu
Kuaför Yasemin,+905386822085,Kuaför / Berber
Berkay Haır Art,+905433015854,Kuaför / Berber
YK HAIR STUDIO,+905539798935,Kuaför / Berber
Roy hair studio (berber),+905314027831,Kuaför / Berber
REN Kuaför,+905060587277,Kuaför / Berber
AYŞE KUAFÖR,+905416586361,Kuaför / Berber
Kardelen Bayan Kuaför,+902325452487,Kuaför / Berber
FLİNTA HAİR SALOON,+905373673469,Kuaför / Berber
ÇAĞIN HAİR STUDİO,+905537887435,Kuaför / Berber
ZEN KUAFÖR,+905432553180,Kuaför / Berber
VİP KUAFÖR SALONU,+905059830488,Kuaför / Berber
Formen Erkek Kuaför,+905438993819,Kuaför / Berber
Elit Erkek Kuaförü,+905538543771,Kuaför / Berber
Black Hair Stüdio,+905061700405,Kuaför / Berber
HÜSEYİN CEYLAN ERKEK BAKIM MERKEZİ,+905459442494,Kuaför / Berber
Saloon Emre,+905426723154,Kuaför / Berber
Tuğba Kuaför,+905334050351,Kuaför / Berber
Kaya Erkek Kuaförü,+905464034108,Kuaför / Berber
Levent Senem Kuaför,+905354392687,Kuaför / Berber
Yılmaz Erkek Kuaförü,+905415383724,Kuaför / Berber
Nimet Kuaför,+902325433914,Kuaför / Berber
Özgül erkek kuaförü,+905445585681,Kuaför / Berber
SELEFARS İS TUR GEZİ ACENTASİ VE BAYAN KUAFORU SEMRA,+905358399570,Kuaför / Berber
ALTINMAKAS ERKEK KUAFÖRÜ EKREM,+905076019405,Kuaför / Berber
Kuaforzaferceylan,+905366959169,Kuaför / Berber
Kuaför Sezgin,+905432555970,Kuaför / Berber
Sevda salon,+905522965352,Kuaför / Berber
Sercan erkek koforu,+905543840802,Kuaför / Berber
Berberler Ve Kuaförler Odası,+902325445453,Kuaför / Berber
ELA'M Erkek Kuaförü,+905387395850,Kuaför / Berber
Şimal erkek kuaförü,+905545785142,Kuaför / Berber
Barut erkek kuaförü,+905423102084,Kuaför / Berber
EGE BERBER SALONU,+905348787284,Kuaför / Berber
Berber Gökçe,+905352545292,Kuaför / Berber
Kaan Erkek Kuaförü,+902325454948,Kuaför / Berber
berber yusuf cezayerli,+905425021998,Kuaför / Berber
Can Berber Salonu,+905348447223,Kuaför / Berber
Salon venüs erkek bakım merkezi,+905438534425,Kuaför / Berber
Fenomen Erkek Kuaförü,+905077752159,Kuaför / Berber
Bozova Kuaför Salonu,+902325432238,Kuaför / Berber
ESLEM ERKEK KUAFÖRÜ,+905342792698,Kuaför / Berber
Recep Erkek Kuaförü,+905548629850,Kuaför / Berber
FittEsin Kilo Kontrol Merkezi,+905412048904,Diyetisyen
Uzman Doktor İsmet Emeklioğlu | Genel Cerrahi | Medikal Estetik,+905539516960,Güzellik Salonu
Uz.Psikolog Hatice Bilgin,+905322872981,Psikolog / Terapist
Ödemiş Psikoloji Merkezi Uzman Psikolog Afra Sakal Gök,+905323994775,Psikolog / Terapist
Uzman Klinik Psikolog Selin Sakınlı Halıcı,+905415072860,Psikolog / Terapist
Psikolog Rezzan Karluk Psikolojik Danışma Merkezi,+902325995050,Psikolog / Terapist
Psikolog Yağmur Ünal Psikolojik Danışmanlık Merkezi,+905536335661,Psikolog / Terapist
Uzman Psikolog Büşra Boğaz Kahya,+905102232068,Psikolog / Terapist
Uzman Psikolog Hande Subaşı,+905401911224,Psikolog / Terapist
Dicle Psikolojik Danışmanlık Merkezi,+905455442629,Psikolog / Terapist
Psikolog Burak Uzun,+905308203873,Psikolog / Terapist
Toprak Psikoloji,+905401000709,Psikolog / Terapist
Psikolog Özge Güner,+905326469769,Psikolog / Terapist
Uzm. Kl. Psk. Dilara Karagül,+902322182275,Psikolog / Terapist
Psikolog Pelin Akgün Psikolojik Danışmanlık Merkezi,+905325149799,Psikolog / Terapist
Özel Elif Andaç Ağız ve Diş Sağlığı Polikliniği,+902325449305,Diş Kliniği
TA DENT AĞIZ VE DİŞ SAĞLIĞI POLİKLİNİĞİ,+905402054020,Diş Kliniği
Özel Ventus Clinic Ağız ve Diş Sağlığı Polikliniği,+905058893008,Diş Kliniği
Özel Ege Ağız ve Diş Sağlığı Polikliniği,+902325459111,Diş Kliniği
Diş Hekimi Şerif Esmi | İzmir Diş Kliniği | Ödemiş Diş Kliniği,+905327263909,Diş Kliniği
Diş Hekimi Esra Uyguner Göksel Kliniği,+905346898534,Diş Kliniği
Diş Hekimi Büşra Solak,+902325433842,Diş Kliniği
Dr. Ahmet Şengün,+902325454277,Diş Kliniği
Diş Hekimi Elif Bilge Günebakan,+905326596035,Diş Kliniği
Diş Hekimi Yılmaz BAKICI Muayenehanesi,+905409663636,Diş Kliniği
Diyetisyen Dirşah Taşlı | Ödemiş,+905434281519,Diyetisyen
Burcu Şenol Beslenme ve Diyet Danışmanlığı,+905062036818,Diyetisyen
Diyetisyen Ali Köymen Diyet Form Merkezi | Ödemiş Diyetisyen,+905465314457,Diyetisyen
Diyetisyen Sezin Geniş,+905060510330,Diyetisyen
Diyetisyen Gözde Çiftçi,+908504744180,Diyetisyen
Diyetisyen Bengü Burcu,+908504740159,Diyetisyen
Diyetisyen Neziha Uyaroğlu,+905432951613,Diyetisyen
Diyetisyen Tuğba Çimen,+905397100293,Diyetisyen
Diyetisyen İdil USLUOĞLU,+905375081997,Diyetisyen
Diyetisyen Şerife Efe,+905452814088,Diyetisyen
Diyetisyen Feyza Süzgen,+902325431600,Diyetisyen
Diyetisyen Ece Butakın,+905432544157,Diyetisyen
Dyt. Sude Yay,+908504746343,Diyetisyen
Fitizmir Ödemiş Diyetisyen,+902323621315,Diyetisyen
Diyetisyen Elif Sena Çakır,+905518972676,Diyetisyen
Zindefitt,+905102203511,Diyetisyen
Diyetisyen Büşra Fidan,+902322182263,Diyetisyen
BHR STUDIO,+905076780095,Pilates / Yoga
"Lifeline Fizyoterapi, Kayropraktik & Pilates",+905333060797,Psikolog / Terapist
GOA Sport Kampüsü - Spor Salonu,+905309007590,Kuaför / Berber
Ödemiş Efe Fizyoterapi ve Sağlıklı Yaşam Merkezi,+905444754448,Psikolog / Terapist
GYMNASİUM HİBRİT CLUB FİTNESS & SPOR SALONU,+905425151991,Kuaför / Berber
StudioLotus,+905528004500,Pilates / Yoga
Atılım Fizyoterapi ve Rehabilitasyon Merkezi,+905316841376,Psikolog / Terapist
kuaför Turgay,+905359574426,Kuaför / Berber
"Emir Can Çınar Kuaför & Güzellik Salonu,Seferihisar Lazer Epilasyon,Seferihisar Saç Kesimi,Seferihisar Bayan Kuaförü",+905548330732,Güzellik Salonu
Cenk Atuk Güzellik Salonu,+905369421364,Güzellik Salonu
FEMA Estetik ve Güzellik Salonu,+905339612935,Güzellik Salonu
MyRose Seferihisar Bayan Kuaförü & Lazer Epilasyon,+905535376861,Güzellik Salonu
Şebnem Çelik Beauty,+905415752653,Güzellik Salonu
Melek Karataş Beauty,+905313114335,Güzellik Salonu
Rana Dolgun Güzellik Salonu,+905071668302,Güzellik Salonu
İrembeauty,+905061181306,Güzellik Salonu
Mirage Vip Beauty,+905364128377,Güzellik Salonu
Epilasyon güzellik Salonu bay bayan,+905325978804,Güzellik Salonu
Öznur Gül Beauty House,+905549041853,Güzellik Salonu
Gürhan Kuaför Seferihisar,+902327435383,Kuaför / Berber
Eyüp Evren Salon,+905419028557,Kuaför / Berber
DİLARA ATUK GÜZELLİK KOÇU,+905061182073,Güzellik Salonu
Fatike Hair Studio,+905305594426,Kuaför / Berber
ELİZİM KUAFÖR & GÜZELLİK SALONU,+905339506563,Güzellik Salonu
Demet Ceylan Beauty,+905426413015,Güzellik Salonu
H&M Erkek Berberi,+905316081829,Kuaför / Berber
Zümrüt Uyan Beauty Center,+905519986840,Güzellik Salonu
MİRAY BAYAN KUAFÖRÜ,+905542893737,Kuaför / Berber
Salon Deluxe Men & Women,+902325036977,Kuaför / Berber
AYLA KARADENİZ GÜZELLİK & ESTETİK,+905321324886,Güzellik Salonu
Hale Ohrili Beauty Studio,+905459436728,Güzellik Salonu
Duygu Su Beauty,+905407431995,Güzellik Salonu
TERA HAİR DESIGN,+905535227205,Kuaför / Berber
Tuğba Kuaför,+905013252843,Kuaför / Berber
Kuaför Ela,+902327433402,Kuaför / Berber
3EBarberShop,+905442885435,Kuaför / Berber
Kuaför Erkan Seferihisar,+905468902253,Kuaför / Berber
BATUHAN&ALİ HAIR SALON,+905060557624,Kuaför / Berber
Sevilay Kuaför Seferihisar,+902327435056,Kuaför / Berber
SEFERİHİSAR/İZMİR MASAJ (ŞİFA YOLU)(iNFRARED&İĞNELİ EPİLASYON),+905071525262,Güzellik Salonu
Makkas Erkek Kuaförü,+905346983504,Kuaför / Berber
Kuaför Hüseyin Bildik,+905323658384,Kuaför / Berber
Nesrin kuaför,+905383832424,Kuaför / Berber
Port Pilates Seferihisar,+905322879766,Pilates / Yoga
CHÉRİE CLUB BEAUTY,+905534202731,Güzellik Salonu
Akademi Erkek Kuaförü,+905074462271,Kuaför / Berber
Mila Pilates House,+905320686557,Pilates / Yoga
Berber Şeker,+905358544163,Kuaför / Berber
Steel Fıst Personal Training,+905385609949,Kuaför / Berber
Beautica - Büşra Arslan,+905316184771,Güzellik Salonu
Fatih Emrah Kuaför,+905074118797,Kuaför / Berber
Ay Kuaför,+905514182469,Kuaför / Berber
Berber Bülent,+905333276656,Kuaför / Berber
By Özkan Erkek Kuaförü Seferihisar,+905374014471,Kuaför / Berber
Anka Pilates Seferihisar,+905465978887,Pilates / Yoga
Luna Pilates Studio,+905057473577,Pilates / Yoga
Miva Beauty Clinic,+905459103902,Güzellik Salonu
MK HAİR STUDİO KUAFÖR,+905364417092,Kuaför / Berber
Pet Kuaför Seferihisar - Sebahat Parlak,+905357465566,Kuaför / Berber
Selim Kaynak Kuaför,+905306327984,Kuaför / Berber
Berber Mehmet,+905011274360,Güzellik Salonu
İlayda Kuaför,+902327421171,Kuaför / Berber
Elit Bayan Kuaförü Ürkmez,+905526206612,Kuaför / Berber
Patilie's Pet Kuaför,+905309671595,Kuaför / Berber
Alkim Irem Kuaför,+905352626359,Kuaför / Berber
Esperi Kuafor,+905331580250,Kuaför / Berber
Erman erkek kuaförü 75yıl Cumhuriyet Cad No49,+905534206362,Kuaför / Berber
Yusuf Erkek Kuaförü,+905077103614,Kuaför / Berber
Seferihisarproteztırnak,+905511693121,Güzellik Salonu
Samet Başaran Erkek Kuaförü,+905467831995,Kuaför / Berber
Meflow nails,+905404353558,Güzellik Salonu
ERMAN Erkek Kuaförü,+905011797588,Kuaför / Berber
Estetica Kuaför ZEYNEL SIĞACIK,+902322390444,Kuaför / Berber
Berber Hüsnü,+905534388117,Kuaför / Berber
Fit One Gym Fun and More Spor Salonu,+905458804835,Kuaför / Berber
Salon Nazife,+902322347098,Kuaför / Berber
Berat Erkek Kuaförü ve Bakım Salonu,+905525346074,Kuaför / Berber
Winners Sport Center,+905078090560,Kuaför / Berber
İlkay Fitness Studio,+905067554905,Kuaför / Berber
Patuli Veteriner Kliniği,+905376491153,Veteriner
Paşaoğlu Berber,+905322530982,Kuaför / Berber
Bayan kuaförü(freelance),+905316806537,Kuaför / Berber
AYY PERDE TASARİM,+905425532002,Diğer (Sağlık & Bakım)
Body Key Gym,+905530872189,Kuaför / Berber
Smyrna Kuaför Spa & Güzellik Salonu,+905378138243,Güzellik Salonu
Cemre Nur Kandaz Nail Studio,+905522010161,Güzellik Salonu
NAIL ART URLA,+905301210806,Güzellik Salonu
FESTİNA LENTE PİLATES,+905344071230,Pilates / Yoga
İzmir Fizyoyaşam Sağlıklı Yaşam Merkezi ve Pilates Studio,+905306352482,Pilates / Yoga
Fizyoterapist Burak HARPUTLU,+905350398079,Psikolog / Terapist
Bianco Fizyoterapi Beyza ARGIN,+905435790888,Psikolog / Terapist
Kilo Kontrol Merkezi Sırma Yılmaz,+905533238052,Diğer (Sağlık & Bakım)
Vega Fizyoterapi Sağlıklı Yaşam Merkezi,+905012955055,Psikolog / Terapist
FİZYOTERAPİST SERKAN ŞAHİN/ÖZEL SAĞLIK MESLEK HİZMET BİRİMİ,+905532070103,Psikolog / Terapist
Dr. Kerem Çolakoğlu,+905317322835,Diğer (Sağlık & Bakım)
Psikolojik Danışman Sevcan Şayır | Seferihisar-İzmir,+905394047200,Psikolog / Terapist
Uzman Psikolog Aile Danışmanı Beyza Ece Yılmaz,+905303077886,Psikolog / Terapist
Doğade Psikoloji - Seferihisar Psikolog,+905306428925,Psikolog / Terapist
Tuğçe Temoçin - KLİNİK PSİKOLOG Seferihisar- İzmir,+905335549099,Psikolog / Terapist
Klinik Psikolog Özge Sezen Geliş - Seferihisar/İzmir,+905304476943,Psikolog / Terapist
Psikolog Çağatay Şevik,+905333398678,Psikolog / Terapist
Klinik Psikolog Beste İçağası,+905545002635,Psikolog / Terapist
Uzm. Psk. İnci Güçer,+905054689076,Psikolog / Terapist
DENT HAYAL AĞIZ VE DİŞ SAĞLIĞI POLİKLİNİĞİ,+905010897979,Diş Kliniği
Özel Cantürk Ağız ve Diş Sağlığı Polikliniği Seferihisar,+905537536654,Diş Kliniği
Özel Avrupadent Seferihisar Ağız ve Diş Sağlığı Polikliniği,+905076252201,Diş Kliniği
TEOS Ağız ve Diş Sağlığı Polikliniği,+905013436833,Diş Kliniği
UBAdent Ağız ve Diş Sağlığı Polikliniği - Diş Hekimi Ufuk Biçer - Aytuğ Özgüven,+905435235827,Diş Kliniği
Özel Denta Tual Ağız ve Diş Sağlığı Polikliniği,+902325021020,Diş Kliniği
Özel Dent Seferihisar Ağız ve Diş Sağlığı Polikliniği - Dt. Hüseyin Anıl Banazlı,+902326834232,Diş Kliniği
Özel Bluedent Ağız Ve Diş Sağlığı Polikliniği,+905447433635,Diş Kliniği
Seferihisar Diş Hekimi Caner Aydın,+905417431191,Diş Kliniği
DENTEOS Ağız ve Diş Sağlığı Polikliniği,+905421142335,Diş Kliniği
Seferihisar Diş Hekimi Bengü Görgülü,+902327433131,Diş Kliniği
"Mayda Clinic | Seferihisar Diş Doktoru | Diş Hekimi Seferihisar, implant, zirkonyum, kanal tedavisi",+905309161767,Diş Kliniği
Diş Hekimi Pelin Kurtuluş,+905427434400,Diş Kliniği
Uzm. Dt. Deniz Bayramoğlu,+905323905188,Diş Kliniği
Diş Hekimi İpek Nemutlu Bozkurt,+905014610193,Diş Kliniği
Diş Hekimi Hülya Özlem Antakyalı,+902322182330,Diş Kliniği
Diş Hekimi Eren Dikilitaş - Protez Uzmanı,+905327693509,Diş Kliniği
Zen Art,+905535958931,Dövme & Piercing
Core Line Pilates Training House,+905455110912,Pilates / Yoga
ArFit Studio,+905452852645,Diğer (Sağlık & Bakım)
Sportnjoy,+905553547919,Kuaför / Berber
Burcu Sönmez Beauty Studio,+905533537851,Güzellik Salonu
Mine yılmaz Beauty Salon,+905306318732,Güzellik Salonu
Kozaderma Güzellik Merkezi,+905306422493,Güzellik Salonu
Yağmur Eroğlu Selçuk Güzellik Merkezi,+905451557353,Güzellik Salonu
Senemcegüzellik ve masaj salonu,+905414078904,Güzellik Salonu
Aphrodite Beauty Saloon,+905069043050,Güzellik Salonu
Selçuk Dent Estetik Ağız ve Diş Sağlığı Polikliniği,+902328921314,Diş Kliniği
SonYaz,+905512758002,Kuaför / Berber
Dr. Zilhice İlki Turan -- Medikal Estetik,+905438343080,Güzellik Salonu
Fulya Güzellik Salonu,+905530855103,Güzellik Salonu
BS Psikoloji ve Danışmanlık,+905544893535,Psikolog / Terapist
Berkant Polat Psikolojik Danışmanlık ve Rehberlik Merkezi --Torbalı Psikolog,+905442200909,Psikolog / Terapist
Uzman Torbalı Psikolog Pedagog - İzmir Çocuk Ergen Aile Terapisti,+905511780213,Psikolog / Terapist
Umut Yılmaz | Torbalı Psikolog | İzmir Psikolog,+905067922116,Psikolog / Terapist
Lotus Psikoloji - Torbalı Psikolog Ceren Kılıçlı Çetin,+905309959335,Psikolog / Terapist
Nisan Psikoloji - Torbalı Psikolog,+905417623822,Psikolog / Terapist
Torbalı Psikolog-Yakamoz Psikoloji,+905344843544,Psikolog / Terapist
Torbalı Psikodil Psikoloji Danışmanlık Merkezi,+905521231415,Psikolog / Terapist
Psikolog Bilge Çetinkaya,+905010156620,Psikolog / Terapist
Torbalı Psikolog Meryem Koldaş Arıcı,+905518794515,Psikolog / Terapist
Psikolog Fatma Özkan,+905421731242,Psikolog / Terapist
Flora Biorezonans Psikoloji ve Sağlık Merkezi,+905549840102,Diğer (Sağlık & Bakım)
Ay Psikoloji Akademisi,+905010731335,Psikolog / Terapist
Fizyoliva Sağlıklı Yaşam ve Fizyoterapi Merkezi,+905538435793,Psikolog / Terapist
ÖZEL SAĞLIK MESLEK HİZMET BİRİMİ DİYETİSYEN İSMAİL EGE AYDOĞDU,+905531434508,Diyetisyen
Diyetisyen Esma Tan,+905050903494,Diyetisyen
Diyetisyen İpek Özcan,+905456873535,Diyetisyen
Diyetisyen Mehmet Kaya,+905546611907,Diyetisyen
DİYETİSYEN MELİKE DUYAL,+905461235673,Diyetisyen
Diyetisyen Ece Önkan Sağlıklı Yaşam ve Diyet Merkezi & Sağlıklı Mutfak,+905539629290,Diyetisyen
Pink Pilates Studio,+905443634161,Pilates / Yoga
BT PİLATES STUDİO,+905455154105,Pilates / Yoga
C-S FITNESS Spor Merkezi,+905462777400,Kuaför / Berber
FitNJoyTrainingClub,+902325126000,Kuaför / Berber
FizyoFit Tire,+905423471705,Pilates / Yoga
Gold Class GYM,+905545454931,Kuaför / Berber
Oenomaus GYM,+905438281258,Kuaför / Berber
ODİN’S HALL,+905367487110,Kuaför / Berber
Tire Performance Hall,+905534293065,Kuaför / Berber
La Rose Spa & Wellness,+905367766414,Diğer (Sağlık & Bakım)
Zen Fit,+905541559017,Kuaför / Berber
DRD SPORTS,+905333625221,Kuaför / Berber
Özlem çelik vip güzellik,+905527824346,Güzellik Salonu
Bir Demet Güzellik Salonu,+905521018980,Güzellik Salonu
Sera Güzellik Merkezi,+905070890188,Güzellik Salonu
Dermameg Güzellik Salonu,+905550808442,Güzellik Salonu
Sirius Beauty Torbalı,+905389281357,Güzellik Salonu
Essi Güzellik Merkezi Torbalı,+902328555859,Güzellik Salonu
Dilara Toprak Beauty Center | Torbalı Güzellik Salonu,+905324755335,Güzellik Salonu
Esra Salur Güzellik Merkezi - Torbalı Güzellik Merkezi,+905443734314,Güzellik Salonu
Zénlight Güzellik Salonu,+905451353739,Güzellik Salonu
BURCU BAŞTÜRK GUZELLİK TORBALİ,+905519580258,Güzellik Salonu
Papilla Beauty,+905055975050,Güzellik Salonu
Lilith Güzellik Salonu,+905333240842,Güzellik Salonu
GÜLİSTAN ERSİN KALICI MAKYAJ VE GÜZELLİK,+902328561363,Güzellik Salonu
Yıldız Güzellik ve Saç Tasarım Salonu,+905462686794,Güzellik Salonu
MUSTAFA ALİ YILMAZ 𝚑𝚊𝚒𝚛 𝚍𝚎𝚜𝚒𝚐𝚗 ️,+905530539354,Kuaför / Berber
Torbalı Relax Masaj salonu,+905010920064,Kuaför / Berber
Yaren Doğan Bayan Kuaför Salonu,+905551778103,Kuaför / Berber
Elif Karaağaç Hair & Make Up Studio,+905372884036,Kuaför / Berber
Özlem seymen İmge Kuaför,+902328563491,Kuaför / Berber
Kadir Balyemez Hair Artist,+902323322718,Kuaför / Berber
Gizem Türban Tasarım,+905355656535,Kuaför / Berber
Simge beauty,+905421424202,Güzellik Salonu
Ness Kuaför,+902328560307,Kuaför / Berber
Saloon Nevzat,+905546714573,Kuaför / Berber
Gül kuaför,+905446974674,Kuaför / Berber
Fatoş Kaplan Hair Makeup,+902328560086,Güzellik Salonu
Gizem Moray Elif Tan Beauty,+905401787888,Güzellik Salonu
Samet Davran Saç Tasarım,+905382028292,Kuaför / Berber
SELİM AKA HAİR MAKEUP,+905433814819,Güzellik Salonu
Emirce Güzellik Salonu,+905431140847,Güzellik Salonu
Düş Kuaför Salonu,+905363573652,Kuaför / Berber
Belit Güzellik,+905558458787,Güzellik Salonu
CAPİLUS BAYAN KUAFÖRÜ,+902328561243,Kuaför / Berber
Gülşah Akbal Beauty Center,+905061678583,Güzellik Salonu
MiaLife Torbalı Şubesi,+905523930435,Güzellik Salonu
ESTEE'M KUAFÖR & GÜZELLİK SALONU,+905531264035,Güzellik Salonu
Star Güzellik Salonu,+902328554202,Güzellik Salonu
Rosida Park Estetik Torbalı,+902328565444,Güzellik Salonu
NewEsta Estetik ve Güzellik Merkezi,+905538878777,Güzellik Salonu
Pınar Deniz güzellik salonu,+905307128738,Güzellik Salonu
Aura Bliss Güzellik Salonu by Büşra Yılmaz,+905362022996,Güzellik Salonu
MEDA Torbalı Güzellik ve Lazer Epilasyon Salonu,+905354649769,Güzellik Salonu
EYM Life Güzellik Merkezi,+905324132909,Güzellik Salonu
Berna Ozlu - İmaj Kuaför,+905058396067,Kuaför / Berber
Emre imzalısaçlar,+902328569068,Kuaför / Berber
Sude Ezo Özcelik Beauty,+905324499904,Güzellik Salonu
İstanbul Kuaför,+902328566233,Kuaför / Berber
Perim Hair Makeup Studio Torbalı,+905347873955,Güzellik Salonu
Emrah&Erkan Kuaför,+905061306692,Kuaför / Berber
Rabia Atmaca Kalıcı Makyaj ve Güzellik Salonu,+905432014074,Güzellik Salonu
Bernali estetik,+905528320909,Güzellik Salonu
CELESTE ESTETİK,+905392634031,Güzellik Salonu
Fulya Kandemir Guzellik Merkezi,+905538004050,Güzellik Salonu
Reserve Hair Beauty Studio,+902326834640,Güzellik Salonu
FLORA GUZELLIK VE BAKIM SALONU,+905059304271,Güzellik Salonu
İnci beuaty studio,+905522146741,Kuaför / Berber
Melikeburkay_beauty,+905527911277,Güzellik Salonu
Otantik Berber Salonu,+905070777297,Kuaför / Berber
MUSTAFA ALİ YILMAZ 3,+905462942754,Kuaför / Berber
ByBekir Kuaför Salonu,+905398110095,Kuaför / Berber
temmuzlazer,+905409101111,Güzellik Salonu
Pelşin Alphan Güzellik Salonu,+905454344814,Güzellik Salonu
Aysun Doğru | Torbalı Lazer Epilasyon Merkezleri | Buz Lazer | İğneli Lazer,+905510733282,Güzellik Salonu
Bayan Kuaförü B&S Hair & Beauty,+905442193213,Güzellik Salonu
BELLA KUAFÖR,+905413557574,Kuaför / Berber
Anıl İmzalıSaçlar✨,+905385888935,Kuaför / Berber
MUSTAFA ALİ YILMAZ 2,+905367059438,Kuaför / Berber
PERLA COİFFEUR “Serpil BAHÇELİ”,+902328531505,Kuaför / Berber
SALON ÖZGE TORBALI,+905531098849,Kuaför / Berber
suhairstudıo,+905301821335,Güzellik Salonu
Batuhan Özer Coiffeur,+905535799974,Kuaför / Berber
KUAFÖR UĞUR BAY & BAYAN VİP SALONU,+905456960402,Kuaför / Berber
Damla Kuaför/DD Hairdresser,+905443323952,Kuaför / Berber
GÜLÇİN KUAFÖR,+905386806973,Kuaför / Berber
Erbay Kuaför,+905395649503,Kuaför / Berber
Nil Bayan Kuaför Torbalı,+905531561270,Kuaför / Berber
Kral Kuaför,+905469778977,Kuaför / Berber
İmge kuaför,+905346601887,Kuaför / Berber
Nefesim bayan kuaförü,+905536953512,Kuaför / Berber
lion hair designer,+905514480393,Kuaför / Berber
ByHasanKuaför,+905418609874,Kuaför / Berber
Erden Bayan Kuaför,+905399476635,Kuaför / Berber
Babacan hairdesign,+905417234784,Kuaför / Berber
Dostlar Kuaför,+905352273463,Kuaför / Berber
KARADENİZ KUAFÖR,+905437738717,Kuaför / Berber
Paris Bayan kuaförü,+905379214797,Kuaför / Berber
Golden Razor,+905070383333,Kuaför / Berber
Veysel Erkek Kuaförü,+905066994061,Kuaför / Berber
Asya Tunç Pervin Tunç Hair Makeup Studio,+905469614983,Güzellik Salonu
Ceylan kuaför,+905061233372,Kuaför / Berber
Zeliha albulut kuaför,+905077703908,Güzellik Salonu
Dilan Rozan Hair Make Up Studio,+905386472527,Kuaför / Berber
Pawlike Pet Kuaför & Petshop Torbalı,+905438895260,Kuaför / Berber
Beyefendi Erkek Kuaförü,+905531049894,Kuaför / Berber
HAİRDRESSER AYHAN ÇAĞLIYAN,+905336227386,Kuaför / Berber
Lidya Kuaför ve Güzellik Merkezi,+905377202684,Güzellik Salonu
Kuaför Sümer,+905444619896,Kuaför / Berber
Trend Erkek Kuaforü,+905076493858,Kuaför / Berber
ASLI'M BAYAN KUAFÖRÜ,+905320523280,Kuaför / Berber
Gizem Duymaz Kuaför,+905469556642,Kuaför / Berber
MERTT ERKEK KUAFÖRÜ,+905316547144,Kuaför / Berber
Hayat tirnak studio,+905461042928,Güzellik Salonu
Salon Moda Erkek Kuaförü,+905547343294,Kuaför / Berber
Emine kaya hair makeup studio,+905359488636,Güzellik Salonu
SALON N.E.D,+905314816948,Kuaför / Berber
Lucetta Nail Art,+905380342580,Güzellik Salonu
Nirin Beauty,+905442878868,Güzellik Salonu
CELESTE BEAUTY,+905318890455,Güzellik Salonu
ŞEHRAZAT Güzellik Merkezi,+905455206995,Güzellik Salonu
Hayal Uşaklıoğlu Beauty Center,+905348139130,Güzellik Salonu
PANDORA VİP GÜZELLİK SALONU,+905360805848,Güzellik Salonu
Cansu Yıldırım Güzellik,+905437174937,Güzellik Salonu
İzmir Estetik Merkezi,+905434398945,Güzellik Salonu
Este Medifema,+905307086464,Güzellik Salonu
Dr.Pelin Taşdemir,+905352083643,Diğer (Sağlık & Bakım)
Didem Lök Güzellik,+905436852608,Güzellik Salonu
Leyla Güzellik merkezi,+905367897691,Güzellik Salonu
MORE URLA BEAUTY Güzellik Salonu,+905442258272,Güzellik Salonu
Urla Makeup&Beauty,+905546575900,Güzellik Salonu
Büşra Çini Beauty Studio,+905513932701,Güzellik Salonu
Selene güzellik salonu,+905426399782,Güzellik Salonu
Cadde Kuaför urla,+902327544232,Kuaför / Berber
Sinem Aydın Estetik / Güzellik,+905497700277,Güzellik Salonu
Noble Stüdyo Sezen Güzellik,+905400230187,Güzellik Salonu
AURA BEAUTY & MORE,+905336796935,Güzellik Salonu
Peri House of Beauty-Nail Studio,+905302629889,Güzellik Salonu
Seda Güzellik Salonu,+905382582037,Güzellik Salonu
NORA HAİR MAKEUP bayan kuaförü,+902327541426,Güzellik Salonu
Güldeniz Kuaför Urla Tırnak studiosu,+902327544064,Güzellik Salonu
el urla,+905452323679,Güzellik Salonu
Velora Beauty Studio Ezgi Özanay,+905078424277,Güzellik Salonu
BS Barber & Nail Studio Urla,+905010322930,Güzellik Salonu
Hülya Çapa Beauty Studio - Urla Güzellik ve Lazer Merkezi,+905312951752,Güzellik Salonu
B'mod Kadıköy Kuaför,+902327543595,Kuaför / Berber
Dipart Saç Tasarım & Güzellik,+902327545657,Güzellik Salonu
Deniz Yurt House of Beauty,+905342125182,Güzellik Salonu
GM CLINIC BY GİZEM MERT,+905344541523,Güzellik Salonu
Meryurla Kuaför,+905533585081,Kuaför / Berber
SALOON CİTY,+902327546467,Kuaför / Berber
Değişim Bayan Kuaför & Güzellik Salonu,+905549784998,Güzellik Salonu
Kuaför Seval,+902327543155,Kuaför / Berber
Safak Bilgin Hair Artist Erkek Kuaförü Urla İzmir,+905079013150,Kuaför / Berber
DUCHESS_URLA haır & beauty,+905015753552,Güzellik Salonu
Hakan Aktaş Hair Stylist,+905059857995,Kuaför / Berber
Kuaför Ali Urla,+902327546750,Kuaför / Berber
Beauty Studio Yuliya,+905355609985,Güzellik Salonu
Salon Ocal,+905326206850,Kuaför / Berber
Nilce Beauty,+902327544747,Güzellik Salonu
"Tülay Beauty - Urla Cilt Bakımı, Lazer Epilasyon, Makyaj",+905546863035,Güzellik Salonu
Onur karaca Hair Saloon,+905356785135,Kuaför / Berber
SALON EROL - Hair Stylist - Erkek Kuaförü,+905300425412,Kuaför / Berber
Lavinia Güzellik Salonu,+905383957950,Güzellik Salonu
MODA Kuaför,+902327540555,Kuaför / Berber
MiS kuafor hairdresser coiffeur,+902324575766,Kuaför / Berber
Özel Smyrna Medidenta Ağız ve Diş Sağlığı Polikliniği İnönü Şube İzmir Ayrancılar,+902322034980,Diş Kliniği
PRODİŞ Ağız ve Diş Sağlığı Polikliniği - Torbalı (Diş İmplant ve Çene Cerrahisi),+902328555999,Diş Kliniği
Nifdent Ağız ve Diş Sağlığı Polikliniği,+905333546492,Diş Kliniği
Torbalı Dentapolis Ağız ve Diş Sağlığı Polikliniği -Torbalı implant,+902328554949,Diş Kliniği
İZMİR-TORBALI TALUDENT HÜSEYİN TALU Ağız ve Diş Sağlığı Polikliniği,+908508113915,Diş Kliniği
Özel Dent Torbalı Ağız ve Diş Sağlığı Polikliniği,+905418565322,Diş Kliniği
Torbalı Diş Doktoru,+905050833535,Diş Kliniği
TORBALI Demirbağ Diş Kliniği Diş Hekimi Serkan Demirbağ,+905074130723,Diş Kliniği
Özel Smyrna Medidenta Ağız ve Diş Sağlığı Polikliniği Merkez Şube İzmir Torbalı,+902328547222,Diş Kliniği
Diş Hekimi Ceyda Tetik,+905462556430,Diş Kliniği
Diş Hekimi Emre İpor,+905052999401,Diş Kliniği
İnkorz Tattoo Studio,+905395416413,Dövme & Piercing
muratyaman.ink Tattoo | Piercing Studio,+905055171557,Dövme & Piercing
AyrancılarTattoo.ink,+905010097282,Dövme & Piercing
Diyetisyen-Torbalı Ezgi Şenoğul,+905077927466,Diyetisyen
Diyetisyen Remziye Duru Ürün,+905345704735,Diyetisyen
Diyetisyen Esra Gençay Bireysel Ve Kurumsal Beslenme Danışmanlığı,+902328567812,Diyetisyen
Uzman Diyetisyen Büşra Nur Koyuncu,+905522681276,Diyetisyen
Diyetisyen İlayda Orhan,+905531151974,Diyetisyen
Diyetisyen Aleyna Nur Taşlıoğlu,+905541422000,Diyetisyen
Diyetisyen Ebru Özbek Öz,+905550851991,Diyetisyen
Diyetisyen Simay Kurt,+905303816320,Diyetisyen
Diyetisyen Elif Üzümcü,+905442444198,Diyetisyen
Slimshape Torbalı,+905307651900,Kuaför / Berber
Torbalı Herbalife Kilo Kontrol Merkezi,+905439798592,Diyetisyen
Diyetisyen Meryem Altın,+908504334037,Diyetisyen
Betül Ekici Erdemir Bireysel Ve Kurumsal Beslenme Danışmanlığı,+905343328180,Diyetisyen
Diyetisyen Gülesin Gedik Exclusive Clinic,+905015885035,Diyetisyen
Sp Trainer( Bireysel eğitmen),+905051176564,Kuaför / Berber
Sportfiz Torbalı | Reformer Pilates Studio,+905462857072,Pilates / Yoga
DEM Pilates Studio,+905071535999,Pilates / Yoga
Studio Aslıcan Özdim,+905398771137,Pilates / Yoga
FizyoRabia Pilates & EMS Studio,+905396671479,Pilates / Yoga
Lotus Pilates Stüdyo İlke Yılmaz,+905423357535,Pilates / Yoga
Havva Karataş Pilates Studio,+905376110341,Pilates / Yoga
Sporium Kardiyo& Reformer Pilates Salonu,+905538138888,Pilates / Yoga
Es pilates studio,+905402014243,Pilates / Yoga
Lithium Sports Center,+905347653500,Kuaför / Berber
United Sports Akademi Torbalı Şubesi,+902328554323,Kuaför / Berber
FITFORCE FİTNESS BODYBUİLDİNG,+902328569911,Kuaför / Berber
FITPOINT SPORTS CLUB TORBALI,+905332108835,Kuaför / Berber
Zenform pilates reformer,+905528128941,Pilates / Yoga
As pilates,+905461592509,Pilates / Yoga
UNİTED SPORTS AKADEMİ KADIN SPOR SALONU,+905335082284,Kuaför / Berber
Fizyotorbalı Fizyoterapi & Egzersiz,+905547359133,Psikolog / Terapist
Fit Klan Gym,+905077498674,Kuaför / Berber
Torbalı Spor Salonu,+902328563751,Kuaför / Berber
Yoga Academy Torbalı,+905333618978,Pilates / Yoga
Ocean Pilates,+905524627697,Pilates / Yoga
As_al fit spor salonu,+905469365258,Kuaför / Berber
"Torfiz Torbalı Fizyoterapi Danışmanlık, Egzersiz ve Pilates Merkezi",+905075050939,Psikolog / Terapist
KUZGUN MMA FIGHT CLUB,+905342484228,Kuaför / Berber
Bulls GYM,+905541393593,Kuaför / Berber
PT ÜNAL SEVİM,+905077205384,Kuaför / Berber
Stil Bayan Kuaförü,+902325113720,Kuaför / Berber
İhsan Çadırcı | Mikrokaynak | Hayalet Kaynak | Profesyonel Bayan Kuaför Hizmetleri | Tire - Ödemiş - Bayındır Saç Kaynak |,+905324531487,Kuaför / Berber
Bahar_lush_hairmakeupstudio,+902325110600,Güzellik Salonu
Tire diva Kuaför yeliz serif,+902325116373,Kuaför / Berber
",BAY,KUAFÖR,CUMHUR,",+905354793418,Kuaför / Berber
Kuaför Şöhret,+905063538556,Kuaför / Berber
EYLÜL KUAFÖR Suat Melike,+905523707335,Güzellik Salonu
Ulvi Kuaför,+902325120223,Kuaför / Berber
İstanbul Kuaför,+905448834849,Kuaför / Berber
Saloon Sessiz erkek kuaförü,+905344299162,Kuaför / Berber
Mertcan Kapan Hair Studıo,+905520000897,Kuaför / Berber
Başkent Kuaför Metin,+902325110418,Kuaför / Berber
PERİSTYLE,+905432960434,Kuaför / Berber
Erkan ilbeyi bayan kuaförü,+905386990572,Kuaför / Berber
Alina Kuaför,+905386253133,Kuaför / Berber
TİRE GÜZELLİK SALONU İREM KAYA GÜZELLİK MERKEZİ,+905442133111,Güzellik Salonu
Fatih Dura Bayan Kuaförü,+905442511637,Kuaför / Berber
Kuaför Ferhat,+905067562932,Kuaför / Berber
By Çakır Erkek Kuaförü Tire,+905428208115,Kuaför / Berber
Berber Akif,+905459524355,Kuaför / Berber
Zişan Kuaför,+905389211592,Kuaför / Berber
lida kuaför salon ruj,+905320591564,Kuaför / Berber
My life estetika Bayan kuaförü,+905301308169,Güzellik Salonu
Serhat & Deniz Hair studio,+902325113330,Kuaför / Berber
Birsen Kuaför,+902325115110,Kuaför / Berber
By makas erkek kuaförü,+905344951839,Kuaför / Berber
Damla Kuaför,+902325110408,Kuaför / Berber
Tümey barber shop,+905398588745,Kuaför / Berber
Aydar Berber Salonu,+905064382535,Kuaför / Berber
Uyar Erkek Kuaförü,+905355801107,Kuaför / Berber
Copia Saç Tasarım,+905326356586,Kuaför / Berber
Edam Kuaför,+905393574501,Kuaför / Berber
Taner CEYLAN Erkek Kuaförü,+905078914064,Kuaför / Berber
Kuaför ÖZGEM,+905061794296,Kuaför / Berber
Nokta Erkek Kuaförü,+905072093840,Kuaför / Berber
Pala Erkek Kuaförü,+905446907730,Kuaför / Berber
Yasin trend erkek kuaförü,+905456117821,Kuaför / Berber
Bella kuaför tire,+905346555462,Kuaför / Berber
By Arıkan Erkek Kuaförü,+905058726482,Kuaför / Berber
Mertel Berber,+905511749655,Kuaför / Berber
Berber tugay,+905532031001,Kuaför / Berber
N&S Beauty Studio,+905539326535,Güzellik Salonu
Akar Berber Salonu,+902325111701,Kuaför / Berber
HİLAL BEAUTY CENTER,+905317663900,Güzellik Salonu
Elenora Güzellik Merkezi Tire,+902325003525,Güzellik Salonu
Pares Kuaför Güzellik ve Nail ART Tırnak Stüdyosu,+905411912187,Güzellik Salonu
Hüner Erkek Kuaförü,+905355146658,Kuaför / Berber
EFE SIRIMCI HAİR STUDİO,+905374356135,Kuaför / Berber
BERRİN GÜZELLİK MERKEZİ,+905520738335,Güzellik Salonu
Behçet Erkek KUAFÖRÜ,+905318421062,Kuaför / Berber
Henna Rabia Saç ve Türban Tasarım Salonu,+905386870501,Kuaför / Berber
Nazar Kuaför Salonu,+905063900356,Kuaför / Berber
Cansu Sağar Güzellik Merkezi,+905346814232,Güzellik Salonu
İstanbul kuafor tire,+905066013463,Kuaför / Berber
GIT-GIT CHICKEN HORON KÖFTE,+902325001010,Kuaför / Berber
Filinta Berber İbo Lazın Yeri,+905464692427,Kuaför / Berber
SM BEAUTY,+905354986993,Güzellik Salonu
kuaför Betül,+905376120768,Kuaför / Berber
Roza Güzellik Salonu Tire,+905551402023,Güzellik Salonu
Psikolog Hayriye ÜLGÜR,+905554994360,Psikolog / Terapist
Simurg psikolojik danisma merkezi,+905352853455,Psikolog / Terapist
Dr. Birol Özcan,+902328929434,Diş Kliniği
Diş hekimi Mustafa Fatih Dündar,+902328920022,Diş Kliniği
diş hekimi Ufuk Erkan,+902328921181,Diş Kliniği
Diyetisyen Özlem özden ilkılınç,+905544649494,Diyetisyen
Diyetisyen Huriye Lale Dal Beslenme ve Diyet Danışmanlığı,+905538525625,Diyetisyen
MEKIBU FİTNESS CLUB,+902328927221,Kuaför / Berber
Studio Gaia Efes,+905532805371,Pilates / Yoga
Zuhal Fitness & Gym Sport Club XL,+902328928880,Kuaför / Berber
Let’s Start Fitness Gym,+905439778772,Kuaför / Berber
Iron Art Spor,+905455975206,Kuaför / Berber
nirvana guzellik ve zayıflama salonu,+905445542309,Güzellik Salonu
MadaMe Lis Estetik Ve Güzellik,+902325009181,Güzellik Salonu
TİRE KAŞİF SABUNLARI,+905075149394,Güzellik Salonu
Room Nail Art,+905322568291,Güzellik Salonu
Hayri Kale Hairdesing,+902327545813,Kuaför / Berber
Kuaför Mehmet Özlem,+902327542299,Kuaför / Berber
Kuaför Ömür,+902327545593,Kuaför / Berber
Kuaför mihriban,+902327521927,Kuaför / Berber
Saloon Urla Erkek Kuaförü,+905395447101,Kuaför / Berber
Turkuaz Bayan Kuaförü,+902327545092,Kuaför / Berber
Urla Kardeşler Erkek Kuaförü,+905066895865,Kuaför / Berber
Magic Hands Bayan Kuaförü İskele Urla,+905071262786,Kuaför / Berber
Dusty Erkek Kuaförü,+905062605978,Kuaför / Berber
Yağmurla Kuaför Salonu,+905301776032,Kuaför / Berber
Kuaför Yusuf,+902327544482,Kuaför / Berber
Zehra Ekip Hair & Make-up Studio,+902327663606,Kuaför / Berber
Altın Makas Berber Efkan,+905385281798,Kuaför / Berber
Urla pet kuaför,+905074440576,Kuaför / Berber
Berber Çetin,+905537648280,Kuaför / Berber
Yılmaz Kuaför,+902327543599,Kuaför / Berber
Salon mehmet erol urla,+905306351992,Kuaför / Berber
Saloon ayyüce,+905057123915,Kuaför / Berber
Kuaför Şadan,+902327543814,Kuaför / Berber
Kairos Pet Kuaför,+905537141995,Kuaför / Berber
Saloon Elza,+905418222003,Kuaför / Berber
Nısantaschı Ali Kıvırcık,+902327521011,Kuaför / Berber
KORAY KUAFÖR,+905548147130,Kuaför / Berber
Erkek Kuaförü Birol,+905434911777,Kuaför / Berber
Candan Beykurt Hair Designer,+905327607494,Kuaför / Berber
Kuaför Hasan,+905382471297,Kuaför / Berber
Canan & Didem Kuaför,+905363049277,Kuaför / Berber
Genç Erkek Kuaför,+905363398549,Kuaför / Berber
Barış Ergin Barber Shop,+905052071195,Kuaför / Berber
Beauty Time Ayşin Inan,+905313573218,Güzellik Salonu
PAWURLA,+905431906535,Kuaför / Berber
"Pet kuaför ""Pet Style by İnna Aydıner""",+905347110677,Kuaför / Berber
Mustafa Erkek Kuaförü,+905346597392,Kuaför / Berber
Urla Spor Salonu - Fit Zone,+905546333004,Kuaför / Berber
Forever Living producst Fbo aloevera,+905358872799,Güzellik Salonu
Gülçin Limay Beauty Center,+902324800541,Güzellik Salonu
Dr.FATİH ŞAR,+905358399372,Diğer (Sağlık & Bakım)
İlayda Aslan Beauty,+905523522914,Güzellik Salonu
DUAL SLİMMİNG & BEAUTY,+905444850353,Güzellik Salonu
ELA BEAUTY STÜDYO,+908503059165,Güzellik Salonu
Cansu Asrak Beauty Studio,+905072864401,Güzellik Salonu
Urla Masaj Terapisti,+905373619093,Psikolog / Terapist
Hey Beauty Hülya Yılmaz,+905551007510,Güzellik Salonu
TİRE UMUT PSİKOLOJİK DANIŞMANLIK MERKEZİ TİRE AİLE DANIŞMANLIĞI,+905551731398,Psikolog / Terapist
Hemdem Psikoloji Uzman Psikolog Mert Bezci,+905327758980,Psikolog / Terapist
Psikolog Sena Özalay,+905363852987,Psikolog / Terapist
Psikolog & Aile Danışmanı Nazlı Onursoy,+908508113944,Psikolog / Terapist
Uzman Psikolog Muazzez Solmaz,+905526113229,Psikolog / Terapist
Mavi İnci Psikolojik Danışmanlık ve Kişisel Gelişim Merkezi,+905059714406,Psikolog / Terapist
Uzman Psikolog Evren Üzümcüoğlu,+905331672568,Psikolog / Terapist
Ruha Şifa Psikoloji,+905377304525,Psikolog / Terapist
Tire Ayna Psikoloji,+905066913230,Psikolog / Terapist
Uzm.Dr.Kevser Aktaş Gölcük Psikiyatrist-Psikoterapist,+905347008826,Psikolog / Terapist
Fizyotire Fizyoterapi ve Manuel Terapi Danışma Merkezi,+905374317800,Psikolog / Terapist
Fizyoserenity Fizyoterapi Ve Sağlıklı Yaşam Merkezi,+905330872888,Psikolog / Terapist
İlknur Pilates Reformer Sağlıklı Yaşam ve Spor Merkezi,+905382052940,Pilates / Yoga
Masters Pilates,+905050751345,Pilates / Yoga
Flex Point Pilates Studio,+902327545773,Pilates / Yoga
Selma kılıç reformer pilates urla,+905323085198,Pilates / Yoga
Yin Urla,+905322190119,Pilates / Yoga
Aden Pilates Studio,+905446115392,Pilates / Yoga
BEAM STÜDYO PİLATES,+905070380958,Pilates / Yoga
Prime Power Stüdyo,+905467190395,Pilates / Yoga
Ekinoks Urla,+905383359609,Pilates / Yoga
Pilates Medica,+905455658200,Pilates / Yoga
Anka Fit EMS Fitness (Urla),+905050223938,Kuaför / Berber
Hürkan PT,+905012481884,Pilates / Yoga
BİZİM BAHÇE YOGA PLATES SAĞLIKLI YAŞAM MERKEZİ,+905322322478,Pilates / Yoga
Studiomaxvo2,+905069331665,Kuaför / Berber
Juntos Studio,+905404586867,Pilates / Yoga
VİORLA URLA,+905401494040,Diğer (Sağlık & Bakım)
XBody URLA,+905372900071,Kuaför / Berber
Sportfit,+902327547773,Kuaför / Berber
Studio Pilatesra,+905451313101,Pilates / Yoga
Derin Urla,+905366166150,Pilates / Yoga
Prana TNS Yoga,+905529245495,Pilates / Yoga
Rain Spor Studio,+905535472282,Kuaför / Berber
Urla Retreat,+905392572464,Pilates / Yoga
URLA GENÇLİK VE SPOR İLÇE MÜDÜRLÜĞÜ (Urla Spor Salonu),+902327541193,Kuaför / Berber
Fizyo Sanitas Sağlıklı Yaşam Merkezi,+905435061059,Diğer (Sağlık & Bakım)
Urla gençlik taekwondo kickboks cimnastik,+905324229560,Kuaför / Berber
Art Of Pilates,+905326804812,Pilates / Yoga
Tire Estetik ADSP,+905302560923,Diş Kliniği
Dilan Atılgan Beauty Studio,+905436600087,Güzellik Salonu
Op. Dr. Ali Gökçen Akdal,+902327543039,Güzellik Salonu
Alara beauty,+905538588221,Güzellik Salonu
Urla Psikoterapi Merkezi,+905326993333,Psikolog / Terapist
EOS PSİKOLOJİK DANIŞMANLIK - Dr. Barış Yaka,+905356607791,Psikolog / Terapist
Dr.Elif Keskin Pehlivan,+905334788111,Psikolog / Terapist
Beren Kırkpınar Tuncer,+908504742260,Psikolog / Terapist
Psikiyatri Uzmanı Dr. Özlem Mestçioğlu,+905316785713,Psikolog / Terapist
Çocuk - Genç ve Aile Psikolojik Danışma Merkezi,+902327545512,Psikolog / Terapist
Uzm. Klinik Psikolog Gözde Ekinci,+905525801535,Psikolog / Terapist
Dent Urla Diş Polikliniği / Gülüş Tasarımı - Şeffaf Plak - İmplantoloji - Çocuk Diş Hekimliği,+905053953422,Diş Kliniği
Özel Ata Ağız ve Diş Sağlığı Polikliniği,+902327544050,Diş Kliniği
Dent Alpin Dental Clinic,+902327658787,Diş Kliniği
"Urla Diş Hekimi Muhammed Baytar Kliniği | İmplant, Zirkonyum, Gülüş Tasarımı",+905368851809,Diş Kliniği
Diş Hekimi Sinan Özsoy,+902327544875,Diş Kliniği
Dt. Naci Seçkin / Dt. Meltem Seçkin / Dt. Göktuğ Levent,+902327541083,Diş Kliniği
Diş Hekimi Tanrıkut Mete Akbıyık,+902327522112,Diş Kliniği
Diş Hekimi Gonca Sağlık,+905326494520,Diş Kliniği
Diş Hekimi Güliz Karacaoğlu / Güzelbahçe - Urla,+905323997935,Diş Kliniği
"GÜLBAHÇE, Diş hekimi Begüm Tali",+908504746456,Diş Kliniği
Denteda Ağız ve Diş Sağlığı Polikliniği,+902327590075,Diş Kliniği
Diş Hekimi Hasan Akkoca,+902327545455,Diş Kliniği
Urla Diş Hekimi Ecem Gökırmak,+905376904872,Diş Kliniği
Diş Hekimi Ali Yıldıray Varol,+905497319469,Diş Kliniği
Diş Hekimi Mehmet Uğur Türkyılmaz,+905331517759,Diş Kliniği
Zirve Ağız ve Diş Sağlığı Polikliniği,+902327551717,Diş Kliniği
Diş Hekimi Göktuğ LEVENT,+905436536841,Diş Kliniği
Nero Tattoo Urla,+905531313159,Dövme & Piercing
Linetattoo,+905073797373,Dövme & Piercing
EliFit Sağlıklı Yaşam Merkezi Diyetisyen&Fizyoterapi,+905077731002,Psikolog / Terapist
Fonksiyonel Tıp Diyetisyeni Begüm Isı,+905314719046,Diyetisyen
MY Diyet,+902327545335,Diyetisyen
Ercan Kaplan Diyet Danışma Merkezi,+905011215835,Diyetisyen
Diyetisyen Şevval Preza Eryüzlü,+908504334216,Diyetisyen
Telvin Dental Özel Ağız ve Diş Sağlığı Polikliniği,+902325125757,Diş Kliniği
Özel Gülümse Ağız ve Diş Sağlığı Polikliniği,+905063003535,Diş Kliniği
3K DENTAL Ağız ve Diş Sağığı Polikliniği,+902325059090,Diş Kliniği
Uzman Diş Hekimi Mesutcan CİLLİ,+905058134388,Diş Kliniği
DR. MEHMET BARBAROS ÇULCUOĞLU,+905365516729,Diğer (Sağlık & Bakım)
Diş Hekimi Ali Erdem Hepşen & İdil Hepşen,+902325126298,Diş Kliniği
Bridal Feel by Selcan,+905379172004,Diğer (Sağlık & Bakım)
Gelin Kız Moda,+905378537087,Diğer (Sağlık & Bakım)
Mine Gülaylar Haute Couture,+902324647387,Diğer (Sağlık & Bakım)
Kuaför Barış Taşdemir,+905398992995,Kuaför / Berber
Nergis Şahan Gelinlik,+905055898476,Diğer (Sağlık & Bakım)
Gülçin Toker Saç Tasarım,+905338178948,Kuaför / Berber
Gülistan AYDIN Hair Make Up Studio,+905536556740,Kuaför / Berber
Gelin Evi Konsept Düğün Salonu,+905380838070,Kuaför / Berber
İzmir Üçyol Bayan Kuaför Volkan Hair Stylist / Gelin Saç Makyaj / Keratin Brezilya Fönü / Perma / Ağda Sir,+905543623635,Güzellik Salonu
Ceyda Kuaför,+905304938352,Kuaför / Berber
Barış Koç Hairstylist,+905063759387,Kuaför / Berber
DOĞAN Hair Design,+905541610512,Kuaför / Berber
By Fiko Kadın Kuaförü,+905307064097,Kuaför / Berber
Kuaför Can Alagök,+905545724180,Kuaför / Berber
232 Hair Studio,+905333309649,Kuaför / Berber
İsmail Polat Bay&Bayan Kuaför,+905052559959,Kuaför / Berber
Kuaför İlhan temur,+905549438372,Kuaför / Berber
Ferhan SARAÇ Hair Designer,+905358674252,Kuaför / Berber
Ferdi Altıntaş Hair & Make Up Studio,+905398550230,Kuaför / Berber
MILAGRO HAİR,+905532842362,Kuaför / Berber
RECEP YILMAZ HAİR STUDİO,+905322931335,Kuaför / Berber
İZMİR MAKYAJ | HAİR&MAKEUP,+905399165844,Güzellik Salonu
Cumhur Uğraş,+905070482125,Kuaför / Berber
Gönül & Sude Hair Make Up Studio,+905536411169,Kuaför / Berber
Ejder Servet Kuaför,+905078370103,Kuaför / Berber
Hairbarizmir | Hayalet Kaynak | Saç Kaynak Merkezi,+905534664413,Kuaför / Berber
Kuaför Coşkun Yıldırım - Işıltılı Saçlar,+902322480360,Kuaför / Berber
Kuaför Yılmaz,+902322320034,Kuaför / Berber
Aysu Özen Giyim & Kuaför,+905377084468,Kuaför / Berber
Melek Özyenilmez Moda Evi,+902324633310,Diğer (Sağlık & Bakım)
Sevim Kulpçu,+902324638505,Diğer (Sağlık & Bakım)
Hair stüdyo ilker,+905303232014,Kuaför / Berber
Elit Kuaför,+902322629825,Kuaför / Berber
Nazlı Terzioglu,+902325020601,Diğer (Sağlık & Bakım)
Buket Moda,+905074507070,Diğer (Sağlık & Bakım)
Seda Demirkan Studio,+905548314154,Güzellik Salonu
SerSed Güzellik Salonu,+905462952192,Güzellik Salonu
Cımbız Güzellik Salonu,+902322445024,Güzellik Salonu
Songül & Ahmet kuaför,+902324214373,Kuaför / Berber
Le Paris Güzellik Salonu,+905312311482,Güzellik Salonu
Newderms,+905064173677,Güzellik Salonu
Garage Hair Repair Studio İzmir Kuaför Salonu,+902324210141,Kuaför / Berber
Bay Makas,+902324644950,Kuaför / Berber
Bayan kuaförü ümit ateş,+905537115014,Kuaför / Berber
Kuaför Gönül,+905542609033,Kuaför / Berber
Adem Hepağartan Saç Tasarım,+905545504388,Kuaför / Berber
Rem Bayan Kuaför YEŞİM,+905466630013,Kuaför / Berber
Nisa Bayan Kuaförü,+902324451442,Kuaför / Berber
Jest Kuaförü,+905514047601,Kuaför / Berber
Bay & Bayan Saloon Gültekin Aycan,+905413313011,Kuaför / Berber
Barber Saloon önder koç,+905358251828,Kuaför / Berber
Elit Kuaför,+902322555040,Kuaför / Berber
Ley Bay Bayan Kuaför Salonu,+905337730986,Kuaför / Berber
Kuaför Gülçin,+902322567993,Kuaför / Berber
Hasan & Özer Kuaför,+902322434538,Kuaför / Berber
Serhat Kuaför,+905436876660,Kuaför / Berber
Mas kuaför35 bayan,+905464464696,Kuaför / Berber
Serkan Kuaför,+905464461065,Kuaför / Berber
ZEKİ ER SAÇ TASARIM,+902324632105,Kuaför / Berber
Ayşen bayan kuaförü,+902322772334,Kuaför / Berber
Kuaför Fatoş,+905397830073,Kuaför / Berber
Ülkü Kuaför,+905387376115,Kuaför / Berber
Coiffeur By İlkay,+905539277995,Kuaför / Berber
Uğur Kuaför,+902324419143,Kuaför / Berber
Orkide Butik Kuaför,+905374368307,Kuaför / Berber
Leyla & Suzan Bayan Kuaförü,+905364565734,Kuaför / Berber
L'Oreal,+902322478448,Kuaför / Berber
Kuaför Ayşegül,+902322557021,Kuaför / Berber
Kuaför Görkem,+905365131267,Kuaför / Berber
Yaşar Kuaför,+902324215597,Kuaför / Berber
Aura bayan kuaförü,+905394655522,Kuaför / Berber
İmaj Ebru,+902322273727,Kuaför / Berber
Sevgi Doğuhan,+902324252410,Kuaför / Berber
Kuaför Plus,+905366085557,Kuaför / Berber
Ayşen Bayan Kuaförü,+905525820435,Kuaför / Berber
Saloon Erdem bayan kuaför ü,+905073018524,Kuaför / Berber
Angels Kuaför,+902324894498,Kuaför / Berber
Fırat BAY_BAYAN Kuaförü,+905325058626,Kuaför / Berber
Zehra Özer kadın kuaförü,+905443547094,Kuaför / Berber
Ebrum Kuaför,+905532331726,Kuaför / Berber
Yağız Kuaför Dilek Demir,+905365400398,Kuaför / Berber
Fatih Erkek Kuaförü,+905330207600,Kuaför / Berber
Saloon Murat Barbaros,+902322625522,Kuaför / Berber
"Serhat Erkek Kuaforu , MEN BARBER , MEN Coiffure",+905312685383,Kuaför / Berber
TAMER YILDIRIM BEYLER BERBER & KONAK MAHALLE MUHTARI,+905374462416,Kuaför / Berber
Oğuzhan Karaer Barber,+905367826177,Kuaför / Berber
Nihat Çetin Barber Shop,+905075858558,Kuaför / Berber
Berber Osman Atak,+905367724606,Kuaför / Berber
Berber Dükkanı,+902324642080,Kuaför / Berber
Berber Özhan KONDU,+905378418317,Kuaför / Berber
Hair Mate Erkek Kuaförü,+905551767335,Kuaför / Berber
Moda Erkek Kuaförü,+905384450463,Kuaför / Berber
H&B ERKEK KUAFÖRÜ,+905054793609,Kuaför / Berber
Berber Volkan Bilgin,+905549268899,Kuaför / Berber
Gökhan Saygılı Vip Salon,+905462253660,Kuaför / Berber
Ayhan Ballı Erkek Kuaförü,+905069695590,Kuaför / Berber
SinBa Hair Dizayn,+905523922198,Kuaför / Berber
Bülent Erkek Kuaförü,+905300904735,Kuaför / Berber
KIRBOĞA BARBERS,+905544772585,Kuaför / Berber
By Kerem Kılınç Erkek Berberi,+905068609865,Kuaför / Berber
Berber Metin Ekdi,+905359753311,Kuaför / Berber
Saloon Cnr,+905077262414,Kuaför / Berber
Brother's Barber Shop,+902324224570,Kuaför / Berber
Tıraşçı Erkek Berberi,+905355897489,Kuaför / Berber
SaCramento BarberShop,+905551583520,Kuaför / Berber
İSTANBUL ERKEK KUAFORÜ,+905554419509,Kuaför / Berber
Barber Shopcihan,+905069291091,Kuaför / Berber
Dostlar Erkek Kuaförü,+905337369948,Kuaför / Berber
Kuaför Hurşit,+902324223875,Kuaför / Berber
Berber Ferdi Aker,+905547229366,Kuaför / Berber
Fatih Erkek Kuaförü,+905079135492,Kuaför / Berber
BY ŞEHMUS AYDIN SAÇ TASARIM,+905541499041,Kuaför / Berber
Cıhan Barbershop,+905356350327,Kuaför / Berber
Burak Aygün Saç Tasarım,+905301355747,Kuaför / Berber
Salon Altın Makas Erkek Kuaförü,+905542171996,Kuaför / Berber
My Berber Salon,+905552148511,Kuaför / Berber
Yıldız Erkek Kuaförü,+902324899746,Kuaför / Berber
Çet Barber Shop & Tatto Studio,+905315638182,Kuaför / Berber
Barber Shop Ali Yıldız,+905354506184,Kuaför / Berber
By Batu,+905543475037,Kuaför / Berber
Kuaför Tarık,+905558623523,Kuaför / Berber
Bilers,+905543987327,Kuaför / Berber
Uğur Erkek Kuaförü,+905383882156,Kuaför / Berber
Çarşı Erkek Kuaförü,+905469240161,Kuaför / Berber
Vikings Barber Shop,+905550139493,Kuaför / Berber
Berber Adnan,+902324896351,Kuaför / Berber
Barber Shop By Cüneyt,+905555738444,Kuaför / Berber
Savaş Coiffeur,+905547777623,Kuaför / Berber
Barber Halil Öztaşkın,+905535351073,Kuaför / Berber
Kaan erkek kuaförü,+905421581827,Kuaför / Berber
Berber hüseyin,+905387094009,Kuaför / Berber
By Barlin Saç & Tasarım,+905071643804,Kuaför / Berber
Özlem Erkek Berberi,+905459515992,Kuaför / Berber
Nedim Gümüş Erkek Berberi,+905364453743,Kuaför / Berber
Aydın Erkek Kuaförü,+905520736935,Kuaför / Berber
İbrahim Erkek Kuaförü,+905423930275,Kuaför / Berber
Kuaför Metin Apo,+905330262831,Kuaför / Berber
Florya Barber Shop,+905412997721,Kuaför / Berber
Oğulcay Berber,+905326645635,Kuaför / Berber
Saloon Nuri,+905321748138,Kuaför / Berber
By hady saç tasarım,+905523817266,Kuaför / Berber
Dostlar Berber Salonu,+902324251107,Kuaför / Berber
Berber Yavuz,+905414166635,Kuaför / Berber
Enes Erkek Kuaförü,+905342338377,Kuaför / Berber
sedat yıldız team,+902324356535,Kuaför / Berber
Ceylan Erkek Kuaförü,+905355276539,Kuaför / Berber
Eros erkek kuaförü,+905546689392,Kuaför / Berber
Papatya Erkek Kuaförü,+905448725445,Kuaför / Berber
Özgür Erkek Kuaförü,+905555431657,Kuaför / Berber
By zeyn,+905512328502,Kuaför / Berber
Berberim,+905547126254,Kuaför / Berber
By Berk's,+905071518014,Kuaför / Berber
Berber Rufi,+905352351900,Kuaför / Berber
Ömer Sevinç Saç Tasarım,+905061367789,Kuaför / Berber
Beyler Kuaför,+905395419280,Kuaför / Berber
Kurtuluş Erkek Kuaförü,+905352272257,Kuaför / Berber
Kuaför İlker,+902324252507,Kuaför / Berber
Prıy Erkek Kuafur,+905352617059,Kuaför / Berber
M.B Erkek Kuaförü,+905541170770,Kuaför / Berber
Berber Nurullah,+905512555199,Kuaför / Berber
Eyüp Can Erkek Kuaförü,+905549124399,Kuaför / Berber
EP berber Hasan GENÇ,+905324204633,Kuaför / Berber
Berber Barış Saç Tasarım Karataş,+905465621976,Kuaför / Berber
Stil Erkek Kuaförü,+905324859329,Kuaför / Berber
BARBERİCA Barber Shop,+905524371925,Kuaför / Berber
Blues Erkek Kuaförü,+905541603566,Kuaför / Berber
Net Erkek Kuaförü,+902324467015,Kuaför / Berber
Barış Berber Salonu,+905336595752,Kuaför / Berber
lizerkekkuaförü,+902322610605,Kuaför / Berber
Alsancak Erkek Kuaförü,+905377674838,Kuaför / Berber
adsız erkek kuaförü,+905433551277,Kuaför / Berber
Zeki Erkek Kuaförü,+905368436521,Kuaför / Berber
Yayla Erkek Kuaförü,+905071453738,Kuaför / Berber
By Osman Gözalıcı Erkek Kuaforu,+905324024493,Kuaför / Berber
Yıldırım Erkek Kuaförü,+905062279822,Kuaför / Berber
Erkek Kuaförü,+905522043151,Kuaför / Berber
Küçük Prenses Erkek Kuaförü,+905072815243,Kuaför / Berber
Yakup Erkek Kuaförü,+902324459142,Kuaför / Berber
By Arda Erkek Kuaförü,+905079934400,Kuaför / Berber
Baran Erkek Kuaför Salonu,+902324469396,Kuaför / Berber
Hairport Erkek Kuaför,+902322859611,Kuaför / Berber
Rüzgar Erkek Kuaförü,+905326943576,Kuaför / Berber
İstanbul Erkek Kuaförü,+905354503083,Kuaför / Berber
Prens Erkek Kuaförü,+905343277965,Kuaför / Berber
Berber Rahmi,+905324481168,Kuaför / Berber
Professional Erkek Kuaförü,+905078167888,Kuaför / Berber
Ozzy Erkek Kuaförü,+905549223794,Kuaför / Berber
Stil Erkek Kuaförü Ahmet DOĞAN,+905382538082,Kuaför / Berber
Smyrna Erkek Kuaförü,+902322280737,Kuaför / Berber
Black & White Erkek Kuaförü,+905357025757,Kuaför / Berber
Çisem Erkek Kuaförü,+902324820564,Kuaför / Berber
SMYRNA Erkek Kuaförü,+905322818346,Kuaför / Berber
SALON ÇELEBİ,+905055400547,Kuaför / Berber
Enes Erkek Kuaförü,+905428213328,Kuaför / Berber
Kardeşler Erkek Kuaförü,+905366796717,Kuaför / Berber
Barış Erkek Kuaförü,+905356205368,Kuaför / Berber
Düzyollar Erkek Kuaförü,+905423104805,Kuaför / Berber
Bülent Erkek Kuaförü,+905374466025,Kuaför / Berber
Onur Avcı Exclusive Saloon,+905525901986,Kuaför / Berber
Ege Erkek Kuaförü,+905436613723,Kuaför / Berber
Onur Erkek Kuaförü,+905558813391,Kuaför / Berber
Özer Erkek Kuaförü,+902324413310,Kuaför / Berber
Planeck Erkek Kuaförü,+905353058135,Kuaför / Berber
Deniz Erkek Kuaförü,+902324896302,Kuaför / Berber
Erkek Kuaförü Ferhat,+902322454768,Kuaför / Berber
Emre Erkek Kuaförü,+905555316696,Kuaför / Berber
Adil Erkek Kuaförü,+905533299292,Kuaför / Berber
Erkek Kuaförü Şevki,+902322509007,Kuaför / Berber
Tarz Erkek Kuaförü,+905395576776,Kuaför / Berber
Erkek Kuaförü Avni Avcı,+905543670454,Kuaför / Berber
Erkek Kuaförü Muharrem,+905435226433,Kuaför / Berber
Özel Serena Polikliniği | Lazer Epilasyon | Buz Lazer | Botoks | Saç Ekimi | Dudak Dolgusu | Gençlik Aşısı,+902324632000,Güzellik Salonu
Hasan Karahan güzellik,+905532867490,Güzellik Salonu
Simay Beauty,+905538518978,Güzellik Salonu
GLOW TIME GÜZELLİK,+905327293730,Güzellik Salonu
Ende Derma,+905078073633,Güzellik Salonu
My Day Epilasyon- Güzellik Merkezi,+905415370232,Güzellik Salonu
Buz Lazer Epilasyon,+905327777179,Güzellik Salonu
Dilara Şenses,+905447803117,Güzellik Salonu
Elegant Güzellik Buz Epilasyon & Lpg,+905326726783,Güzellik Salonu
xonebeauty,+902322316864,Güzellik Salonu
Arya Güzellik ve Lazer Epilasyon Merkezi,+902323230155,Güzellik Salonu
Duygu Sönmez Beauty Center,+905333067735,Güzellik Salonu
Point Güzellik,+902322430035,Güzellik Salonu
SERA DERMA GÜZELLİK İZMİR,+905300532041,Güzellik Salonu
Fors Medikal Kozmetik Epilasyon,+905321700431,Güzellik Salonu
Gio Güzellik Akademisi,+902324820606,Güzellik Salonu
Özel Epidermis İzmir | Lazer Epilasyon | Botoks | Cilt Bakımı | Dudak Dolgusu | Gençlik Aşısı | İzmir Lazer Epilasyon Kliniği,+902323305565,Güzellik Salonu
Narin Tali beauty,+905070096648,Güzellik Salonu
Gıo beauty,+905458521575,Güzellik Salonu
Yağmur Ekim “Wenora”,+905074566696,Güzellik Salonu
Aleyna Çetin Beauty,+905337900774,Güzellik Salonu
𝐓𝐔𝐓𝐊𝐔 𝐁𝐎𝐙𝐊𝐔𝐑𝐓 𝐁𝐄𝐀𝐔𝐓𝐘,+905075664039,Güzellik Salonu
Kaju Nail Bar,+905432734811,Güzellik Salonu
"Bencio Beauty - (Protez Tırnak, Kalıcı Oje, Manikür, Pedikür, İpek Kirpik)",+905461028389,Güzellik Salonu
Bunny Beauty,+905331551888,Güzellik Salonu
SİSTA Güzellik Salonu by Nazlıcan Arslan,+905309269324,Güzellik Salonu
SB AURA BEAUTY,+905520029319,Güzellik Salonu
El Tırnak Beauty Bar,+905433151650,Güzellik Salonu
Sinem KARACA,+905321665113,Kuaför / Berber
Tuana Tuğçe Ayaz Beauty Studio,+905078179294,Güzellik Salonu
Didem Nails,+905380826364,Güzellik Salonu
Almira Boldanlı Güzellik Merkezi,+905308765887,Güzellik Salonu
Essi Alsancak Estetisyenlik Kursu,+905533838064,Güzellik Salonu
Fi Kaş & Tırnak Center,+905070460947,Güzellik Salonu
Nurbatho Beauty&Nail Center,+905550001925,Güzellik Salonu
İzmir Güzellik Akademisi,+905330580232,Güzellik Salonu
"La Mia Vita Estetik, Güzellik ve Kuaför Salonu",+905523914735,Güzellik Salonu
Sisters&Co Beauty,+902322324659,Güzellik Salonu
CB Hair & Nail studio,+905528030920,Güzellik Salonu
Can Koç Beauty Center,+905305021214,Güzellik Salonu
hayalet kaynak izmir,+905352747627,Güzellik Salonu
Ebru ÇANAK Beauty Studio,+905066482324,Güzellik Salonu
The glow beauty,+905400015240,Güzellik Salonu
Selma'ca Nail & Beauty Center,+905547528709,Güzellik Salonu
Angel Beauty studio,+905314012547,Güzellik Salonu
KONAK CİLT EVİ,+905436909659,Güzellik Salonu
Nuran Çelik güzellik,+905308179074,Güzellik Salonu
Siberian Wellness Danışmanı,+905075939424,Güzellik Salonu
Çiğdem Akman,+902324834433,Güzellik Salonu
İbrahim Kendirci Haır Artıst,+905414773535,Kuaför / Berber
Kayhan Akpolat Hair Studio Alsancak ( MİKRO KAYNAK ),+905318473476,Güzellik Salonu
Tolga Doğan Hair Design Studio,+905368592831,Kuaför / Berber
Ahmet ÇETİN Hair Studio,+905416413558,Kuaför / Berber
Gallery Hair Story,+905301165166,Kuaför / Berber
Hair Styling,+902324643837,Kuaför / Berber
FOURS Hair Design Studio,+905377660170,Kuaför / Berber
Yunusemre Tarın Hair Art,+905521494728,Kuaför / Berber
Ersen Öztürk Hair Studio,+905325969194,Kuaför / Berber
Burcu Çapan Hair Stylist Studio,+905417409544,Kuaför / Berber
KAYHAN KAYA SAÇ TASARIM,+905079438787,Kuaför / Berber
Monk Hair Stylist,+905388781804,Kuaför / Berber
Adil Kara Hair Studio,+905071375916,Kuaför / Berber
Hair Room Artistik Kuaför Gül,+905438696903,Kuaför / Berber
BARIŞ BULUT Hair Repair Studio,+905303857643,Kuaför / Berber
≠ Trendy Hair Design Studio,+902322325717,Kuaför / Berber
ÖZ | ŞE Hair Art Studio,+905534837005,Kuaför / Berber
Hair Boss,+902324648687,Kuaför / Berber
Yıldırım Özdemir Alsancak,+905330505577,Kuaför / Berber
Salon Engin Hair Saloon,+905548162922,Kuaför / Berber
Kuaför Ekip,+905342789042,Kuaför / Berber
Hüba Kuaför,+902324224804,Kuaför / Berber
Coiffeur Necati & Hakan,+905321563191,Kuaför / Berber
Mustafa Hızarcı Saç Tasarım,+902322464689,Kuaför / Berber
Serkan Yücel saç tasarım,+905074693116,Kuaför / Berber
Saygın saç tasarım,+905058457849,Kuaför / Berber
Sinan Saç Tasarım,+902324210210,Kuaför / Berber
Form Saç Tasarım,+902324216133,Kuaför / Berber
F-y saç tasarım,+902324639963,Kuaför / Berber
KUAFÖR AKIN SAÇ TASARIM,+905332653125,Güzellik Salonu
Alsancak Kuaför Saç Tasarım Salonu,+902322324795,Kuaför / Berber
Profesyonel SAÇ TASARIM,+902324150105,Kuaför / Berber
Toprak Saç Tasarım,+902322553457,Kuaför / Berber
M Saç Tasarım,+902322781892,Kuaför / Berber
MK Saç Tasarım,+905397403621,Kuaför / Berber
CoLoR Chef Şafak Saç Tasarım,+905064667141,Kuaför / Berber
Kuaför Rüstem Eleren Saç Tasarım,+905530783524,Kuaför / Berber
Seher Bilge Saç Tasarım,+905532738846,Kuaför / Berber
Hair Designer By Osman TEKİN ️,+905526302710,Kuaför / Berber
Saadettin Kuru,+905536656035,Kuaför / Berber
Gunerkan Web Tasarım İzmir,+902322341453,Diğer (Sağlık & Bakım)
Megi Saç Tasarım,+905322173921,Kuaför / Berber
Md Saç Tasarım,+902324451054,Kuaför / Berber
Murat Gürırmak Saç Tasarım,+905458343367,Kuaför / Berber
Büşra Turan Kaş Kirpik Merkezi,+905538728210,Güzellik Salonu
Murat İlhan kuaför,+905323044834,Kuaför / Berber
Dosteli Kuaför ve Modaevi,+905417929539,Kuaför / Berber
PAPYON Saç Tasarım,+905426956768,Kuaför / Berber
Irmak Lazer Boru Profil Sac Kesim,+905338106402,Güzellik Salonu
HAİR MAKEUP STUDİO CEM HESETOĞULLARI,+905383997374,Güzellik Salonu
Ümit Aysal & Hair Make Up & Micro Kaynak Studıo,+905531252213,Kuaför / Berber
Kuaför Nilgün sac tasarım,+905558334996,Kuaför / Berber
Barış Hair Studio,+905549737365,Kuaför / Berber
Özge Özel İzmir Alsancak Güzelik Salonu,+905337140585,Güzellik Salonu
Gmt Manikür & Pedikür,+905516965959,Güzellik Salonu
Tuğçe Aydınlıoğlu -Nail Bar - Alsancak,+905419594434,Güzellik Salonu
Power Girl Nails,+905313610559,Güzellik Salonu
Nail Tenli,+902324256017,Güzellik Salonu
German Nails,+905365690128,Güzellik Salonu
SU SAKAR NAİL STUDİO,+905011200908,Güzellik Salonu
SUNİTA LİLA Nail stüdio,+905451407735,Güzellik Salonu
Busella Nail Studio,+905323990512,Güzellik Salonu
Manikür - Pedikür Salonu Türkan & Sevilay,+902324643207,Kuaför / Berber
Gökçe Menteşoğlu Nail Studio,+905060461205,Güzellik Salonu
Baby Nail Studio,+905457610732,Güzellik Salonu
La Soie Makeup & Nail Boutique,+902329351075,Güzellik Salonu
Defne Elkovan Beauty & Nail & Care,+905332813715,Güzellik Salonu
Esra Kuaför Farmasi,+905427285966,Kuaför / Berber
Nurdan Kuaför - Elda Saç Tasarım,+908502277788,Kuaför / Berber
Uğur Yıldız Kuaför,+902323815015,Kuaför / Berber
İz Kuafor,+902323646801,Kuaför / Berber
Kuaför Turan,+902323647930,Kuaför / Berber
CİA KUAFÖR,+902323301145,Kuaför / Berber
PASSION KUAFÖR,+902323304545,Kuaför / Berber
Eva Kuaför ve Güzellik Salonu | Ombre Sombre Röfle | Gelin Başı Makyajı,+902323665758,Güzellik Salonu
adays bayan kuafor,+902323664604,Kuaför / Berber
Salon Ufuk,+905076501505,Kuaför / Berber
Modern Kuaför,+905302036470,Kuaför / Berber
Kuaför Dmg,+902323645598,Kuaför / Berber
MİEL KUAFÖR,+902323625253,Kuaför / Berber
Doğan Oğuz Kuaför,+905548397108,Kuaför / Berber
ÖMER YILDIRIM HAİR #extesion Studio,+905079665225,Kuaför / Berber
Nano Kuaför,+902323810323,Kuaför / Berber
Mustafa Toplu Bayan Kuaförü,+905357024907,Kuaför / Berber
Hüseyin Ayşe Kuaför,+902323692924,Kuaför / Berber
Bonn Kuaför,+902323810105,Kuaför / Berber
Hair Love Bayan Kuaförü,+905558133139,Kuaför / Berber
Sali Kuaför,+902323691069,Kuaför / Berber
Kuaför Hüseyin & YİĞİT,+902323367893,Kuaför / Berber
Kuaför Semra & Melih,+902323810106,Kuaför / Berber
Cem Gül Luxury WOMEN -MEN,+902325033533,Kuaför / Berber
Armin Bayan Kuaför Salonu,+905438758115,Kuaför / Berber
balayage Kuaför,+905537316635,Kuaför / Berber
Liya Bayan Kuaförü,+905321525962,Kuaför / Berber
Kuaför Tuğçe,+905454769535,Kuaför / Berber
Kuaför Sercan,+902323623874,Kuaför / Berber
Nurcan Bayan Kuaförü,+905534614001,Kuaför / Berber
Queen saç tasarım ve makyaj stüdyo,+902323627271,Güzellik Salonu
Tia Bayan Kuaförü,+902329998689,Kuaför / Berber
Çağlayan Bayan Kuaför,+905510916022,Kuaför / Berber
Kuaför Seçkin,+902323360639,Kuaför / Berber
FK Bayan Kuaförü,+905317613735,Kuaför / Berber
Taç Bayan Kuaförü,+905384165572,Kuaför / Berber
Hair Design By Kemal,+902323680815,Kuaför / Berber
Kuaför Levent,+902323647579,Kuaför / Berber
Baharım Bayan Kuaförü,+902323368836,Kuaför / Berber
Soft Estetik,+902323640325,Güzellik Salonu
By Osman Erkek Saç Tasarım,+905323570561,Kuaför / Berber
İzmir Güzellik ve Bakım Tuğçe Kılınç,+905524992331,Güzellik Salonu
Serpil Manikür & Pedikür Salonu,+902323698377,Kuaför / Berber
Kuaför Mahmut,+905388282278,Kuaför / Berber
-,+90 4445874,Güzellik Salonu
Essi Estetisyenlik ve Güzellik Uzmanlığı Kursu Karşıyaka Subesi,+902323236300,Güzellik Salonu
İmaj Kuaför Salonu,+902324837892,Kuaför / Berber
Beyoğlu Erkek Kuaför Berber,+905319929012,Kuaför / Berber
Yasin Atuğ Hair Studio & Barber Shop,+905455848799,Kuaför / Berber
KILBERBER,+905425917352,Kuaför / Berber
Salon Volkan,+902329995758,Kuaför / Berber
Haluk Erkek Kuaförü,+905072414035,Kuaför / Berber
Barber Shop Ali,+902323236070,Kuaför / Berber
Berber,+902322617339,Kuaför / Berber
Zeynep Berber Beauty,+905432949010,Güzellik Salonu
Berberim Ümit,+902323690727,Kuaför / Berber
Mevlüt & Mevlüt,+902323300782,Kuaför / Berber
By İlhami,+905372226765,Kuaför / Berber
"Royal Class Vip Erkek Kuaförü, Yeşilyurt İzmir Vip Berber",+905386267635,Kuaför / Berber
B & R Erkek Kuaförü,+905383141494,Kuaför / Berber
BALIM BERBER TUNCAY,+905330939605,Kuaför / Berber
Berber Şükrü,+905357309736,Kuaför / Berber
Bay Fön Erkek Kuaförü,+905374454450,Kuaför / Berber
FEEL GOOD BARBER SHOP,+905557590609,Kuaför / Berber
Berber bd,+905558572140,Kuaför / Berber
Doğuş Erkek Kuaförü,+905413482991,Kuaför / Berber
Ali Berber,+905350338620,Kuaför / Berber
Efendi Erkek Berberi,+905324779482,Kuaför / Berber
Afro Barber Izmir,+905075140151,Kuaför / Berber
By Zeynel Erkek Kuaförü,+905552957534,Kuaför / Berber
Mehmet Efendi Berber Salonu,+905554765437,Kuaför / Berber
Elit Erkek Kuaföru,+905527260737,Kuaför / Berber
ÖMÜR BERBER,+905446067177,Kuaför / Berber
Moda Berber Salonu,+905438777222,Kuaför / Berber
Neo Berber,+902323688666,Kuaför / Berber
Berber Fethi,+905395581422,Kuaför / Berber
Gümüş Erkek Kuaförü,+905343009051,Kuaför / Berber
Aksoy Erkek Kuaförü,+905358489647,Kuaför / Berber
Yusuf erkek kuaförü,+905548647596,Kuaför / Berber
Kadir Erkek Berberi,+905548796577,Kuaför / Berber
Erkek Kuaförü Cengiz,+905353101335,Kuaför / Berber
Onur Erkek Kuaförü,+905558624273,Kuaför / Berber
Serdar Erkek Kuaför,+902323369273,Kuaför / Berber
Tuna Erkek Kuaförü,+905554091558,Kuaför / Berber
Cool Erkek Kuaförü,+905425466443,Kuaför / Berber
İĞNELİ EPİLASYON | EPİLEYL |📍BOSTANLI İZMİR,+905055399235,Güzellik Salonu
Nutra System Polikliniği Bostanlı,+902324652525,Güzellik Salonu
Meliderm Epilasyon ve Güzellik Merkezi,+905422012981,Güzellik Salonu
Aysel Iğneli Epilasyon,+902323302600,Güzellik Salonu
Saloon Misis,+905322475128,Güzellik Salonu
DermaSante Clinic,+905537546788,Güzellik Salonu
MÜGE EPİLASYON,+905323134415,Güzellik Salonu
Sentıa Kuaför,+902323395185,Kuaför / Berber
Kuaför ve manikür pedikür sir saç kaynak hizmetleri salon dişinda evlerde servisimiz var artı yol ücretini.,+905310202463,Diş Kliniği
Berk Kurtuluş Hair Studio,+905346677663,Kuaför / Berber
Emrah Saç Tasarım,+902323740774,Kuaför / Berber
Bayraklı Saç Ekim Merkezi - İzmir Eges Hair Transplant,+902324800150,Güzellik Salonu
ROOT’S COUTURE WORKSHOP CONCEPT,+905549481312,Kuaför / Berber
Haırstylist Fatoş Özel,+905533731302,Kuaför / Berber
Yusuf Ateş Hair Studio,+905542779156,Kuaför / Berber
By Ömer Saç Tasarım Merkezi,+905513405053,Kuaför / Berber
Kuaförüm Doğan,+905364429293,Kuaför / Berber
Kuaför Bekir,+905534318283,Kuaför / Berber
Saç Dünyası Saç Uzatma Merkezi,+905358270428,Güzellik Salonu
Semih Hair Master,+905055148789,Kuaför / Berber
1ruj1highlighter Beauty,+905466094486,Güzellik Salonu
Bornova Pet Grooming Çağlar Aydın,+905076290913,Kuaför / Berber
Gündüz Kuaför,+905325829804,Kuaför / Berber
Yiğit & Atilla,+902323390809,Kuaför / Berber
Arda Hair Studio,+905442864366,Kuaför / Berber
BÜŞRA ŞAHİN VIP BEAUTY CENTER,+905323355345,Güzellik Salonu
Viona Nail Beauty,+905403508090,Güzellik Salonu
Buse Yılmaz Beauty,+905541118579,Güzellik Salonu
The Local Beauty Center,+905529304197,Güzellik Salonu
"S.Cosmo BEAUTY CENTER,Karabağlar Güzellik Merkezi,Lazer Epilasyon,Cilt Bakımı,Kaş kontur,Kirpik lifting,",+905335057872,Güzellik Salonu
İzmir'in Kızları Beauty Center & Tea House,+905346447969,Güzellik Salonu
Suwona Kişisel Bakım ve Sağlıklı Yaşam Merkezi,+905519575806,Güzellik Salonu
Beauty Zone Pia Güzellik Salonu,+905426748142,Güzellik Salonu
Heaven garden beauty center,+905324868964,Güzellik Salonu
Laura Beauty and Nail Art,+905316089520,Güzellik Salonu
Biotin Güzellik Akademi,+902323430041,Güzellik Salonu
Denge Güzellik Spa Merkezi,+905314325144,Güzellik Salonu
Stayfit Studios 1,+905070428523,Kuaför / Berber
Laura Derma Plus Göztepe,+905465772909,Güzellik Salonu
Imaj Center Bay & Bayan Kuaför,+905438793527,Kuaför / Berber
Vip Kuaför & Güzellik Salonu,+905366163030,Güzellik Salonu
By Volkan Saç Tasarım Women,+905078622951,Kuaför / Berber
Saloon Ferhat & Yener Bay & Bayan Kuaförü,+905368593600,Kuaför / Berber
Angel Kuaför,+905306853583,Kuaför / Berber
İstanbul Bayan Kuaförü,+905354223502,Kuaför / Berber
Ferdi Oruç | Bayan Kuaförü ve Saç Kaynak Merkezi | Nail Art | Beauty Saloon |,+905532714455,Güzellik Salonu
Saloon Koray Karaduman,+905555130184,Kuaför / Berber
Kuaför Ayşegül,+902324388939,Kuaför / Berber
Kuaför Mücella,+902322289518,Kuaför / Berber
Saloon Özcan,+902323426263,Kuaför / Berber
Champion berber,+905557204276,Kuaför / Berber
Byce erkek güzellik merkezi,+905324490045,Güzellik Salonu
CB Berber,+902323741314,Kuaför / Berber
BERBERİN,+905331982019,Kuaför / Berber
Mehmet Coşgun Boutique Barber,+905537800520,Kuaför / Berber
Hayati Barber's Club,+902323886871,Kuaför / Berber
By Yoldaş Saç Tasarım,+905535596666,Kuaför / Berber
By Okan Uluer Erkek Kuaförü İzmir - Berber,+905457303238,Kuaför / Berber
PRİVE •grooming room•,+905451553545,Kuaför / Berber
ömür akduMAN barbershop,+905013336687,Kuaför / Berber
HD BARBER SHOP,+905439541459,Kuaför / Berber
Gündoğdu barber,+905447291984,Kuaför / Berber
HALİL ARSLAN SAÇ TASARIM VE ERKEK BAKIM,+905358145981,Kuaför / Berber
Favori Erkek Kuaförü,+905325712310,Kuaför / Berber
Mr.Gökhan Hairdesign,+905321584110,Kuaför / Berber
1922 Barber,+905313870834,Kuaför / Berber
Erhan Gültekin Barber Shop,+905421889492,Kuaför / Berber
Vatan Erkek Kuaförü,+905442718899,Kuaför / Berber
Hakan Şaşmaz Stylesalone,+905078415028,Kuaför / Berber
BERBER DÜKKANI MUSTAFA GÜL,+905073618199,Kuaför / Berber
Yoldaş Exclusive Barber,+905510035858,Kuaför / Berber
Kafkas Berber Hamza,+905558394736,Kuaför / Berber
Samet Tan Private,+905335613595,Kuaför / Berber
Bay Saloon,+902323741575,Kuaför / Berber
Ufuk Çimen Erkek ve Çocuk Kuaförü,+905362559974,Kuaför / Berber
Karizma Kuaför,+905534634658,Kuaför / Berber
Men’s World,+905548531371,Kuaför / Berber
By Saç Atölyesi,+905011341535,Kuaför / Berber
Gian Polo,+902323474944,Kuaför / Berber
Hair Voyage,+905425216878,Kuaför / Berber
BNS Hairport,+905418795566,Kuaför / Berber
𝐘𝐔𝐒𝐔𝐅 𝐔𝐋𝐀𝐒 𝐀𝐊𝐀𝐑 𝐁𝐀𝐑𝐁𝐄𝐑’𝐒 𝐂𝐋𝐔𝐁,+905526199420,Kuaför / Berber
Dostlar Berber Salonu,+902324613824,Kuaför / Berber
ERKEKSEN GEL,+905554678997,Kuaför / Berber
Emre Çetin Boutique Hair,+905522086533,Kuaför / Berber
Saloon Man's World,+905533621481,Kuaför / Berber
Sebahattin Tetik Hairdresser,+905427945859,Kuaför / Berber
Salon Mert,+905454368588,Kuaför / Berber
Murat Erkek Ağdacısı ve Erkek Kuaförü,+905345907933,Kuaför / Berber
ÖKTEN ERKEK KUAFÖRÜ,+905446760190,Kuaför / Berber
Berber Nedim,+905542504220,Kuaför / Berber
Kılıç Erkek Kuaförü,+905376562242,Kuaför / Berber
By Kamil Erkek Kuaförü,+905350761444,Kuaför / Berber
New Lıfe Erkek Kuaförü,+905306653547,Kuaför / Berber
Ali Burak Parlak Kuaför,+905011607783,Kuaför / Berber
SELCUK BARBER SHOP,+905412618010,Kuaför / Berber
Salon Ayhan Kuaför,+905050591035,Kuaför / Berber
Salon Mehmet ECE Erkek Kuaförü,+905303285104,Kuaför / Berber
Resul Erkek Kuaförü,+905359461293,Kuaför / Berber
B&B Erkek Kuaför Salonu,+905513860100,Kuaför / Berber
Oğuz hairdesigner,+905070267419,Kuaför / Berber
Berberoğlu By Coıffeur,+905425451774,Kuaför / Berber
Erkek Berberi Nejdet & Ufuk,+905384038931,Kuaför / Berber
NY ERKEK KUAFÖRÜ,+905448891489,Kuaför / Berber
Kuaför KAAN,+905323276995,Kuaför / Berber
H&D HAİR DESİGN Bornova,+905393349595,Kuaför / Berber
Berberoğlu Engin Erkek Kuaförü,+905386458403,Kuaför / Berber
Tuba Erkek Kuaför Salonu,+902324830024,Kuaför / Berber
Fantastic Erkek Kuaförü,+902324385152,Kuaför / Berber
Özüm Erkek Kuaförü,+902324215909,Kuaför / Berber
Nirvana Erkek Kuaförü,+905549094569,Kuaför / Berber
Gökhan Erkek Kuaförü,+905428416902,Kuaför / Berber
Golden Erkek Kuaförü,+905352517098,Kuaför / Berber
DK Erkek Kuaförü - Diyar Katar,+905373494521,Kuaför / Berber
Shora Saç Ekim,+902324225594,Güzellik Salonu
Lazer GO,+905335044423,Güzellik Salonu
Black & Pink Beauty Saloon,+905451150035,Güzellik Salonu
Ecem Abacılar Nail Studio,+905453101912,Güzellik Salonu
Hülya TÜRKMEN TÜRBAN TASARIM & MAKE-UP STÜDYOSU,+905432196463,Kuaför / Berber
İzmirde Gelin Saçı Makyajı | Gala Sermin Kundakçı,+905535893339,Güzellik Salonu
Elifiz Türban Tasarım,+905528973535,Güzellik Salonu
TUĞBA POLAT Saç/Türban Tasarım Makyaj Stüdyosu,+905541946582,Güzellik Salonu
Cihan Saç Tasarım,+905556838016,Kuaför / Berber
Şeyhmus Aydın Repair Hair,+905426223547,Kuaför / Berber
Aysel&Aynur Saç Tasarım,+902323421055,Kuaför / Berber
ATAKANHAİRDESİGN,+905529206588,Kuaför / Berber
Les Medo,+905384522048,Kuaför / Berber
VALENTA GÜZELLİK VE TÜRBAN TASARIM,+905445354349,Güzellik Salonu
Öznur Mutlu Beauty Studio,+905538439982,Güzellik Salonu
Saloon Meryem,+905070367273,Kuaför / Berber
Mehmet Bedel Hair Studio,+905057847290,Kuaför / Berber
Bahar Yazıcıer Hair & Make-up Studio,+902324870488,Kuaför / Berber
SALOON RUMEYSA YALÇIN,+905301398372,Kuaför / Berber
Kuaför Süleyman,+905056921805,Kuaför / Berber
Ali Önder Hair Artisan,+905346562016,Kuaför / Berber
MİA BELLA KUAFÖR,+905414422375,Kuaför / Berber
Gökay Kuaför,+905333543817,Kuaför / Berber
Özlem Oral Estetik Ve Güzellik Salonu,+905528679251,Güzellik Salonu
DAMLA BAYAN KUAFÖR SALONU,+902323730256,Kuaför / Berber
Salon Gamze Gökcan,+905527321286,Kuaför / Berber
ELİZİM GÜZELLİK&BAKIM,+905317807079,Güzellik Salonu
MELEK'S BEAUTY CENTER,+905306037520,Güzellik Salonu
Alfa Güzellik Merkezi İzmir,+905541412412,Güzellik Salonu
Gaia by doctors,+905521500232,Güzellik Salonu
beauteplus+ by AYŞE IŞIK,+905056586439,Güzellik Salonu
Seda Kulas Beauty,+905057769509,Güzellik Salonu
Emma Beauty Center Bornova,+905306603607,Güzellik Salonu
GREEN LİFE CİLT BAKIMI VE KİLO KONTROL MERKEZİ,+905419517934,Güzellik Salonu
Dünyam Güzellik Akademi,+905325266961,Güzellik Salonu
Ayşegül Kılıç Beauty,+905538745939,Güzellik Salonu
CHAUDIERE PROFESSIONAL,+902324311835,Güzellik Salonu
Sena Microblading Studio,+902323474787,Güzellik Salonu
İzmir Nur Akademi,+905332351233,Güzellik Salonu
Tuğba Nail Studio,+905536067835,Güzellik Salonu
Buse Hasanali Nail Studio,+905412689003,Güzellik Salonu
Den Nail Studio,+905331441402,Güzellik Salonu
Buse arslan nail studio,+905554433534,Güzellik Salonu
Kademce Nail Design,+905538653030,Güzellik Salonu
Eylül Çolak Nail Studio,+902329699729,Güzellik Salonu
Şengülcenails,+905321324933,Güzellik Salonu
By Serkan Saç Tasarım,+905534750403,Kuaför / Berber
Tamara Saç Tasarım,+905423357273,Kuaför / Berber
Ozan saç tasarım,+905558411171,Kuaför / Berber
Mavi Saç Tasarım,+905558998794,Kuaför / Berber
Özgür Yıldırım Saç Tasarım,+905331955235,Kuaför / Berber
EL İZİ SAÇ TASARIM,+905533108987,Güzellik Salonu
Belgin saç Tasarım Evka4,+905421063614,Kuaför / Berber
Saloon Serhat Saç Tasarım,+902323440477,Kuaför / Berber
Kuaför Hatice,+902323513562,Kuaför / Berber
Bahtışen Saç Tasarım,+902323886642,Kuaför / Berber
Alfa Saç Sakal Tasarım kuaförü,+905421447929,Kuaför / Berber
Ender Saç Tasarım/kendinize zaman ayirin endegerli kendinizsiniz,+905533140584,Kuaför / Berber
Yasemin Yeşilışık Saç Tasarım Kuaför,+902323399994,Kuaför / Berber
Umut Saç Tasarım,+905549432287,Kuaför / Berber
ELİSA SAÇ TASARIM,+905061773896,Güzellik Salonu
Soner Sevimli Saç Tasarım,+905546571391,Kuaför / Berber
Ekol Güzellik Saç Tasarım,+905375162727,Güzellik Salonu
G.M.K Saç Tasarım,+905544178229,Kuaför / Berber
MİRA SAÇ TASARIM,+905074402773,Kuaför / Berber
Kudret Saç Tasarım,+905458904150,Kuaför / Berber
Nuray Saç Tasarım,+905071816564,Kuaför / Berber
Fuat Taşkın Saç Tasarım Merkezi,+902323885125,Kuaför / Berber
Emel ÖVÜNÇ,+905532416331,Kuaför / Berber
İsmail Yüksel Saç Tasarım & Yasin Ezberci Saç Tasarım,+905545848851,Kuaför / Berber
Fatoş Saç Tasarım,+905078460340,Kuaför / Berber
Ünal Saç Tasarım,+905445790425,Kuaför / Berber
Esmaltaysactasarimi,+905346244906,Kuaför / Berber
SK Sac Tasarım,+905537488967,Kuaför / Berber
Serap Duman saç tasarım ve güzelli̇k merkezi,+905073622200,Güzellik Salonu
VEYSİ KUAFÖR,+905424466216,Kuaför / Berber
Uğur Dağ Saç Tasarım,+902324308899,Kuaför / Berber
bs_saçtasarımatölyesi,+905309171243,Kuaför / Berber
Özlem Saç Tasarım,+905067785880,Kuaför / Berber
Murat Saç Tasarım,+905521271405,Kuaför / Berber
Müjde Yalçın Kaş ve Saç Tasarım Merkezi,+905369310223,Güzellik Salonu
Çisil Saç Tasarım,+905392347382,Kuaför / Berber
Yasin Saç Tasarım,+905078623648,Kuaför / Berber
Esin Saç Tasarım,+905537833966,Kuaför / Berber
Gülçin Öger's Nail Lounge,+905538868465,Güzellik Salonu
Minas Nail Studio,+905335981446,Güzellik Salonu
İRKETİ NAIL STUDIO,+905527000801,Güzellik Salonu
Şerife Çal Nail Studio,+905050403099,Güzellik Salonu
NAILVATION STUDIO,+905426498029,Güzellik Salonu
Ella Noa Nail Studio,+905528199191,Güzellik Salonu
Deniz Saka Beauty Nail Bar,+905302664840,Güzellik Salonu
Türkan dönmez nail studio,+905532427476,Güzellik Salonu
Nilay Beauty & Nail Bar,+905413513591,Güzellik Salonu
Studio’98,+905010970298,Kuaför / Berber
Gül nails lounge,+905459683522,Güzellik Salonu
Ces Nail studio,+905389389536,Güzellik Salonu
NNZ | NEFES NUR ZORLU BEAUTY,+905465639356,Güzellik Salonu
NG Beauty Center,+905334329215,Güzellik Salonu
goldea beauty,+905303708200,Güzellik Salonu
Rossmann Bornova,+908502597766,Güzellik Salonu
Bea Life Beauty Clinic,+905524028645,Güzellik Salonu
Hoşgeldiniz,+905375554777,Kuaför / Berber
Can Medical Group,+905382365692,Güzellik Salonu
Öykü Kuaför,+902324262283,Kuaför / Berber
Hakan Kuaför,+902324485299,Kuaför / Berber
Gülcan Güzellik Salonu,+905343955380,Güzellik Salonu
Işıltı Kuaför Nihal,+902324876477,Kuaför / Berber
Mery Güzellik Salonu,+905530182356,Güzellik Salonu
Burhan Özen Barbers & Kuaför Salonu,+905536381177,Kuaför / Berber
Celal Atik Spor Salonu,+902324250421,Kuaför / Berber
Nar Kuaför,+902324267262,Kuaför / Berber
Sevgi Bayan Kuaförü,+902324529996,Kuaför / Berber
Salon 333 Güzellik Salonu,+902324265057,Güzellik Salonu
Cadde Kuaför E&B,+905558808097,Kuaför / Berber
Aygül Arslan,+902324266838,Kuaför / Berber
By Istanbul Erkek Kuaförü,+905309923473,Kuaför / Berber
Kuaför Yeliz,+902324481567,Kuaför / Berber
Pati Puff Pet Kuaför,+905467143570,Kuaför / Berber
Akgün Bayan Kuaförü,+905077249324,Kuaför / Berber
Kuaför Adil,+902322509956,Kuaför / Berber
Fatih Demir Saç Tasarım,+905527793884,Kuaför / Berber
Melek Kuaför,+902324481288,Kuaför / Berber
Babyface Bayan Kuaförü,+905060527485,Kuaför / Berber
Arife Kuaför,+905369982914,Kuaför / Berber
601 kuaför,+905327493300,Kuaför / Berber
Salon Moonlight,+902324384609,Kuaför / Berber
Can Keser Bayan Kuaförü,+905072182440,Kuaför / Berber
Erkan Erkek Kuaförü,+905326205778,Kuaför / Berber
Kuaför Demet,+902324385146,Kuaför / Berber
Cevat Bayan Kuaförü,+902324877771,Kuaför / Berber
Gülse Bayan Kuaförü,+905424403937,Kuaför / Berber
Salon Tues,+905452401961,Kuaför / Berber
Saloon Rozerin / İzmir kuaför,+905074682237,Kuaför / Berber
Kuaför Ömer,+902324484727,Kuaför / Berber
Neşem Bayan Kuaförü,+905373301478,Kuaför / Berber
Saloon City Bayan Kuaförü,+902324267848,Kuaför / Berber
💫,+902324484079,Kuaför / Berber
GG Gülşen&Görkem bayan kuaförü,+905334213715,Kuaför / Berber
Rez | Bayan Kuaförü Buca |,+905331590211,Kuaför / Berber
Ponçik Pet Kuaför,+905546263935,Kuaför / Berber
Saloon Irem,+905546901448,Kuaför / Berber
Arzu Güzellik Salonu,+905313731150,Güzellik Salonu
By Barış Ağırman Woman,+902322502022,Kuaför / Berber
Umut Şahman Barber's Shop,+902324524084,Kuaför / Berber
Berber Galip Saç Tasarım Merkezi,+902324482110,Kuaför / Berber
WIND HAIR CUT,+905439582011,Kuaför / Berber
Semih Haydaroğlu Barber's Club,+905074245093,Kuaför / Berber
Cihan Kamar Erkek Kuaförü,+905060557956,Kuaför / Berber
Gökhan Erkek Kuaförü,+905357664148,Kuaför / Berber
Q Men,+902324264666,Kuaför / Berber
Zeybek Hair Design | Buca Erkek Kuaförü,+905372492453,Kuaför / Berber
RK STUDİO RAMAZAN KORUN BARBER,+905533244298,Kuaför / Berber
Hasan Genç Erkek Kuaförü,+902324260703,Kuaför / Berber
Mert Sambur HAIR STYLIST,+905365996147,Kuaför / Berber
Saloon Erkan Turan,+905537979780,Kuaför / Berber
CENGİZ YÜKSEK BARBER SHOP,+905359212413,Kuaför / Berber
Salon Çağın,+902324871769,Kuaför / Berber
Saloon Burak Erkek Kuaförü,+905073810548,Kuaför / Berber
Filiz Erkek Kuaförü,+905306131094,Kuaför / Berber
Big Boss Erkek Kuaförü,+905389463061,Kuaför / Berber
Buca Erkek Kuaförü Salon By Yücel Berksoy-Yusuf Acar,+905433939006,Kuaför / Berber
THE MAN CAVE,+905525151440,Kuaför / Berber
Güven Bay Saloon,+905425531098,Kuaför / Berber
Salon By Barış,+905342782275,Kuaför / Berber
Berber By Yusuf,+905427657246,Kuaför / Berber
Vittoria Barber,+905558839741,Kuaför / Berber
shıma men,+902324380605,Kuaför / Berber
Elit Erkek Kuaförü,+905368613940,Kuaför / Berber
Orhan Şenol Barber’s shop,+905324732093,Kuaför / Berber
Zümrüt Erkek Kuaförü,+905334585481,Kuaför / Berber
Pirsu & Can Erkek Kuaförü,+905532252077,Kuaför / Berber
Mensfashion,+905438830573,Kuaför / Berber
Ökkeş Bacak Erkek Kuaförü,+905455902435,Kuaför / Berber
Berberim Osman Özaşçı,+905324683053,Kuaför / Berber
KİLİÇ BARBER,+905380897662,Kuaför / Berber
Serdar Erkek Kuaförü,+905388149092,Kuaför / Berber
Süleyman ERKUL BAY MAKAS ️ ERKEK KUAFÖRÜ,+905544613626,Kuaför / Berber
Barbershop İZMİR,+905549903059,Kuaför / Berber
İN HAİR 35,+905541393544,Kuaför / Berber
UMUT BARBER SHOP,+905524554814,Kuaför / Berber
Lost erkek kuaförü,+905545346704,Kuaför / Berber
Uğur Üner & Yaşar Albağlar Boss Saç Tasarım,+905547600584,Kuaför / Berber
Ati's & Kestir Git,+905325471928,Kuaför / Berber
Saloon Samet,+905078400900,Kuaför / Berber
Erkek Kuaförü Serdar,+905438435704,Kuaför / Berber
BY DEMİR BERBER,+905385982593,Kuaför / Berber
Kurgen hair studio,+905362395094,Kuaför / Berber
Altuğ Kuaför,+905532936888,Kuaför / Berber
3•2•1 Kestik,+905060261928,Kuaför / Berber
Socium Hairstudio’s,+905369781928,Kuaför / Berber
Saloon Janti,+905071890234,Kuaför / Berber
Doğuş ErkekKuaförü ÖMER,+905334548458,Kuaför / Berber
Altınmakas erkek kuaförü,+905076448585,Kuaför / Berber
Bytugrulbarbershop,+905551074696,Kuaför / Berber
Berber İbrahim,+902324878387,Kuaför / Berber
Clasmen Erkek Kuaförü,+905554786164,Kuaför / Berber
Muhammet Erkek Kuaförü,+905307112176,Kuaför / Berber
Naturel Saç Tasarım,+905333964727,Kuaför / Berber
Berber Volkan,+905468968496,Kuaför / Berber
Elegance Kuaför Market,+902324266126,Kuaför / Berber
Berber Turgut,+905458347396,Kuaför / Berber
Berber,+905531557970,Kuaför / Berber
Mehmet Ölker Erkek kuaförü,+905415207088,Kuaför / Berber
Almına,+905079287817,Kuaför / Berber
Erkek Kuaförü Eymen,+905443816267,Kuaför / Berber
Ufuk Erkek Kuaförü,+905069834414,Kuaför / Berber
Berber,+905433545855,Kuaför / Berber
Efenaz Erkek Kuaförü,+905547468576,Kuaför / Berber
MB ERKEK KUAFÖRÜ,+905308115785,Kuaför / Berber
MY CATALOG,+905423062334,Kuaför / Berber
Edanur Berber Salonu,+905054570101,Kuaför / Berber
Kuaför Mehmet Gönültaş Barber Shop,+905065584962,Kuaför / Berber
Ufuk Erkek Berberi,+905339629120,Kuaför / Berber
Barber Shop,+905412905875,Kuaför / Berber
Salon Volkan,+905442186843,Kuaför / Berber
Murat Erkek Kuaförü,+905388526814,Kuaför / Berber
Fındık Erkek Kuaförü,+905444423092,Kuaför / Berber
Deniz Erkek Kuaförü,+905545780808,Kuaför / Berber
Fırat Erkek Kuaförü,+905427417192,Kuaför / Berber
Nitro Lazer Teknolojileri,+905533078810,Güzellik Salonu
SEZAN AKBOYUN BEAUTY STUDİO,+905076248182,Güzellik Salonu
Banu Güzellik Salonu,+905071270609,Güzellik Salonu
İncilay Güzellik Merkezi,+905530623508,Güzellik Salonu
Eşem Avcı Güzellik Salonu,+905544748485,Güzellik Salonu
MisMadam,+905382765521,Güzellik Salonu
Protez Tırnak Merkezi Ahus_nailbar,+905322859342,Güzellik Salonu
tirnak_by_samira,+905366548841,Güzellik Salonu
Adene Güzellik Uygulama ve SınavMerkezi,+905451551032,Güzellik Salonu
E.K COİFFEUR,+905354602508,Kuaför / Berber
Clinica Derma Seher KOCAMAN,+905306566368,Güzellik Salonu
Bambi Güzellik Salonu,+905078522581,Güzellik Salonu
Saloon seda,+902329668935,Kuaför / Berber
Salon Seylan Bayan Kuaförü,+905050796519,Kuaför / Berber
SALOON FLORYA,+905511310232,Kuaför / Berber
SALOON EBRU,+902324387416,Kuaför / Berber
Bahhçe Wedding & Restaurant,+905309770036,Kuaför / Berber
Manolya kuaför güzellik,+905526551617,Güzellik Salonu
V.İ.P BRİDE PALACE / Yurdagül Akbulak & Yudum Akbulak,+905079699490,Kuaför / Berber
İNCİ HAİR& MAKEUP Studio,+905520887332,Güzellik Salonu
BRUSH COİFFEUR,+905377366930,Kuaför / Berber
Barış Şimşek Hair&Makeup,+905076360443,Güzellik Salonu
MERT KIRTAN HAİR STUDİO,+905549787825,Kuaför / Berber
Sevinç Naz Kuaför,+905529413119,Kuaför / Berber
Parla kuaför,+905464758311,Kuaför / Berber
Nora's Hairdresser,+905423060012,Kuaför / Berber
Deniz Hair & Makeup Studio,+905455979180,Güzellik Salonu
Sadettintekhair,+905358191674,Kuaför / Berber
Saloon Giz-m,+905071532501,Kuaför / Berber
Nurca Türban & Saç tasarım (pro makeup Türban & tasarım),+905062176349,Güzellik Salonu
Gözde Kuaför,+905534164173,Kuaför / Berber
Şeyma Özgüvenç Haır&Beauty,+905078322426,Güzellik Salonu
ELİFİM GÜZELLİK SALONU,+905061278477,Güzellik Salonu
Nora Hairdresser,+905307063553,Kuaför / Berber
İ.Poyraz Esen Saç Tasarım,+905449583418,Kuaför / Berber
Hair Boss Saloon,+905362610421,Kuaför / Berber
Rem Kuaför,+905071271450,Kuaför / Berber
Yaman Bayan Kuaför,+905376820434,Kuaför / Berber
Ayşe Sultan Kuaför,+902324201391,Kuaför / Berber
BY ASLAN HAİRDRESSER,+905419457222,Kuaför / Berber
SALON SEVDA BAYAN KUAFÖR SALONU,+905537263742,Kuaför / Berber
Kuaför Emine,+905517090099,Kuaför / Berber
Şilan kuaför,+905524399319,Kuaför / Berber
SalonES.,+905051111330,Kuaför / Berber
Şennur kuaför,+902324385548,Kuaför / Berber
Lila Bayan Kuaför,+902324535452,Kuaför / Berber
Yaren Su Güzellik Merkezi,+905362700484,Güzellik Salonu
Ayşen Gül Beauty Studio,+905433680087,Güzellik Salonu
Ayşe Hançer Makeup Türban Tasarım,+905456578932,Güzellik Salonu
Salon Serdar Yıldırım Erkek Saç Tasarım,+905543476272,Kuaför / Berber
Glow Hair Palace,+905516545150,Kuaför / Berber
Hair Center Buca,+905350523997,Kuaför / Berber
Sibel Kuaför,+905449466875,Kuaför / Berber
Layda Sayhan Hair-Make Up Studio,+905056308704,Kuaför / Berber
Vicdan Exclusive Hair Studio,+905071262833,Kuaför / Berber
Salon Fadile,+905395467984,Kuaför / Berber
By Varol Kumbaracı Exclusive Saloon,+902324520223,Kuaför / Berber
Emre Fazla | Hair Artist,+905531157317,Kuaför / Berber
Anna groom pet spa salon,+905451003550,Kuaför / Berber
HAİR PORT KUAFÖR SALONU,+905532212101,Kuaför / Berber
Kapper Kuaför,+905378725644,Kuaför / Berber
Blue Man saç tasarım,+905418069775,Kuaför / Berber
By Doğan Saç Tasarım,+905424678948,Kuaför / Berber
Fatih Kocaman Saç Tasarım,+905548261601,Kuaför / Berber
Ömer saç tasarım,+905387376173,Kuaför / Berber
HÜSEYİN DELİBAŞ SAÇ TASARIM SALONU,+905073197210,Kuaför / Berber
Hair art kuaför ve güzellik salonu,+905305632281,Güzellik Salonu
By Elite Saç Tasarım,+905309762005,Kuaför / Berber
Klas 27 Saç Tasarım Merkezi,+905453406332,Kuaför / Berber
Es Coiffeur Saç Tasarım,+902324522022,Kuaför / Berber
Beyaz İnci Saç Tasarım,+905060266035,Kuaför / Berber
Degişim Saç Tasarım,+905078693727,Kuaför / Berber
HAVVA SEZER SAÇ TASARIM MERKEZİ,+905372076108,Kuaför / Berber
Hakan baştürkmen Hair & makeup saloon,+902322615141,Güzellik Salonu
Mehtap Kuaför Kaş Tasarım & Ağda Salonu,+905462502939,Kuaför / Berber
Salon Kess Plus,+905306613940,Kuaför / Berber
Güney saç tasarım erkek kuaförü berber,+905511694258,Kuaför / Berber
Saloon Derya,+905066836920,Kuaför / Berber
Gülcan Avcı Saç Tasarım,+902324873400,Kuaför / Berber
M&G Saç Tasarım Merkezi.,+905389567010,Kuaför / Berber
Emre Sac Tasarimi,+905071379818,Kuaför / Berber
oSsMAN Erkek Saç Tasarım Merkezi,+905551783591,Kuaför / Berber
Master Saç Tasarım,+905427871641,Kuaför / Berber
Kuaför Ümit Saç Tasarım,+902324522992,Kuaför / Berber
HK SAÇ TASARIM,+905531120858,Kuaför / Berber
Yunus Kuaför Saç Tasarım,+905386557056,Kuaför / Berber
Ada Saç Tasarım,+905548359689,Kuaför / Berber
Kuzey Saç Tasarım,+905426943504,Kuaför / Berber
Hakan Erkek Kuaförü,+902324539830,Kuaför / Berber
Salon Değişim Saç Tasarım Merkezi,+905446202245,Kuaför / Berber
Best Erkek Kuaförü,+905326963589,Kuaför / Berber
Nur Cilt Bakım & Güzellik,+905407343535,Güzellik Salonu
S&B Güzellik Merkezi,+905354684565,Güzellik Salonu
Yaren Dursun Güzellik Koçu | Cilt Bakımı İzmir | Bölgesel Zayıflama İzmir | Kalıcı Makyaj İzmir | Göz Kapağı Kaldırma,+905451353533,Güzellik Salonu
ERKEK GÜZELLİK MERKEZİ,+905423922750,Güzellik Salonu
Siya Güzellik Merkezi,+905459578435,Güzellik Salonu
Müge Avcı Kirpik Tırnak,+905331648102,Güzellik Salonu
Moonline Güzellik Salonu,+905074195419,Güzellik Salonu
ND GÜZELLİK SALONU VE CİLT BAKIM MERKEZİ,+902323628889,Güzellik Salonu
Risus,+902323641364,Güzellik Salonu
Zayıflama & Gençleştirme Danışmanlık Merkezi,+902323646434,Psikolog / Terapist
Öznur GENÇDOĞUŞ AKADEMi,+905425607673,Güzellik Salonu
Shine Up Beaute,+905062642742,Güzellik Salonu
Vava Güzellik Merkezi,+902324088828,Güzellik Salonu
Profesyonel Cilt Bakımı,+905417216196,Güzellik Salonu
GÖZDE BEAUTY,+905421229401,Güzellik Salonu
İzmir Güzellik Kraliçeleri Akademisi,+905369164685,Güzellik Salonu
One aura,+905393904632,Kuaför / Berber
Lush Bostanlı,+905342390840,Kuaför / Berber
Kuaför Emre Bostanlı,+905327332806,Kuaför / Berber
Lavinya Kuaför,+905557210946,Kuaför / Berber
SAÇHANEM HAİR BEAUTY KUAFÖR,+905558836298,Güzellik Salonu
Kuaför Şenay,+905355277185,Kuaför / Berber
Avni & Cavidan,+905322583029,Kuaför / Berber
Yeni Nesil Perma,+905333272891,Kuaför / Berber
EYYA BEAUTY DERYA BULUT,+905467114435,Güzellik Salonu
HAIRTIME,+905069109099,Kuaför / Berber
Peri Gibi,+902323307860,Diğer (Sağlık & Bakım)
Kuaför Özkan,+905559733045,Kuaför / Berber
Arif Kuaför,+902323819153,Kuaför / Berber
Kuaför Hüseyin,+905353003519,Kuaför / Berber
Papillon Kuaför,+905336166912,Kuaför / Berber
EC Hair Palace | Medical Kaynak | Renklendirme Merkezi | Kuaför | Gelin | Ombre | Sombre,+905436175989,Güzellik Salonu
Mucize Güzellik Merkezi & Kuaför,+905551878579,Güzellik Salonu
Arzu Nazgül Kuaför,+905455301544,Kuaför / Berber
Ölçülü Kaş Alımı,+902323642440,Güzellik Salonu
Ömer & Osman Bayan Kuaförü,+905393889421,Kuaför / Berber
Saloon88,+905330351171,Kuaför / Berber
Address Hair Desing Studio,+902323687451,Kuaför / Berber
Des Hair Design,+905424107724,Kuaför / Berber
cemal yıldız hair desing,+905541506108,Kuaför / Berber
Gallery hair studio izmir,+905376521601,Kuaför / Berber
ONUR HAIR LOUNGE,+905442311912,Kuaför / Berber
Prime coiffure,+905050041478,Kuaför / Berber
Hair City kuaför,+902323622434,Kuaför / Berber
LUX HAİR,+905400412135,Kuaför / Berber
Serhat Hair Studio,+905076881588,Kuaför / Berber
Saloon Hair Plus,+902329996971,Kuaför / Berber
Hair Expert,+905325110099,Kuaför / Berber
Hair studıo aziz övet,+905071336347,Kuaför / Berber
Doğukan Hair Studio,+905445105797,Kuaför / Berber
Med Hair,+902323670818,Kuaför / Berber
Mill11 hair studio,+905525562111,Kuaför / Berber
Hidayet Pehlivan Hair Stylist,+902323232224,Kuaför / Berber
Serkan Turan Hair Artis,+905060531349,Kuaför / Berber
Saç & Saç,+902323368181,Kuaför / Berber
essagüzellik salonu,+905545685403,Güzellik Salonu
Salon 8 Bilardo,+905010781401,Kuaför / Berber
Saç Tasarımı,+902323370228,Kuaför / Berber
Çetin Kılıç Saç Tasarım,+905439178774,Kuaför / Berber
ROÂL SAÇ TASARIM,+902323723787,Kuaför / Berber
Yusuf Ören saç tasarım,+905546315650,Kuaför / Berber
Aykut Hamarat Saç Tasarım & Güzellik Merkezi,+902323303966,Güzellik Salonu
STİL MEN saç tasarım,+905530333855,Kuaför / Berber
İlker saç tasarım,+905456186144,Kuaför / Berber
The Barber Saç Tasarım,+905372196289,Kuaför / Berber
Nisel saç tasarım,+905392528656,Kuaför / Berber
Aslı Turabi Tırnak ve Saç Tasarım,+905536434782,Güzellik Salonu
Kuaför Talip,+902323629366,Kuaför / Berber
Ves Saç Tasarım Merkezi,+905066783552,Kuaför / Berber
By Çiğdem Altınada Karaca Güzellik ve Saç Tasarım Merkezi,+905346976979,Güzellik Salonu
Ercan Serin Hair Studio,+905368431912,Kuaför / Berber
Aynur & Ayça Saç Tasarım,+905442332009,Kuaför / Berber
Müjdat Güneş BERBER SALONU,+905549087355,Kuaför / Berber
By Asrın Kuaför Sac Tasarım,+905322043872,Kuaför / Berber
Hair Designer Çağlar Yurga Kuaför,+905326439532,Kuaför / Berber
Ozge’s Saç Tasarım,+905337931983,Kuaför / Berber
By Uğur KAYA Kişisel Erkek Bakım Yeri,+905541551912,Kuaför / Berber
Hilal Brides Studio,+905419552821,Kuaför / Berber
GENTLENMAN 35.5 Erkek Kuaförü Karşıyaka,+905323019436,Kuaför / Berber
Diamond Saç Tasarım,+905321334578,Kuaför / Berber
Coşkun Öztaş hair studio atakent,+902324073075,Kuaför / Berber
By Hüseyin Ünlü - Erkek Kuaförü / HILLTOWN AVM,+905326032987,Kuaför / Berber
Quantum Saç Tasarım,+902323610570,Kuaför / Berber
HD Saç Tasarım Merkezi,+905395664468,Kuaför / Berber
Becca Hair Design Ataşehir,+905491151912,Kuaför / Berber
THE MOON KUAFÖR BY FERDİ,+905403703535,Kuaför / Berber
ASLI KUAFÖR,+905529281790,Kuaför / Berber
BERNA YILDIZ COİFFEUR,+905053672432,Kuaför / Berber
Ümran Saç Tasarım,+905393138698,Kuaför / Berber
Best & Art Coiffure,+905312345168,Kuaför / Berber
Seda Hair Makeup Saloon,+905070049420,Güzellik Salonu
Saloon Tülay Sağlam,+902322447714,Kuaför / Berber
Huzur kuaför,+905378625535,Kuaför / Berber
Foreverboss Güzellik Merkezi,+905356281307,Güzellik Salonu
Rasim erkek kuaförü hair artist,+905366641912,Kuaför / Berber
Hazal Aytemiz Beauty,+905347651881,Güzellik Salonu
Gökçe arpacı beauty studio,+905075032445,Güzellik Salonu
Selahattin Güvendik Exclusive Saloon,+905372065395,Kuaför / Berber
Canan Görgün Beauty,+905542304729,Güzellik Salonu
Özge çardak güzellik salonu,+905554197677,Güzellik Salonu
Zehra Güzellik Salonu,+902322504342,Güzellik Salonu
Salon Aura,+902322610779,Kuaför / Berber
JEOWELLNESS - İzmir Hair Beauty,+905050691805,Güzellik Salonu
Hatice Yener Güzellik Salonu,+905322878241,Güzellik Salonu
Paris Güzellik Salonu,+902322282869,Güzellik Salonu
Güzellik Damla'dan,+905415944224,Güzellik Salonu
Kardelen Güzellik Salonu,+902322557584,Güzellik Salonu
Ferhat Aydın Saç Tasarım,+902322615152,Kuaför / Berber
Baslangic erkek guzellik salonu,+905456156905,Güzellik Salonu
VİSİON OF GÜZELLİK SALONU,+905050993040,Güzellik Salonu
İslim Manikür Salonu,+902322271178,Güzellik Salonu
Büşra&Hasan boutique kuaför,+905533108915,Kuaför / Berber
Zerafetten Gelen Güzellik-3,+905382948395,Güzellik Salonu
Sea Venue Estetik ve Güzellik,+905443731848,Güzellik Salonu
Ümran güzellik salonu,+902322506030,Güzellik Salonu
Ezgi Erdoğan Saç Ve Güzellik Salonu,+905397823793,Güzellik Salonu
Elisa Beauty Güzellik Salonu,+902324156567,Güzellik Salonu
Fırat Şeker Saç Tasarım,+905078516222,Kuaför / Berber
Saloon Mc,+905075287028,Kuaför / Berber
Kuaför Taj,+902322441126,Kuaför / Berber
Ayşenur Güzellik Salonu,+905353755056,Güzellik Salonu
Sibel Güzellik Salonu,+905336542157,Güzellik Salonu
Arzu gül kuaför ve güzellik salonu,+905076413202,Güzellik Salonu
Makeup Microblading Studio ESER,+905542835427,Güzellik Salonu
Blondy Kuaför Ve Güzellik Salonu,+902322556932,Güzellik Salonu
Loca Hair Design by Atacan Kınay,+905397092506,Kuaför / Berber
Kuaför faris,+905558612949,Kuaför / Berber
ECEM BEAUTY CENTER,+905550023236,Güzellik Salonu
Gül Güzellik Salonu,+905534318162,Güzellik Salonu
Hatay Erkek Kuaförü,+902322452319,Kuaför / Berber
İmaj kuaför Nafiz&Kader,+905548044035,Kuaför / Berber
Bahar Bahçe Güzellik Salonu,+905528026763,Güzellik Salonu
Kuaför Ercan & Gülsüm,+905468451667,Kuaför / Berber
Zen Kuaför,+902322568288,Kuaför / Berber
Sovina Güzellik Salonu,+902322261272,Güzellik Salonu
Saç Rüyası Uğur Kuaför,+905072513037,Kuaför / Berber
Simge Ağar Güzellik Salonu,+905345121728,Güzellik Salonu
Arjin Beauty Center İzmir,+905521859915,Güzellik Salonu
İzmirspor Ebruli Düğün Salonu,+902322563040,Kuaför / Berber
Kuaför Yusuf,+902322281756,Kuaför / Berber
Seyhan Kuaför İbrahim,+902322555683,Kuaför / Berber
Elite Güzellik Salonu,+902322447048,Güzellik Salonu
Zerafet Güzellik Salonu,+905308873500,Güzellik Salonu
Kuaför Sedat Çağdavul,+905315138251,Kuaför / Berber
Kenan Kuaför,+902322616649,Kuaför / Berber
Nis Kuaför,+902322324335,Kuaför / Berber
Green Saç Durağı & Güzellik Salonu,+902322624442,Güzellik Salonu
Bay Ata Kuaför,+905308458322,Kuaför / Berber
B & B Güzellik & Saç Tasarım,+905514221814,Güzellik Salonu
Yağmur Kuaför,+902322559994,Kuaför / Berber
Professional Coiffeur (Kuaför Professional),+902322329383,Kuaför / Berber
Melina Kuaför,+902322555538,Kuaför / Berber
imaj kuaför murat,+902322447748,Kuaför / Berber
Moneta Güzellik,+902322437771,Güzellik Salonu
Nehir Güzellik ve Saç Salonu,+902322270161,Güzellik Salonu
Kuaför Gökhan Kaya,+905374850561,Kuaför / Berber
Fikret Çobanoğlu,+902322612888,Kuaför / Berber
Kuaför Hülya,+902322614428,Kuaför / Berber
Kuaför hakan özdemir,+905445191985,Kuaför / Berber
İKON HAİR BAYAN KUAFÖR,+905449471314,Kuaför / Berber
Salzburg Bayan Kuaförü,+902322545835,Kuaför / Berber
Kuaför Halil,+902322624948,Kuaför / Berber
Cüneyt Aksüt saç tasarım,+905360582924,Kuaför / Berber
Yücel Coiffeur,+902322240206,Kuaför / Berber
Kuaför Ufuk Özdemir,+902322322121,Kuaför / Berber
Ayten Bayan Kuaförü,+905385521540,Kuaför / Berber
Gözde Bayan Kuaförü,+902322555508,Kuaför / Berber
Erkek ve Kadın Kuaförü Kadir Alkan Hair Artist İzmir,+905555632050,Kuaför / Berber
Hairboom,+905534150236,Kuaför / Berber
Sinem Kuaför,+902322473342,Kuaför / Berber
Polat Erkek Kuaförü,+905359693142,Kuaför / Berber
Nvbarbershop,+905066060725,Kuaför / Berber
By Uğur Erkek Kuaförü,+905558087304,Kuaför / Berber
Golden Hair Erkek Kuaförü,+905057968983,Kuaför / Berber
Hair doctor Anıl avni korkmaz,+905305581522,Kuaför / Berber
Hakan Erkek Kuaförü,+905320513138,Kuaför / Berber
Mehmet Ergün Saç Tasarım,+905050181214,Kuaför / Berber
Cafer sapan hair artıst,+905380897728,Kuaför / Berber
New Trend Hairdresser,+902322614417,Kuaför / Berber
Cillop Erkek Kuaförü,+905366063173,Kuaför / Berber
Erkek Kuaförü Murat,+905382123862,Kuaför / Berber
Men's Hair,+902322434340,Kuaför / Berber
DOAS Erkek Kuaförü,+905346039175,Kuaför / Berber
Berber Sami,+902322502400,Kuaför / Berber
Coy Erkek Kuaförü,+905367817756,Kuaför / Berber
Aydınlar Berber Salonu,+902322248211,Kuaför / Berber
Özgür Kuaför Yeşilyurt,+902322446140,Kuaför / Berber
BarberBro's İzmir,+905547559519,Kuaför / Berber
Er & Os Kuaför,+905548166840,Kuaför / Berber
Cihan Erkek Kuaför Berber,+905073872357,Kuaför / Berber
As Deniz Erkek Berberi,+905546782142,Kuaför / Berber
Berber Reco,+905079562815,Kuaför / Berber
İzmir Hera Bayan Kuaförü,+905327179358,Kuaför / Berber
Berber Yalçın,+902322533590,Kuaför / Berber
Derya Berberi Fethi Deniz,+905383650161,Kuaför / Berber
As Barber Shop,+905077161234,Kuaför / Berber
İmza Barbershop,+905527093519,Kuaför / Berber
Ertürk Erkek Kuaförü Saç tasarımı ve cilt bakımı merkezi,+905533684300,Güzellik Salonu
Murat Kuaför,+905358996016,Kuaför / Berber
Genç Mirza Erkek Kuaförü CANER&BARIŞ,+905543996063,Kuaför / Berber
ROYAL BARBER (HAKKI&ERCAN),+905368701880,Kuaför / Berber
Erhan Kuaför,+905068103680,Kuaför / Berber
B&Y SAÇ TASARIM,+905393321960,Kuaför / Berber
Salon Çukur,+905062007180,Kuaför / Berber
Fenomen Erkek Kuaförü ' Ferhan Sağlık',+905077212560,Kuaför / Berber
Salih Exclusive Hair Salon - İzmir Erkek Berber,+905079744556,Kuaför / Berber
Berber Ethem,+905366305692,Kuaför / Berber
Melih Erkek Kuaförü,+905555401161,Kuaför / Berber
Gözde Erkek Kuaförü,+905558141726,Kuaför / Berber
Çağrı Aykaş Erkek Kuaförü,+902322620087,Kuaför / Berber
Men's Erkek Kuaförü,+902322568469,Kuaför / Berber
Orhan Erkek Kuaförü,+905305001160,Kuaför / Berber
Elegant Erkek Kuaförü,+905357858921,Kuaför / Berber
Smyrna Erkek Kuaförü,+905435149704,Kuaför / Berber
Altın Makas,+905336527814,Kuaför / Berber
Yeni Dolunay Erkek Kuaför,+905414363535,Kuaför / Berber
HAIR DIRECTOR ERKEK KUAFÖRÜ (BERBER),+902322476364,Kuaför / Berber
Merve Erkek Kuaförü,+905382578425,Kuaför / Berber
Çelik Erkek Kuaförü,+905419133210,Kuaför / Berber
Özgür Erkek Kuaförü,+905545841424,Kuaför / Berber
Öznur Erkek Kuaför Salonu,+902322614961,Kuaför / Berber
Erman Erkek Kuaförü,+905548687107,Kuaför / Berber
Ali Erkek Kuaförü,+902322265139,Kuaför / Berber
Altın Makas Erkek Kuaförü,+902322553435,Kuaför / Berber
Özkan Erkek Kuaförü,+902322278878,Kuaför / Berber
Garden Erkek Kuaförü,+905454923113,Kuaför / Berber
Ertuğrul Erkek Kuaförü,+905533932434,Kuaför / Berber
Erhan Erkek Kuaförü,+905358690199,Kuaför / Berber
Elçin Erkek Kuaförü,+902322270502,Kuaför / Berber
Gürbüz Erkek Kuaförü,+902322471180,Kuaför / Berber
Santora Erkek Kuaförü İzmir’in En İyi Erkek Kuaförü,+905493463535,Kuaför / Berber
Mens Care Fahrettin Altay,+905538577930,Kuaför / Berber
Erkek Kuaför,+905078380886,Kuaför / Berber
Prestij Erkek Kuaförü,+902322275472,Kuaför / Berber
Yıldız Erkek Kuaförü,+905383081956,Kuaför / Berber
Ata Erkek Kuaförü,+902322628762,Kuaför / Berber
Taner Erkek Kuaförü,+905362865525,Kuaför / Berber
Atak Erkek Kuaförü,+902322567270,Kuaför / Berber
Gökhan Erkek Kuaförü,+905514121787,Kuaför / Berber
Moda Erkek Kuaförü,+905386737657,Kuaför / Berber
Murat Altınel Erkek Kuaförü,+905369350358,Kuaför / Berber
ARAS ERKEK KUAFÖRÜ,+905548567145,Kuaför / Berber
Moda Erkek kuaförü Fahrettin altay,+905548121527,Kuaför / Berber
Basın Sitesi Erkek Kuaförü,+905355857125,Kuaför / Berber
Saloon By Serkan,+905546952702,Kuaför / Berber
Saloon FZ,+905531465464,Kuaför / Berber
Nazım Erkek Kuaförü,+905327264274,Kuaför / Berber
Prestij Erkek Kuaförü,+905364464039,Kuaför / Berber
Yeşilyurt Erkek Kuaförü,+905325544720,Kuaför / Berber
Kadem Erkek Kuaförü,+905073703952,Kuaför / Berber
CAN YAPA HAIR STYLIST,+905308683544,Kuaför / Berber
Deniz Erkek Kuaförü,+902322508186,Kuaför / Berber
Cumhuriyet Erkek Kuaförü Gökhan,+902322564740,Kuaför / Berber
ERKEK KUAFÖRÜ AHMET,+905555638822,Kuaför / Berber
Berkay Erkek Kuaförü,+905384547425,Kuaför / Berber
By Nizam Erkek Kuaförü,+905367871831,Kuaför / Berber
Class Erkek Kuaförü,+905331471990,Kuaför / Berber
THE BEST Erkek Kuaförü,+905353700639,Kuaför / Berber
Selim Erkek Kuaförü,+902322621738,Kuaför / Berber
Karizma Erkek Kuaförü,+905307803540,Kuaför / Berber
MÖSYÖ MAKAS ERKEK KUAFÖRÜ,+905419270604,Kuaför / Berber
Fırat Erkek Kuaförü,+905546627283,Kuaför / Berber
Cumhuriyet Erkek Kuaförü,+905069955369,Kuaför / Berber
Berber Mösyö,+905400901925,Kuaför / Berber
By Fikoo Erkek Kuaförü,+905519070009,Kuaför / Berber
Emin Erkek Kuaförü,+905358211161,Kuaför / Berber
En Na Erkek Kuaförü,+905542510470,Kuaför / Berber
Egem Erkek Kuaförü,+905542290493,Kuaför / Berber
Mesut Erkek Kuaförü,+905542468771,Kuaför / Berber
Yağmur Erkek Kuaförü,+905545363321,Kuaför / Berber
Rüzgar Erkek Kuaförü,+905530708084,Kuaför / Berber
Anıl Şenol Erkek Kuaförü,+902322618929,Kuaför / Berber
Erman Erkek Kuaförü,+902322311924,Kuaför / Berber
Yılmaz Erkek Kuaförü,+902322262813,Kuaför / Berber
Twins Erkek Kuaförü,+902322448569,Kuaför / Berber
Ersin Erkek Kuaförü,+902322443784,Kuaför / Berber
Genclik Erkek Kuaförü,+905073550474,Kuaför / Berber
Naturel Erkek Kuaförü,+905448757172,Kuaför / Berber
Mare Beauty lounge,+905016440108,Güzellik Salonu
HMR Beauty Garden,+905550953504,Güzellik Salonu
Arzu biter beauty,+905315122740,Güzellik Salonu
Sinistra Nail Art Studio,+905525153803,Güzellik Salonu
Sevil tırnak merkezi,+905454142797,Güzellik Salonu
Rae Nail Studio,+905050366096,Güzellik Salonu
Sıla yıldız beauty studio,+905373025446,Güzellik Salonu
İz Nail Studio,+905346981686,Güzellik Salonu
Yasemin Çomak Nail Studio,+905444318710,Güzellik Salonu
MAXNAİL HOME,+905303648845,Güzellik Salonu
SEV-SUİT BEAUTY SALOON - Protez Tırnak | Makeup Artist | Hair Specialist | Womens Hairdresser,+902322552968,Güzellik Salonu
Tuğçe Bozdağ Tırnak Salonu,+905414051571,Güzellik Salonu
DİĞDEM SAVAŞIR BEAUTY&NAİL STUDİO,+905527810578,Güzellik Salonu
Diva Kuaför&Protez Tırnak& Kalıcı Oje,+905067237541,Güzellik Salonu
Törpü Tırnak Stüdyo,+902329993202,Güzellik Salonu
YG Saç Tasarım & Güzellik Tasarım,+905393157673,Güzellik Salonu
VEDAT YILDIRIM Hair Studio,+905546766381,Kuaför / Berber
Nazan Tetik saç tasarım & makeup,+902322856761,Güzellik Salonu
Çağlar Özdemir Hair Palace,+905071944325,Kuaför / Berber
Erol Erbil Hair Design,+905536174303,Kuaför / Berber
Gülcan Kuaför,+905549034191,Kuaför / Berber
Miray'e Beauty Kuaför,+905553947837,Güzellik Salonu
Saloon Sibel,+905072500906,Kuaför / Berber
İlayda avcı hair & makeup studio,+905012013698,Güzellik Salonu
ŞEREF KAHRAMAN HAİR,+905532566879,Kuaför / Berber
Kuaförü Meral,+905374006800,Kuaför / Berber
Zeki Kuaför Hakan Hair & Make up Studio,+902322248966,Kuaför / Berber
Gülten Genç Hair Stüdyo,+902322260556,Kuaför / Berber
EMRE DAĞ SAÇ TASARIM,+905050589086,Kuaför / Berber
KUAFÖR MİHRİBAN,+905010565600,Kuaför / Berber
Kuaför Mustafa Erkol,+905392080214,Kuaför / Berber
By Volkan urut,+905325940654,Kuaför / Berber
Zeynart beauty,+905343373645,Güzellik Salonu
Burçin bayan kuaförü,+902322500075,Kuaför / Berber
Duygu Avcı,+905535882266,Kuaför / Berber
Salon Buğlem Miraç,+905349889705,Kuaför / Berber
Rabia kuaför,+905435194165,Kuaför / Berber
Caner Exclusive Hair Salon - İzmir Kadın Kuaför,+905383320950,Kuaför / Berber
Piraye kuaför by Songül&Serkan,+905443814596,Kuaför / Berber
Filiz Koruyan Hair Makeup,+905334243630,Güzellik Salonu
Kuaför Nero,+905424517796,Kuaför / Berber
Saloon Halime,+905077314838,Kuaför / Berber
Rüya Kuaför,+905432282565,Kuaför / Berber
Elif Gökalp Hair&Makeup,+905058057086,Güzellik Salonu
SOFT İZMİR,+905523075370,Kuaför / Berber
Fahretin altay Kuaför Murat,+902322775484,Kuaför / Berber
Kuaför Ayşe Koç,+902322246356,Kuaför / Berber
Kuaför Derya,+905072505966,Kuaför / Berber
B.B Beauty Center,+905428340682,Güzellik Salonu
Dilan Beauty Center,+905529348151,Güzellik Salonu
Jouvence Güzellik Merkezi,+905525912114,Güzellik Salonu
MELİS ÖNERGE BEAUTY,+905432461374,Güzellik Salonu
Alicia,+902324451513,Güzellik Salonu
Sercan Vural Saç Tasarım,+905076824361,Kuaför / Berber
Ahmet Cetin Hair Boutique,+905333385384,Kuaför / Berber
Gökhan Çınar hair desing,+902322433497,Kuaför / Berber
Buğra Yılmaz Hair Design,+905073503020,Güzellik Salonu
En Gözde Hair Design,+902322610258,Kuaför / Berber
Hair Studio,+905446360425,Kuaför / Berber
ŞAHAN HAİR ART,+905395839347,Kuaför / Berber
White Angel Onur,+902322432658,Kuaför / Berber
Hakan Doğan Saç Tasarım,+905327023001,Kuaför / Berber
S & B Kuaför New Trend Stil Hair,+905530829657,Kuaför / Berber
Altın Makas,+902322437013,Kuaför / Berber
Yes saloon,+905520048699,Kuaför / Berber
Rıdvan yıldız hair studio,+905449433567,Kuaför / Berber
Hair Professor,+905546152362,Kuaför / Berber
Nuri Adar Hair Studio,+902322566762,Kuaför / Berber
LEGEND HAİR,+905541390765,Güzellik Salonu
Salon Arda,+902322504931,Kuaför / Berber
Zamina Aydıner nail stüdyo,+905459362274,Güzellik Salonu
By Moda List Saç Tasarım,+905399264563,Kuaför / Berber
Ağırman saç tasarım,+905437234847,Kuaför / Berber
Deniz Saç Tasarım,+902322621676,Kuaför / Berber
By Esen Saç Tasarım,+905433082920,Kuaför / Berber
Gülümse Saç Tasarım,+902322551246,Kuaför / Berber
Aslı Çemrek Saç Tasarım Ve Güzellik Merkezi,+905074861887,Güzellik Salonu
By Karabıyık Saç Tasarım,+905557041357,Kuaför / Berber
Cihat Saç Tasarım,+905549614250,Kuaför / Berber
ÖZLEM DOĞAN SAÇ TASARIM,+905356443768,Kuaför / Berber
Gökhan Özdinç Saç Tasarım,+905549916281,Kuaför / Berber
Etre Belle Saç Tasarım,+905392379723,Kuaför / Berber
Funda'm Saç Tasarım & El Ayak Bakımı,+902322451516,Güzellik Salonu
kuaför ersen saç tasarım,+902322455414,Kuaför / Berber
İkra Saç Tasarımı,+902325203948,Kuaför / Berber
Dima Hair Studio,+905324817760,Kuaför / Berber
Suat Ünal Kuaför,+905384128790,Kuaför / Berber
By Nebil Öztürk Men’s Hair Design,+905325512715,Kuaför / Berber
Kuaför Hatice,+902322262001,Kuaför / Berber
PROBER,+905312502471,Kuaför / Berber
ceylan bayan kuaförü değişimin adresi,+905415739027,Kuaför / Berber
Aygün Dilber Nails,+905522906380,Güzellik Salonu
Hazel nail studio,+905511687458,Güzellik Salonu
Balın Berru Nail,+905308788285,Güzellik Salonu
PERİ Manikür Pedikür Salonu,+905078709800,Kuaför / Berber
Yeşim Manikür&Pedikür Sir Salonu,+905078653666,Kuaför / Berber
Nur Manikür & Pedikür Salonu(Yeşilyurt),+905073619433,Kuaför / Berber
Sultan Manikür & Pedikür,+905536507399,Kuaför / Berber
Nisan Nail Art & More,+905432822035,Güzellik Salonu
SUDE NAIL & HAIR,+905325212481,Güzellik Salonu
Magic Nails By Yarina,+905324198185,Güzellik Salonu
Deka Nail Studio,+905071502019,Güzellik Salonu
Elif Esmeray nail studio,+905439219817,Güzellik Salonu
Salon Dilek,+905526592805,Kuaför / Berber
Tuğba Böllü Beauty(Nail Art Stüdio&Kuaför),+905452303578,Güzellik Salonu
Saloon İpek,+905336725662,Kuaför / Berber
Bozyakada Güzellik Salonu Clinic Beauty,+905456876871,Güzellik Salonu
Aylin beauty,+905543452220,Güzellik Salonu
Naz Demirel Makeup & Beauty,+905322051031,Güzellik Salonu
Duygu Sir Ağda Salonu,+905526062901,Güzellik Salonu
ELİT DÜĞÜN SALONU,+905309233548,Kuaför / Berber
Kadınca Bayan Kuaförü,+902323701144,Kuaför / Berber
Simay Kuaför,+905078639416,Kuaför / Berber
Kuaför Aytül Güzellik Salonu,+902323700050,Güzellik Salonu
Yağız Zengin VIP Hair Saloon,+905067500282,Kuaför / Berber
Kuaför Özlem,+905554931028,Kuaför / Berber
Bayan Kuaförü Serpil Aycil,+902323705755,Kuaför / Berber
Özlem Bayan Kuaförü,+902322629306,Kuaför / Berber
Lidya Nisa Bayan Kuaförü,+905369463633,Kuaför / Berber
Kuafor Ayhan Temur,+902323293132,Kuaför / Berber
SALOON EREN,+905548994959,Kuaför / Berber
Kuaför Faika,+902323865379,Kuaför / Berber
Mukan Alkan Hair,+905079985249,Kuaför / Berber
BERBER OZAN,+905397613535,Kuaför / Berber
Ramos Berber,+905449814235,Kuaför / Berber
Berber,+905558176429,Kuaför / Berber
Cico berber,+905534183933,Kuaför / Berber
Ömür Berber Salonu,+905305180798,Kuaför / Berber
SALOON E&D ERKEK KUAFÖR SALONU BERBER MÜFİT,+905067288609,Kuaför / Berber
Hakan Cihan Barber’s Club,+905436733424,Kuaför / Berber
Masters barber,+905418593510,Kuaför / Berber
Bigboss Erkek Kuaförü,+905531443439,Kuaför / Berber
Cumali,+905447209067,Kuaför / Berber
Şafak Bilgin Hair Artist Erkek Kuaförü Alsancak İzmir,+905355296525,Kuaför / Berber
Çiğli erkek kuaförü,+905444091705,Kuaför / Berber
CraftBarbershop,+905436793510,Kuaför / Berber
F 18 tıraş akademi,+905521121820,Kuaför / Berber
Berber Bekir,+905355619319,Kuaför / Berber
THE BERBER,+905540064764,Kuaför / Berber
Essi Academy,+908505323774,Güzellik Salonu
Dermasante Clinic,+902324213737,Güzellik Salonu
Davines Hair Home,+905302387599,Kuaför / Berber
Saloon Pink Çiğli,+905418507520,Kuaför / Berber
Garage Ataşehir İzmir,+902329991404,Kuaför / Berber
Hazır duvak,+905387886773,Kuaför / Berber
Almira Çakır Barber Shop,+905304471037,Kuaför / Berber
Sezer Erkek Kuaförü,+905362242754,Kuaför / Berber
Kaptan Erkek Kuaförü,+905054220029,Kuaför / Berber
Kuaför Reyhan,+905334700928,Kuaför / Berber
Yener Erkek Kuaförü,+905434793256,Kuaför / Berber
Kuaför Isa,+905452605663,Kuaför / Berber
Fidan Saç-Tırnak-Tasarım,+905418954219,Güzellik Salonu
Hair Club Saç Tasarım,+905464186762,Kuaför / Berber
Ali Yıldız Bay Saç Tasarım Merkezi,+905411666560,Kuaför / Berber
Hairbrush İzmir Saç Tasarım,+905443992540,Kuaför / Berber
Ayçe Nail Studio,+905011362923,Güzellik Salonu
SHİNİNG CENTER İZMİR,+905541116509,Güzellik Salonu
Beyza Öztürk Beauty,+905061165333,Güzellik Salonu
Saico Academy Türkiye,+905414512548,Güzellik Salonu
Noriss estetik ve plastik cerrahi merkezi,+905013239898,Güzellik Salonu
SEBA Güzellik Akademi,+905537086553,Güzellik Salonu
Vega Studio,+905468040305,Güzellik Salonu
Gül Eğriboz Güzellik Kocu,+905523535118,Güzellik Salonu
MV Saç Tasarım (Mustafa VURAL),+905065288585,Kuaför / Berber
Gümüş makas bayan kuaförü,+905432751665,Kuaför / Berber
Esra Bayan Kuaförü,+905336393588,Kuaför / Berber
öner yılmaz hair makeup stüdyo,+905534879596,Güzellik Salonu
KUAFÖR CANAN,+905546333265,Kuaför / Berber
Elit Kuaför,+905358237579,Kuaför / Berber
Cevriye Bayan Kuaför,+905347739218,Kuaför / Berber
Metin & Bahar Bayan Kuaförü,+905314986080,Kuaför / Berber
Cemre 2 Kadın Kuaförü,+902323464044,Kuaför / Berber
Salon Ayla Güzellik & Bayan Kuaförü,+905322011845,Güzellik Salonu
Giz Bayan Kuaförü,+902323457065,Kuaför / Berber
Özlem Kuaför,+902329991817,Kuaför / Berber
Gar/44 - Bay Bayan kuaförü,+905303407443,Kuaför / Berber
Violet,+902323395412,Kuaför / Berber
Kuaför Ömer Er,+905072901616,Kuaför / Berber
YES BAYAN KUAFÖRÜ,+905458312481,Kuaför / Berber
As Bayan Kuaförü,+905063853651,Kuaför / Berber
Cemre Bayan Kuaföru,+905078820114,Kuaför / Berber
ANATOLİA BAYAN KUAFÖRÜ,+905447493500,Kuaför / Berber
KEREM ARAZ KUAFÖR,+905330563019,Kuaför / Berber
Tan,+902323440001,Kuaför / Berber
Ceyhun Sekmen Haır Palace,+905060419847,Kuaför / Berber
Saloon F & D,+902323440808,Kuaför / Berber
Aygül İkizler Bayan Kuaförü,+905363039512,Kuaför / Berber
Kuaför Kemal Kadın Kuaförü,+905357048144,Kuaför / Berber
Tezcan Berber Salonu,+905555768346,Kuaför / Berber
BRK STUDİO BARBER,+905394144881,Kuaför / Berber
Bizim Berber,+905419551136,Kuaför / Berber
Berber Neco,+905323622506,Kuaför / Berber
Best Model Erkek Kuaförü(insta:bestmodelerkek),+905458353205,Kuaför / Berber
Kılıçkaya Erkek Kuaförü,+905382892373,Kuaför / Berber
BY FIRAT ERKEK KUAFÖRÜ - İZMİR,+905070048365,Kuaför / Berber
Batu Erkek Kuaförü,+905468619635,Kuaför / Berber
Saloon Anıl Erkek Kuaförü,+905060524297,Kuaför / Berber
Gürçeşme Erkek Kuaförü,+905353373356,Kuaför / Berber
Hg Saç Tasarım,+902323471083,Kuaför / Berber
Ferat Yakup Hair Studio & Mikro ve Medikal Kaynak - Saç Tasarım - Kuaför,+905377784763,Kuaför / Berber
Saç Tasarım Kuaför Melih Müge,+905357151762,Kuaför / Berber
Bouquet Saç Tasarim Salonu,+905079233864,Güzellik Salonu
Cihan Aloğlu Saç Tasarım Merkezi,+905532422993,Kuaför / Berber
Kenan Saç Tasarım,+905545475615,Kuaför / Berber
Moda Saç Dizayn,+902322909951,Kuaför / Berber
Salon Cadde Saç Tasarım,+905354356531,Kuaför / Berber
D'OR NAIL BAR,+905435819837,Güzellik Salonu
Toy Han Bizim Bahçe Bayraklı,+905322936773,Kuaför / Berber
FİLİZ BEĞTAŞ BRIDE STUDIO,+905348807337,Kuaför / Berber
Esra Özen kuaför,+905358420464,Kuaför / Berber
Bella Vista Event,+905347829797,Kuaför / Berber
Çağdaş Altıntaş,+905558832927,Kuaför / Berber
Günbatımı Organizasyon Alanı,+902323613999,Kuaför / Berber
By Ahmet Pro Mikro Jel Kaynak,+905522982996,Kuaför / Berber
Hairplus Protez Saç Merkezi - İZMİR,+902324221126,Kuaför / Berber
Hair Hospital,+905551626896,Kuaför / Berber
Mikro Kaynak İzmir Kuaför,+905434080771,Kuaför / Berber
hair brush izmir,+905076263631,Kuaför / Berber
HDC Protez Saç İzmir,+902324649910,Kuaför / Berber
Murat Eğinlioğlu Hair Salon,+905331234619,Kuaför / Berber
Hakan YENİGÜN | Hair Artist,+905535752953,Kuaför / Berber
E_K HAIR STYLE,+902329359410,Kuaför / Berber
Lush Hair Studio,+905336338852,Kuaför / Berber
Mutlu Derviş Hair Artist,+905353255000,Kuaför / Berber
Hair Boss,+905077337862,Kuaför / Berber
Kleopatra Güzellik Kursu,+902322790100,Güzellik Salonu
Santora Kadın Erkek Çocuk Kuaförü & Lazer Epilasyon Merkezi Balçova Kipa Avm Kuaför,+905449563535,Güzellik Salonu
OSÇA VİP KUAFÖR AGORA AVM,+902322791573,Kuaför / Berber
Silviya Clinic Center - Yeşilyurt Şubesi,+905457832324,Güzellik Salonu
Selma Güzellik,+902322597038,Güzellik Salonu
Luciole Nail Studio,+905353053998,Güzellik Salonu
Fatoş Korkmaz Nail Art,+905531279996,Güzellik Salonu
Nail Kaya Gelin Saç Makyaj Hair Makeup Artist,+905379821035,Güzellik Salonu
Lumo Lash Nail Studio,+905013321995,Güzellik Salonu
Lumiera Nail,+905546674142,Güzellik Salonu
NAİL’YEKBU,+905326742556,Güzellik Salonu
Cenna Beauty & Nail Atelier,+905431770820,Güzellik Salonu
Makeup & Nail Studıo by Merve Çanak,+905075279105,Güzellik Salonu
Nurten Enez Güzellik ve Bakım Salonu,+905522359329,Güzellik Salonu
Yaşar Kurt Hair&Nail,+905060505827,Güzellik Salonu
Nail Parlour,+905309159335,Güzellik Salonu
Ayten Sir Salonu,+905302466550,Kuaför / Berber
Melahat Kara Beauty Studio,+905364168106,Güzellik Salonu
Senem Beauty Studio,+905377411835,Güzellik Salonu
Nur Aleyna Beauty Studio,+905546914868,Güzellik Salonu
Serpil Beauty Center,+905072775884,Güzellik Salonu
Lamedi Beauty & Wellness,+905071950035,Güzellik Salonu
Glamora Beauty Center,+905060561719,Güzellik Salonu
jineps beauty,+905075798609,Güzellik Salonu
Ezgi Beauty,+905424549541,Güzellik Salonu
Fitlora Beauty,+905539655012,Güzellik Salonu
SS Beauty Studio,+905536885011,Güzellik Salonu
PET BEAUTY GROOMING & SHOP,+905545964112,Güzellik Salonu
Vogue Medikal,+905070610406,Güzellik Salonu
SANAT ERKEK KUAFÖRÜ,+905325426610,Kuaför / Berber
Enes Alkanoğlu Barber Shop,+905537192910,Kuaför / Berber
Engin Barber Club,+905537032606,Kuaför / Berber
Erkin Demirbaş Hair Artist,+905076362560,Kuaför / Berber
Cantürk Barber Shop,+905534637036,Kuaför / Berber
By Berber,+905301746515,Kuaför / Berber
İpek's beauty,+905326676680,Güzellik Salonu
Oya Acar Güzellik,+905010357187,Güzellik Salonu
Akdoğan Erkek Kuaförü,+905384454314,Kuaför / Berber
Elegant Erkek Kuaförü,+902322328111,Kuaför / Berber
Prestige Erkek Kuaförü,+905372678662,Kuaför / Berber
Engin Erkek kuaförü,+905375717397,Kuaför / Berber
Erkek Kuaförü Tc Ezel,+905315916118,Kuaför / Berber
Ömer Erkek Kuaförü,+905546830140,Kuaför / Berber
Gürsoy Erkek Kuaförü,+902322289574,Kuaför / Berber
İbo Erkek Kuaförü,+905432321973,Kuaför / Berber
Kerim Erkek Kuaförü,+905364385757,Kuaför / Berber
Umut Efe Erkek Kuaförü,+902322612675,Kuaför / Berber
Altıntaş Erkek Kuaförü,+902322612952,Kuaför / Berber
Can Erkek Kuaförü,+905349797737,Kuaför / Berber
Ergen Erkek Kuaförü,+902324253254,Kuaför / Berber
LEON'S ERKEK KUAFÖRÜ,+905319874129,Kuaför / Berber
Feredi nail studio,+905061673443,Güzellik Salonu
Garden Life Kır Bahçesi & Kapalı Düğün Salonu,+905074490188,Kuaför / Berber
İnciraltı Keyfi Şahane,+905323693588,Kuaför / Berber
La Win,+905322712144,Kuaför / Berber
Elit Elegance,+905073509739,Kuaför / Berber
Çınar Garden Wedding House,+905015787200,Kuaför / Berber
Temiz Bahçe Kır Düğün Salonu,+905552715620,Kuaför / Berber
Burçin kuaför,+905339499566,Kuaför / Berber
La Monde Luxury,+905555822112,Kuaför / Berber
Kouzina,+905555658167,Kuaför / Berber
Park Hera Garden,+905531717451,Kuaför / Berber
Sinem'le Kalıcı Makyaj,+905327671959,Güzellik Salonu
Faruk Çakır Hair Art Studio,+905533877194,Kuaför / Berber
MASTER SALON GG,+905324282216,Kuaför / Berber
Salon Magna Murat Çintay,+905396853825,Kuaför / Berber
Serkan Tok Spor Okulu İzmir,+905394496865,Kuaför / Berber
Alfa Alfa 35 erkek kuaförü/berber balçova şube,+905365869753,Kuaför / Berber
By Altın makas,+905395428092,Kuaför / Berber
Ala Nail Bar İzmir - İstinye Park,+905340103576,Güzellik Salonu
Platin Saç Tasarım,+902322775414,Kuaför / Berber
By CENGİZ Saç Tasarım Merkezi,+905543210323,Kuaför / Berber
Ege Beauty,+902324630079,Güzellik Salonu
Nağme Yalçınkaya Beauty Studio,+905362845440,Güzellik Salonu
Gaziemir Spor Salonu,+902322745969,Kuaför / Berber
Barber Shop (Gaziemir,+905079784837,Kuaför / Berber
Sedef bayan kuaförü,+905421603184,Güzellik Salonu
Vedat Arslan Cafe De Coiffeur( Berber/Kuaför/Cafe ),+905543275207,Kuaför / Berber
Berber Sedat,+905326805225,Kuaför / Berber
Ünal Akbulut Erkeklere Özel Saç Tasarım Merkezi,+905416629510,Kuaför / Berber
Uğur Güney Erkek Kuaförü,+905308428441,Kuaför / Berber
Ayyıldız Erkek Kuaförü,+902322525765,Kuaför / Berber
Kaya Erkek Kuaförü,+905061596235,Kuaför / Berber
Ferhat Erkek Kuaförü,+902322744636,Kuaför / Berber
Gökhan Erkek Kuaförü,+905532277685,Kuaför / Berber
Mavibor Erkek Kuaförü,+905444848724,Kuaför / Berber
Şık Erkek Kuaförü,+905327086903,Kuaför / Berber
Çetin Erkek Kuaförü,+905412511810,Kuaför / Berber
Veysel Erkek Kuaförü,+905356952594,Kuaför / Berber
M&M ERKEK KUAFÖRÜ,+905530268495,Kuaför / Berber
Classmen Erkek Kuaförü,+905382690232,Kuaför / Berber
Şen Erkek Kuaförü,+902322523952,Kuaför / Berber
Salon Mahmut,+905543723669,Kuaför / Berber
Erkek Kuaförü Ali,+905376844600,Kuaför / Berber
Gökhan Erkek Kuaförü,+905547091663,Kuaför / Berber
By Kadir Erkek Kuaförü,+905070633050,Kuaför / Berber
Uğur Aslan Barber's,+905439742747,Kuaför / Berber
Emre erkek Kuaförü,+905321714984,Kuaför / Berber
Kuaför Semih,+905546836784,Kuaför / Berber
Baran Erkek Kuaförü,+905079143525,Kuaför / Berber
By Kılcı,+905072076881,Kuaför / Berber
Çağrı Erkek Kuaförü,+905358543833,Kuaför / Berber
SALONST,+905447331023,Kuaför / Berber
Emir Erkek Kuaförü,+905449593547,Kuaför / Berber
Kesen erkek kuaför,+905057414735,Kuaför / Berber
BY SUAT HAİR DESİGN,+905326232867,Kuaför / Berber
MSB ERKEK KUAFÖRÜ,+905532122241,Kuaför / Berber
Erkek Kuaförü Hilmi,+905336934778,Kuaför / Berber
Erkek Kuaförü Orkan,+905359400402,Kuaför / Berber
Joli Look Hair and Care Salon Optimum,+905059998085,Kuaför / Berber
Serdar Erkek KUAFORU,+905354630810,Kuaför / Berber
Kanarya Berber,+905076879702,Kuaför / Berber
VOGUE BY HÜSEYİN DEMİRALP,+905331550926,Kuaför / Berber
Bizim Bahçe Kır Düğünü,+905077875455,Kuaför / Berber
CENNET KUAFÖR,+905534242043,Kuaför / Berber
Kuaför Onur Kaymakçı,+905324627359,Kuaför / Berber
Tuğba koruk hair design make up,+905454710908,Kuaför / Berber
Kardelen Düğün Salonu,+902322520169,Kuaför / Berber
Hasan Yokuş Hair Stylist,+905078660500,Kuaför / Berber
Jadem Güzellik,+905303942667,Güzellik Salonu
GİGiDERM,+902325029988,Güzellik Salonu
Samet Ayaz Hair Studio,+905069300218,Kuaför / Berber
Nail salon,+905315932407,Güzellik Salonu
Run Your Nails,+905360342203,Güzellik Salonu
Esra nail bar,+905302477080,Güzellik Salonu
Nail Lash salonu,+905314724657,Güzellik Salonu
North Pilates Studio,+905435001217,Pilates / Yoga
İzmir Tasarım Akademisi,+905072313235,Diğer (Sağlık & Bakım)
Luva Beauty & Butik,+905456892757,Güzellik Salonu
Büşra Gülgör Makeup Studio,+905491904919,Güzellik Salonu
BERRİN GÜZELLİK SALONU,+902324452823,Güzellik Salonu
Dr. Gonca Duman,+905074565770,Güzellik Salonu
SHE HAİR LAB.,+905422546709,Kuaför / Berber
Hairportmusakarahan,+905327825505,Kuaför / Berber
Hair Cold Warrior Keratin,+902322395815,Kuaför / Berber
Fridays hairdresser,+905532345344,Kuaför / Berber
Berberiniz,+902322388685,Kuaför / Berber
Erhan Erkek Kuaförü,+902322385015,Kuaför / Berber
Famous Hair&makeup,+902323361433,Güzellik Salonu
C&G Nail Studio,+905437271197,Güzellik Salonu
Nemina nail studio,+905522618985,Güzellik Salonu
Hasancan Çalışkan Erkek Berberi,+905425893672,Kuaför / Berber
Kuaför Ekrem Yıldırım,+905334529517,Kuaför / Berber
Küaför Dilek & Yusuf,+905379564830,Kuaför / Berber
Bayan Kuaförü Emine,+905389744461,Kuaför / Berber
Halil Umut Erkek Kuaförü,+905065927049,Kuaför / Berber
Nurullah demir erkek kuaforu,+905467740816,Kuaför / Berber
Gül Erkek Kuaförü,+902322392451,Kuaför / Berber
Atabay Erkek Kuaförü,+905357092504,Kuaför / Berber
By Mustafa Kemal Erkek Kuaförü,+905074169331,Kuaför / Berber
Fırat Erkek Kuaförü,+905079181619,Kuaför / Berber
Aydın Erkek Kuaförü,+902322385120,Kuaför / Berber
Fırat Yeşilnar Erkek Kuaförü,+905446743676,Kuaför / Berber
Erkek Kuaförü Ümit,+905377280146,Kuaför / Berber
Atabay Erkek Kuaförü,+902322383207,Kuaför / Berber
Alme Erkek Kuaförü,+902322396758,Kuaför / Berber
Berber Volkan,+905078707370,Kuaför / Berber
Uğur Erkek Kuaförü,+905326806269,Kuaför / Berber
Engin Erkek Kuaförü,+902322380093,Kuaför / Berber
Emre Erkek Kuaförü,+905531463545,Kuaför / Berber
Kadir Alkan İstinyePark İzmir,+905416732135,Kuaför / Berber
İbo Erkek Kuaförü,+905545911395,Kuaför / Berber
By Nail Beauty,+905067403529,Güzellik Salonu
Mev Nail,+905332571234,Güzellik Salonu
Vibe nail care,+905318334208,Güzellik Salonu
Elif Kaşkaya Nail Studio,+905538036279,Güzellik Salonu
Manifest Nail Bar,+905061208741,Güzellik Salonu
Monna Nail Studio,+905416777923,Güzellik Salonu
NUR NAİLS BEAUTY,+905304603595,Güzellik Salonu
Nail Room Bostanlı,+905461355292,Güzellik Salonu
Seda Nail Room,+905077978531,Güzellik Salonu
NARSS NAILS,+905464176616,Güzellik Salonu
Black daisy nail studio,+905459605290,Güzellik Salonu
Nails By EZGİ İREM,+905441848821,Güzellik Salonu
Stüdyo Ülkü,+905075858997,Kuaför / Berber
Bahar Nail Party,+905551767110,Güzellik Salonu
Sani Güzellik Salonu,+905362083671,Güzellik Salonu
SELORA NAİL,+905348519432,Güzellik Salonu
Candy nail studio,+905532094145,Güzellik Salonu
CK Nails Karşıyaka,+905363932031,Güzellik Salonu
Paula Nails,+905368250795,Güzellik Salonu
Gamze Hoca Güzellik Merkezi,+905077058412,Güzellik Salonu
Stil kuaför,+905327630336,Kuaför / Berber
Gamze Engel Nail Art Studio Bostanlı,+905445952299,Güzellik Salonu
Bb Luxury Nail Saloon,+905523364250,Güzellik Salonu
İlda Kuaför& Nail (Tırnak) Studio,+905078566772,Güzellik Salonu
