Isletme_Adi,Telefon,Sektor
C&G HAİR ART,+902163817047,Kuaför / Berber
Kuför Savaş,+905364115851,Kuaför / Berber
Styles Kuaför Nish Adalar,+902165046036,Kuaför / Berber
Saloon EMA Nish Adalar,+902165103862,Kuaför / Berber
Büyükada adem erkek kuaförü Men's Hairdresser,+905533882823,Kuaför / Berber
Kuaför Zeki,+905332165613,Kuaför / Berber
By ŞIHLI,+905384012312,Kuaför / Berber
Berber Özkan,+905353851026,Kuaför / Berber
Kardeşler Kuaför Fero's - Kınalıada,+902163814285,Kuaför / Berber
Star Makas,+905302025174,Kuaför / Berber
Mehmet Tatlı Nishadalar,+902162901777,Kuaför / Berber
AYHAN ERKEK KUAFÖRÜ (FOR MAN ),+905375533314,Kuaför / Berber
Kent Kuaför,+902165042520,Kuaför / Berber
Semiha Kuaför,+902163828564,Kuaför / Berber
STAR BARBER'S SHOP,+905324610280,Kuaför / Berber
Seher Kuaför,+902163824545,Kuaför / Berber
Pera Kişisel Bakım Büyükada,+905417118535,Güzellik Salonu
Salon ada,+905366105259,Kuaför / Berber
Kuaför Fiyore,+902163823942,Kuaför / Berber
Beauty Nish Güzellik Salonu,+905520546474,Güzellik Salonu
Fön Kuaför,+902163821776,Kuaför / Berber
Ema Solaryum ve Güzellik Salonu,+905421886206,Güzellik Salonu
A'da 2016 Bayan Kuaförü,+902165773715,Kuaför / Berber
Hair Trend,+902163816120,Kuaför / Berber
Ada Bayan Kuaförü,+902166509020,Kuaför / Berber
FATİH IŞIK BEAUTY,+902162901474,Güzellik Salonu
Yakup Özsoy & İlyas Karaoğlu Güzellik Salonu,+902163667255,Güzellik Salonu
Ada Bayan Kuaförü,+902164104442,Kuaför / Berber
Ilyas Alim beauty salon,+902164176776,Güzellik Salonu
Kuaförce,+902164170198,Kuaför / Berber
dilek kara kuaför,+902163897268,Kuaför / Berber
Kent kuaför içerenköy yusuf kartal,+902165757576,Kuaför / Berber
Taran Erkek Kuaförü,+902163816900,Kuaför / Berber
Bahçe Kuaför,+902168016519,Kuaför / Berber
BİRSEN KESER GÜZELLİK SALONU,+905366295715,Güzellik Salonu
Gemma Tattoo,+902165662609,Dövme & Piercing
ÇEKMEKÖY DÖVMECİ,+905414962700,Dövme & Piercing
Black Tree Tattoo,+905305052178,Dövme & Piercing
TAŞDELEN TATTOO STUDİO,+905415096707,Dövme & Piercing
OPİA TATTOO STUDYO SANCAKTEPE,+905524253900,Dövme & Piercing
MA Tattoo & Piercing Studio,+905398904213,Dövme & Piercing
Lost_realist_tattoo_piercing,+905071639258,Dövme & Piercing
guven tattooz,+905342402555,Dövme & Piercing
Reyhan söğüt tatto,+905521576663,Dövme & Piercing
Tattooçekmeköy,+905441152018,Dövme & Piercing
Dövme Tattoo Salonu Musa Dükel,+905533259155,Dövme & Piercing
Mat Tattoo Gallery,+905326091916,Dövme & Piercing
Uzay Tattoo Taşdelen,+905514328793,Dövme & Piercing
Oguzz.ink,+905330942236,Dövme & Piercing
İER Tattoo Studio - İstanbul Sancaktepe Dövme Sanatı,+905346031814,Dövme & Piercing
Tattoo Petek,+905348843824,Dövme & Piercing
Umut Atmaz Tattoo Studio,+905359751408,Dövme & Piercing
Orhan Çetin Dövme & Piercing Sultanbeyli,+905459148201,Dövme & Piercing
Ümraniye Tattoo - Ümraniye Dövmeci,+905074163010,Dövme & Piercing
İstanbul Dövmecisi Tattoo & Piercing Stüdyosu,+905397650573,Dövme & Piercing
ELEGANCE TATTOO & PİERCİNG,+905078755835,Dövme & Piercing
EART TATTOO STUDIO,+905424597881,Dövme & Piercing
Bawest Tattoo Studio,+905364686890,Dövme & Piercing
A Plus Güzellik ve Estetik - Kartal,+905308857070,Güzellik Salonu
Lavanta Estetik Güzellik Merkezi,+902165455840,Güzellik Salonu
Elysium Estetik,+905412993074,Güzellik Salonu
Bir Nefes İstanbul Güzellik Salonu,+905412780112,Güzellik Salonu
A Plus Poliklinik Estetik,+905397817070,Güzellik Salonu
Ada Beauty Center,+905379478745,Güzellik Salonu
Belavil Guzellik Merkezi,+902163716085,Güzellik Salonu
Nish Beauty Center,+905468833265,Güzellik Salonu
Op. Dr. Servet Ada Klinik,+905337638920,Diğer (Sağlık & Bakım)
Nouvelle Vie Estetik Güzellik Merkezi / İstanbul,+905539331619,Güzellik Salonu
AdaDenizBeauty,+905368833430,Güzellik Salonu
Klinik Psikolog Nivi Özkan,+905466486223,Psikolog / Terapist
Klinik Psikolog Kenan Keskin – Bireysel & Çift Terapisi |Kartal psikolog | Pendik psikolog,+905065937822,Psikolog / Terapist
Uzm.Klinik Psikolog Ödül Şahin,+905337706800,Psikolog / Terapist
Uzman Klinik Psikolog Sümeyye Fidan,+905456969155,Psikolog / Terapist
Tempora Psikoloji | Kadıköy Klinik Psikolog Merkezi,+902167061430,Psikolog / Terapist
Uzman Klinik Psikolog Bahar AYAN,+905359302317,Psikolog / Terapist
Psikolog Gülefşan Çelebioğlu,+905348568537,Psikolog / Terapist
Uzman Klinik Psikolog Ferda Metin,+905532042103,Psikolog / Terapist
Klinik Psikolog Çağla Nur Bölükbaş,+905337924343,Psikolog / Terapist
Ada Psikolojik Danişmanlik Merkezi,+905423517121,Psikolog / Terapist
ARES Akademi ve Danışmanlık,+905551647860,Psikolog / Terapist
Psikolog Özge Akbudak,+905351059379,Psikolog / Terapist
Psikolog Mervenur Altun,+905436680278,Psikolog / Terapist
Mia Psikoloji-Uzm.Klinik Psikolog Candan Kavalcı,+905524261726,Psikolog / Terapist
Uzm. Dr. Ersin Baltacı | Psikiyatrist & Psikoterapist,+905326826632,Psikolog / Terapist
Uzman Klinik Psikolog Sebahat Çakmak,+905456862335,Psikolog / Terapist
Klinik Psikolog Ezgi Demir,+905332440104,Psikolog / Terapist
Klinik Psikolog Bahar Dağ Aydın,+905415217811,Psikolog / Terapist
Beyaz Fil Psikolojik Danışmanlık & Eğitim Merkezi,+905536426126,Psikolog / Terapist
Anda Psikoloji | Kadıköy,+902169990765,Psikolog / Terapist
Uzman Psikolog Gülizar Şaran | Online Terapi ve Danışmanlık,+905305468779,Psikolog / Terapist
Kartal Psikolog | Psikolog Yağmur Kumaş,+905546563116,Psikolog / Terapist
İstanbul PsikoTerapi Merkezi,+902163476003,Psikolog / Terapist
Adaterapi Psikiyatrist Dr Gıyasettin Ekici,+902124663040,Psikolog / Terapist
Psikolog,+905348837180,Psikolog / Terapist
Hasat Psikoloji,+905397445401,Psikolog / Terapist
Uzman Klinik Psikolog Fatma Betül Özcan,+905349111223,Psikolog / Terapist
Klinik Psikolog Hüseyin Çiçek,+905387312253,Psikolog / Terapist
Büşra Bilgin,+905319379161,Psikolog / Terapist
Kartal PDM,+902165865748,Psikolog / Terapist
Uzman Klinik Psikolog Hande Nur Sezgin,+905369625527,Psikolog / Terapist
Ceren Karakurt | Psikolojik Destek & Koçluk,+905413046860,Psikolog / Terapist
Klinik Psikolog Çağla Anar,+905383366048,Psikolog / Terapist
aday gelişim ve psikoloji danışmanlık merkezi,+905421719828,Psikolog / Terapist
Psikolog nur eda avşar,+905419687435,Psikolog / Terapist
Psikolog/Eğitmen D. Kenan Akyol,+905434473647,Psikolog / Terapist
Klinik Adalar Ağız ve Diş Sağlığı Merkezi,+905439095534,Diş Kliniği
Çiço Tattoo & Piercing Maltepe,+905056103153,Dövme & Piercing
Ra's Tattoo Dövme Piercing Stüdyosu,+905336690762,Dövme & Piercing
Eros Tattoo&Galery,+905316699216,Dövme & Piercing
Gorilla Tattoo Piercing,+905396913929,Dövme & Piercing
KADIKÖY DÖVMECi,+905427949431,Dövme & Piercing
War Tattoo Piercing Pendik,+905382733789,Dövme & Piercing
Ghetto Tattoo,+905447447524,Dövme & Piercing
Exclusive Tattoo & Ayberk TEKCAN,+905367610212,Dövme & Piercing
FEELİNK TATTOO PENDİK | Dövme & Piercing,+905545592334,Dövme & Piercing
İlkay Onur Akar Tattoo Studio,+905380722433,Dövme & Piercing
İmge Tattoo & Piercing Studio,+905322610411,Dövme & Piercing
Beta Tattoo Dövme ve Piercing Studio,+905369410087,Dövme & Piercing
Tattoo Liner Maltepe,+905375894675,Dövme & Piercing
WEST COAST TATTOO (Dövme Salonu),+905316178001,Dövme & Piercing
Maltepe Tatto & Dövme Fiyatları ByZaydek Dövme Modelleri,+905324460446,Dövme & Piercing
Arkhe Tattoo & Piercing,+905369278927,Dövme & Piercing
Blue Tattoo & Piercing,+905065520839,Dövme & Piercing
Rumi Tattoo - Maltepe Dövme ve Piercing,+905537732587,Dövme & Piercing
Kaizen Tattoo and Art Gallery,+905432824262,Dövme & Piercing
Ertan Yılmaz Kartal Dövme Stüdyosu,+905063131769,Dövme & Piercing
Armadillo Tattoo & Piercing Kadıköy,+905333279800,Dövme & Piercing
Tattoo Stüdio Görkem Kurum,+905347419098,Dövme & Piercing
BoxArtBox Tattoo & Piercing,+905537070507,Dövme & Piercing
Tattooyunusardal,+905458600611,Dövme & Piercing
Angels Tattoo & Piercing,+905448618799,Dövme & Piercing
Dövme Salonu,+905342342669,Dövme & Piercing
Kadıköy Dövme Stüdyosu,+905547888434,Dövme & Piercing
Hakan Gerçek Tattoo,+902163607613,Dövme & Piercing
Dövmeliyim Güleryüz Dövme Piercing,+905326427582,Dövme & Piercing
Sodya Tattoo Pendik Dövme,+905369734423,Dövme & Piercing
Jaune Tattoo Studio,+905426703435,Dövme & Piercing
DGN TATTOO STUDIO,+905348335980,Dövme & Piercing
Beehive Tattoo,+905071161472,Dövme & Piercing
Tattoo Diagon Dövme Stüdyosu,+902163550011,Dövme & Piercing
Atabey Aydın Tattoo Studio,+905345972568,Dövme & Piercing
Blaze Tattoo Studio,+905317081884,Dövme & Piercing
FK Tattoo Art Gallery,+905455729623,Dövme & Piercing
@tattooking_piercing,+905309739275,Dövme & Piercing
Tattoo Marcus,+905415534524,Dövme & Piercing
Eagleink Tattoo,+905444645673,Dövme & Piercing
İnkfusion Tattoo & Piercing,+905312880161,Dövme & Piercing
ASM Tattoo Piercing Kaynarca Dövmeci,+905455545488,Dövme & Piercing
NOX Tattoo & Piercing,+905344030842,Dövme & Piercing
Cleopatra Ink Tattoo & Piercing Bebek Studio,+905428164304,Dövme & Piercing
Luxury İnk Tattoo & Piercing,+905321701173,Dövme & Piercing
B. Street Tattoo and Piercing,+905454503020,Dövme & Piercing
Stark Tattoo Studio,+905437735678,Dövme & Piercing
Mono Tattoo Art,+905325553818,Dövme & Piercing
Pin Tattoo Gallery,+905333540388,Dövme & Piercing
Tattoo by Özgür,+905358785070,Dövme & Piercing
özensiz işler tattoo studio & art haven,+905441029311,Dövme & Piercing
Dövme Silme Picosure,+905525846649,Dövme & Piercing
Nowe Tattoo Piercing Gallery,+905366416028,Dövme & Piercing
Elephant Tattoo & Piercing,+902163850510,Dövme & Piercing
Roots Tattoo,+905366706470,Dövme & Piercing
Escalade Ink,+905323997681,Dövme & Piercing
Z28ink Tattoo Piercing,+905350800944,Dövme & Piercing
Merih Haci Tattoo Studio,+905436289553,Dövme & Piercing
Uzman Diyetisyen Berfin Andan Danışmanlık Merkezi,+905333582137,Psikolog / Terapist
Uzman Diyetisyen Şeyma Bahar,+905543818353,Diyetisyen
Şebnem Tüylüoğlu Ulu Diyetisyen Kliniği – Maltepe,+905402440953,Diyetisyen
Diyetisyen Elif Şahin Ayhan Özel Sağlık Hizmet Birimi,+905415434159,Diyetisyen
Maltepe Diyetisyen,+905316228734,Diyetisyen
EDD BESLENME VE SAĞLIKLI YAŞAM MERKEZİ Diyetisyen Elif Dila Delibalta,+905321791196,Diyetisyen
Diyetisyen &Personal Coach Çağla Duygu Göç,+905514261180,Diyetisyen
Uzman Diyetisyen Gamze Ekinci,+905382741461,Diyetisyen
Uzman Diyetisyen Derin Yılmaz,+905322578793,Diyetisyen
DİYETİSYEN NİDA DOĞAN BESLENME VE DİYET DANIŞMANLIĞI,+905306050202,Diyetisyen
Edessa Danışmanlık / Diyetisyen & Pilates - Uzm.Dyt. Ülkem Eda AYDIN,+905325672463,Psikolog / Terapist
Diyetisyen Gizem Karakılıç Beslenme ve Diyet Danışmanlığı,+905309465055,Diyetisyen
Diyetisyen Merve Çanacık,+905370265135,Diyetisyen
Uzman Diyetisyen - Burcu Şen Demirelli,+905536401504,Diyetisyen
Hilal Yayan Sağlıklı Yaşam Merkezi,+905453625840,Diğer (Sağlık & Bakım)
Diyetisyen Burcu Büşra Aydın,+905063382165,Diyetisyen
ELİF NİDA ZAFER SAĞLIKLI BESLENME VE DİYET DANIŞMANLIĞI,+905394072072,Diyetisyen
Uzman Diyetisyen Nesrin ALDEMİR | Beslenme ve Diyet Uzmanı Pendik,+905549505810,Diyetisyen
DİYETİSYEN AYŞENUR FİŞEK ÖZEL SAĞLIK HİZMET BİRİMİ,+902165153839,Diyetisyen
Dual Beslenme ve Diyet Danışmanlık Merkezi - Diyetisyen Beyzanur Yazıcı & Diyetisyen Zeynep Kaplan,+905010667634,Psikolog / Terapist
UZMAN DİYETİSYEN DAMLA KAYA,+905302161533,Diyetisyen
"Uzm. Dyt. Berfu Nilüfer Fındık Atalay, Diyetisyen",+905313806771,Diyetisyen
Uzman Diyetisyen Melis Destereci-Beslenme ve Diyet Danışmanlığı Merkezi,+905523112812,Diyetisyen
Diyetisyen Coşku Mutlu Beslenme ve Danışmanlık Merkezi,+905326166262,Psikolog / Terapist
Uzman Diyetisyen Serpil Doğan,+905531270485,Diyetisyen
Dr. Diyetisyen İpek Ağaca Özger ( Renkli Diyet ),+905395835309,Diyetisyen
Diyetisyen Öykü Kaçar,+905078537111,Diyetisyen
Diyetisyen Tuğba Sert Beslenme ve Diyet Kliniği (BioVitality Klinik),+905301771017,Diyetisyen
"Dyt. Nisa Önal,Uzman Diyetisyen",+905434846065,Diyetisyen
Diyetisyen Ayşe Didem AVCI,+905352336763,Diyetisyen
"Dyt. Sena Çerçi Kuzlu,Ümraniye Diyetisyen,Fonksiyonel tıp diyetisyeni",+905013270980,Diyetisyen
Diyetisyen Şeyda Gümüş,+905312554521,Diyetisyen
Diyetisyen Burcu Akyüz,+905455919093,Diyetisyen
Uzman Diyetisyen Pınar Çoban Beslenme ve Danışma Merkezi,+905425334938,Diyetisyen
Diyetisyen Rana Şura Sağlıklı Yaşam ve Beslenme Danışmanlığı,+905350159310,Diyetisyen
Diyetisyen Gizem Bakar Beslenme ve Diyet Danışmanlığı,+905456121535,Diyetisyen
Diyetisyen Cansu Kantar Beslenme Ve Diyet Danışmanlık Merkezi,+905366595829,Psikolog / Terapist
Diyetisyen Şeyma Eren Beslenme ve Diyet Danışmanlığı,+905302831470,Diyetisyen
Dyt. Elif Nur Atmaca Beslenme ve Diyet Danışmanlığı,+902166063932,Diyetisyen
Uzman Diyetisyen Elif Kılıç,+908504741291,Diyetisyen
Diyetisyen Mahir Tekgöz - İstanbul Diyetisyen - İştah Kapatma,+905079294434,Diyetisyen
Uzman Diyetisyen Aycan Çiftci,+905421247620,Diyetisyen
Diyetisyeniniz Başak,+905054404277,Diyetisyen
Ataşehir Uzman Diyetisyen Deniz Berksoy,+905333448930,Diyetisyen
Diyetisyen Rabia ERTEKİN,+905073758425,Diyetisyen
Diyetisyen Pınar Ermiş,+905309315965,Diyetisyen
Diyetinfo/Diyetisyen Şengül Üre,+902163600050,Diyetisyen
Fit & Healthy (Diyetisyen Çiğdem Ürkmez Nazlı),+905011310348,Diyetisyen
Uzman Diyetisyen Begüm YÜCESOY - Beslenme ve Danışmanlık Merkezi,+902164170417,Psikolog / Terapist
Doktor Diyetisyen Şefika Aydın Selçuk Şefdiyet Beslenme ve Diyet Danışmanlığı,+902166884858,Diyetisyen
Diyetisyen Gizem Paçaman Beslenme ve Diyet Danışmanlık Merkezi,+905426497622,Psikolog / Terapist
Uzman Diyetisyen Ecem Özge Uray,+905433102236,Diyetisyen
Diyetisyen Merve Başgöze,+905388425072,Diyetisyen
DİYETİSYEN KÜBRA ŞEHİT,+905550535050,Diyetisyen
Uzm. Diyetisyen Burcu Üner,+905533598680,Diyetisyen
Diyetisyen Sümeyye DEDE,+905363389561,Diyetisyen
Diyetisyen Buse Akdemir,+905469498597,Diyetisyen
Neferne Wellness,+905395584627,Güzellik Salonu
Uzman Diyetisyen Bengisu Boz,+905325030660,Diyetisyen
Bağdat Caddesi Diyetisyen Fizyoterapist Başak BİÇER,+905315226002,Psikolog / Terapist
Diyetisyen Nurdan Ekici Sağlıklı Beslenme ve Yaşam Merkezi,+905339781803,Diyetisyen
Uzman Diyetisyen Burcu Kayacı Cıda,+905527067508,Diyetisyen
Diyetisyen Selin Arslan Yalçın,+905541671938,Diyetisyen
Eda Bozkurt Nişantaşı Diyetisyen ve Beslenme Danışmanlık Merkezi,+905447603372,Psikolog / Terapist
Diyetisyen Gülce Duran,+905522833460,Diyetisyen
Diyetisyen Hande Martin Bütün,+905388825417,Diyetisyen
Diyetisyen Zeynep Ünal,+908504748102,Diyetisyen
Diyetisyen F. Betül Kıymaz,+905012361063,Diyetisyen
Diyetisyen Tuğçe SERT,+905330388666,Diyetisyen
Diyetisyen Serpil Öztürk,+905346481187,Diyetisyen
Harmoni Sağlık,+905434467688,Diğer (Sağlık & Bakım)
Diyetisyen Medine Kınıs Beslenme ve Diyet Danışmanlık Merkezi,+905342214347,Psikolog / Terapist
Dr. Diyetisyen Elif Dinçerler,+905372150690,Diyetisyen
Diyetisyen Fulya Göldeli - Beslenme Programları ve Online Diyet,+905325663910,Diyetisyen
Diyetisyen Filiz Karaoğlu,+905369853278,Diyetisyen
Uzman Diyetisyen İlke Karagöz,+905323959448,Diyetisyen
Diyetisyen Yaren Arda,+902164895506,Diyetisyen
Diyetisyen Simge Erdoğan Cengiz,+905325113410,Diyetisyen
Thingo Sağlıklı Yaşam Biorezonans Sigara Bırakma ve Zayıflama Merkezi,+902163716660,Diğer (Sağlık & Bakım)
Diyetisyen Esra Tanrıkulu Sağlıklı Beslenme Diyet Danışmanlığı,+905398116305,Diyetisyen
Doktor Diyetisyen Pınar Kural Enç Beslenme Danışmanlığı,+905057171290,Diyetisyen
Diyetisyen Azize Tavaslı Tura,+902163309626,Diyetisyen
Gülbu Tokcan-Feel Fit Sağlıklı Yaşam Merkezi,+905335801303,Diyetisyen
Diyetisyen Başak Say,+905525603480,Diyetisyen
Diyetisyen İpek KONURALP,+905063541686,Diyetisyen
Esra Polat Sağlıklı Yaşam Merkezi,+905396589309,Diyetisyen
Myra Pilates Studio,+905059111982,Pilates / Yoga
Özel Formmed Polikliniği Ataşehir Lazer Epilasyon Güzellik Uygulamaları Estetik,+902165738353,Güzellik Salonu
Refika Güzellik Merkezi,+905321658889,Güzellik Salonu
Lujoo Beauty Ataşehir,+905059145856,Güzellik Salonu
Gözde Gizem Beauty,+908503770434,Güzellik Salonu
MİSS GÜZELLİK SALONU (SAKİNE PARLAR ),+905412225588,Güzellik Salonu
Sevgi Önül Güzellik & Estetik Ataşehir,+905304511040,Güzellik Salonu
"Liyan Estetik & Güzellik Merkezi - Cilt Bakımı, Lazer Epilasyon, Kafa Masajı, Kalıcı Makyaj, Bölgesel İncelme",+905312381691,Güzellik Salonu
AS Beauty Ataşehir - Ataşehir Güzellik Merkezi,+905308943732,Güzellik Salonu
Maduu Beauty Ataşehir,+905337618898,Güzellik Salonu
Beauty Boss Ataşehir,+902164691399,Güzellik Salonu
Sevgi Akın Güzellik Merkezi,+905310322887,Güzellik Salonu
Selin Beauty Center Ataşehir,+905494693434,Güzellik Salonu
Larni Beauty I Lazer Epilasyon I Cilt Bakımı I Bölgesel İncelme l,+905457660928,Güzellik Salonu
Crown Beauty Ataşehir,+905300540385,Güzellik Salonu
Nuray Yıldız Ataşehir,+905324297515,Güzellik Salonu
kübra turgut,+905334617221,Güzellik Salonu
The Ritual of Beauty Ataşehir,+905336025238,Güzellik Salonu
Zeynep Gökalp Atelier,+905448170434,Güzellik Salonu
Nefes Kaş Tasarım & Makyaj,+905059746679,Güzellik Salonu
Odysseia Güzellik,+902169095034,Güzellik Salonu
Enza Beauty & Aesthetic Ataşehir,+905079726234,Güzellik Salonu
Ses Beauty,+905453329833,Güzellik Salonu
No1 Ataşehir | Soprano Lazer Epilasyon | Hydrafacial | Cilt Bakımı | Bölgesel Zayıflama,+905525300101,Güzellik Salonu
Salon Miss Ataşehir Kuaför,+902164569151,Kuaför / Berber
M'Oje Beauty,+905526636653,Güzellik Salonu
Diva Ataşehir Güzellik Salonu,+902164554761,Güzellik Salonu
Estefame I Protez Tırnak I Cilt Bakımı I Epilasyon,+905338169523,Güzellik Salonu
Zeynep Güzellik Salonu / Ataşehir Güzellik Salonu / Ataşehir Güzellik Merkezi,+905524278046,Güzellik Salonu
The Most Ataşehir,+902165102510,Kuaför / Berber
Esla Güzellik Salonu,+905557328373,Güzellik Salonu
Palmira Güzellik Salonu,+902164556365,Güzellik Salonu
Ela Bulgay Güzellik Salonu | Ataşehir Güzellik Merkezi,+905050257676,Güzellik Salonu
Beauty Life Güzellik Salonu,+905302074228,Güzellik Salonu
Gürkan Bayrak Kuaför - Ataşehir Uphill Towers,+902166888959,Kuaför / Berber
Dilan Polat Güzellik,+905325721448,Güzellik Salonu
Suu Estetik,+902164566658,Güzellik Salonu
Miss bay salon ataşehir,+902164552255,Kuaför / Berber
Alina Güzellik Salonu,+905459330960,Güzellik Salonu
Linemed Poliklinik Ataşehir,+902164707075,Güzellik Salonu
Ataşehir Kuaför Tufan Şumnulu Hair Studio,+905455101048,Kuaför / Berber
Alkent 2000 Pınar Akkoyun Beauty,+905427370000,Güzellik Salonu
Nagihan Yastı Beauty Kalıcı Makyaj | Microblading | Lazer Epilasyon ve Cilt Bakımı,+905461611734,Güzellik Salonu
Ataşehir Dilan Polat Polikliniği,+908503085450,Güzellik Salonu
GÜLER GÜZEL,+902163574797,Güzellik Salonu
Goloka Koçluk Danışmanlık ve Güzellik Salonu,+905058726488,Psikolog / Terapist
Neşe Canlı Güzellik Salonu,+902164673030,Güzellik Salonu
Kuaför Volkan,+902164559609,Kuaför / Berber
San Kuaför Ataşehir,+902164559638,Kuaför / Berber
NURİ UKAN HAİR SALON ATAŞEHİR,+902167844475,Kuaför / Berber
No 34 Kuaför,+905398992434,Kuaför / Berber
Mim Kuaför,+902164559473,Kuaför / Berber
Kadir Alkan Hair Artist Ataşehir,+905051064913,Kuaför / Berber
Emre Ayaksız Ataşehir,+905321112124,Kuaför / Berber
Bay Fırcha Kuaför,+905356591169,Kuaför / Berber
samet ağdaş ataşehir bayan kuaför bakım ve güzellik merkezi,+905538324563,Güzellik Salonu
Sadık Sarıgül Kuaför salonu,+905353503412,Kuaför / Berber
Ataşehir Bayan Kuaförü,+902165742324,Kuaför / Berber
KENT KUAFÖR kamelya çarşı ataşehir,+905309750074,Kuaför / Berber
Garage Hair Repair Studio Ataşehir,+902169990965,Kuaför / Berber
Fenomen Bayan Kuaförü,+902165768757,Kuaför / Berber
Vural Baş Kuaför ve Güzellik Salonu,+905052368958,Güzellik Salonu
Adora Bay & Bayan Şaç Tasarım,+905318150904,Kuaför / Berber
Selçuk Akyol Kuaför,+902165105657,Kuaför / Berber
Destina Bayan Kuaförü,+905384499675,Kuaför / Berber
Rio Bayan kuaförü,+905447824874,Kuaför / Berber
Ben Kuaför,+902165741527,Kuaför / Berber
Ersin ışık hairdresser,+905077652644,Kuaför / Berber
Değişim Kuaför,+905307278937,Kuaför / Berber
FOR YOU -BAYAN KUAFÖRÜ ve GÜZELLİK MERKEZİ,+905443299677,Güzellik Salonu
UİM İnanç Mengü Ataşehir,+902166882900,Kuaför / Berber
Bonhuer Bayan Kuaforu,+902164566801,Kuaför / Berber
Mrs.London Ataşehir (Bay-Bayan-Çocuk),+902164568227,Kuaför / Berber
Engin Yüksel Bay Kuaför,+905423900157,Kuaför / Berber
Angel Kuaför Bay Bayan,+905374127585,Kuaför / Berber
Lacivert KUAFOR,+905316800505,Kuaför / Berber
Ferhat Korkmaz Hair Design,+902166885405,Kuaför / Berber
Caddee Bayan Kuaförü,+905323405881,Kuaför / Berber
G&G kuaför,+902164116521,Kuaför / Berber
Yeniyol MS Kuaför,+902165726678,Kuaför / Berber
Akif Doğan Coiffeur,+902164567110,Kuaför / Berber
Magic Hands Ataşehir,+905336463183,Kuaför / Berber
Doğa Kuaför Ataşehir,+902164552737,Kuaför / Berber
Enes Behçet Erkek Kuaförü,+905393308549,Kuaför / Berber
The More Hair Design,+902166883939,Kuaför / Berber
Kuaför Orhan ŞİMŞEK,+905302453332,Kuaför / Berber
Ersin Topcu Hair Studio (Kadın& Erkek)Kuaförü,+902166882088,Kuaför / Berber
PASSİONS KADİN KUAFÖRÜ,+902163244076,Kuaför / Berber
Bay Salon Hüseyin Aşlayan,+902165722310,Kuaför / Berber
End Point Kuaför,+905316274941,Kuaför / Berber
Mos Kuaför,+902166885412,Kuaför / Berber
Queen Kuaför,+905370157353,Kuaför / Berber
Tara Kuaför,+905331625192,Güzellik Salonu
İSİS KUAFÖR ‍ ️Türkiş.,+902165082697,Kuaför / Berber
Bay Kuaför Ekrem Çınar,+905453134373,Kuaför / Berber
Olla Hair & Beauty (Men - Women),+905431950505,Güzellik Salonu
The Maak Kuaför,+902165738784,Kuaför / Berber
DIVA’S KUAFÖR,+902169691112,Kuaför / Berber
Red Kuaför barış demir,+902164567378,Kuaför / Berber
Kuaför Özlem,+902164667191,Kuaför / Berber
Mehmet Tatlı - Kozyatağı,+902164480260,Kuaför / Berber
MEET Women Kadın Kuaför Salonu (Kent Çarşı),+902166887866,Kuaför / Berber
Ambiance Kuaför & Berber,+902164554958,Kuaför / Berber
Özkaya Men's Erkek Kuaförü Ataşehir,+905076063999,Kuaför / Berber
Bilal Tatlı Kuaför,+902164568076,Kuaför / Berber
Dumankaya ikon Kuaför Melek Yıldırım,+902163155558,Kuaför / Berber
216 HAIRLAB ATAŞEHIR,+905399708885,Kuaför / Berber
Mehmet Tatlı Kuaför,+902165047148,Kuaför / Berber
Salon Firca,+905301737864,Kuaför / Berber
Berlin Kuaför,+902169096335,Kuaför / Berber
Sandesign Coiffeur Ataşehir,+902166631370,Kuaför / Berber
Fix Bayan Kuaförü,+902163150506,Kuaför / Berber
Defne Kuaför,+905303075915,Kuaför / Berber
Kanra Hair İstanbul & Golden Shine Hairtalk Bant Kaynak Merkezi Ataşehir,+905303116677,Kuaför / Berber
Serdal Seven Erkek Kuaförü Berber,+905327142743,Kuaför / Berber
Bircan Şahin Saç ve Turban Tasarımı,+905349302425,Kuaför / Berber
MEET Erkek Kuaför Salonu - Ataşehir Erkek Kuaförü (Kent Çarşı),+902166884193,Kuaför / Berber
Ömer Yener Hair Studio,+905442487502,Kuaför / Berber
Birsel Taşkıran kuaför,+902165728323,Kuaför / Berber
Moonlight kuaför,+905353862790,Kuaför / Berber
MissEriza bayan kuaför & Guzellik Salonu,+905063358170,Güzellik Salonu
By İlker Kaya Kuaför Ataşehir,+905369764358,Kuaför / Berber
Cior kuaför,+902164567756,Kuaför / Berber
Kuaför Gülşen,+905323447437,Kuaför / Berber
Sevgi Kuaför,+905357878749,Kuaför / Berber
Ali Gür Kuaför Hair Club Şerifali,+902163646040,Kuaför / Berber
Altın Makas Ataşehir,+902164559783,Kuaför / Berber
Sirius Saç ve Türban Tasarım Tesettür Kuaför,+902164690108,Kuaför / Berber
Erdal Aydın Coiffeur,+902164552584,Kuaför / Berber
Uğurkan Unisex Coiffure & Solarium,+905326603030,Kuaför / Berber
Ertan Öz Kuaför,+902166631704,Kuaför / Berber
Hair Room,+905078734793,Kuaför / Berber
Veli Güçlütürk,+905356886973,Kuaför / Berber
Melek Kuaför,+905399766976,Kuaför / Berber
Hera Bayan Kuaförü,+902166612184,Kuaför / Berber
Gülcan Mess Kuaför,+905442175071,Kuaför / Berber
Mehmet Kenç Güzellik Salonu,+902164154547,Güzellik Salonu
Ayna Bayan Kuaförü,+902164556485,Kuaför / Berber
Ali GÜR VARYAP ATAŞEHİR,+902169393722,Kuaför / Berber
Fatih Almaç Hair Salon,+905423459698,Kuaför / Berber
Kuaför Orhan Teber,+902163177317,Kuaför / Berber
1 BERBER,+905518334181,Kuaför / Berber
My juju Beauty Salon,+905343683933,Güzellik Salonu
Dora kuaför,+902164562956,Kuaför / Berber
Salon Fenomen Erkek Kuaförü,+905330862840,Kuaför / Berber
NİLGÜN KUAFÖR ATAŞEHİR,+905394515609,Kuaför / Berber
Kaplan Erkek Kuaförü,+905375563196,Kuaför / Berber
Angel Kuaför,+902165728845,Kuaför / Berber
GOS Kuaför,+902165769499,Kuaför / Berber
Ferdi Erkek Kuaförü,+905436194009,Kuaför / Berber
Şenay Öğretici Happyface Kuaför Ataşehir İstanbul,+902165728486,Kuaför / Berber
Ferhatpaşa Bella Kuaför & Gelinlik,+902164718313,Kuaför / Berber
Bohohair,+902167841336,Kuaför / Berber
Mehmet Coşkun Kuaför,+902164561646,Kuaför / Berber
ENS Beauty Cilt Bakımı ve Güzellik Merkezi Ataşehir,+905337938966,Güzellik Salonu
Ataşehir estetik,+905321753103,Güzellik Salonu
Endorfin Estetik ve Yaşam Merkezi,+905513030303,Güzellik Salonu
"Avangard Estetik | Beauty & Skin, Nail & Spa | Varyap / Ataşehir",+902169080708,Güzellik Salonu
AZT Clinic,+905369635621,Güzellik Salonu
Prof. Dr. Cihan ŞAHİN,+905428391481,Güzellik Salonu
Özel Nova Poliklinik | Lazer Epilasyon & Dolgu-Botoks & Saç Ekimi,+905336597478,Güzellik Salonu
Estefum Beauty Cosmetic,+905303075965,Güzellik Salonu
Özel Novapol Polikliniği | Saç Ekimi | Medikal Estetik,+905418584774,Güzellik Salonu
Op. Dr. Seda Asfuroğlu,+905326781655,Güzellik Salonu
GCC Gokdemir Clinic,+908502020207,Güzellik Salonu
Esra Keskin Cilt Bakım Merkezi / Ataşehir Akne Tedavisi / Hydrafacial / TMC / Anti Aging / Cilt Bakımı,+905416373772,Güzellik Salonu
L'UVA POLİKLİNİK,+902165105863,Diğer (Sağlık & Bakım)
"Seldie Beauty & Wellness, HydraFacial, Cilt Bakımı, Güzellik Merkezi, Bölgesel İncelme",+902166883843,Güzellik Salonu
Derem Clinic - Medikal Estetik Kliniği,+905415334243,Güzellik Salonu
Op. Dr. Yücel Sarıaltın,+905550360360,Güzellik Salonu
Rejuvabotox I Dr Ahmet Doğan I Medikal Estetik Hekimi,+905466342928,Güzellik Salonu
Carla Beauty Clinic,+905424753392,Güzellik Salonu
Sevim Alan Güzellik Merkezi,+905321549018,Güzellik Salonu
Op. Dr. Hakan Demirel | Aesthetic And Plastic Surgeon,+905325107279,Güzellik Salonu
Eda Erbaş Beauty Clinic,+905354661940,Güzellik Salonu
Dr.Mikdat Çavdar I Estetik ve Kozmetik I Saç Ekimi I Kaş Ekimi I Mezoterapi,+905308808300,Psikolog / Terapist
Latife Beauty,+905363500136,Güzellik Salonu
Ataşehir Arin Güzellik Salonu,+905415686781,Güzellik Salonu
Özel Zen Hairpol Polikliniği,+902162120747,Kuaför / Berber
Best Estetik,+905322519694,Güzellik Salonu
Prof. Dr. Tahsin Görgülü Estetik Cerrahi Merkezi,+905323305031,Güzellik Salonu
Op. Dr. Elif Eren Aydın | Meme Estetiği | Karın Germe | BBL | Liposuction,+905413019610,Güzellik Salonu
Eylül Öztürk Nail Spa Ataşehir / İstanbul Protez Tırnak,+905439569875,Güzellik Salonu
"Ataşehir Kadın Doğum Merkezi, Jinekolog, Gebelik Ultrasonu, Vajina Daraltma, Genital Estetik Labioplasti Kürtaj, Kızlık Zarı",+905323999815,Güzellik Salonu
Bonita Black Ataşehir,+905445542815,Güzellik Salonu
Op. Dr. Eser Aydoğdu,+902163847172,Güzellik Salonu
Çiğdem Köroğlu Beauty,+905300159497,Güzellik Salonu
"Dr. Mert ERSAN, Asst. Prof., FEBOPRAS",+905326760890,Güzellik Salonu
Dr. Deniz Küçükkaya,+905308494086,Güzellik Salonu
Op. Dr. Fatih Burak Efeoğlu,+905451394545,Güzellik Salonu
Op. Dr. Ali Çetinkaya,+905326634360,Güzellik Salonu
Op. Dr. Dicle Sevük Estetik Cerrahi Muayenehanesi,+905422559299,Güzellik Salonu
Seven Hills İstanbul,+905348973775,Güzellik Salonu
İlmek Estetik,+902165729055,Güzellik Salonu
PEKİN GÜZELLİK SALONU,+905304012096,Güzellik Salonu
ŞEHRAZAT GUZELLIK SALONU,+905438521807,Güzellik Salonu
Vitalica Wellness Ataşehir,+908502223845,Diğer (Sağlık & Bakım)
Prof. Dr. Mithat Akan,+905301304989,Güzellik Salonu
Yako Health & Beauty,+905340851006,Güzellik Salonu
Op. Dr. Asya DENİZ ÖNER,+905379609600,Güzellik Salonu
Roya Malbin Guzellik Merkezı,+905071660808,Güzellik Salonu
Op. Dr. Ali Cemal Yılmaz,+905442291300,Güzellik Salonu
"İkonoplasti (lipödem,bacak estetiği) kliniği",+905302934484,Güzellik Salonu
IzGe Güzellik & Epilasyon ve Tırnak,+905437971274,Güzellik Salonu
Terra Güzellik,+902165769066,Güzellik Salonu
Saç Ekimi | Estetik Cerrahi | Aytuğlu Hair Trans,+902166885955,Güzellik Salonu
Dr. Evren Gökeşme,+905513850950,Diğer (Sağlık & Bakım)
Leona Beauty,+905010153662,Güzellik Salonu
Op. Dr. Ayşegül Sivri,+905435427778,Güzellik Salonu
Royal Estethic,+905428281830,Güzellik Salonu
Pixl Aesthetic & Hair Services,+905333253599,Güzellik Salonu
Emphair Hair Transplantation Premium Istanbul Clinic - Saç Ekimi - EMPCLINICS,+902163450722,Kuaför / Berber
Medik Estetik,+905441078380,Güzellik Salonu
Mira Estetik Vip,+905419073836,Güzellik Salonu
Lipomatik Türkiye,+905301391584,Güzellik Salonu
GZE Clinic,+905326778856,Diğer (Sağlık & Bakım)
Op.Dr. Reşat Altuğ Aktaş | Vaser Liposuction | Lipödem Ameliyatı | Meme Estetiği,+905538600360,Güzellik Salonu
Doç. Dr. Yener Demirtaş,+905435445476,Diğer (Sağlık & Bakım)
Uz. Dr. Şehin Sıtkı Dermatoloji Medikal Estetik MedicaDerma,+905375983133,Güzellik Salonu
Giza International Clinic,+905322015391,Kuaför / Berber
Nagihan Barlas Medikal Estetik - Lazer Epilasyon,+905427631483,Güzellik Salonu
Clinimed Nişantaşı Polikliniği,+905322751130,Güzellik Salonu
Fiesta Clinic,+905369669602,Güzellik Salonu
Op. Dr. Alper Kurt Muayenehanesi | Buz Lazer Üsküdar - Üsküdar Lazer Epilasyon - Cilt Bakımı - Üsküdar Bölgesel Zayıflama,+902163340414,Güzellik Salonu
imperial Ataşehir,+905336429534,Güzellik Salonu
Serap Karacan Güzellik Merkezi,+905550853414,Güzellik Salonu
Op. Dr. Burak Ersen | Estetik Cerrahi,+905354698944,Güzellik Salonu
Cerrahi & Medikal Estetik Op. Dr. Halil İbrahim Ünal,+908503403496,Güzellik Salonu
"EsteQuality Hair Transplant, Dental Treatment & Cosmetic Surgery in Istanbul Turkey",+905356678768,Diş Kliniği
Op. Dr. Barış Çin (Estetik Cerrahi),+905438999586,Güzellik Salonu
Dr.Adem Özden - Labiaplasty | Vaginoplasty | Laser Vaginal Rejuvenation | Femilift & MonaLisa Touch | O-Shot,+905558643225,Diğer (Sağlık & Bakım)
Ataşehir Klinik Psikolog Buket Emanet,+905332955696,Psikolog / Terapist
RenasPsikoloji | Ataşehir Psikolog Klinik Fiyatları & Tavsiye,+905057327536,Psikolog / Terapist
Deniz Doğruöz - Ataşehir Psikolog - Ergen ve Yetişkin Psikolog - Evlilik ve Çift Terapisti - EMDR Terapi,+905374430009,Psikolog / Terapist
Ataşehir Psikoloji,+905423349492,Psikolog / Terapist
Sarı Psikoloji | Ataşehir Şube,+905075157274,Psikolog / Terapist
Ataşehir Dünya Danışmanlık ve Psikoloji Merkezi | Ataşehir Psikolog,+905334502294,Psikolog / Terapist
Psikoterapi Atölyesi - Ataşehir Psikolog - Çift Terapisi - EMDR Terapi - Oyun Terapisi - Çocuk ve Ergen Terapileri,+905324555903,Psikolog / Terapist
Ataşehir Psikolog - Barış Ülkümen,+905465132814,Psikolog / Terapist
Ataşehir Psikolog - Klinik Psikolog Kubilay Ersanlı Ataşehir Psikolojik Danışmanlık Merkezi / EMDR - ATAŞEHİR,+905354214101,Psikolog / Terapist
"Ataşehir Psikolog, Uzman Psikolog Serap Sözen, Çift Danışmanlığı, Aile Danışmanlığı, Wisc 4, Zeka Testi",+905326672233,Psikolog / Terapist
Onyedi Psikoloji Danışmanlık Merkezi,+905317756117,Psikolog / Terapist
Psk. Dr. Burak Duruk,+905336357645,Psikolog / Terapist
Ataşehir Klinik Psikolog - Gizem Sıla Bayraktaroğlu,+905305946292,Psikolog / Terapist
Uzman Psikolog Ayşe Yanık - Değişim Psikoloji Terapi Merkezi,+905323603030,Psikolog / Terapist
"Ataşehir Psikoyaşam Danışmanlık (EMDR TERAPİSİ, Ataşehir Çocuk Psikoloğu, Yetişkin Psikoloğu, Ataşehir EMDR Terapisi)",+902167064694,Psikolog / Terapist
Klinik Psikolog Nihal Karagöz,+905306395825,Psikolog / Terapist
İstanbul Kadıköy Psikolog Merve Demirkıran,+905422609434,Psikolog / Terapist
Psikolog Tatiana Öğütcü ( Rus Türk Psikolog ),+905312824262,Psikolog / Terapist
"TMS Clinic İstanbul - TMS Tedavisi, Ataşehir Psikiyatrist, Ataşehir Psikolog",+905013602021,Psikolog / Terapist
Kolektif Psikoloji Eğitim ve Danışmanlık,+902169990717,Psikolog / Terapist
Kadıköy Dünya Danışmanlık ve Psikoloji Merkezi | Kadıköy Psikolog,+905330515882,Psikolog / Terapist
Klinik Psikolog Mehtap Hisar,+905436486848,Psikolog / Terapist
Klinik Psikolog Sena Soysal,+905439150514,Psikolog / Terapist
Naisa Psikoloji,+905458568016,Diğer (Sağlık & Bakım)
Sade Zihin Psikoloji | Ataşehir - Her Adımda Yanınızdayız.,+905303078542,Psikolog / Terapist
Aura Psikoloji,+905324901250,Psikolog / Terapist
Klinik Psikolog Cem Kaya,+905334432097,Psikolog / Terapist
Klinik Psikolog Esra Açıkgöz,+905540251062,Psikolog / Terapist
Ataşehir Psikolog Psikolojik Danışman Fazilet Çalışan,+905065458794,Psikolog / Terapist
Vima Psikolojik Danışmanlık,+905530560710,Psikolog / Terapist
Klinik Psikolog Sinem Kaya Özçelik,+905411503015,Psikolog / Terapist
PsikolojiPark,+905324697977,Psikolog / Terapist
Uzm. Klinik Psikolog Hepsen Nur Gürbey,+905302844412,Psikolog / Terapist
Uzman Klinik Psikolog Şeyda Yaşar,+905333839610,Psikolog / Terapist
Ataşehir Klinik Psikolog Zeynep Odabaş,+905300716814,Psikolog / Terapist
Dr Psikoloji,+905541556848,Psikolog / Terapist
"Uzman Klinik Psikolog Aydan Ayrık (EMDR Terapisi, Çocuk Yetişkin Psikoloğu, Ataşehir)",+905358251111,Psikolog / Terapist
Ataşehir Psikolog Uzm.Psk. İrem Melis Ceylan,+905102200412,Psikolog / Terapist
THERAPIA GARDEN PSİKOLOJİ MERKEZLERİ,+902162343030,Psikolog / Terapist
7Renk Danışmanlık,+902169990750,Psikolog / Terapist
Uzman Psikolog Sena Doruk Gözüyılmaz,+905533462565,Psikolog / Terapist
QUERENCIA PSİKOLOJİ,+905380758303,Psikolog / Terapist
Çift Terapisti Vildan Ayyüzlü,+905384993244,Psikolog / Terapist
Uzm. Kl. Psk. Damla Naira Özmen,+905465029599,Psikolog / Terapist
Uzm. Klinik Psikolog Çağrı Güneş,+905385720999,Psikolog / Terapist
Tetra Psikoloji,+905057241513,Psikolog / Terapist
"Uzman Psikolog Ece Önder, İstanbul Psikolog",+908504744710,Psikolog / Terapist
Uzman Psikolog Dilan Çiftçi,+905326539096,Psikolog / Terapist
Klinik Psikolog & Yazar Nihan Arda,+905384602702,Psikolog / Terapist
"Uzm. Psk. Sena Asya Eker Güzel - Ataşehir Psikolog - Çocuk, Ergen, Yetişkin",+905434676658,Psikolog / Terapist
Pakua Psikoloji ve Gelişim Akademisi,+905515514838,Psikolog / Terapist
Eşlik Psikoloji,+905425042242,Psikolog / Terapist
Manu Psikoloji,+905455319091,Psikolog / Terapist
MCA Psikoloji,+905075800771,Psikolog / Terapist
Doç. Dr. Selma Bozkurt Psikiyatrist / Psikoterapist / MCP Dönüşümsel İlişki ve Yaşam Koçu,+908504742375,Psikolog / Terapist
Parlak Psikolojik Danışmanlık Merkezi,+905418622322,Psikolog / Terapist
Uzm. Psk. Selin Karabulut,+908504744184,Psikolog / Terapist
Ataşehir psikolog - Psikolog Berfin Yıldırım,+905380709298,Psikolog / Terapist
Mona Psikoloji,+905325577729,Psikolog / Terapist
Uzman Psikolog Ecem Aygün Ercan - Danışmanlık Hizmetleri,+905350777641,Psikolog / Terapist
"Uzm.Psk.Melek Dökmetaş | İstanbul Psikolog | (Yetişkin,Aile ve Çift)",+905065083916,Psikolog / Terapist
Ataşehir Psikolog-Ergen-Yetişkin Terapi-Doğukan Uludeveci,+905071037404,Psikolog / Terapist
İstanbul-Klinik Psikolog Cihan İleri,+908508117630,Psikolog / Terapist
Aysez Psikoloji,+905057505812,Psikolog / Terapist
Terapi İstanbul Psikiyatri Merkezi,+902164180260,Psikolog / Terapist
Psikolog Kenan Buğrahan Kübüç,+905451753550,Psikolog / Terapist
Psikolog Meral Aydın,+905327166033,Psikolog / Terapist
Nova Psikoloji Akademisi,+905317756009,Psikolog / Terapist
Uzman Klinik Psikolog Zehra Çeltekligil,+905540242522,Psikolog / Terapist
Klinik Psikolog Hilal Uçak-Yetişkin Ve Çift Terapisti-İstanbul- Kadıköy,+905465769661,Psikolog / Terapist
Burcu Taşan,+905335035848,Psikolog / Terapist
Klinik Psikolog Şeyda Nacar,+905325477632,Psikolog / Terapist
"Afinite Psikolojik Danışmanlık Merkezi - Göztepe Psikolog, Kadıköy Psikolog, Bostancı Psikolog",+905312584843,Psikolog / Terapist
Klinik Psikolog İrem Aşıkkutlu,+905303942850,Psikolog / Terapist
Minta Psikoloji,+905369306068,Psikolog / Terapist
Nevhal Psikoloji,+905397245489,Psikolog / Terapist
Çağdaş Kul Diş Kliniği,+902162340037,Diş Kliniği
Özel Ataşehir Diş Kliniği - Dent Ataşehir Ağız ve Diş Sağlığı Polikliniği,+902164565633,Diş Kliniği
KARENDENT Ağız ve Diş Sağlığı Polikliniği | Ataşehir Dişçi,+905444693966,Diş Kliniği
ÖZEL ATAŞEHİR ATA-DİŞ AĞIZ VE DİŞ SAĞLIĞI POLİKLİNİĞİ,+902164565055,Diş Kliniği
MedicaDent Ağız ve Diş Sağlığı Polikliniği,+902164149988,Diş Kliniği
Mozaik Dent Ağız ve Diş Sağlığı Polikliniği,+902164553355,Diş Kliniği
Dentbien Ağız ve Diş Sağlığı Polikliniği / Ataşehir İmplant Diş Kliniği,+905309185646,Diş Kliniği
Prodenta Ağız ve Diş Sağlığı Polikliniği Ataşehir,+902165750006,Diş Kliniği
Dentpoint Ağız Ve Diş Sağlığı Polikliniği,+902164569252,Diş Kliniği
Allianoi Ağız ve Diş Sağlığı Polikliniği,+902165764040,Diş Kliniği
Özel Ege Ağız ve Diş Sağlığı Polikliniği,+905465221103,Diş Kliniği
Duodent Ağız ve Diş Sağlığı Polikliniği,+905057667386,Diş Kliniği
Tekdent Ağız ve Diş Sağlığı Polikliniği - ATAŞEHİR,+902164661111,Diş Kliniği
BestDent Ağız ve Diş sağlığı polikliniği,+905375273700,Diş Kliniği
Tasarım Klinik,+905354660844,Diş Kliniği
Özel Hesna Ağız ve Diş Sağlığı Polikliniği,+905334407551,Diş Kliniği
Ataşehir Diş Doktorum Ağız ve Diş Sağlığı Polikliniği,+902165772244,Diş Kliniği
ALGAN (7Dent) Ağız ve Diş Sağlığı Polikliniği,+902164698010,Diş Kliniği
GİS Ağız ve Diş Sağlığı Polikliniği - Ataşehir Diş Kliniği,+905468943498,Diş Kliniği
ON7 Ağız ve Diş Sağlığı Polikliniği | İmplant | Gülüş Tasarımı | Diş Beyazlatma | Çene Cerrahisi | Zirkonyum | Ataşehir,+905334566617,Diş Kliniği
Diş Hekimi Protez Uzmanı Dr. Fidan AKALIN BERKER Ataşehir İstanbul,+902163808616,Diş Kliniği
Orident Ağız ve Diş Sağlığı Polikliniği,+905050370107,Diş Kliniği
Ortodontist Diş Kliniği,+902164560256,Diş Kliniği
Özel Esatpaşa Ağız ve Diş Sağlığı Polikliniği,+905427332580,Diş Kliniği
Özel Can Yemenicioğlu Ağız ve Diş Sağlığı Polikliniği,+902163242133,Diş Kliniği
ES Ağız ve Diş Sağlığı Kliniği,+905427892885,Diş Kliniği
Inovadent Ortodonti Ataşehir Ağız ve Diş Sağlığı Polikliniği,+905324142787,Diş Kliniği
Luna Dente Diş Polikliniği,+905526808357,Diş Kliniği
Uğur bayram Diş Kliniği Ataşehir Ferhatpaşa,+902166601660,Diş Kliniği
Özel Dent Tower Ağız ve Diş Sağlığı Polikliniği,+905551643672,Diş Kliniği
Diş Hekimi Prof Dr Cemal Yeşilyurt Batı Ataşehir,+905416589330,Diş Kliniği
Özel Aras Dent Ağız ve Diş Sağlığı Polikliniği,+902167557670,Diş Kliniği
ÖZEL HAKAN EROKYAR AĞIZ VE DİŞ SAĞLIĞI POLİKLİNİĞİ,+902165733377,Diş Kliniği
Ataşehir Diş Hekimi Elif ARSLAN,+905316571616,Diş Kliniği
ROTADENT AĞIZ VE DİŞ SAĞLIĞI POLİKLİNİĞİ,+902165750100,Diş Kliniği
ÖZEL İÇERENKÖY AĞIZ VE DİŞ SAĞLIĞI POLİKLİNİĞİ,+905468826433,Diş Kliniği
DentVisit Ağız ve Diş Sağlığı Polikliniği,+905300330044,Diş Kliniği
Özel Dişmed Ağız Ve Diş Sağlığı Polikliniği,+902165740010,Diş Kliniği
Dentropol Ağız Ve Diş Sağlığı Merkezi,+905077857111,Diş Kliniği
Diş Hekimi DAVUT ÖZKAN,+902165761879,Diş Kliniği
Ataşehir Diş Kliniği,+902165651347,Diş Kliniği
Doç. Dr. Utkan Kamil AKYOL | Diş Hekimi,+902165322200,Diş Kliniği
Prodenta Ağız ve Diş Sağlığı Polikliniği Cadde,+902163721822,Diş Kliniği
Dr Burak Aksu Ortodonti Uzmanı,+905396900365,Diş Kliniği
Diş Hekimi Ali Ozan Zencircioğlu - Draliozan,+905422097059,Diş Kliniği
MSA Dental Clinic,+905389600104,Diş Kliniği
Dt. Damla Zenar,+905465193030,Diş Kliniği
Uzm. Dt. Tayfun Tolgay Çelik Ağız Diş Ve Çene Cerrahisi Uzmanı implant tedavisi İstanbul zirkonyum,+905525732117,Diş Kliniği
Özel Erdent Ağız Ve Diş Sağlığı Polikliniği,+902163243619,Diş Kliniği
Ortodonti Klinigi,+902164552332,Diş Kliniği
Diş Hekimi A. Ece KÖZ,+905324128241,Diş Kliniği
Dt.Mete Demirbaş,+905336605511,Diş Kliniği
Ataşehir Diş Hekimi Sümeyye Demirbozan,+905395843283,Diş Kliniği
ASMED Dental Clinic,+902169122242,Diş Kliniği
Dr. Erhan Civelek,+905306022424,Diş Kliniği
Naturedent Ağız Ve Diş Sağlığı Polikliniği,+902164559477,Diş Kliniği
"Dt. Nurcan Durmuş Yörük, Diş Hekimi& Dt.Zafer Yörük, Diş Hekimi",+905333306676,Diş Kliniği
Özel Ataşehir Diş Hekimi Dr. Tunahan Karaağaç Diş Kliniği,+905466400009,Diş Kliniği
Dr. Dt. Banu Kürkçü | Pedodonti Uzmanı | Çocuk Diş Hekimi,+905386900365,Diş Kliniği
Diş Hekimi Ayten Egeli Rinodent İstanbul,+902164556935,Diş Kliniği
Dental Clinic,+902127713365,Diş Kliniği
Diş Hekimi Özgür Yıldız,+905426464810,Diş Kliniği
Diş Hekimi Mustafa Kırteke,+905537590044,Diş Kliniği
Özel Ataşehir Diş Hekimi Dt. İrem Karakuş Diş Kliniği,+905421311874,Diş Kliniği
Diş Hekimi Cemil Ayık,+905301217664,Diş Kliniği
Dr. Dt. Gözde IŞIKSAL PEKDEMİR,+902164553334,Diş Kliniği
Diş Hekimi Handan Fırat İşyar,+902165723994,Diş Kliniği
Vita Smile Dental Clinic,+905434595095,Diş Kliniği
Diş Hekimi Fatma Orhan,+902165734000,Diş Kliniği
Dr. Aysun Garan,+905304470445,Diş Kliniği
Diş Hekimi Yakup Tuna Çelik- Ataşehir | İmplant Tedavisi-Zirkonyum Kaplama-Gülüş Estetiği,+905012209104,Diş Kliniği
SwissmedDental,+902164113344,Diş Kliniği
Diş Hekimi Halil İbrahim Pamukçu,+905334204939,Diş Kliniği
Dr. Dt. Pınar Karataban Çocuk Diş Hekimi,+905465221104,Diş Kliniği
Mega Asya Ağız ve Diş Sağlığı Pol.,+902165762662,Diş Kliniği
Dent Ağız ve Diş Sağlığı,+905052696436,Diş Kliniği
Dr. Barhan PEKEL Pediatric Dentist / Çocuk Diş Hekimi,+902167665442,Diş Kliniği
diş hekimi mehmet karaaslan,+905324742144,Diş Kliniği
Auralys Clinic,+905550470550,Diş Kliniği
Diş Hekimi Adnan Maytalman Muayenehanesi,+905380533036,Diş Kliniği
Ramses Ink Tattoo Ataşehir,+905314675116,Dövme & Piercing
Diyetisyen Beyza Barış,+905513660408,Diyetisyen
Diyetisyen Nejla Kazoğlu,+905321751047,Diyetisyen
Uzman Diyetisyen Nazlı Gülşah Doğan,+905052056132,Diyetisyen
Diyetisyen Pınar Demirkaya,+905369777520,Diyetisyen
Olcay Barış Beslenme ve Eğitim Danışmanlık Merkezi,+905306268448,Psikolog / Terapist
Uzman Diyetisyen Eda Çelik,+905050936423,Diyetisyen
Diyetisyen Hande Altundağ - Sağlıklı Beslenme ve Diyet Danışmanlığı,+905325534606,Diyetisyen
Diyetisyen & Psikolog Ülkü Gül Çavuş,+905360700222,Psikolog / Terapist
ZEHRA BORA BESLENME VE DİYET DANIŞMANLIĞI MERKEZİ,+905326947709,Diyetisyen
Diyetisyen Yaren Aktürk,+905451508285,Diyetisyen
Diyetisyen Fatmanur Koyuncu,+905308449440,Diyetisyen
Diyetisyen Selva Ekşi,+905458225853,Diyetisyen
Uzman Diyetisyen Başak Göksel Beslenme ve Diyet Danışmanlığı,+905362060595,Diyetisyen
Diyetisyen Hülya Çağatay,+905308877793,Diyetisyen
Diyetisyen Nur Sipahioğlu,+905325854045,Diyetisyen
Diyetisyen Hatice Karateke,+905316796545,Diyetisyen
Uzman Diyetisyen Ece Evcil,+905543458590,Diyetisyen
Diyetisyen Dila Güzel | Diyabet Diyetisyeni,+902166554500,Diyetisyen
Uzman Diyetisyen Deniz Uzunoğlu Korkmaz,+905386050765,Diyetisyen
Ulaş ÖZDEMİR,+905302487282,Diyetisyen
Diyetisyen Elif Fedakar,+905370298619,Diyetisyen
Sanethica Sağlıklı Yaşam ve Beslenme Danışmanlığı,+905384100034,Diyetisyen
ÇAĞATAY KÖŞKEROĞLU Beslenme ve Diyet Merkezi,+902166885030,Diyetisyen
Diyetisyen Nilşah Karakurt,+905075202239,Diyetisyen
Diyetisyen Buse Demirbaş,+905455347575,Diyetisyen
NishDiet,+905309499030,Diyetisyen
Elif Karacanoğlu,+905411473725,Diyetisyen
NutriGen Danışmanlık Merkezi - Diyetisyen Gonca ŞENEROĞLU,+905534881695,Psikolog / Terapist
Uzm. Diyetisyen Özge Basın - Beslenme ve Diyet Danışmanlık Merkezi,+905549511036,Psikolog / Terapist
Uzm. Dyt. Nebile Dertli,+908504747842,Diyetisyen
"Diyetisyen Nihan Zayım, Bebek ve Çocuk Beslenmesi, Emzirme Danışmanlığı",+905313051980,Diyetisyen
Beslenme ve Diyet Uzmanı Aslı İçingür,+902162911161,Diyetisyen
Diyetisyen Elif Günalan,+905312534553,Diyetisyen
Uzm. Dyt. Dilay Akyol - Tatlı Ekşi Diyet Beslenme ve Danışmanlık,+905523826286,Psikolog / Terapist
Diyetisyen Çağatay Demir,+905321393026,Diyetisyen
Diyetisyen İpek Güzel | Klinik ve Sporcu Beslenmesi Merkezi,+905388278635,Diyetisyen
Uzman Diyetisyen Başar Kemal Savaşçılar,+905510663328,Diyetisyen
Uzman Diyetisyen Beyza Özkan Şahin Beslenme ve Diyet Ofisi,+905546563688,Diyetisyen
Sporcu Diyetisyeni Coşku Mutlu,+905321717460,Diyetisyen
Diyetisyen Gökçen Efe Aydın,+905307160110,Diyetisyen
Diyetisyen Mevhibe Erkek,+905358461565,Diyetisyen
Diyetisyen Emre Can Yiğit,+905397024595,Diyetisyen
Dyt. Ceren Dalkılıç Beslenme ve Danışmanlık Merkezi,+905432316958,Psikolog / Terapist
Uzm.Dyt Demet Özelgün Özsu,+905333829190,Diyetisyen
Diyetisyen Nil Ateş,+905426108295,Diyetisyen
Diyetisyen Dilara Tuygan,+905453235900,Diyetisyen
Dyt. Psk. Nazlı Yüksel Dönmez,+905419693539,Diyetisyen
360 Fit Ataşehir,+905413601360,Güzellik Salonu
Victu Diyet Danışmanlığı,+905468933496,Diyetisyen
N-FİT ATAŞEHİR KİLO KONTROL MERKEZİ,+905454503419,Diğer (Sağlık & Bakım)
UpToFit,+905421473718,Diyetisyen
Diyetisyen Zeynep Özyuvalı,+905345408888,Diyetisyen
Apera Health Group,+908502417078,Diğer (Sağlık & Bakım)
Şeyda Uygur Feel Fit Beauty,+902169990976,Güzellik Salonu
BS Fit Beauty & Danışmanlık,+905448698128,Psikolog / Terapist
Diyetisyen Büşra Şen,+908504748275,Diyetisyen
Diyetisyen Selene Vardar,+905454774348,Diyetisyen
Diyetisyen Seden Günkaya,+905458036966,Diyetisyen
Fizyolium Pilates ve Fizyoterapist Merkezi,+902167065428,Psikolog / Terapist
Diyetisyen Ceren Karakaş Beslenme Danışmanlığı,+905059005059,Diyetisyen
Sporcu Diyetisyenim,+905332911994,Diyetisyen
Zeki Kılıç Beslenme ve Diyet Danışmanlığı,+902162668325,Diyetisyen
Lezizbox Kapıya Teslim Yemek Servisi,+902129099944,Diğer (Sağlık & Bakım)
Sportherapia Fizik Tedavi ve Pilates,+905417600192,Psikolog / Terapist
"Positive Slim Life Ataşehir - Güzellik, Pilates, Zayıflama ve Kilo Kontrol Merkezi",+905339609494,Pilates / Yoga
Profit Slim Wellness,+902165744040,Güzellik Salonu
Uzman Yasaksız Diyetisyen Tamay Şahin,+905524955737,Diyetisyen
Dyt. Nilüfer Bilgin,+905324707716,Diyetisyen
Efsa Sağlık Hizmetleri- Evde Sağlık - Evde Bakım - Evde Doktor Hemşire - Evde Serum,+902162324142,Diğer (Sağlık & Bakım)
Uzm.Dyt.Mervenur Ayaz Beslenme ve Diyet Merkezi,+905357978121,Diyetisyen
Soul Pilates Akademi Ataşehir,+905324049482,Pilates / Yoga
Moonlight Pilates Studio Ataşehir,+905428390698,Pilates / Yoga
Ataşehir Pilates & Personal Training,+902164550505,Pilates / Yoga
Ataşehir Pilates Salonu Myself Pilates - Fitness Personal Training,+905444261234,Pilates / Yoga
ZeyClub Pilates Ataşehir,+905465814323,Pilates / Yoga
Flex Pilates,+905452240834,Pilates / Yoga
Plus Pilates Ataşehir,+905436858780,Pilates / Yoga
Atasehir'D pilates studio,+905536526151,Pilates / Yoga
Sun Reformer Pilates Studio,+902169990736,Pilates / Yoga
StudioFIT Ataşehir,+905337127071,Pilates / Yoga
Mind Motion Pilates Studio,+905312670753,Pilates / Yoga
Pilateslab Ataşehir,+905422694134,Pilates / Yoga
Peras Pilates Yoga | Ataşehir Pilates | Ataşehir Yoga,+905422393639,Pilates / Yoga
Powerlab Gym Ataşehir Fitness ve Pilates Stüdyosu,+905547200252,Pilates / Yoga
Ata Pilates | Ataşehir Reformer,+902164567323,Pilates / Yoga
Flow Club Pilates Ataşehir,+905321611335,Pilates / Yoga
Pilates in Paradise,+902169692265,Diş Kliniği
Shine Pilates,+905399374463,Pilates / Yoga
Noi Physio & Pilates Studio,+905375242021,Pilates / Yoga
Luna Pilates Studio,+902169391471,Pilates / Yoga
MY'studio,+905324127080,Pilates / Yoga
Satya Yoga&Pilates Stüdyo,+905331501464,Pilates / Yoga
Aslı Arık Studio Pilates,+905368988271,Pilates / Yoga
Ataşehir Fizyo&Slim Pilates studio,+905332777854,Pilates / Yoga
Fi Workout Zone,+905444306036,Kuaför / Berber
Pol Pilates Studio,+905315235484,Pilates / Yoga
The GYM A Plus Fitness & Spa Ataşehir / Deluxia Palace,+902166292867,Kuaför / Berber
Barba Pilates&Wellness Studio,+905306707818,Pilates / Yoga
Align pilates,+905526771355,Pilates / Yoga
Ataşehir Fitness & Fight Club,+905405324252,Kuaför / Berber
Shape Club Ataşehir,+902162660613,Kuaför / Berber
PİLATES SLİM ATAŞEHİR,+902165730076,Pilates / Yoga
Sante Pilates&Fitness,+905340852122,Pilates / Yoga
Island Pilates Studio,+905512351901,Pilates / Yoga
Flex Health Club - Ataşehir Spor Salonu,+902163247766,Kuaför / Berber
İcoon Pilates,+905436101278,Pilates / Yoga
Pilates & morE,+905320618648,Pilates / Yoga
Numa Studio,+905510442178,Kuaför / Berber
RM YOGA PİLATES AKADEMİ,+905322090509,Pilates / Yoga
Balaban Hybrid Training Ataşehir,+902164720555,Kuaför / Berber
ATAŞEHİR HFİT28,+905320522295,Pilates / Yoga
EMİ Pilates Studio,+902164701415,Pilates / Yoga
Up Point Studio,+905376763346,Kuaför / Berber
EXODUS PİLATES & KICKBOKS & FUNCTIONAL TRAINING STÜDYOSU | BATI ATAŞEHİR,+905352644464,Pilates / Yoga
Ludo Pilates Studio,+905342155370,Pilates / Yoga
Fit Peeps Pt Studio,+905375201347,Kuaför / Berber
Pilates,+902165042341,Pilates / Yoga
FizyoLivia Fizyoterapi & Pilates,+905077482757,Psikolog / Terapist
Fit Point Sport Center EXCLUSİVE,+902163150565,Kuaför / Berber
Shine Pilates,+905529334622,Pilates / Yoga
Yeşim Mungan Studio Jade,+905466888030,Pilates / Yoga
Fit on Fight Pt Studio,+905520062727,Kuaför / Berber
Fit In Time Ataşehir,+902164554330,Kuaför / Berber
KİNG FİTNESS SPOR CLUP,+902163158198,Kuaför / Berber
Fitkon Pilates & Personal Training,+905321648645,Pilates / Yoga
Ataşehir Personal Trainer | Sporevim,+905348969720,Kuaför / Berber
Pthall Academy Ataşehir,+905309459569,Kuaför / Berber
SuperSlow Zone Ataşehir,+905337836398,Kuaför / Berber
Skypeak Club,+902168220057,Kuaför / Berber
"Kadir Çelebi - MacFİT Watergarden Kişisel Antrenör Ataşehir/Kadıköy - Fitness, Pilates & YOGA",+905458651877,Pilates / Yoga
Studio MET,+905455729487,Kuaför / Berber
My Fit Pilates,+905441302224,Pilates / Yoga
Ataşehir Spor Salonu Ares Performance,+905067156708,Kuaför / Berber
Rush Fitness Club,+902165738153,Kuaför / Berber
Bostancı Studyo Pilates | Kozyatağı | Ataşehir,+905301759237,Pilates / Yoga
GYMOTION Ataşehir,+908503402002,Kuaför / Berber
Sia Club Ataşehir,+902165470080,Kuaför / Berber
PlayStüdyo Ataşehir | Kadınlara Özel Spor Salonu,+902167663149,Kuaför / Berber
Fight Room Ataşehir,+905306852990,Kuaför / Berber
B-fit Kadınların Spor ve Yaşam Merkezi Türkiş Blokları ŞB.,+905342628800,Kuaför / Berber
Libadiye Form Pilates Stüdyo,+905386146397,Pilates / Yoga
KIXX Sports Club,+902167062588,Diğer (Sağlık & Bakım)
Efor Spor Center,+905446617122,Kuaför / Berber
Ataşehir Fizik Tedavi ve Rehabilitasyon,+902165725212,Psikolog / Terapist
Ataşehir Tulgar Muay Thai & Kick Boks Spor Kulübü,+905353777929,Kuaför / Berber
ORJİN PİLATES,+905325240090,Pilates / Yoga
Uğur Kara Spor Merkezi,+905536569794,Kuaför / Berber
Pilates özel ders,+905316018990,Pilates / Yoga
Sunshine,+902164252757,Güzellik Salonu
Beyoutiful Kuaför & Güzellik Merkezi,+905392182123,Güzellik Salonu
Fatma Sezgin Güzellik ve Lazer Epilasyon Merkezi,+905348592241,Güzellik Salonu
Melek Akyüz Beauty Studio,+902164650044,Güzellik Salonu
Eda Demirhisar Güzellik Merkezi,+905325444197,Güzellik Salonu
Köksal Kaplan Beauty Center,+905345902959,Güzellik Salonu
Aisha Güzellik Salonu -Epilasyon -Cilt Bakım Beykoz,+905343632026,Güzellik Salonu
Değişim Bayan Kuaförü | Beykoz Kuaför | Bayan kuaförü | Kavacık Kuaför | Tesettür Kuaför | Beykoz Bayan Kuaförleri,+905427442749,Kuaför / Berber
Sun piel beauty & care,+905300892024,Güzellik Salonu
Nureste Güzellik Kavacık,+905339736018,Güzellik Salonu
LADONNA GÜZELLİK,+905350469356,Güzellik Salonu
MG Güzellik Solaryum,+902166931601,Güzellik Salonu
HK Güzellik Salonu,+905359206904,Güzellik Salonu
Lilonza Estetik ve Güzellik Merkezi,+905336368910,Güzellik Salonu
Güneş Güzellik Salonu,+905054591020,Güzellik Salonu
Gizemly Beauty,+905074852828,Güzellik Salonu
ADEM GÜZEL KUAFÖR,+902166800355,Kuaför / Berber
Mirabella Bayan Kuaför Salonu | Davut Keskin,+905327835133,Kuaför / Berber
Salon Mucize Bayan Kuaförü & Güzellik,+902167663401,Güzellik Salonu
ANGEL KUAFÖR BEYKOZ,+905375690506,Kuaför / Berber
ahsen kuaför,+902163106262,Kuaför / Berber
Beykoz Bayan Kuförü Cengiz,+902164242995,Kuaför / Berber
Fin Spa & Masaj Salonu Beykoz,+905434873992,Kuaför / Berber
MEG Kuaför,+902164254868,Kuaför / Berber
SALON ÜMİT KUSUR,+905448528270,Kuaför / Berber
Serenity Spa,+905424123412,Diğer (Sağlık & Bakım)
MEG Nail Studio & Güzellik Merkezi,+905330966814,Güzellik Salonu
Chesta,+902164253469,Kuaför / Berber
E&N Hair Studio Erkek Kuaförü,+905538037339,Kuaför / Berber
Nuray Erez Kuaför & Güzellik Salonu,+902164654146,Güzellik Salonu
Ayşegül Kuaför ve Güzellik Merkezi,+905374838925,Güzellik Salonu
Gökhan Demir Barber Shop,+905343437799,Kuaför / Berber
Öz & Ay Güzellik Salonu,+902164655744,Güzellik Salonu
Ceylin Bayan Kuaförü,+905347627930,Kuaför / Berber
SİDELYA AĞDA SALONU,+905011280780,Güzellik Salonu
Salon Yapboz,+905388379871,Kuaför / Berber
Happy hair & Happy nail,+902163104053,Güzellik Salonu
Fatih Uslu Saç Tasarım,+902164658263,Kuaför / Berber
Kuaför Ebru,+902164240140,Kuaför / Berber
ONUR Bayan KUAFÖRü.Hairextension,+905352350232,Kuaför / Berber
Ufuk er bayan kuaförü,+902163224454,Kuaför / Berber
Tusem kadın kuaförü saç kaynak merkezi tesettür,+905384802063,Kuaför / Berber
Yalı Bayan Kuaförü,+902163235231,Kuaför / Berber
Erdoğan Kuaför,+902163225429,Kuaför / Berber
Ns kuaför ve güzellik salonu,+905462893560,Güzellik Salonu
Elif Kuaför & güzellik salonu,+905457180812,Güzellik Salonu
VİP HAİR SALOON,+905347999246,Kuaför / Berber
"Saloon Hatice Bayan kuaförü Güzellik,bakım",+905312644126,Güzellik Salonu
İdris Şahin Saç Tasarım,+902163087028,Kuaför / Berber
By Makass Engin & Emrah,+905344515383,Kuaför / Berber
ŞAHİN BIYIKLIOĞLU,+902164851051,Kuaför / Berber
Moonstar,+902164657609,Kuaför / Berber
Coiffeur Nazır Yavuz,+902163222868,Kuaför / Berber
Bay Kuaför Fatih Özgümüş Kavacık,+905307235308,Kuaför / Berber
Kuaför Ahmet Fil (Tusem kuaför Saç kaynak merkezi ),+905331227849,Kuaför / Berber
Kavacık Kuaför - Bayan Kuaförü,+905061216959,Kuaför / Berber
Kuaför Turgay,+902163235692,Kuaför / Berber
Nazar Güzellik Salonu,+902166680741,Güzellik Salonu
Kuaför Kenan Pekşen,+902164242625,Kuaför / Berber
By Makas Men's Barber,+905336683202,Kuaför / Berber
Loca'da Kuaför,+905385645101,Kuaför / Berber
Select Kuaför Salonu,+902164654041,Kuaför / Berber
Ares Kuaför,+902164854856,Kuaför / Berber
ADEMYILMAZER,+905445652755,Güzellik Salonu
Doğa Saç Tasarım,+905324786850,Kuaför / Berber
Mm Bahçecik Kuaför,+902164850594,Kuaför / Berber
Yılmaz Erkek Kuaförü,+905325250511,Kuaför / Berber
Salon En&Os,+905354608346,Kuaför / Berber
Eyüp savaş berber,+902164852400,Kuaför / Berber
Kuaför Turan Kardeşler,+905327780391,Kuaför / Berber
Mina Peruk Kuaför,+905548588443,Kuaför / Berber
Ebru Kuaför Ve Tesettür Salonu,+905305614700,Kuaför / Berber
Salon Blanco Hilmi Karaca,+902164859393,Kuaför / Berber
Ayşe Gülen Güzellik Bay&Bayan Güzellik Salonu,+902164853145,Güzellik Salonu
Furkan Şişman HAİRSTYLER,+905434250034,Kuaför / Berber
Hayal Kuaför,+902164240152,Kuaför / Berber
Kuaför Orhan - Salih,+902163235813,Kuaför / Berber
Naturall Zen Bayan Kuaförü,+902165370674,Kuaför / Berber
Karanfil Erkek Kuaförü Tuncay,+905399741409,Kuaför / Berber
Erkek Kuaförü Serkan,+905377195353,Kuaför / Berber
Nuran kuaför,+905073357559,Kuaför / Berber
Desire kuaför,+905424279583,Kuaför / Berber
Kuaför Gönül,+902164250859,Kuaför / Berber
2000 Erkek Kuaför Salonu,+902164137759,Kuaför / Berber
Saloon Ümit,+902163235133,Kuaför / Berber
Recep Erkek Kuaförü,+905376930922,Kuaför / Berber
Mukaddes Bayan Kuaförü,+902163229095,Kuaför / Berber
Şen Kardeşler Erkek Kuaför salonu,+905324688980,Kuaför / Berber
sanat kuaför,+905372814553,Kuaför / Berber
KULİS Hair Design AcarBlu,+902164249696,Kuaför / Berber
İmaj Kuaför,+905435816219,Kuaför / Berber
Goya hair design acarkent,+902164851666,Kuaför / Berber
Sanat Kuaför,+902164130364,Kuaför / Berber
Nimet Bayan Kuaförü,+902164254296,Kuaför / Berber
Özlem Sağıroğlu Hair & Make Up & Nail Art / Women & Man / Özlem Sağıroğlu Kuaför,+902164851166,Güzellik Salonu
Şahane Bayan Kuaförü,+902165377285,Kuaför / Berber
Temiz Patiler Pet Kuaför,+905424522329,Kuaför / Berber
Şen Kuaför,+905398740399,Kuaför / Berber
By Turan Saç Tasarimi,+905372434673,Kuaför / Berber
Okandurmus hairdesigner,+902166803065,Kuaför / Berber
Bellla KUAFÖR SALONU,+905531562942,Kuaför / Berber
Gençler Kuaför Salonu,+902163237171,Kuaför / Berber
Spor Erkek Kuaforu Berber,+905363830693,Kuaför / Berber
macit erkek kuaförü,+905368808235,Kuaför / Berber
Pitpit Pet Kuaför,+905074183816,Kuaför / Berber
B.A.K pet kuaför,+905345862847,Kuaför / Berber
Kuaför Birol,+905349824898,Kuaför / Berber
Erkek Kuaförü Tarık,+905358696946,Kuaför / Berber
Gözde Bayan Kuaförü Serkan,+902163230868,Kuaför / Berber
Selçuk & İrfan Hair Saloon,+902164855062,Kuaför / Berber
Elfsa Pet kuaför Ve Petshop Kavacık Beykoz,+905414002015,Kuaför / Berber
Kuaför Arzu,+905370571443,Kuaför / Berber
D&B KUAFÖR,+905424941678,Kuaför / Berber
Erkek Kuaförü Soner,+905536130777,Kuaför / Berber
Erkek kuaförü Cihan,+905324204982,Kuaför / Berber
İZZ KUAFÖR ÇEKMEKÖY TESETTÜR MAKEUP,+902167596967,Güzellik Salonu
Salon Kenan,+905358889963,Kuaför / Berber
Beykoz Petshop & Pet Kuaför,+905541938262,Kuaför / Berber
Kuaför Nuray,+905355741724,Kuaför / Berber
Kuaför Altan,+905333242149,Kuaför / Berber
Sole Shine Beauty Acarkent I Epilasyon I Cilt Bakımı I Bölgesel İncelme I Saç Lazeri,+905418717653,Güzellik Salonu
Sensible Güzellik,+902164658329,Güzellik Salonu
Happy Ergoterapi ve Danışmanlık Merkezi,+905316801736,Psikolog / Terapist
Psikolog Ergün İnce,+905416802992,Psikolog / Terapist
Uzman Klinik Psikolog Rabia Karadağ,+902162322380,Psikolog / Terapist
Narlı Fil Psikoloji Uzman Psikolog Ezgi Karakaya Kırca,+905411075750,Psikolog / Terapist
Uzman Klinik Psikolog Onur KÖK,+905419312040,Psikolog / Terapist
"Beykoz Psikolog | Kl.Psk.M.Zeynep UÇAR | Kavacık Psikolog,Psikolog Randevu,En İyi Psikolog,Ergen Psikolog,Cinsel Terapi",+905350728352,Psikolog / Terapist
Uzman Klinik Psikolog Aybüke Kurt,+905411102210,Psikolog / Terapist
"Özlem Kolancı, Psikolog ve Danışman, ICF PCC",+905337192997,Psikolog / Terapist
Psikolog Deniz Gizem Ergin,+905363584132,Psikolog / Terapist
Beykoz Empatihane Dil Konuşma ve Psikolojik Danışmanlık Merkezi,+905385589262,Psikolog / Terapist
Vavelya Psikoloji,+905306528394,Psikolog / Terapist
ÜZÜM PSİKOLOJİ - KLİNİK PSİKOLOG ŞULE KESER ASLI - BEYKOZ PSİKOLOG,+905414838710,Psikolog / Terapist
Uzm. Klinik Psikolog Zeynep Özdere,+905534848439,Psikolog / Terapist
Psikolog Ergün İnce,+905458022498,Psikolog / Terapist
BAŞLANGIÇ AKADEMİSİ ÖZEL EĞİTİM VE PSİKOLOJİK DANIŞMANLIK MERKEZİ,+902164657667,Psikolog / Terapist
Tahsin Yılmaz's Office,+905050136298,Psikolog / Terapist
Beta Psikoloji Danışmanlık Merkezi - Acıbadem Psikolog,+905411984311,Psikolog / Terapist
Psikolog Lorin Okalin,+905453008347,Psikolog / Terapist
Dr. Volkan Karaaslan,+902163313212,Diş Kliniği
Yalıdent Kavacık Ağız ve Diş Sağlığı Polikliniği,+902164433033,Diş Kliniği
Yakamoz Ağız ve Diş Sağlığı Merkezi,+905458901010,Diş Kliniği
Stomadenta Ağız Ve Diş Sağlığı Polikliniği,+902166802321,Diş Kliniği
ÖZEL Dentorama Kavacık Ağız Ve Diş Sağlığı Polikliniği,+905443311211,Diş Kliniği
Özel Üç Fark Ağız Ve Diş Sağlığı Polikliniği,+902163225249,Diş Kliniği
Emre Oruç Diş Kliniği,+902164240082,Diş Kliniği
Diş Hekimi Zehra Yaşar,+905493901112,Diş Kliniği
Diş Hekimi Sezcan Sadullahlar,+902163238599,Diş Kliniği
Hüsnü Atkıncı,+902164798076,Diş Kliniği
Diş Hekimi M.Ali Çınar,+902163313254,Diş Kliniği
Ortodonti Uzmanı Diş Hekimi Gülcan Koçal,+905012578282,Diş Kliniği
Diş Hekimi Burcu Peşkircioğlu Gürakar,+905431512521,Diş Kliniği
Diş Hekimi Erkin Çelikyurd,+902163723457,Diş Kliniği
Diş Hekimi Gizem Arslanoğlu,+902166933343,Diş Kliniği
Diş Hekimi Muzaffer Çıklakarslı,+902163235066,Diş Kliniği
DİŞ HEKİMİ DİLEK EVGİN,+905424371030,Diş Kliniği
Studio A Tattoo & Piercing,+905432943461,Dövme & Piercing
Beğeç Tatto İnk,+905321753830,Dövme & Piercing
Meşhur Kanlıca Dövmecisi,+905078553069,Dövme & Piercing
Tattoo Professionel,+905374136361,Dövme & Piercing
Salih kurt,+905468054396,Dövme & Piercing
Tattoo Filozofu /Beykoz,+905393010311,Dövme & Piercing
Uzman Diyetisyen Sümeyye Aktürk - Dobra Diyetisyen,+905469169197,Diyetisyen
Diyetisyen Zehra Akın Kadıköylü,+905339175127,Diyetisyen
Rukiye Aksoy Sağlıkı Yaşam Merkezi Diyet & Pilates,+905547911719,Diyetisyen
Diyetisyen Büşra Ateş,+905551938695,Diyetisyen
DİYATA Beslenme Eğitim Danışmanlığı,+905324830271,Diyetisyen
Uzman Diyetisyen Hülya YİĞİT,+905415709263,Diyetisyen
Diyetisyen Ezgi Akdağ,+905432670252,Diyetisyen
Beslenme Uzmanı Anjel Sürmeli Holistik Diyet Zayıflama Merkezi,+905334673276,Diyetisyen
Bugitofit Wellness & Zayıflama Stüdyo,+905066043850,Kuaför / Berber
Melonia Beslenme ve Diyet Danışmanlık Merkezi,+908504742233,Psikolog / Terapist
Diyetisyen Beyzanur Sağlam,+905388972626,Diyetisyen
SDM Bilimsel Beslenme ve Diyet Çözümleri,+902164450313,Diyetisyen
Diyetisyen Duygu Yağmur Dulda,+905538034966,Diyetisyen
Uzman Diyetisyen Damla Baytar- Çekmeköy Diyetisyen,+905318977848,Diyetisyen
Spina Pilates,+905373149158,Pilates / Yoga
Flex Pilates Studio,+905061152536,Pilates / Yoga
Nes Pilates,+905323916596,Pilates / Yoga
Shine Pilates,+905315107797,Pilates / Yoga
Jeida Pilates,+905335912908,Pilates / Yoga
Sensei Pilates,+905370510511,Pilates / Yoga
B Pilates Stüdyo,+905322328576,Pilates / Yoga
WİPFORM / Fitness salonu & Pilates stüdyosu & Vücut Geliştirme & Spor salonları Beykoz,+905355249012,Pilates / Yoga
Studio Flex Pilates & Gym,+905451710408,Pilates / Yoga
Everybody Health & Fitness Club,+905353157666,Kuaför / Berber
Med Pilates Studio,+905527942755,Pilates / Yoga
D Pilates Studio & Sports,+905524869836,Pilates / Yoga
Meydan Sport Club,+905322282622,Kuaför / Berber
Vira Pilates Studio,+905352920820,Pilates / Yoga
Workout Area,+905309609193,Pilates / Yoga
Dews Life Fitness / Pilates,+905537608551,Pilates / Yoga
Beykoz Fitness Spor Kulübü,+905317953243,Kuaför / Berber
Fizyoanaliz,+905337381902,Pilates / Yoga
Baps Academy,+902164659928,Pilates / Yoga
Legend Gym Club,+902166930601,Kuaför / Berber
Anadolu Hisarı Pilates Stüdyosu Esra Yıldız,+905334150928,Pilates / Yoga
Bpm Athletic,+905327155477,Kuaför / Berber
Gymshots,+905306631335,Kuaför / Berber
PlayStüdyo Kavacık | Kadınlara Özel Spor Salonu,+905441323930,Kuaför / Berber
Fit Punch Academy,+905389341029,Kuaför / Berber
JoyFit Beykoz,+905303055929,Diğer (Sağlık & Bakım)
B Fitness Club Spor Salonu,+902166932165,Kuaför / Berber
Challenger Fitness Concept,+905054954992,Kuaför / Berber
Reset Sports Club,+902164657506,Kuaför / Berber
studio 19,+905325551659,Pilates / Yoga
The Cave Training House,+905334149955,Kuaför / Berber
Acarkent Vacu Studio,+905347320145,Kuaför / Berber
11 ATHLETIC,+905441445911,Kuaför / Berber
12Ay Fitiz Personal Training Studio,+905375905568,Kuaför / Berber
F N X SPORTS KAVACIK,+905445580901,Kuaför / Berber
Renas Pilates,+905455580904,Pilates / Yoga
Diler Sport Center,+902164133038,Kuaför / Berber
Code Pilates Academy - Türkiye,+905444659465,Pilates / Yoga
Tutya Yılmaz Sports Studio by Adeo,+905513422336,Diğer (Sağlık & Bakım)
Personal Training,+905393922485,Kuaför / Berber
Aye. Beauty Wellness Therapy,+905442935293,Güzellik Salonu
Çekmeköy Derya Akdeniz Güzellik Merkezi,+905301598333,Güzellik Salonu
AYŞE BEAUTY ÇEKMEKÖY,+905431027611,Güzellik Salonu
Buket Erarslan Beauty - Çekmeköy Güzellik Merkezi,+905421567886,Güzellik Salonu
Estemex Çekmeköy Güzellik Merkezi,+902163909596,Güzellik Salonu
Özlem Atik Güzellik Salonu,+905075537425,Güzellik Salonu
Tigi Beauty | Çekmeköy Güzellik Merkezi,+905530109733,Güzellik Salonu
ASELİA GÜZELLİK ve ZAYIFLAMA,+905521589499,Güzellik Salonu
Diva Donna Güzellik Merkezi,+905467400434,Güzellik Salonu
Çekmeköy Güzellik Salonu Aysun's,+905335820795,Güzellik Salonu
Uğur Beauty Güzellik Salonu,+905399153424,Güzellik Salonu
Deores BEAUTY KALICI MAKYAJ @ TIRNAK STUDYO,+905072513636,Güzellik Salonu
Şehriban Güzellik Merkezi,+902166292322,Güzellik Salonu
Beauty Secret Çekmeköy Güzellik Salonu,+905461950434,Güzellik Salonu
Oje Spa Güzellik Salonu,+908502590653,Güzellik Salonu
ZELİS BEAUTY,+905531648036,Güzellik Salonu
Glamaura Beauty,+905332195053,Güzellik Salonu
Emsal Doğan Çekmeköy,+905431413434,Güzellik Salonu
Tugce Demir Güzellik Merkezi,+905356402258,Güzellik Salonu
CEYLAN BEAUTY,+905309658247,Güzellik Salonu
Selen Güngör Güzellik Merkezi,+905010458347,Güzellik Salonu
Evanora güzellik salonu,+905521969644,Güzellik Salonu
Gönül Kılıç Güzellik Salonu,+905416324393,Güzellik Salonu
Dilamed Çekmeköy Kuaför Güzellik Salonu Makyaj Türban Tasarım,+905301613325,Güzellik Salonu
Epistar Güzellik Salonu,+905422208720,Güzellik Salonu
Ecaz Beauty Center,+905317962104,Güzellik Salonu
Babi Beauty | Kaş Tasarım Merkezi | Ülkü Ballıkaya | PhiBrows Artist,+905355203517,Güzellik Salonu
Çekmeköy Meda Güzellik,+905384189138,Güzellik Salonu
Narin Peker Güzellik Salonu,+905392728204,Güzellik Salonu
Güzeliz Güzellik Salonu,+905012654959,Güzellik Salonu
Dermasiya Güzellik Merkezi Taşdelen,+902164845550,Güzellik Salonu
TEA Güzellik Salonu,+905392101610,Güzellik Salonu
Sevim Alan ÇEKMEKÖY,+905432515154,Güzellik Salonu
Zeyn Nails and Make up Beauty,+905446810626,Güzellik Salonu
Şila Güzellik,+905322033762,Güzellik Salonu
Villa Kuaför - Çekmeköy,+902166418828,Güzellik Salonu
Lush Estetik ve Güzellik Merkezi,+902166064006,Güzellik Salonu
Estesite Spaterapi – Masaj ve Cilt Bakımı Merkezi,+902167066387,Psikolog / Terapist
Esra&Nilüfer Beauty Center,+905326770287,Güzellik Salonu
SaDe Güzellik Salonu,+902164308111,Güzellik Salonu
Zen SPA Masaj & Güzellik Salonu,+905421230486,Güzellik Salonu
Sedi Güzellik Beauty Salonu,+905342612302,Güzellik Salonu
Aris Spa & Masaj Salonu Çekmeköy,+905309094653,Güzellik Salonu
Damla Bükçü Beauty ( Çekmeköy Şubesi),+905315054580,Güzellik Salonu
Epi-dem Güzellik Salonu,+902166411346,Güzellik Salonu
Uim İnanç Mengü Kuaför Çekmeköy DAP,+905387215622,Kuaför / Berber
Nail Clinic Spa,+902166390802,Güzellik Salonu
Esra Gürçay Kuaför & Güzellik Salonu,+902166400323,Güzellik Salonu
Kırık Makas Güzellik Salonu,+902166411258,Güzellik Salonu
Levni Bayan Kuaförü ve Güzellik Salonu,+905458753864,Güzellik Salonu
Çekmeköy Taşdelen Masaj Salonu,+905445484234,Kuaför / Berber
Wella kuaför hair studio Madenler Çekmeköy,+905465800750,Kuaför / Berber
SG GÜZELLİK SAÇ TASARIM,+902164667065,Güzellik Salonu
Shizen Oriental SPA - Beauty,+905336330817,Güzellik Salonu
Siyah Oje BEAUTY (Manikür & Pedikür Ağda Salonu),+905322337746,Güzellik Salonu
Seyfi Sağlam Kuaför,+902165941505,Kuaför / Berber
Nefise Yenice Güzellik Stüdyo,+905358336479,Güzellik Salonu
Adem Öz Bayan Kuaförü Güzellik Salonu,+902163127616,Güzellik Salonu
AKM Kuaför ve Güzellik Salonu,+902163125919,Güzellik Salonu
BAYAN KUAFÖRÜ MASSCARA HAİR DESING,+905451981142,Kuaför / Berber
Ucons Kuafor Çekmeköy,+902166400082,Kuaför / Berber
San Kuaför Çekmeköy,+905011251380,Kuaför / Berber
Sachia BAY BAYAN Kuaför Çekmeköy,+905439412085,Kuaför / Berber
RH Kuaför Kişisel Bakım ve Güzellik Merkezi,+908504806664,Güzellik Salonu
Zeynepce Kuaför | Tesettür Kuaför Çekmeköy,+905537191976,Kuaför / Berber
Birol Elvan Saç Tasarım,+902166428909,Kuaför / Berber
TANER ŞENOL KUAFÖR,+902166412155,Kuaför / Berber
Erdem Kıramer ÇEKMEKÖY,+902166405529,Kuaför / Berber
ÇEKMEKÖY BAYAN KUAFÖR SERCAN ÖZLEM SAÇ KESİM GELİNSAÇI OMBRE,+905549714299,Kuaför / Berber
Mehmet Tatlı Çekmeköy,+902166401561,Kuaför / Berber
HAİR DEAM KUAFÖR GÜZELLİK SALONLARI-TAŞDELEN,+902165091203,Güzellik Salonu
Salon Bella,+902166390043,Kuaför / Berber
BK Kuaför Official,+905527440585,Kuaför / Berber
İrfan Demir Bayan Kuaförü Çekmeköy,+905512145631,Kuaför / Berber
Han kuaför,+905378210304,Kuaför / Berber
VİONNE Bay & Bayan Kuaför,+905326730914,Kuaför / Berber
​Elif Çelik • Aysun Sayılı Kuaför & Güzellik,+905368629581,Güzellik Salonu
ADore Man&Woman Coiffeur,+905400033090,Kuaför / Berber
Kuaför Engin Yunus,+902166419769,Kuaför / Berber
KAMİL ÖZCAN KUAFÖR ÇEKMEKÖY ®️,+902166425758,Kuaför / Berber
Nisan Kuaför - Çekmeköy,+902166412457,Kuaför / Berber
Çekmeköy Bay Bayan Saloon İsis,+905327940588,Kuaför / Berber
TUNCAY KOBAL BAY KUAFOR,+905308741454,Kuaför / Berber
HA Kuaför & Güzellik,+905059200524,Güzellik Salonu
Timur Bayan Kuaförü,+905359501080,Kuaför / Berber
HIZIR EKŞİ KUAFÖR,+902166420912,Kuaför / Berber
Çetin Sezer Saç Tasarım(KUAFÖR),+902166404100,Kuaför / Berber
Paris Kuaför,+902166428045,Kuaför / Berber
Salon Özgür Mavzer,+905319035557,Kuaför / Berber
Salon Kemal,+905324017578,Kuaför / Berber
Kuaför Remzi,+905384020252,Kuaför / Berber
Çekmeköy Kuaför Ve Güzellik Merkezi,+905011513044,Güzellik Salonu
Şenel Yolcu Bay Kuaför,+905372145283,Kuaför / Berber
YAŞAR SİNAN BARBER SHOP,+905462336844,Kuaför / Berber
Tunç Hairdresser Bayan Kuaförü,+905301153996,Kuaför / Berber
Salon Sach Maccas,+905468701045,Kuaför / Berber
İnanç Mengü Kuaför Taşdelen,+902163121208,Kuaför / Berber
PARADISE Of Hair&Nail,+905533134163,Diş Kliniği
Çekmeköy Kuaför Salonu,+905301758866,Kuaför / Berber
Shulen Beauty Güzellik Salonu & Kalıcı Makyaj,+905324895565,Güzellik Salonu
Missy Bayan Kuaförü,+902166427898,Kuaför / Berber
Yıldırım Keskin Erkek Kuaförü,+902166400213,Kuaför / Berber
Şanlı Bayan Kuaförü,+902164308725,Kuaför / Berber
Klince Kuaför Erkek Bakım Merkezi,+905337030518,Kuaför / Berber
Votre Style Coiffeur,+905313443179,Kuaför / Berber
Salon Yakup Saç Tasarim,+905373019817,Kuaför / Berber
İpek ince bayan kuaförü,+905313971146,Kuaför / Berber
Adem Erkek Kuaförü,+905373590475,Kuaför / Berber
GUST KUAFÖR,+902166411327,Kuaför / Berber
rr,+905327047326,Kuaför / Berber
Salon Tercih erkek kuaförü,+905347092385,Kuaför / Berber
Melek Demir Kuaför Salonu,+905363663000,Kuaför / Berber
VENUS LINE Coiffeur,+902166417947,Kuaför / Berber
Moda Kuaför,+902166412258,Kuaför / Berber
By Berber Erkek Kuaförü ve Güzellik Salonu,+905423550319,Güzellik Salonu
Süheyla Yıldız Coıffeur,+905541406705,Kuaför / Berber
Bayan Kuaförü,+905436361040,Güzellik Salonu
BONİTA PET KUAFÖR VE PET SHOP / ÇEKMEKÖY,+905333149064,Kuaför / Berber
Kuaför Mesut,+902163610282,Kuaför / Berber
Ef kuaför & Solarıum,+902166405621,Kuaför / Berber
SALON SAMET USTA,+905308503009,Kuaför / Berber
YASİN BOZ ERKEK KUAFÖRÜ,+905425968465,Kuaför / Berber
Moda Kuaför Saç Tasarım,+902166421122,Kuaför / Berber
En İyi Erkek Kuaförü,+905300495305,Kuaför / Berber
BY KUAFÖR BURAK YAZICI,+905313123096,Kuaför / Berber
Pet Stylist Aylin Bozkurt/PET KUAFÖR,+905313532483,Kuaför / Berber
Zerdesign Bayan Kuaförü,+902164292222,Kuaför / Berber
Studio Kuaför,+902166390070,Kuaför / Berber
ABDULLAH ERKEK KUAFÖRÜ,+905392642671,Kuaför / Berber
Eray Köylü Hair Design erkek kuaförü çekmeköy taşdelen,+905380146402,Kuaför / Berber
Çekmeköy Pet Kuaförü,+902166402044,Kuaför / Berber
ÖZEN ERKEK KUAFÖRÜ,+905424087954,Kuaför / Berber
Belce Kaş Tasarım &makeup studio,+905300320012,Güzellik Salonu
Rana Bayan Kuaförü,+905368602274,Kuaför / Berber
Erkek Kuaförü. Ömer sarı,+905078851335,Kuaför / Berber
LADEN Hair Desıgn,+902166419430,Kuaför / Berber
Lidya Beauty ve Vücut Bakım Çekmeköy Masaj,+905421018687,Güzellik Salonu
Selman Ipak Erkek Kuaförü,+905304075858,Kuaför / Berber
Zeynep Yılmaz Güzellik Salonu,+905333407048,Güzellik Salonu
Esincan Güzellik Salonu & Kuaför,+902166411370,Güzellik Salonu
Ceyhun Erkek Kuaförü,+905374940778,Kuaför / Berber
Feyyaz Şimşek Hair Artist,+905319594477,Kuaför / Berber
Büşra Kavuncu Hair Design,+905318333423,Kuaför / Berber
Salon Sedna,+902166429520,Kuaför / Berber
RAYO ERKEK KUAFÖRÜ,+905331277070,Kuaför / Berber
Gold Fingers Güzellik Salonu Kuaför,+902166400052,Güzellik Salonu
BERBER SELÇUK,+905327692455,Kuaför / Berber
ÇİĞDEM AĞAOĞLU Beauty Stüdio,+905433131060,Güzellik Salonu
Nil Tellioğlu Güzellik Merkezi,+908503071903,Güzellik Salonu
NESLİHAN ALKAN BEAUTY WELLNESS THERAPY,+905457309371,Güzellik Salonu
ZeSu Güzellik & Zehra Sultan,+905071339281,Güzellik Salonu
Dr. Hülya Pekar,+902166404667,Diğer (Sağlık & Bakım)
Angel Güzellik Ve Estetik Merkezi,+905340764088,Güzellik Salonu
Selen Deniz Güzellik Merkezi,+905455304070,Güzellik Salonu
Emsar Beauty,+905532383403,Güzellik Salonu
Buse Beauty Center,+905076285061,Güzellik Salonu
BS Beauty - Birgül Serdar Güzellik Salonu,+905515926262,Güzellik Salonu
Birgül Baydak Studio,+905438740205,Güzellik Salonu
Uzm. Dr. Levent Koçu,+908504740501,Diğer (Sağlık & Bakım)
KADER ARSLAN KAŞ TASARIM VE KALICI MAKYAJ STÜDYOSU,+905346404747,Güzellik Salonu
Estemaia Güzellik Salonu,+905306311865,Güzellik Salonu
Dilza Masaj Salonu,+905523959492,Kuaför / Berber
My World Güzellik,+905540204876,Güzellik Salonu
Estika Kişisel Bakım Ve Yaşam Merkezi,+905524645007,Güzellik Salonu
Nefes Estetik,+902164430633,Güzellik Salonu
LUXENT Sancaktepe Güzellik ve Lazer Epilasyon Salonu,+905323593583,Güzellik Salonu
Dilan Polat Çekmeköy,+908503087790,Güzellik Salonu
Este Tek Masaj Salonu & SPA,+905330511015,Kuaför / Berber
Lady-L Studio,+905385810869,Güzellik Salonu
Zühre Kaplan Beauty Güzellik Merkezi,+905010025552,Güzellik Salonu
Olivia güzellik salonu,+905377192728,Güzellik Salonu
Reyhan Ertekin Nail Beauty,+905321570052,Güzellik Salonu
Besra Beauty,+905331973634,Güzellik Salonu
Be Plus Medikal Estetik Merkezi,+905343243273,Güzellik Salonu
Taç Güzellik,+905526216666,Güzellik Salonu
NLUXX Güzellik Merkezi,+905436033104,Güzellik Salonu
SEVGİ MEDİKAL PİGMENTATİON,+905326244272,Güzellik Salonu
Tek Clinic Ağız Diş Çene Cerrahi Merkezi,+902166424242,Diş Kliniği
Damla Yaman Güzellik & Akademi - Sancaktepe,+905453354600,Güzellik Salonu
Estecool Çekmeköy,+905300438369,Güzellik Salonu
SENSA DANIŞMANLIK | Gülşen YILDIRIM | Oyun Terapisti - Aile Danışmanı - Pedagog,+905538208150,Psikolog / Terapist
Çekmeköy Klinik Psikolog Çağrı Kalaycı | Psikolog Yüzyüze /Online | EMDR | ÇİFT,+905366621658,Psikolog / Terapist
Çekmeköy Denge Psikoloji,+905423296231,Psikolog / Terapist
Mayıs Psikoloji (Danışmanlık Merkezi),+905321118308,Psikolog / Terapist
Çekmeköy Klinik Psikolog Pelin Aslan Öztürk | Çekmeköy Psikolog | Taşdelen Psikolog | Sancaktepe Psikolog | Dudullu Psikolog,+905053878550,Psikolog / Terapist
Suvena Psikoloji,+905323476424,Psikolog / Terapist
Çekmeköy Psikolog I Klinik Psikolog Kübra GÜNEŞ I Taşdelen Psikolog I Sancaktepe Psikolog I Dudullu Psikolog,+905302610200,Psikolog / Terapist
San Psikoloji - Uzm. Psikolog Yağmur Koç,+908504746794,Psikolog / Terapist
İZDEM PSİKOLOJİ (DANIŞMANLIK MERKEZİ),+905010631499,Psikolog / Terapist
Uzman Klinik Psikolog Merve Eraslan,+905413403703,Psikolog / Terapist
Çekmeköy Taşdelen Klinik Psikolog Nur Seçil Salur Metin | Ümraniye Psikolog | Sarıgazi Sancaktepe Psikolog,+905403534332,Psikolog / Terapist
Klinik Psikolog Gül Demirçe,+905548632240,Psikolog / Terapist
Çekmeköy Klinik Psikolog | Klinik Psikolog Beyza Çalık Cankurt,+905334408392,Psikolog / Terapist
Psikomega Psikolojik Danışma,+902166402110,Psikolog / Terapist
Serena Psikoloji,+905419102204,Psikolog / Terapist
Psikolog Aleyna Şamcı Selvi,+905334016936,Psikolog / Terapist
Uzman Psikolog Seher Kantar,+905306344258,Psikolog / Terapist
Loren Psikoloji,+905428910563,Psikolog / Terapist
Klinik Psikolog Damla Altun Öklük ⎪Özel Sağlık Meslek Hizmet Birimi,+905419605252,Psikolog / Terapist
Kulis,+905393353641,Diyetisyen
Çekmeköy Klinik Psikolog Ayşe İklim Savaş,+905327811090,Psikolog / Terapist
"Psk. Merve Fidan, Psikoloji, Aile danışmanlığı",+905013343570,Psikolog / Terapist
Canım Ruhum Psiklojik Danışmanlık Merkezi,+905342366570,Psikolog / Terapist
Klinik Psikolog Yeşim Ayyıldız | Çekmeköy/Ümraniye Psikolog (Çocuk / Ergen Psikolog ),+905540191000,Psikolog / Terapist
Psk.İrem Yılmazer,+905330291056,Psikolog / Terapist
Psikolog Aleyna Ergen,+905387752755,Psikolog / Terapist
Ege Psikolojik Danışmanlık,+902169120810,Psikolog / Terapist
Klinik Psikolog Melisa Arslan Özel,+905528630896,Psikolog / Terapist
Klinik Psikolog Dilara Yazar,+905551652271,Psikolog / Terapist
Psk. Berin Kıranlı,+905465067789,Psikolog / Terapist
herandestek Psikolojik Danışma Merkezi,+905523333404,Psikolog / Terapist
Ben ve Biz Danışmanlık,+905319404620,Psikolog / Terapist
Yk psikolojik danışmanlık merkezi,+905338109317,Psikolog / Terapist
Mitos Gelişim,+905053461574,Psikolog / Terapist
Nupelda Danışmanlık Merkezi,+905335932050,Psikolog / Terapist
Mavi Psikolojik Danışmanlık,+905538512697,Psikolog / Terapist
Psikolog Selin Arslan,+905316695617,Psikolog / Terapist
Denge Oyun Atölyesi ve Aktivite merkezi (Çocuk gelişim Uzmanı & Psikolog),+905524839371,Psikolog / Terapist
Klinik Psikolog Berk Alaca,+905379464601,Psikolog / Terapist
Betül Ceylan Yaşam Merkezi,+902169693471,Diğer (Sağlık & Bakım)
VADİ DANIŞMANLIK MERKEZİ,+905305153454,Psikolog / Terapist
Uzman Psikolojik Danışman Hanifi Çekim,+905424630987,Psikolog / Terapist
Diyetisyen İrem Mina Danışmanlık Merkezi,+905300182717,Psikolog / Terapist
Psikolog - Psikolojik Performans Danışmanı Yaşar Çevikel,+905425146519,Psikolog / Terapist
Uzm. Klinik Psk. Vera Özgün,+905530483077,Psikolog / Terapist
Uzm. Psikolog Damla Üçgül Erel,+905530099008,Psikolog / Terapist
Dişhekimi Rabia Kuşcuoglu,+902166429153,Diş Kliniği
Uzman Diyetisyen Gizem Ahi,+905074071727,Diyetisyen
Fizyoterapist Hasan ACI,+905327043796,Psikolog / Terapist
Psikolog Zeynep Yardımcı,+905301458772,Psikolog / Terapist
Uzman Klinik Psikolog & Aile Danışmanı Melike Önal,+905449700890,Psikolog / Terapist
İstanbul Uzman Psikolog ve Çocuk Gelişimi Uzmanı Melike Türkan Taşyüz,+908504744285,Psikolog / Terapist
Diyetisyen Büşra Meral Beslenme ve Diyet Merkezi,+905527913198,Diyetisyen
YOL Psikoloji Danışmanlık ve Eğitim Merkezi | Ümraniye Psikolog,+905059398424,Psikolog / Terapist
Klinik Psikolog Dilara Güllü,+905456598868,Psikolog / Terapist
Sinem Durusal,+905322018497,Psikolog / Terapist
Megafit Fizyoterapi ve Egzersiz Danışmanlığı,+905010636032,Psikolog / Terapist
Pen Akademi Psikolojik Danışmanlık Merkezi,+902163161983,Psikolog / Terapist
Psikolog Danış,+905527945200,Psikolog / Terapist
Psikolog İrem Deniz Çiftçi - Online Terapi,+905319685214,Psikolog / Terapist
Gencoglan dental clinic,+905537224555,Diş Kliniği
Çekmeköy Ağız ve Diş Sağlığı Merkezi,+902163126076,Diş Kliniği
Doğa Ağız ve Diş Sağlığı Polikliniği,+902166400232,Diş Kliniği
Mer Ağız ve Diş Sağlığı Polikliniği,+905070640640,Diş Kliniği
Teras Ağız ve Diş Sağlığı Polikliniği-Zirkonyum Kaplama-Gülüş Tasarımı-İmplant - 3D Diş Tomografisi - Çekmeköy Diş Kliniği,+905074156116,Diş Kliniği
Özel Koçdent Ağız ve Diş Sağlığı Polikliniği,+905389461895,Diş Kliniği
Alemdağ Ağız ve Diş Sağlığı Polikliniği,+902163125595,Diş Kliniği
Özel Ali Güneş Ağız ve Diş Sağlığı Polikliniği,+905433803669,Diş Kliniği
Özel İlkay Ağız ve Diş Sağlığı Polikliniği,+905333425357,Diş Kliniği
Çekmeköy Diş Hekimi S. Rümeysa Yıldız Muayenehanesi,+905426330037,Diş Kliniği
Ormanköy Dental Clinic,+905010806569,Diş Kliniği
Özel Değer Diş Ağız Ve Diş Sağlığı Polikliniği,+905059751185,Diş Kliniği
Maksident Ağız ve Diş Sağlığı Polikliniği,+905078487648,Diş Kliniği
ÖZEL AFSDENT AĞIZ VE DİŞ SAĞLIĞI POLİKLİNİĞİ,+902166412835,Diş Kliniği
Uzm. Dt. Ayşegül Yalçın AKAYDIN - ASA | Çekmeköy Diş Hekimi - İmplant,+902166420088,Diş Kliniği
Koçak Ağız ve Diş Sağlığı Polikliniği,+905527129494,Diş Kliniği
Özel Çekmeköy Ağız ve Diş Sağlığı Merkezi,+905494434160,Diş Kliniği
Diş Hekimi Filiz Yıldız,+902163125400,Diş Kliniği
Çekmeköy İnci Diş ÇEKMEKÖY (Çamlık),+905353617452,Diş Kliniği
Diş Hekimi Ceylan ASLAN KAYA,+902165147896,Diş Kliniği
Özel Melisa Ağız ve Diş Sağlığı Polikliniği - Diş Hekimi Dr. Selahi Ertürk,+905307848585,Diş Kliniği
İmplantdent Dişhekimi Elif Irmak Çınar,+905327312821,Diş Kliniği
DİŞ HEKİMİ MERT CAN İNCE,+905436612996,Diş Kliniği
UMKA AĞIZ VE DİŞ SAĞLIĞI POLİKLİNİĞİ,+905321527699,Diş Kliniği
DİŞ HEKİMİ MURAT ÖĞRETİCİ KLİNİĞİ,+902166391516,Diş Kliniği
"A2 Dent İstanbul Diş Kliniği, Diş Hekimi, İmplant, Diş Estetiği, Gülüş Tasarımı, Diş Estetiği Çene Eklemi Tedavisi",+905335550044,Diş Kliniği
Diş Hekimi Namık Salmanov,+905336778181,Diş Kliniği
Dt. Başak YALÇIN Diş Muayenehanesi,+905545852023,Diş Kliniği
ÖZEL DURU AĞIZ ve DİŞ SAĞLIĞI POLİKLİNİĞİ,+902166425656,Diş Kliniği
Özel Hedef Klinik Ağız ve Diş Sağlığı Polikliniği,+902167552531,Diş Kliniği
Diş Hekimi Gülşen Çolak,+902166115136,Diş Kliniği
Diş Hekimi Eylem Deler,+905322773176,Diş Kliniği
Diş hekimi Betül & Seçkin Horozal,+905395480177,Diş Kliniği
DİŞ HEKİMİ UFUK TOSUN,+902166414515,Diş Kliniği
Diş Hekimi Murat Öğretici,+905427816686,Diş Kliniği
Özel Kür Ağız ve Diş Sağlığı Polikliniği,+905074050607,Diş Kliniği
Dudullu Dental Park Ağız ve Diş Sağlığı Polikliniği,+902165216662,Diş Kliniği
Diş Hekimi A. Gizem Tekin,+905459824445,Diş Kliniği
"Dr. Öğr. Üyesi Emine Gençoğlan, Ortodonti",+905050324555,Diş Kliniği
Diş Hekimi Aylin GÜNDÜZ,+902166414604,Diş Kliniği
Özel Çevre Ağız ve Diş Sağlığı Polikliniği,+905405278609,Diş Kliniği
Nöbetçi Dişçi Ümraniye | Özbudent Ağız ve Diş Sağlığı Polikliniği,+902166482280,Diş Kliniği
Vet Çizmeli Kedi Çekmeköy Veteriner Kliniği,+902166128942,Veteriner
Dent Referans Ağız ve Diş Sağlığı Polikliniği,+905340870404,Diş Kliniği
Anadolu Diş - Anadolu Ağız Ve Diş Sağlığı Polikliniği - Pendik Diş Polikliniği,+902163907172,Diş Kliniği
Baydent Ağız ve Diş Sağlığı Polikliniği (Pendik İmplant),+902163909093,Diş Kliniği
Pendik İmplant Tedavisi | Koray Diş Klinik,+905493363030,Diş Kliniği
Mevsim Diş Pendik Ağız Ve Diş Sağlığı Polikliniği,+908508884003,Diş Kliniği
Pendik Şifa Diş Ağız ve Diş Sağlığı Merkezi,+902164831642,Diş Kliniği
Dentinia Diş - Pendik Ortodonti - Pendik Çocuk Diş - Pendik İmplant - Pendik Nöbetçi Diş - Pendik Diş Teli - Pendik Pedodonti,+905071817034,Diş Kliniği
Pendik Asadent Ağız ve Diş Sağlığı Polikliniği,+902163114450,Diş Kliniği
Özen Ağız ve Diş Sağlığı Polikliniği,+905013441500,Diş Kliniği
Atlas Diş Ağız Ve Diş Sağlığı Polikliniği - İmplant ve Protez Tedavileri,+905421135901,Diş Kliniği
Ultradiş Ağız ve Diş Sağlığı Polikliniği,+902165965353,Diş Kliniği
"Özel Motif Ağız ve Diş Sağlığı Polikliniği I İmplant, Diş Beyazlatma, Gülüş Tasarımı, Lamine, Zirkonyum Pendik İstanbul",+905071510044,Diş Kliniği
07 Den 70 E Ortodonti & Implantoloji,+902163900770,Diş Kliniği
DİŞMER PENDİK AĞIZ VE DİŞ SAĞLIĞI POLİKLİNİĞİ,+905072174420,Diş Kliniği
Parisdent Ağız ve Diş Sağlığı Polikliniği | Pendik Diş Kliniği,+902163053404,Diş Kliniği
Perident Klinik Ağız ve Diş Sağlığı Polikliniği Pendik / İstanbul,+905301809878,Diş Kliniği
Özel Didem Çoban Ağız Ve Diş Sağlığı Polikliniği,+905324480702,Diş Kliniği
Çifter Ağız ve Diş Sağlığı Polikliniği,+902165193519,Diş Kliniği
ASLIM AĞIZ VE DİŞ SAĞLIĞI POLİKLİNİĞİ (Diş Hekimi Uğur Kılıç),+905414380915,Diş Kliniği
PENDENT AĞIZ VE DİŞ SAĞLIĞI POLİKLİNİĞİ,+902163900905,Diş Kliniği
Diş Hekimi Büşra Abay,+905374452151,Diş Kliniği
Madalyon Ağız ve Diş Sağlığı Polikliniği,+905013210090,Diş Kliniği
Klinik Prime,+902169393212,Diş Kliniği
Egem Ağız ve Diş Sağlığı Polikliniği,+905301813444,Diş Kliniği
Pendik Panorama Ağız ve Diş Sağlığı Polikliniği,+902164900206,Diş Kliniği
İstanbul Lazer Ağız Ve Diş Sağlığı Polikliniği,+902163546475,Diş Kliniği
Özel Dişmekan Ağız ve Diş Sağlığı Polikliniği Pendik Şubesi,+902166065369,Diş Kliniği
Özel ASKUM Ağız Ve Diş Sağlığı Polikliniği - Pendik Diş Kliniği,+905526557226,Diş Kliniği
Su Ağız ve Diş Sağlığı Polikliniği,+902163964244,Diş Kliniği
Özel Pendik Ağız Ve Diş Sağlığı Polikliniği,+902164917879,Diş Kliniği
Klinik Marmara Ağız ve Diş Sağlığı Polikliniği Pendik Şubesi,+905325931171,Diş Kliniği
Airport Dent | Kurtköy Diş | Pendik Diş Klinikleri,+905379181181,Diş Kliniği
Özel Dentolya Ağız ve Diş Sağlığı Merkezi,+902163789698,Diş Kliniği
Diş Hekimi Cem Erol,+902163905026,Diş Kliniği
AKINSU AĞIZ VE DİŞ SAĞLIĞI POLİKLİNİĞİ,+902167663303,Diş Kliniği
AyDiş Ağız ve Diş Sağlığı Polikliniği,+905302652636,Diş Kliniği
Pendik Diş Kliniği - İmplant Tedavisi - Diş Hekimi Ece Kara & Cengizhan Demir,+905539137196,Diş Kliniği
Diş Hekimi Bircan Altunok,+905516513024,Diş Kliniği
Dt. Hilmi Ruçhan Şahpaz - Diş Kliniği,+905336334501,Diş Kliniği
ÖZEL Beray Dİş AĞIZ VE DİŞ SAĞLIĞI POLİKLİNİĞİ,+902163756600,Diş Kliniği
ÖZEL AĞAOĞLU AĞIZ VE DİŞ SAĞLIĞI POLİKLİNİĞİ,+902167667888,Diş Kliniği
Diş Hekimi Neriman Atilla Gülcügil(ÖZEL UĞUR AĞIZ VE DİŞ SAĞLIĞI POLİKLİNİĞİ),+902163962906,Diş Kliniği
Diş Hekimi Esra Çömlek,+902163909580,Diş Kliniği
OMA Ağız ve Diş Sağlığı Polikliniği,+905302651080,Diş Kliniği
Now Aesthetic,+905330940328,Diş Kliniği
Dt Hatice Özşahin Tercan,+908508116098,Diş Kliniği
Diş Hekimi Sümeyye KOÇ Muayenehanesi,+905334896050,Diş Kliniği
Pendik Ortodonti Uzmanı RANA TURGUT,+905326488030,Diş Kliniği
Dt. Damla Akarsu Diş Muayenesi,+905445775856,Diş Kliniği
Diş Hekimi Esra Kaya,+905389705723,Diş Kliniği
Kurtköy Bembeyaz Ağız ve Diş Sağlığı Polikliniği,+902165950347,Diş Kliniği
Uzman Ortodontist Dr Burcu Karakoyunlu,+902163905600,Diş Kliniği
Diş Hekimi Burak Özkan,+902164912100,Diş Kliniği
Dt Meral Kalyoncu Erem,+905398214214,Diş Kliniği
Dt. İlknur Yolda,+905389130133,Diş Kliniği
Tuzla Ağız ve Diş Sağlığı Semt Polikliniği,+902166744302,Diş Kliniği
Diş Hekimi Gülşah Kama,+905102222122,Diş Kliniği
Diş Hekimi Cem İspiroğulları,+905336546719,Diş Kliniği
ÖZEL RY AKINCI AĞIZ VE DİŞ SAĞLIĞI POLİKLİNİĞİ,+905330301059,Diş Kliniği
Diş Hekimi Ayşegül Cengiz,+902164831117,Diş Kliniği
Dişhekimi Mehmet Altınsoy,+905542609109,Diş Kliniği
ALBA DENT AĞIZ VE DİŞ SAĞLIĞI POLİKLİNİĞİ 2,+905050027878,Diş Kliniği
Nesrin Terim Kayalı,+902163540034,Diş Kliniği
Özel Estoria Polikliniği,+905011264986,Güzellik Salonu
Özel Parmadent Ağız Ve Diş Sağlığı Polikliniği,+902166840579,Diş Kliniği
Diş Hekimi Selda Karaca Paçal,+902163543434,Diş Kliniği
Alpi Ağız ve Diş Sağlığı Merkezi / TUZLA,+902162110028,Diş Kliniği
Nöbetçi Diş Hekimi,+902165149898,Diş Kliniği
Diş Hekimi Rabia Varol Boyraz,+905304716330,Diş Kliniği
Diş Hekimi Murat Şahin,+905326936574,Diş Kliniği
ELITDENT DENTAL CLINIC,+905457220227,Diş Kliniği
GÜZELYALI ASBE AĞIZ VE DİŞ SAĞLIĞI POLİKLİNİĞİ,+905462654345,Diş Kliniği
Pendik İmplant ve Estetik Diş Kliniği,+902162089343,Diş Kliniği
Diyetisyen Cansu Temel Yürekli,+905526039334,Diyetisyen
Bona Vita Beslenme Danışmanlığı ve Eğitim Merkezi,+905050772662,Diyetisyen
"Dyt. Beyzanur Sunku, Diyetisyen",+905332239209,Diyetisyen
Bugitofit Zayıflama & Pilates Stüdyo,+905452290907,Pilates / Yoga
Diet Beslenme ve Danışmanlık Merkezi,+905431065058,Psikolog / Terapist
Diyetisyen Betül Mercan Lapacı,+905322632996,Diyetisyen
Sosyal Diyetisyen,+905383984935,Diyetisyen
Tilya Diyet | Ümraniye-Çekmeköy Kadın ve Çocuk Diyetisyeni,+905365054998,Diyetisyen
İklim Diyet,+905524277200,Diyetisyen
Diyetisyen Esma Arslan Beslenme Danışmanlığı Merkezi,+905466980939,Diyetisyen
HAYAT AKTİF YAŞAM MERKEZİ,+905340630635,Diyetisyen
Uzman Diyetisyen Merve Sungur,+905360898810,Diyetisyen
Beslenme uzmanı & Diyetisyen Sümeyye Dündar,+905378393198,Diyetisyen
UZM.DYT.ÇİĞDEM BOLAT DOĞAN I R-FORM BESLENME VE DİYET DANIŞMANLIĞI,+905325510511,Diyetisyen
Diyetisyen Buse Erzurumlu,+905334756813,Diyetisyen
Uzm. Dyt. Asiye Kübra Dursun,+905318744386,Diyetisyen
Diyetisyen Berna İnci,+908504746502,Diyetisyen
"Uzman Diyetisyen Cansu Bolat , VitaSolis Beslenme Ve Diyet",+905325296850,Diyetisyen
Fit Aktif,+905538930340,Kuaför / Berber
Didar Kolaç Diyet Danışmanlığı,+905064479639,Diyetisyen
Artemis yoga & pilates stüdyo,+905512113214,Pilates / Yoga
PHYSIO - ES Pilates ve Egzersiz Merkezi (Çekmeköy),+905543743493,Pilates / Yoga
Burcu Yanardağ Pilates Studio,+905522404109,Pilates / Yoga
Canan Çetin Pilates Studio,+905363474706,Pilates / Yoga
Arasya Pilates,+905540044460,Pilates / Yoga
ARTPOİNT Pilates Studio,+905353564757,Pilates / Yoga
Profit PT Studio - Çekmeköy ( Aletli Pilates ),+902166427643,Pilates / Yoga
Pilates Official,+905616111386,Pilates / Yoga
ABS Pilates Studio,+905051222294,Pilates / Yoga
Pilates Point,+905418227225,Pilates / Yoga
Pilates Therapy,+905461772613,Pilates / Yoga
Reformia Pilates,+905382860074,Pilates / Yoga
OVERFIT Fitness Pilates Kickboks PT Çekmeköy,+905015298219,Pilates / Yoga
PLATINIUM PILATES STUDIO,+905396588867,Pilates / Yoga
Elite Pilates Studio,+905316791921,Pilates / Yoga
BE Harmony Pilates,+905395621667,Pilates / Yoga
Be-Ka Jimnastik Pilates,+905050354153,Pilates / Yoga
nua Pilates Akademi,+905386808535,Pilates / Yoga
Teras Çekmeköy Pilates Stüdyo,+905412680441,Pilates / Yoga
İlknur hoca pilates,+905396081798,Pilates / Yoga
Arya Pilates Studio,+905349823454,Pilates / Yoga
MT Pilates,+905301562653,Pilates / Yoga
Sevgi Pilates Stüdyo,+905534872832,Pilates / Yoga
Sineria Pilates,+905331413334,Pilates / Yoga
Private Pilates Çekmeköy ( Aletli Pilates ),+902166413939,Pilates / Yoga
iStudio Pilates,+905550677713,Pilates / Yoga
Pilates slim çekmeköy,+905308810339,Pilates / Yoga
3Pilates Studio | Taşdelen - Çekmeköy,+905462341800,Pilates / Yoga
Poise pilates studio,+905422982161,Pilates / Yoga
GOLDLİFE STUDİO,+905449078991,Kuaför / Berber
Dekare Pilates ve Hamak Yogası,+905343454727,Pilates / Yoga
PlayStüdyo Çekmeköy | Kadınlara Özel Spor Salonu,+905300972940,Kuaför / Berber
Efor Pilates,+905307480495,Pilates / Yoga
FitnessMax PT Studio,+905441184862,Kuaför / Berber
BegFit Pilates Studio,+905363337690,Pilates / Yoga
HSC Sports Studio | Hasan Çakmak,+905354562861,Pilates / Yoga
Elit Fitness Sport,+902164990001,Kuaför / Berber
PlusOne Training Studıo,+905462952023,Kuaför / Berber
CG Zero Fitness & Health Club,+905319847854,Kuaför / Berber
La Delmare Sports & Spa,+902166110708,Kuaför / Berber
Maximal Club Çekmeköy,+905384940071,Kuaför / Berber
Mystudio Concept,+905068250795,Kuaför / Berber
Torch Pilates & Personal Training Studio/Ömerli,+905461380807,Pilates / Yoga
Athletic Fitness Sports Club,+902166429204,Kuaför / Berber
Kitana Training Studio,+905419472704,Kuaför / Berber
Lucky 13 Sports,+905469131413,Pilates / Yoga
Opsfit KADINLARA ÖZEL SPOR MERKEZİ,+902166404344,Kuaför / Berber
İ.B.B. Çekmeköy Spor Kompleksi,+902162757255,Kuaför / Berber
Goldlife Studio Taşdelen,+905367777562,Pilates / Yoga
Firstep Performans Pilates,+902163805511,Pilates / Yoga
TheSprinnt Çekmeköy,+905330215100,Kuaför / Berber
Platınıum Fitness Center,+905314542588,Kuaför / Berber
FiteXtra,+902166402101,Kuaför / Berber
NG SPORTS ALEMDAĞ,+905325146658,Kuaför / Berber
Bfor Pilates,+905438644047,Pilates / Yoga
PlayStüdyo Taşdelen | Kadınlara Özel Spor Salonu,+902164294959,Kuaför / Berber
Zehra Güzellik Salonu & Kuaför,+902163369535,Güzellik Salonu
Catmosfer Güzellik Stüdyosu / Kadıköy Lazer Epilasyon / Kadıköy Hydrafacial Cilt Bakımı / Kadıköy Buz Lazer,+905320594088,Güzellik Salonu
Elif&Ferdal Güzellik Salonu,+902167001451,Güzellik Salonu
Kadıköy Pigment Bayan Kuaförü ve Güzellik Salonu,+902163455577,Güzellik Salonu
Shima Clinical Güzellik Salonu | Cilt Bakımı | İpek Kirpik | Lazer Epilasyon | Microblading,+905051183758,Güzellik Salonu
B&B Beauty Burcu Bozdağ – Kadıköy Cilt Bakımı,+902164052529,Güzellik Salonu
Paradise Beauty Güzellik Salonu,+905326672016,Diş Kliniği
Lalin Cadde Bay & Bayan Güzellik Salonu,+905056155331,Güzellik Salonu
butterfly güzellik salonu,+902163563171,Güzellik Salonu
Kadıköy Protez Tırnak,+908503086641,Güzellik Salonu
Dilek Özet Beauty Güzellik Merkezi,+905444969251,Güzellik Salonu
A.Y Güzellik Salonu,+905073909227,Güzellik Salonu
PROTEZ TIRNAK KADIKÖY KUAFÖR,+905307422034,Güzellik Salonu
Kadınım Güzellik Salonu,+905322242810,Güzellik Salonu
Seyfi Şengül Beauty,+905300746294,Güzellik Salonu
Füsun Güzellik Salonu,+905377900999,Güzellik Salonu
"Renew Beauty Kadıköy | Cilt Bakımı, Lazer Epilasyon, Zayıflama ve Kaş Tasarım",+905539473086,Güzellik Salonu
ASİA KADIKÖY GÜZELLİK VE BAKIM,+905303295523,Güzellik Salonu
SİBEL' LA AĞDA ve GÜZELLİK SALONU,+905302487680,Güzellik Salonu
Estenbul Beauty Center | Lazer Epilasyon ve Cilt Bakımı,+905527975687,Güzellik Salonu
Sisters güzellik salonu,+902163635658,Güzellik Salonu
Nur Güzellik Salonu,+905339666467,Güzellik Salonu
SGS GÜZELLİK SALONU - GÖZDE,+905380943225,Güzellik Salonu
ELİSA WORLD KADIKÖY GÜZELLİK VE BAKIM,+905300728021,Güzellik Salonu
Sabiş Güzellik,+905384555856,Güzellik Salonu
Feride Deniz Beauty (Güzellik Merkezi),+905323894211,Güzellik Salonu
Tuana Güzellik Salonu,+902164281011,Güzellik Salonu
Lavinia Beauty Kadıköy,+905541130565,Güzellik Salonu
"Senamoni - Kadıköy Lazer Epilasyon, Cilt Bakımı ve Leke Tedavileri Merkezi",+902163466346,Güzellik Salonu
"Med-İst Beauty Center | Kadıköy Epilasyon Merkezi ( Lazer Epilasyon, Cilt Bakımı, G5 Masajı, İnci Tozu Leke Bakımı )",+905521641141,Güzellik Salonu
Kadıköy Royal Güzellik Merkezi,+905459013535,Güzellik Salonu
Nuray & Rüveyde Güzellik Merkezi,+902163308543,Güzellik Salonu
Beauty Cabin Suadiye,+905323304722,Güzellik Salonu
Kadıköy İğneli ve Lazer Epilasyon Kutluata Güzellik Salonu,+905442932575,Güzellik Salonu
SANYA GÜZELLİK SALONU KADIKÖY,+905523015153,Güzellik Salonu
Arinna Beauty Kadıköy Güzellik Merkezi - Lazer Epilasyon - Cilt Bakım - Dermapen - Altın İğne - Mezoterapi - Arinna Beauty,+905331947200,Psikolog / Terapist
Ruby's Glam Güzellik Salonu,+905079910320,Güzellik Salonu
Suzanna Beauty CENTER,+902168031630,Güzellik Salonu
Beauty Boss Kadıköy,+905065975065,Güzellik Salonu
Sevil Beauty,+905427996121,Güzellik Salonu
Loya Güzellik Salonu,+905307343371,Güzellik Salonu
CITYBEAUTY Kadıköy (CITYSUN) | Cilt Bakımı | Zayıflama | Solaryum | Epilasyon,+902164503032,Güzellik Salonu
"Seher Tunalı Güzellik Salonu Kadıköy | Microblading , Buz Lazer Epilasyon , Cilt Bakımı",+905539473084,Güzellik Salonu
LENANKA BEAUTY,+905538068788,Güzellik Salonu
Only Beauty,+905425209600,Güzellik Salonu
Misis Güzellik Salonu İstanbul,+902163695489,Güzellik Salonu
Leyla Biçici Beauty I Epilasyon I Bölgesel İncelme I Cilt Bakımı I Zayıflama I Çatlak Onarımı Striort,+905432174440,Güzellik Salonu
Merve Güzellik,+905332581885,Güzellik Salonu
DİRİ GÜZELLİK SALONU VE KUAFÖR,+902163497182,Güzellik Salonu
Berna Beauty Güzellik ve Zayıflama Salonu,+905303035620,Güzellik Salonu
Semra Güzellik Salonu,+902163807038,Güzellik Salonu
Merve Dönmez Beauty | Kadıköy Güzellik Salonu,+905339183820,Güzellik Salonu
Sibel Keçeli Nail & Beauty,+905303804046,Güzellik Salonu
Irmak Güzellik Salonu,+902163456452,Güzellik Salonu
Yekbun Güzellik Salonu,+902163597372,Güzellik Salonu
"Sacha Curl Kuaför, Güzellik ve Solaryum Salonu",+902163627870,Güzellik Salonu
Gül Güzellik Kuaför Salonu,+902163859440,Güzellik Salonu
Gülçin Deniz Güzellik Salonu,+905383123115,Güzellik Salonu
End line Guzellik Salonu,+905308930388,Güzellik Salonu
VIP Spa & Masaj Salonu Kadıköy,+905388989000,Kuaför / Berber
Sultan Güzellik Merkezi,+905301163740,Güzellik Salonu
Ra Güzellik Salonu,+905334010440,Güzellik Salonu
Lavinya Güzellik Salonu,+902163593373,Güzellik Salonu
Yakup Özsoy & Ali Ekim Kuaför ve Güzellik Salonu Erenköy,+905308547186,Güzellik Salonu
S&S Güzellik Salonu,+905323643172,Güzellik Salonu
Sevim Alan Güzellik Merkezi Kadıköy,+905528479357,Güzellik Salonu
Konak Manikür Pedikür Ağda Salonu,+902163454576,Kuaför / Berber
Kadın Kuaförü - Hair Expres Kadıköy,+908508028280,Kuaför / Berber
Kadıköy Popüler Beauty Center,+905432506113,Güzellik Salonu
Hatime Güzellik Salonu,+902163634948,Güzellik Salonu
Sevgi Kuaför,+902164185646,Kuaför / Berber
Kadıköy Salon Ay Saç Tasarım & Kaynak Merkezi,+905448801415,Kuaför / Berber
Derma Sense Güzellik Salonu,+902164895150,Güzellik Salonu
Estedermis Medikal Estetik Güzellik Merkezi,+905074480856,Güzellik Salonu
Ezgi Manikür - Pedikür Ağda Salonu,+902165675382,Güzellik Salonu
Silver Hair Studio,+902164492271,Kuaför / Berber
Kadıköy Estetik Merkezi,+905362925313,Güzellik Salonu
Ebruli Güzellik Salonu,+905423294665,Güzellik Salonu
Loca Spa & Masaj Salonu Kadıköy,+905368420443,Güzellik Salonu
Nejla Kuaför ve Güzellik Salonu,+902165664709,Güzellik Salonu
Mint Güzellik Salonu,+902163557359,Güzellik Salonu
Nursun Güzellik Salonu,+902164145591,Güzellik Salonu
LADONNA GÜZELLİK,+905546264888,Güzellik Salonu
Gamze Aydos Güzellik Salonu,+905324425307,Güzellik Salonu
Habibe Demirci Güzellik Salonu,+902163866343,Güzellik Salonu
Hazal Beauty Center Kadıköy,+905527873392,Güzellik Salonu
BrowLab Cadde Eda Kafa,+905301457423,Güzellik Salonu
Ella Güzellik Erenköy,+902164693487,Güzellik Salonu
Gamze Babur Kadıköy Güzellik ve Estetik Merkezi,+905395558584,Güzellik Salonu
SUEN GÜZELLİK,+905414529072,Güzellik Salonu
Rouge Güzellik Salonu,+905352913720,Güzellik Salonu
Elenora Kadıköy Güzellik Merkezi,+902164145276,Güzellik Salonu
B & B Kuaför Güzellik Salonu,+902164112942,Güzellik Salonu
Helen Akademi Güzellik Uzmanlığı Eğitim Kurumları,+905326230806,Güzellik Salonu
Htc Güzellik Salonu,+902163697715,Güzellik Salonu
Çiğdem Kişisel Bakım Salonu,+902165668567,Güzellik Salonu
Istanbul Kadıköy Mest Clinic Güzellik Salonu,+905524455050,Güzellik Salonu
Hıdır Gürbüz Kuaför,+902163021949,Kuaför / Berber
Toka Kuaför Çiftehavuzlar,+902163635812,Kuaför / Berber
Şule Erenköy Güzellik,+905433024262,Güzellik Salonu
Tual Güzellik Sırları Kadıköy,+905413916414,Güzellik Salonu
Gül Güzellik Salonu,+905334672816,Güzellik Salonu
Desay Kuaför,+902164676185,Kuaför / Berber
Kadıköy bayan kuaför,+905069093252,Kuaför / Berber
Kadıköy Bayan Kuaförü Hair Suat .Keratin.Kesim.Balyaj.Fön.Keratinbotox.Maşa.Topuz.Manikür.Pedikür.Kaş bıyık.Ağda . HAİR SUAT,+905357869567,Kuaför / Berber
HAİR LİGHT,+905314574150,Kuaför / Berber
New live studio bayan kuaförü,+905536472039,Kuaför / Berber
THE RISE HAİR LOUNGE,+902165662050,Kuaför / Berber
Miss Makass Bayan Kuaförü saç kaynak merkezi Gökhan YARAY,+905534748323,Kuaför / Berber
Hair Design Veysel Tuncer Bayan Kuaförü,+905330923292,Kuaför / Berber
Atik Hair Studio,+905374378057,Kuaför / Berber
Pose Hair Point - Kadıköy Moda Kadın Kuaförü,+902163482333,Kuaför / Berber
Moda değişim kuaför,+902165410141,Kuaför / Berber
"HARİKA SAÇLAR (Ombre,Somre,Balyaj,Keratin bakım,Botox,Collegenli nem bakımı,Manikür Pedikür,Kalıcı oje)",+902163367576,Kuaför / Berber
Ekip kuaför - FENERYOLU,+905388510408,Kuaför / Berber
Esse Kuaför,+905380326119,Kuaför / Berber
G&F Kuaför,+902165505026,Kuaför / Berber
murlled hair cut kadın erkek barber,+905326891326,Kuaför / Berber
Kuaför Önder Toprak,+902164496364,Kuaför / Berber
Hes Bayan Kuaförü,+902163696750,Kuaför / Berber
Dilek Hairdresser ( tesettürlülereuygundur),+905339573752,Kuaför / Berber
Kuaför Güfi,+905355646997,Kuaför / Berber
Kadıköy Özlem Bayan Kuaförü,+905362207741,Kuaför / Berber
Aydın & Taner Bostancı Kuaför,+905523628233,Kuaför / Berber
Kuaför Mustafa Kuru,+902163488191,Kuaför / Berber
HAİR TOUCH / Ramazan ÇALIŞKAN,+905452651050,Kuaför / Berber
Salon T&T,+902167002865,Kuaför / Berber
Aytaç Kuaför - Güzellik Salonu,+902163807286,Güzellik Salonu
MUSTAFA UZUN KUAFÖR,+902163682808,Kuaför / Berber
Kuaför RAFET,+902163365367,Güzellik Salonu
YAKUP GÖKDERE DIFFERENCE HAIR & NAIL STUDIO,+902163582324,Güzellik Salonu
Loss Kuaför,+902163266053,Kuaför / Berber
Salon Bağdat,+902163561141,Kuaför / Berber
Ruj kuaför,+902164181344,Kuaför / Berber
Özgür Saç | Kuaför (Erkek - Kadın),+902163268171,Kuaför / Berber
Saygın Bay&Bayan Kuaför,+902164112540,Kuaför / Berber
ASUMAN ERCAN HAİR SALON - TESETTÜR KUAFÖR,+905412486928,Kuaför / Berber
Kuaför Ayhan,+902165460152,Kuaför / Berber
Kuaför Remzi,+902163270720,Kuaför / Berber
Hair Fabrics,+905304884030,Kuaför / Berber
Güneş kuaför,+902164111063,Kuaför / Berber
No Name Hair Design | Kuaför,+902167665784,Kuaför / Berber
Kuaför Suadiye,+902164100272,Kuaför / Berber
Fortex Kuaför Gözpete,+902165650142,Kuaför / Berber
Kuaför Hakan Gül,+902163022049,Kuaför / Berber
Kuaför Kadıköy,+905324466850,Kuaför / Berber
3 El Saç Tasarım (Erkek Kuaförü),+902163806215,Kuaför / Berber
Bahariye Kuaför,+902163360538,Kuaför / Berber
Hüseyin Yolcu Kuaför,+902163570004,Kuaför / Berber
Oben Kuaför,+902164100321,Kuaför / Berber
Mia kuaför,+902164113105,Kuaför / Berber
MM HairStudio Gallery // Kuaför-Berber Unisex,+905384594578,Kuaför / Berber
Mina Kuaför,+902163625323,Kuaför / Berber
Birol Yıldırım kuaför,+905418088257,Kuaför / Berber
KUAFÖR İBRAHİM AYDOĞDU,+905427336526,Kuaför / Berber
Gold Hair,+905348206328,Kuaför / Berber
Bonjour Kuafor,+905359608081,Kuaför / Berber
CAHİT KUAFÖR ERENKÖY,+902163853738,Kuaför / Berber
MORİ KADIN KUAFÖRÜ / TESETTÜR (HACER ÖZBAY),+905456172978,Kuaför / Berber
Ali Şenel Kuaför,+905372738202,Kuaför / Berber
Doğan Kuaför Salonu,+902163856521,Kuaför / Berber
Koray Dağıstan Hair Studio,+905553424032,Kuaför / Berber
İbrahim Kuaför,+905334775699,Kuaför / Berber
Kuaför Hüseyin,+902163268812,Kuaför / Berber
Sunshine kuaför,+905369615485,Güzellik Salonu
Nazmi Hız Kuaför,+905369820923,Kuaför / Berber
İgora Kuaför,+905054859393,Kuaför / Berber
Kuaför İsis,+902164670032,Güzellik Salonu
Kuaför Ali,+905369398108,Kuaför / Berber
Funda Kuaför,+902163480721,Kuaför / Berber
Nazlı Kuaför,+905304193315,Kuaför / Berber
Acar Kuaför,+902163604498,Kuaför / Berber
KUAFÖR SERKAN KILIÇ,+902165674064,Kuaför / Berber
İkizler Kuaför,+902164114305,Kuaför / Berber
Gent’s Istanbul,+902163580883,Kuaför / Berber
Altun Erkek Kuaförü,+905523935343,Kuaför / Berber
MİRA Kuaför,+902163860696,Kuaför / Berber
Bilal akbaş kuaför,+905554723112,Kuaför / Berber
Studio Kuaför - Adnan Serter,+902164781108,Kuaför / Berber
İba Kuaför,+902164678805,Kuaför / Berber
RESET HAİR SALON CADDEBOSTAN KUAFÖR SALONU İSTANBUL,+905326584414,Kuaför / Berber
Mehmet Tatlı Koşuyolu,+905308106989,Kuaför / Berber
Mithat Kan Kuaför,+902164114500,Kuaför / Berber
Kuaför Tan,+902163469178,Kuaför / Berber
Altın Çocuklar Osman Leyla Kamış Kuaför,+902164492919,Kuaför / Berber
Ali Gür Kuaför (Köşk),+905356628303,Kuaför / Berber
Black Makas Kuaför,+902164640078,Kuaför / Berber
Ali Gür Kuafor Ömer paşa,+902163867486,Kuaför / Berber
Nas Kuaför,+902164115855,Kuaför / Berber
Trend cadde Kuaför,+902163023617,Kuaför / Berber
Oben Kuaför,+905452010301,Kuaför / Berber
Tamer Gül Kuqför,+902167002965,Kuaför / Berber
Koket Kuaför Coquettes,+902163594122,Kuaför / Berber
Buss Kuaför,+902163267229,Kuaför / Berber
Kuaför Engin,+902163601878,Kuaför / Berber
Atilla Elbir Hair Gallery,+902163857326,Kuaför / Berber
D-E KUAFÖR,+902163011333,Kuaför / Berber
Hey Kuaför,+905325799505,Kuaför / Berber
Gözdem Kuaför,+902165505158,Kuaför / Berber
Hilmi Kuaför,+902163858829,Kuaför / Berber
MESUT KUAFÖR,+905514106687,Kuaför / Berber
Loss Kuaför,+902163258258,Kuaför / Berber
Bellezza Kuaför suadiye,+905385160404,Kuaför / Berber
B&M KUAFÖR,+902165670707,Kuaför / Berber
"Erkek Kuaförü ADEM OĞUZ KUAFÖR, Berber ,saç kesim,hair, Adem Oğuz",+905324056564,Kuaför / Berber
İbrahim Kesat Hair Art,+905376681206,Kuaför / Berber
alte kuaför,+905334418487,Kuaför / Berber
Kuaför Mehmet,+902163597537,Kuaför / Berber
Salon İcon Kuaför Mikrokaynak,+902163699450,Kuaför / Berber
Mücahit Kesik Hair Salon,+905372964317,Kuaför / Berber
Gözde Gündüz FitSlim & Aesthetic,+905339452212,Güzellik Salonu
Opal Klinik - Estetik ve Güzellik Merkezi,+905421444247,Güzellik Salonu
Tuğçe Akdemir Beauty,+902163593034,Güzellik Salonu
AKADEMİ PARİS ESTETİK & BUZ LAZER Cadde,+905012504444,Güzellik Salonu
Şenel Beauty I JetPeel I O2toDerm I Cilt Bakımı I Bölgesel Zayıflama,+902164640001,Güzellik Salonu
Özel DRM Polikliniği | Medikal Estetik | Lazer Epilasyon,+908504422376,Güzellik Salonu
Buz Lazer | Sahra Bulut Estetik - Suadiye,+905423022302,Güzellik Salonu
Flora Estetik,+902122155787,Güzellik Salonu
Derma Queen Güzellik Merkezi,+902163456060,Güzellik Salonu
Euroderm,+902164505900,Güzellik Salonu
Kaya Clinique,+905331201010,Güzellik Salonu
Doç Dr. Gökhan Temiz | Estetik Cerrahi Kliniği,+905308570992,Güzellik Salonu
AB Güzellik,+905303075926,Güzellik Salonu
Prof.Dr.İsmail Küçüker - Burun Estetiği - Botoks - EmSculpt Neo - Emtone,+902167718012,Diğer (Sağlık & Bakım)
BEİGE GÜZELLİK HİZMETLERİ,+905468891010,Güzellik Salonu
Gül Aydın Beauty | Tüy Saratma - Dövme Silme - Kaş Silme - Bölgesel İncelme - Karbon Peeling,+905335086738,Dövme & Piercing
Op. Dr. Sina Kaderi - Facelift (yüz germe) - Rhinoplasty (burun estetiği) - Jaw Surgery (çene estetiği) - Liplift,+905010620303,Güzellik Salonu
Bwell Kadıköy Güzellik Merkezi,+905305900303,Güzellik Salonu
Aysestetik Güzellik Merkezi,+905414575757,Güzellik Salonu
CITYBEAUTY Suadiye Bağdat Caddesi | Zayıflama | Cilt Bakımı | Epilasyon,+902163689223,Güzellik Salonu
Turkish Aesthetic Clinic,+905308896962,Güzellik Salonu
Anjea Güzellik ve Bakım,+902163686689,Güzellik Salonu
Dr. Birgül Altuntürk | Medikal Estetik Hekimi,+902163800222,Güzellik Salonu
Gülse Gençer Güzellik,+905306633216,Güzellik Salonu
Via Klinik,+905443659838,Diğer (Sağlık & Bakım)
Lilys Beauty Studio Bostancı | Bölgesel Zayıflama | Cilt Bakımı | Lazer Epilasyon,+905309934413,Güzellik Salonu
Dr. Can Taşkıran,+905411413435,Diğer (Sağlık & Bakım)
Meso Clinica Estetik Ve Güzellik Merkezi,+905401203634,Güzellik Salonu
Op. Dr. Afet Öncel,+905541621132,Güzellik Salonu
Kadın Güzellik Estetik Organik Terapist Deniz Yıldız Sağlık Atölyesi,+905415445545,Psikolog / Terapist
Live Estetik,+905331701669,Güzellik Salonu
Op. Dr. Tuba Erdoğan | Kadın Estetik Cerrah | Meme Büyütme | Meme Küçültme | Meme Dikleştirme | Vaser Liposuction,+905385113230,Güzellik Salonu
Luxury Beauty Center,+905349167777,Güzellik Salonu
Gülsüm Sözen Beauty,+905309507773,Güzellik Salonu
KBB Estetik Merkezi - Prof. Dr. İbrahim Ercan - Rhinoplasty - Burun Estetiği,+905425210522,Güzellik Salonu
Cadde Güzellik Merkezi,+905549633157,Güzellik Salonu
Op. Dr. Engin Selamioğlu Klinik,+905323993628,Güzellik Salonu
GM BEAUTY CLUB,+905306144044,Güzellik Salonu
Bohem Beauty Cadde,+902163564020,Güzellik Salonu
Yasemin Kartal Güzellik ve Estetik,+902163680035,Güzellik Salonu
Dr. Dilek Kubilay - Medikal Estetik Doktoru,+905330922088,Güzellik Salonu
Dr. Önder Kanat,+902163617000,Güzellik Salonu
D Plus Clinic,+905304642021,Diğer (Sağlık & Bakım)
Renewa Clinic,+905492424040,Kuaför / Berber
Bio Estetik Kalamış Sağlık ve Güzellik Kliniği,+905321364646,Güzellik Salonu
Nodda Beauty Center - کلینیک زیبایی ایرانیان استانبول,+902167061110,Güzellik Salonu
BEAUTY LOUNGE ISTANBUL,+905320619845,Güzellik Salonu
Este Glow Medikal Estetik Merkezi,+905441906090,Güzellik Salonu
Prof. Dr. Aydın Gözü,+905523606655,Güzellik Salonu
Burun Estetiği- Liposuction- Meme Estetiği-Karın germe -Op.Dr Ekrem KESKİN,+905525848410,Güzellik Salonu
Melissima Erenköy,+908508002008,Güzellik Salonu
Op. Dr. Caner Kaçmaz | Burun Estetiği | Meme Estetiği | Botoks | Dolgu Uygulamaları,+905333043378,Güzellik Salonu
Betül Acar Güzellik Merkezi,+902163733921,Güzellik Salonu
Meltem Toprak Estetik - Gençlik Aşısı - Botoks - Prp,+905331988819,Güzellik Salonu
Faceappstudio,+905012410034,Güzellik Salonu
Dr. Mustafa Tan Muayenehanesi,+905552227035,Diğer (Sağlık & Bakım)
Dr Ferman Koca | Dolgu | Mezoterapi | Sıvı Yüz Germe | Gençlik Aşısı,+905445424433,Psikolog / Terapist
Stay Beautiful Erenköy,+902163557777,Güzellik Salonu
Sisi Estetik,+902163550525,Güzellik Salonu
İlhan Serdaroglu Saç Ekim Merkezi İstanbul,+902164450045,Güzellik Salonu
Es-Derm Beauty Wellness,+902163026532,Güzellik Salonu
Dr. Mevlüt DAĞ,+902163012525,Diğer (Sağlık & Bakım)
Dr. Özgür Esen Çetiner,+905555545400,Diğer (Sağlık & Bakım)
Göztepe Lazer Estetik ve Güzellik Sağlık Ltd. Şti.,+902163492516,Güzellik Salonu
Jeneva Aesthetics & Well Being,+905336104307,Güzellik Salonu
Myramed Estetik Ve Güzellik Merkezi,+902164457418,Güzellik Salonu
Pinar Beauty Studio,+905427801732,Güzellik Salonu
Luna Beauty,+905461261703,Güzellik Salonu
Psikolog Tolga Özmen,+905300797929,Psikolog / Terapist
Kadıköy Uzman Klinik Psikolog & Psikoterapist Ceren Tatar,+902165990469,Psikolog / Terapist
Otantik Psikoloji | Otantik Psikolojik Danışmanlık Merkezi,+905413380968,Psikolog / Terapist
Psiko Yaşam Akademisi - İstanbul - Kadıköy Psikolog Desteği,+905334344101,Psikolog / Terapist
Kalkedon Psikoloji,+908508401085,Psikolog / Terapist
Kadıköy Psikolog Gamze GÖRGÖZ,+905319040962,Psikolog / Terapist
Klinik Psikolog Miray Beyza Özkan-Erdem Psikoloji,+905326899160,Psikolog / Terapist
PSİKODOOR PSİKOLOJİK DANIŞMANLIK MERKEZİ / KADIKÖY PSİKOLOGLAR,+905057161017,Psikolog / Terapist
"Kadıköy Kronos Psikoloji Merkezi, Klinik Psikolog&Psikoterapist Büşra Kordağ",+905330803934,Psikolog / Terapist
Klinik Psikolog Cem Doğan - Maltepe Psikolog,+905397895988,Psikolog / Terapist
Psikolojik Danışman Hasan Önder ÖZTÜFENK-Kadıköy psikolog -Kadıköy tavsiye edilen psikolog -Kadıköy en iyi psikolog-Kadıköy ergen psikolog-Kadıköy yetişkin psikolog-Kadıköy evlilik terapisi-Kadıköy cinsel terapist-İngilizce terapi,+905059939126,Psikolog / Terapist
Bostancı Psikolog Salih Fatih Demir | Bağdat Caddesi Psikolog | Kadıköy Psikolog,+905364916063,Psikolog / Terapist
Uzman Psikolog İrem Bulut. Feneryolu Psikolog Klinik Psikolog Kadıköy Psikolog Önerisi,+905360647283,Psikolog / Terapist
Suadiye Lanu Psikolojik Danışmanlık Merkezi,+905422715268,Psikolog / Terapist
BİR-SEN PSİKOLOJİK DANIŞMANLIK MERKEZİ / KADIKÖY PSİKOLOGLAR,+905521421717,Psikolog / Terapist
Uzman Klinik Psikolog Ezgi Yaşar,+905456046759,Psikolog / Terapist
"Uzman Klinik Psikolog Şeyda Sofuoğlu, Psikoloji",+905322622950,Psikolog / Terapist
Kadıköy Klinik psikolog- Caddebostan Psikoterapist Ela Nur Rüzgar,+905535966074,Psikolog / Terapist
Yeni Ben Psikoloji (Cem Gümüş Akademi),+905538464796,Psikolog / Terapist
Peras Psikoloji - Kadıköy Psikolog,+905416225773,Psikolog / Terapist
Duru Yaşam Psikoloji,+902163301700,Psikolog / Terapist
Uzman Klinik Psikolog Emeç Serin,+905526336634,Psikolog / Terapist
Lenus Psikoloji ve Danışmanlık - Anadolu Yakası - Kadıköy Psikolog - Bağdatcaddesi Psikolog,+905334567594,Psikolog / Terapist
Uzm. Klinik Psikolog Özge Karapelit - İstanbul - Kadıköy Psikolog,+905332388665,Psikolog / Terapist
"US PSİKOLOJİ, Kadıköy Psikolog",+905454201468,Psikolog / Terapist
PsikoNera Kadıköy Psikolog,+905011469511,Psikolog / Terapist
Kalamış Psikoloji,+905337098300,Psikolog / Terapist
Psikolog Kevser Erkaplan,+905435430646,Psikolog / Terapist
Psikolog Elif Sevim,+908504746261,Psikolog / Terapist
Klinik Psikolog Gülzade Aydemir,+905316327791,Psikolog / Terapist
"Uzm. Kl. Psk. Nermin Erdoğan, Psikoloji",+905515959354,Psikolog / Terapist
Bloom Psikoloji,+902169121780,Psikolog / Terapist
"Uzman Psikolog Okan GÜNAY, Psikoterapist (yetişkin-çift terapisti)",+902163470744,Psikolog / Terapist
Psikolog Sertan Arslan,+905358350946,Psikolog / Terapist
Uzman Psikolog Vural YILDIRIM,+905303272678,Psikolog / Terapist
Klinik Psikolog İlkay Özlem Dingeç – Kalamış/Kadıköy,+905536170158,Psikolog / Terapist
Kayra Psikoloji,+905013257878,Diğer (Sağlık & Bakım)
Dost Psikoloji - Kadıköy Psikolog,+905442864200,Psikolog / Terapist
Uzman Klinik Psikolog Büşra Aygündüz | Emdr Terapisi - Bdt - Çift ve Aile Terapisi - Kadıköy Psikolog,+905455753365,Psikolog / Terapist
Uzman Psikolog Pınar Aygündüz / EMDR- BDT-CBT- Çift ve Aile Danışmanlığı Kadıköy Psikolog,+905469510677,Psikolog / Terapist
Klinik Psikolog Sezin Çelikkanat Mısırlı,+905312828397,Psikolog / Terapist
Uzman Klinik Psikolog Aylin Aydemir,+908504746238,Psikolog / Terapist
Klinik Psikolog İlkay Kılıçarslan,+905073883030,Psikolog / Terapist
Psikiyatrist Dr Burak Toprak -İstanbul- Psikiyatrist & Psikoterapist,+905550229228,Psikolog / Terapist
Uzm. Klinik Psikolog Sonay Aksungur / EMDR Avrupa Akredite Terapist,+905315161053,Psikolog / Terapist
Aktarım Psikoloji,+905303661610,Psikolog / Terapist
Mentalium Psikoloji,+905426894805,Psikolog / Terapist
Doç. Dr. Cüneyt ÜNSAL Psikiyatrist-Psikoterapist,+905424158623,Psikolog / Terapist
UZM. KL. PSK. SUDE YAŞA ARTUM,+905522938373,Psikolog / Terapist
"Psikiyatrist Dr. Ayça Can Uz Kliniği/ Uzmanlarımız- Çift ve Aile Terapisti, Erişkin ve Ergen Terapist, Psikolog",+905434912150,Psikolog / Terapist
Klinik Psikolog Yağmur Çelik,+905423756055,Psikolog / Terapist
Uzm. Klinik Psikolog Özden Karahan - Kadıköy Feneryolu Psikolog,+905336207065,Psikolog / Terapist
Uzm. Kl. Psk. Pelin Gülbayrak,+908508118956,Psikolog / Terapist
Bağdat Caddesi-Klinik Psikolog Doğu Yıldırım,+905527303629,Psikolog / Terapist
Kl. Psk. Serap Güneltay | Emdr Terapisi - Şematerapi - Dinamik Psikoterapi - Evlilik ve Çift Terapisi - Cinsel Terapi,+905064504185,Psikolog / Terapist
Uzman Klinik Psikolog Yusuf Yerli,+905357387585,Psikolog / Terapist
Bernini Psikoloji,+905356587152,Psikolog / Terapist
Psikiyatri/Psikoloji Merkezi Uzm.Dr.İdris ÜRE Uzm.psk.Mavide KEKLİK,+905352044962,Psikolog / Terapist
Uzman Klinik Psikolog,+905323782005,Psikolog / Terapist
Moreno Psikoloji- Uzm. Psk. Batuhan Sınmaz,+905540213343,Psikolog / Terapist
Uzman Klinik Psikolog Betül Çalık | Kadıköy,+905516379530,Psikolog / Terapist
Milea Psikoloji,+905077060025,Psikolog / Terapist
Yasemin Bekci Günay | Uzman Klinik Psikolog,+905445172630,Psikolog / Terapist
Doktorant Uzm. Psk. Dan. Okan Tiring,+908504741863,Psikolog / Terapist
Uzman Psikolog Barış Eriş,+905416505244,Psikolog / Terapist
Psikiyatrist Uzm. Dr. Melike Yerebakan Tüzer,+905331537370,Psikolog / Terapist
"Dr. Serhat Ergün, Psikiyatrist & Psikoterapist",+905413576377,Psikolog / Terapist
Uzm .Kln. Psikolog Oznur Yılmaz Berk NAR KENDİN OL GELİŞİM ATÖLYESİ,+905326119920,Psikolog / Terapist
Uzm. Psk. Emirhan Karaduman,+905354708090,Psikolog / Terapist
Kadıköy Psikolog | Uzman Klinik Psikolog Asım Çetiner,+905544010176,Psikolog / Terapist
Cogito Psikoloji,+905454180710,Psikolog / Terapist
Fabula Danışmanlık,+905423831956,Psikolog / Terapist
Pusula Psikoloji,+902163026954,Psikolog / Terapist
Kadıköy Klinik Psikolog | Aleyna Özsayın,+905327156368,Psikolog / Terapist
"Uzm. Psk. Deniz Hazal Özay, Psikoloji",+905377676394,Psikolog / Terapist
EKOL AİLE DANIŞMA MERKEZİ - EKOL PSİKOLOJİ,+902163375037,Psikolog / Terapist
Cognito Psikoloji,+902163560210,Psikolog / Terapist
Uzman Klinik Psikolog Kübra Göktepe,+905549067059,Psikolog / Terapist
Uzman Klinik Psikolog Gülsüm Tuğcu Ertuğrul,+905465793156,Psikolog / Terapist
Klinik Psikolog Merve Dağ Uzun,+905372128686,Psikolog / Terapist
Novem Psikoloji,+905339391899,Psikolog / Terapist
Pelin Öztaş | BİREYSEL | KURUMSAL GELİŞİM,+905523784151,Psikolog / Terapist
Uzman Psikolog / Aile Danışmanı Burcu Lale Yayla,+905337791701,Psikolog / Terapist
Uzm. Kl. Psk. Büşra Ağlamaz,+908508117687,Psikolog / Terapist
Orhan Dünya - Psikolog Istanbul Kadıköy,+902165107729,Psikolog / Terapist
Uzm. Kl. Psk. Nilgün Saltaş,+905058940576,Psikolog / Terapist
Klinik Psikolog Mine Yazıcı,+905317227721,Psikolog / Terapist
Klinik Psikolog Müge Kurt,+905330809303,Psikolog / Terapist
İstanbul Psikoloji Akademisi,+905331466911,Psikolog / Terapist
Lagom Psikoloji,+908508036342,Psikolog / Terapist
Psikolog Merve YILMAZ,+905525941909,Psikolog / Terapist
İstanbul Dentestetik Diş Polikliniği Kadıköy,+905379572037,Diş Kliniği
Kadıköy Dayıoğlu Diş Polikliniği / Tandarts Reis Turkije,+902163300999,Diş Kliniği
Dentince - Kadıköy Gülüş Tasarımı - İmplant,+902163452183,Diş Kliniği
OPC Klinik Ağız ve Diş Sağlığı Polikliniği İmplant ve Estetik,+905013577070,Diş Kliniği
Özel Turkuaz Ağız Ve Diş Sağlığı Polikliniği,+902163364240,Diş Kliniği
"Alyans Clinic | İmplant, Zirkonyum Kaplama, Ortodonti, Hollywood Smile",+905362963400,Diş Kliniği
Özel Güler Ağız ve Diş Sağlığı Polikliniği,+902167598987,Diş Kliniği
Eray Şahinsev Ağız ve Diş Sağlığı Polikliniği Kozyatağı,+902166585804,Diş Kliniği
Odent Ağız ve Diş Sağlığı Polikliniği,+902167660678,Diş Kliniği
MONA KLİNİK AĞIZ VE DİŞ SAĞLIĞI POLİKLİNİĞİ,+905322944005,Diş Kliniği
Işık Diş Ağız ve Diş Sağlığı Polikliniği,+905537303031,Diş Kliniği
Kadıköy Diş Hekimi Nazan Nur Arık | TMJ - Çene Eklem Tedavisi,+905526544000,Diş Kliniği
Özel Marmara Ağız ve Diş Sağlığı Polikliniği,+902163461919,Diş Kliniği
Özel İDentik Ağız Ve Diş Sağlığı Polikliniği | Bağdat Dental Clinic,+905394336845,Diş Kliniği
DENTRAM DİŞ KLİNİKLERİ BAĞDAT CADDESİ,+902163633636,Diş Kliniği
A1 Dent Ağız ve Diş Sağlığı Polikliniği,+905453743432,Diş Kliniği
Sanita Sağlık Grubu - Kadıköy Ağız ve Diş Sağlığı Merkezi,+902169708080,Diş Kliniği
Suadent Ağız ve Diş Sağlığı Polikliniği,+902164109811,Diş Kliniği
Artemis Ağız Ve Diş Sağlığı Polikliniği,+905322098922,Diş Kliniği
Kozyatağı Ağız ve Diş Sağlığı Polikliniği,+902164725331,Diş Kliniği
Uzman Diş Hekimi Dr. İlkan Çelik | Kadıköy / Göztepe Diş Hekimi | Kanal Tedavisi Uzmanı / Endodontist | Göztepe Diş Kliniği,+902165670535,Diş Kliniği
Dentasante Suadiye Ağız ve Diş Sağlığı Polikliniği,+902167557072,Diş Kliniği
Özel Turkuaz Ağız ve Diş Sağlığı Polikliniği,+902163560515,Diş Kliniği
Clidenta Ağız Ve Diş Sağlığı Polikliniği,+902163462090,Diş Kliniği
Özel Mimoza Ağız ve Diş Sağlığı Polikliniği,+905469099473,Diş Kliniği
Dent Kadıköy İmplant Ve Estetik Ağız Ve Diş Sağlığı Polikliniği,+902163478347,Diş Kliniği
Yağmurdent Ağız ve Diş Sağlığı Polikliniği,+902164145754,Diş Kliniği
Mehmet Ünver Dental Clinic,+902163622577,Diş Kliniği
Dr. Dt. İlker Arslan,+902164686060,Diş Kliniği
Dentawork Ağız ve Diş Sağlığı Polikliniği,+905414406843,Diş Kliniği
DR. İLAYDA AŞKAN - Diş Hekimi - Dentist - Acil Diş - Emergency Dental Clinic,+905352107512,Diş Kliniği
Kadıköy Estetik Diş Kliniği,+905326941263,Diş Kliniği
Dora Ağız ve Diş Sağlığı Polikliniği,+902163633672,Diş Kliniği
Özel Akşit Ağız ve Diş Polikliniği,+902163850409,Diş Kliniği
Diş Hekimi Eser Elemek & Zehra Elemek Muayenehanesi,+902164170948,Diş Kliniği
Dentteam Ağız ve Diş Sağlığı Polikliniği: Dt.Pınar Başaral - Dt.Burçin Yıldız Araz,+902165663808,Diş Kliniği
Klinik 216,+905413370216,Diş Kliniği
"Dr. Melih Şengül - Splint, İmplant, Gülüş Tasarımı",+905316403373,Diş Kliniği
Diş Sanat Ağız ve Diş Sağlığı Polikliniği,+902165452500,Diş Kliniği
Dt. Aslı Ercanlı Diş Hekimi,+902163026333,Diş Kliniği
Klinik Renka Ağız ve Diş Sağlığı Polikliniği,+905427365250,Diş Kliniği
Etikdental Ağız ve Diş Sağlığı Polikliniği,+905079529240,Diş Kliniği
Uzm. Dt. Asena Türedi Alptekin (Dr. A.T. A. Dental Clinic),+905334640555,Diş Kliniği
DERA Dental Ağız ve Diş Sağlığı Kliniği,+905524180033,Diş Kliniği
Diş Hekimi Dr.Esra Sarı Klinik,+902164113131,Diş Kliniği
INTER-DENT Ağız ve Diş Sağlığı Polikliniği,+902163696986,Diş Kliniği
"Vivyan Clinic | İmplant tedavisi, zirkonyum diş, lamine diş, protez diş, gülüş estetiği, diş teli, diş kliniği.",+902166295657,Diş Kliniği
"Dt. Ergün Gökdemir, Diş Hekimi",+905333989120,Diş Kliniği
Özel IdealCare Ağız ve Diş Sağlığı Polikliniği,+905342378500,Diş Kliniği
Diş Hekimi Sevgi Şahinkaya Küçük / Diş Kliniği,+902164108076,Diş Kliniği
Smile Academy Clinic,+905365751095,Diş Kliniği
Dr.Yener BARDAKÇI,+902164648010,Diş Kliniği
"Dt. Gökçe Özeren, Diş Hekimi",+902164655464,Diş Kliniği
"Prof.Dr. Serhat Yalçin, Çene Cerrahisi & İmplantoloji Uzmanı",+902163630211,Diş Kliniği
CLINIC MODA,+905424495522,Diş Kliniği
EOT KLİNİK - ESTETİK ve ORTODONTİK AĞIZ DİŞ SAĞLIĞI POLİKLİNİĞİ,+902164645257,Diş Kliniği
Diş Hekimi Hejan Kılıç,+905324039678,Diş Kliniği
Dt Ersoy Yıldız,+905323974644,Diş Kliniği
Özel Clınıc Plus Ağız ve Diş Sağlığı Polikliniği,+902164457549,Diş Kliniği
Dr. Orhan Ateş / Kadıköy Diş Hekimi Kliniği,+902163472853,Diş Kliniği
Diş Hekimi Diğdem Fındık,+902163633716,Diş Kliniği
Diş Hekimi Ferdi Çelik,+905393217876,Diş Kliniği
Sarpdent Estetik Diş Kliniği - Dt. Özgen Çağlar Sarp,+902163300108,Diş Kliniği
"Uzm. Dt. Barış Konuk, Ağız Diş ve Çene Cerrahisi Uzmanı",+902167660938,Diş Kliniği
Diş Hekimi Osman Nursal,+902163575344,Diş Kliniği
Diş Hekimi İnci Bolluk Kıral Kadıköy/Bostancı,+905304770347,Diş Kliniği
Şevket Tunalı Diş Hekimi,+902163478464,Diş Kliniği
Diş Hekimi Koralp Güner,+905322050364,Diş Kliniği
Diş Hekimi Miray Ay Gülci,+905332151055,Diş Kliniği
Diş Hekimi Dr Buğra Soygüden-Çene Cerrahisi ve İmplantoloji Uzmanı,+902163574079,Diş Kliniği
Diş Hekimi İmren Hocaoğlu Yılmaz,+905322608450,Diş Kliniği
Diş Hekimi Betül Akmen Yaramanoğlu Diş Hekimi Panur Yaramanoğlu,+902164490505,Diş Kliniği
Diş Hekimi Dr. Dt. Remzi ÜLGEN,+902163617547,Diş Kliniği
Diş Hekimi Dündar Özbaylar,+905376147767,Diş Kliniği
Uzm. Dr. Neslihan Güleryüz - Kanal Tedavisi Uzmanı (Endodondist),+902165651512,Diş Kliniği
Sayınsu Ortodonti Kliniği,+902163492510,Diş Kliniği
Diş Hekimi Nejat Erdem,+902164674949,Diş Kliniği
Diş Hekimi Dr. Burcu Şenol Kutlu,+902164671906,Diş Kliniği
Lale Derlen Diş Hekimliği,+902163309226,Diş Kliniği
Işık Tandarts Kliniek Istanbul Turkije (Işık Diş Dental Clinic),+905396913368,Diş Kliniği
Dentway International - Dental Clinic,+905424767174,Diş Kliniği
Vildan Seven,+902163691691,Diş Kliniği
Diş Hekimi Emre Kural | Yaprak Porselen & Emax Diş Estetiği Caddebostan,+905555172690,Diş Kliniği
Dr. Hakan Nanto,+902163855774,Diş Kliniği
"Uzman Diş Hekimi Ceren Karadağ, Protetik Diş Tedavisi",+905424038463,Diş Kliniği
Diş Hekimi Aden Öngel,+905326524767,Diş Kliniği
Diş Hekimi Enis Çam,+902164675042,Diş Kliniği
Diş Hekimi Medet Cemil Yazıcı,+902163380265,Diş Kliniği
Prof. Dr. Deniz Gemalmaz Diş Hekimi,+902163553965,Diş Kliniği
Ortodontist Dr. Çiğdem Demircan,+905301382300,Diş Kliniği
Kadıköy Dövme,+905523509365,Dövme & Piercing
Overdose Tattoo Piercing & Coffee,+905372482681,Dövme & Piercing
Tattoo stop plus,+905435774454,Dövme & Piercing
Tattooist Kadıköy - Piercing & Dövme,+905366565618,Dövme & Piercing
KADIKÖY DÖVME,+905358682121,Dövme & Piercing
Ked1 Studio,+905399105251,Dövme & Piercing
Fade Tattoo Art Collective,+905318991121,Dövme & Piercing
Tattoo Center,+902165503450,Dövme & Piercing
Bead Tattoo Piercing,+905317055891,Dövme & Piercing
Nexus Tattoo Art & Piercing,+905425371858,Dövme & Piercing
Blink Tattoo Studio,+905377286356,Dövme & Piercing
BAYKUŞ Tattoo - Piercing,+902164502649,Dövme & Piercing
Negatif,+902164181119,Dövme & Piercing
Pigment Tattoo,+905069422662,Dövme & Piercing
Barb Collective Tattoo Studio,+905349343007,Dövme & Piercing
ABS Tattoo Studio,+905422750861,Dövme & Piercing
Roms Tattoo,+905010017667,Dövme & Piercing
Gizem Tattoo Studio,+905380299868,Dövme & Piercing
Contrast Tattoo & Craft Studio,+905309699108,Dövme & Piercing
216 Dövme Dükkanı,+902163301044,Dövme & Piercing
jora tattoo,+905526005308,Dövme & Piercing
Darrow Tattoo,+905465709290,Dövme & Piercing
Neko Tattoo Art Studio,+902164105509,Dövme & Piercing
Büşra Aksu Tattoo Studio,+905416264236,Dövme & Piercing
MET TATTOO GALLERY,+905459480536,Dövme & Piercing
B.C.M TATTOO STUDIO,+905307441759,Dövme & Piercing
Gokcay Gokce Tattoos,+908508035331,Dövme & Piercing
Black Mathilda Tattoo & Art,+905326423650,Dövme & Piercing
Kayhan Tattoo,+905551008015,Dövme & Piercing
Jobs INK,+905389855598,Dövme & Piercing
Sidar Bakşi Tattoo Studio,+905395166511,Dövme & Piercing
Vision INK tattoo & piercing,+905467665422,Dövme & Piercing
Line-a tattoo studyo,+905362813197,Dövme & Piercing
Freya Tattoo Parlor,+905421572096,Dövme & Piercing
Mad Art Tattoo,+905321579951,Dövme & Piercing
Ouch Tattoo,+905343969866,Dövme & Piercing
Tattoo Mood Art Studio,+905358177186,Dövme & Piercing
Fi Body Art Tattoo & Piercing,+905558276703,Dövme & Piercing
Monkey Art Tattoo,+905372442106,Dövme & Piercing
The Band Ink Tattoo,+905321355071,Dövme & Piercing
Erdem Yüksel Tattoo Stüdyo,+905433965369,Dövme & Piercing
Ersizero Tattoo - Dövme,+905359224686,Dövme & Piercing
Black Flag Tatts,+905544935454,Dövme & Piercing
XLINE TATTOO body PIERCING & SUPPLY,+902165507444,Dövme & Piercing
Ramazan Silver Tattoo,+905461193704,Dövme & Piercing
Underdog Tattoo Studio,+905382492749,Dövme & Piercing
Tattoo,+902163859616,Dövme & Piercing
the INK LAB Custom Tattoo,+905555107974,Dövme & Piercing
No Name Tattoo,+905073601894,Dövme & Piercing
İstanbul Tattoo Kadıköy Dövmeci,+905346503977,Dövme & Piercing
Umut Kıran Tattoo stüdyo,+902167475000,Dövme & Piercing
Rabbit Tattoo - Piercing & Coffee,+905423440905,Dövme & Piercing
Olimpos Tattoo,+905364254677,Dövme & Piercing
Tuğçe ÇALIK & EMS Stüdyo,+902165655151,Diyetisyen
Diyetisyen Fatma YILDIRIM/Diyet Limanı,+905454593753,Diyetisyen
Diyetiko,+905333458826,Diyetisyen
Diyetisyen Şevval Tırpan,+905541757363,Diyetisyen
Diyetisyen Psikolog İlknur Özer,+905333545505,Psikolog / Terapist
Uzman Diyetisyen Selen Aykanat Sağlıklı Beslenme ve Diyet Danışmanlığı,+905377396517,Diyetisyen
Uzman Diyetisyen Sevdenur Yetkin Beslenme ve Diyet Danışmanlığı,+905516658090,Diyetisyen
Diyetisyen Seda Doyan,+905458009097,Diyetisyen
Uzman Diyetisyen Merve Güldalı Serin,+905332099042,Diyetisyen
Beform Clinic by Ece Sarı,+905321688250,Diyetisyen
Diyetisyen Şahin Demircioğlu - Alvo Beslenme,+905416426866,Diyetisyen
Diyetisyen Sidre Özemre Aytaç | Fonksiyonel Beslenme,+905394316870,Diyetisyen
Dr. Diyetisyen Huriye Tümer,+902168020277,Diyetisyen
Diyetisyen Zeynep Gürel Lafçı,+908508118885,Diyetisyen
Diyetisyen Seba Karabulutoğlu,+905336648180,Diyetisyen
Uzman Diyetisyen Cansu Büyükbaş,+905360680348,Diyetisyen
Uzman Diyetisyen Şahin SOYKAN,+905301510853,Diyetisyen
Diyetisyen Merve Erkan,+905387268488,Diyetisyen
İrem Öncü Özdilek Fit&Healthy Andulasyon Terapi Merkezi,+905524860486,Psikolog / Terapist
Uzman Diyetisyen Busenur Altıkulaç,+905385439783,Diyetisyen
Diyetisyen Cansu Seslikaya,+905332856268,Diyetisyen
Diyetisyen Alev Atak,+905336886954,Diyetisyen
Diyetisyen Deniz Kaynak,+905327903840,Diyetisyen
Diyetisyen Beril Açıkgüllü Beslenme Danışmanlığı,+905545575735,Diyetisyen
Uzman Diyetisyen Nazile Nur Temur,+905533698452,Diyetisyen
Diyetisyen Ceren Taşdemir,+905309394408,Diyetisyen
Diyetisyen Beyza DURASI,+905400882602,Diyetisyen
Uzm. Dyt. Aysu Bekci Beslenme Danışmanlığı,+905445595456,Diyetisyen
DİYETİSYEN ÇAĞLA ÇALIŞKAN,+905354100381,Diyetisyen
Nilay Keçeci Beslenme ve Eğitim Merkezi,+905050039213,Diyetisyen
Diyetisyen Zeynep Şekerci Beslenme ve Diyet Danışmanlığı,+905312335989,Diyetisyen
Dyt. Ayça Ilıca Murat,+905516910058,Diyetisyen
Ceylan Akiş,+905318688852,Diyetisyen
Mine Telek Beslenme ve Danışmanlık Merkezi,+905418784398,Psikolog / Terapist
Fizyoterapist & Diyetisyen Avzem YAŞAR,+905308981747,Psikolog / Terapist
Diyetisyen Serhat Bakan,+905301828626,Diyetisyen
BioFit Pilates & Diyetisyen & Fizyoterapi,+905394762506,Psikolog / Terapist
Diyetisyen Yeşim Temel Muayenehane,+905303005372,Diyetisyen
Uzman Diyetisyen Bihter Nurten Öngel,+905346550222,Diyetisyen
Diyetisyen Kübra Öksüz,+905511829400,Diyetisyen
Aslife İstanbul Kalamış,+905016275425,Güzellik Salonu
Diyetisyen Derya Ersönmez,+905339697429,Diyetisyen
"Dyt. Gülden Gürkan Avkan, Diyetisyen",+905434677220,Diyetisyen
Diyetisyen Beste Alimert Altunörs,+905305748520,Diyetisyen
Diyetisyen Nilay Topçam,+908504740679,Diyetisyen
Denge Fizyoterapi Hizmetleri ve Beslenme Danışmanlık Merkezi,+905439749047,Psikolog / Terapist
Diyetisyen Erdem Dağlı,+905395683446,Diyetisyen
Doktor Diyetisyen Sevde Kahraman Beslenme ve Diyet Danışmanlık,+905349430949,Psikolog / Terapist
Nursena Bitgül Ölmez Beslenme ve Diyet,+905538023918,Diyetisyen
Uzman Diyetisyen Simge Bal,+905013260501,Diyetisyen
Diyetisyen Melisa Özmen,+905314579316,Diyetisyen
Diyetisyen Seçil Öztürk,+905347165522,Diyetisyen
2 Kalori,+905521661301,Diyetisyen
Diyetisyen Hande Mercankaya Sabaz,+905519853890,Diyetisyen
Uzm. Diyetisyen Buket Görenli,+905324084505,Diyetisyen
Uzman Diyetisyen Ayşenur Servet,+905309402321,Diyetisyen
Beslenme ve Diyet Uzmanı,+902163604450,Diyetisyen
Nefes Beslenme ve Psikoloji Danışmanlık,+905013216290,Psikolog / Terapist
Diyetisyen Fethiye Koçak,+905435050801,Diyetisyen
Leafit Sağlık,+905411858681,Diyetisyen
Diyetisyen Nazlı Aydın,+908504745152,Diyetisyen
Dr. AYÇA KAYA,+905334152553,Diğer (Sağlık & Bakım)
Uzman Diyetisyen Sıla Şentürk,+905345742466,Diyetisyen
Diyetisyen Nur Ucuz,+905314740202,Diyetisyen
Diyetisyen Aylin Şaşmaz,+905376189711,Diyetisyen
Diyet Rehberlik Uzman Diyetisyen Çınar Demir Akyıldız,+905054824957,Diyetisyen
Nilberk Karaman Beslenme Eğitimi ve Danışmanlık Hizmetleri,+902163602941,Psikolog / Terapist
Hoga Pilates,+905386062353,Pilates / Yoga
Kadıköy Pilates Stüdio | FIT DUO PILATES & FITNESS STUDIO-Kadıköy Fitness Studio | Kadıköy Personal Trainer,+905376843465,Pilates / Yoga
Moonlight Pilates Studio Kadıköy,+905431590698,Pilates / Yoga
FY Pilates Studio Kadıköy,+905554612222,Pilates / Yoga
15 Pilates & more,+905465536015,Pilates / Yoga
İsis Pilates Kadıköy,+905454910001,Pilates / Yoga
Core Pilates & Fonksiyonel Egzersiz & Fizyoterapi,+902164160010,Psikolog / Terapist
Flex Up Pilates,+905468748785,Pilates / Yoga
Svd Pilates Studio,+905453449553,Pilates / Yoga
Yeldeğirmeni Pilates,+905326729297,Pilates / Yoga
Unicorn Pilates,+905386610440,Pilates / Yoga
Centro Reformer Pilates,+902165502324,Pilates / Yoga
Aura Pilates Göztepe,+905421806246,Pilates / Yoga
Gen Pilates Kadıköy,+902163699696,Pilates / Yoga
Pinky Pilates,+905530902901,Pilates / Yoga
Nandita Pilates Studio - İSTANBUL,+905433160673,Pilates / Yoga
Pike Pilates Studio,+905320528064,Pilates / Yoga
Res Pilates,+902164502818,Pilates / Yoga
Caddereformer Pilates Merkezi,+905442174897,Pilates / Yoga
Strom Health Studio Fitness Pilates Fonksiyonel Antrenman,+905558155070,Pilates / Yoga
Onay Fit Studio,+905541610009,Pilates / Yoga
Gymnasio Pilates Selamiçeşme,+905053942076,Pilates / Yoga
Studio Monkey Pilates - Kadıköy Caddebostan Pilates,+905331453305,Pilates / Yoga
Pilates Sign,+905052920283,Pilates / Yoga
STÜDIO FIT’N’CORE,+905424670496,Pilates / Yoga
clarity pilates,+905389702010,Pilates / Yoga
Form Atolyesi,+902163852385,Pilates / Yoga
Pilates Demet Topa,+905327138584,Pilates / Yoga
BUN TRAINING CLUB / Spor Salonu / Fitness / Pilates / Hamile Pilatesi / Mat Pilatesi / Diyetisyen / GYM,+905323899723,Diyetisyen
Aura Reform Studio,+905428957093,Pilates / Yoga
MK Pilates Stüdyo,+905393070232,Pilates / Yoga
Body Design Pilates Stüdyosu,+905549501056,Pilates / Yoga
Zeus Pilates by Seçil Ergüzel,+905315012018,Pilates / Yoga
"Kadıköy Pilates ⎮Fg Stüdyosu⎮ Hamak Yoga, Reformer Pilates, Medikal Pilates",+905306576362,Pilates / Yoga
Pilates by Damla Abbondanza,+905372782451,Pilates / Yoga
GYMNASIO PILATES CADDEBOSTAN,+902164110635,Pilates / Yoga
Coreact Studio Pilates,+905323079907,Pilates / Yoga
FF TRAINING STUDIO,+905387615008,Pilates / Yoga
Deniz Şahin Studio pilates,+905323761677,Pilates / Yoga
Fizyoterapistüdyo Fizyoterapi Merkezi & Pilates Salonu Kadıköy Fizyoterapist,+905305237013,Psikolog / Terapist
Move for Health Pilates,+905492250018,Pilates / Yoga
Zen Studio Fitness & Pilates,+905520829336,Pilates / Yoga
Pilates Sekiz Göztepe Pilates,+905013327572,Pilates / Yoga
4 ATHLETIC Fitness Studio,+905465664266,Kuaför / Berber
G-Studio,+902164630656,Pilates / Yoga
Huggin Pilates,+905342381748,Pilates / Yoga
Pilates Professionals Feneryolu,+905530880870,Pilates / Yoga
The Trainer House Pilates & Personal Training,+905418007373,Pilates / Yoga
Daily Pilates,+905322056085,Pilates / Yoga
BAMBU PİLATES AKADEMİ,+905527455333,Pilates / Yoga
Cadde Pilates Studio,+902164673767,Pilates / Yoga
Sports Factory Pilates,+905321659632,Pilates / Yoga
BE PILATES STUDIO,+902163557843,Pilates / Yoga
Asu Pilates,+905385901952,Pilates / Yoga
Weekend Pilates Studio,+905356620917,Pilates / Yoga
Pilates Station,+905072473714,Pilates / Yoga
Physio Pilates Studio,+905533001505,Pilates / Yoga
Momentum Pilates,+905315780180,Pilates / Yoga
BENSON PRIVATE TRAINING Fitness Fonksiyonel Antreman ve Reformer Pilates,+905452071907,Pilates / Yoga
Ergofit Pilates Studio | Health & Mobility,+905331273190,Pilates / Yoga
POWER UP STUDIO PILATES AND PERSONAL TRAINING,+905322929287,Pilates / Yoga
Pt Studio &Pilates &Suadiye Pilates &En İyi Pilates Salonları &Kick boks &Reformer Pilates,+905327167828,Pilates / Yoga
Vega Beam Pilates Göztepe,+905461066564,Pilates / Yoga
Bağdat Caddesi Power Plate ve Pilates Studio / Murat Ertürk,+905323636055,Pilates / Yoga
Studio Hfit28 Kadıköy,+905523607028,Pilates / Yoga
Dilara Ağ Performans Stüdyo,+905551699809,Pilates / Yoga
MOPS - Master of Pilates Studio & Kozyatağı Pilates,+905462892198,Pilates / Yoga
Famous Training House - Fitness & Pilates,+905345035760,Pilates / Yoga
CreaFit Sports Center,+905054469190,Kuaför / Berber
LEVELS Pilates & Personal Training Studio,+905324517784,Pilates / Yoga
FitHouse Fitness Club,+902165500003,Kuaför / Berber
PILATESARTISTANBUL|ALETLI PILATES|REFORMER|SUADIYE|BAGDAT CADDESI,+905322240156,Pilates / Yoga
Deks Studio,+902163637970,Kuaför / Berber
Roll us pilates,+905327873397,Pilates / Yoga
JustFit Sport Center,+902163302323,Kuaför / Berber
bambispilates,+902163254358,Pilates / Yoga
Pilates Professionals,+905400097500,Pilates / Yoga
LUCE PİLATES,+902163605614,Pilates / Yoga
Energict Fitness Pilates Yoga Studio,+905356590764,Pilates / Yoga
Şebnem İnce Pilates Studio,+902163304111,Pilates / Yoga
Pure Pilates Studio,+902163024242,Pilates / Yoga
Didem Doğan | Kadıköy Pilates Stüdyosu | Zayıflama Merkezi,+905523575733,Pilates / Yoga
Zoom Pilates Studio,+905302249373,Pilates / Yoga
qoop pilates,+905307369319,Pilates / Yoga
City's Pilates,+902164116529,Pilates / Yoga
Effective Way Pilates,+905324040953,Pilates / Yoga
Spirr Club Kadıköy Boks Kick Box Fitness Spor Salonu,+905552323434,Kuaför / Berber
Join Club Suadiye Fitness Pilates,+905402541424,Pilates / Yoga
Pilates Point - Aletli Pilates,+902164180886,Pilates / Yoga
Pilates Baps Caddebostan,+905322747655,Pilates / Yoga
Sun Pilates Göztepe,+905308806897,Pilates / Yoga
Pilatesslim,+902164784845,Pilates / Yoga
"Yoga Evim - Hamile Pilatesi, Hamile Yogası, Normal Doğum, Yogilates AKADEMISI",+905365867317,Pilates / Yoga
Bubble Over Pilates,+902165192777,Pilates / Yoga
Central Pilates Studio,+902163731503,Pilates / Yoga
City's Pilates Bağdat Studio,+902164114511,Pilates / Yoga
Bunn Concept Sports | Kickboks / Pilates / Fonksiyonel / Fitness /Boks,+905438934825,Pilates / Yoga
Pilates Timur Tekçe,+902163020555,Pilates / Yoga
CoreLife Stüdyo,+902163681618,Kuaför / Berber
Piada Pilates,+905432047352,Pilates / Yoga
BgmLife Pilates Studio,+905443569007,Pilates / Yoga
DOMS ACADEMY PERSONAL TRAİNİNG & PİLATES STUDİO,+905323614013,Pilates / Yoga
Happy Pilates,+905322534752,Pilates / Yoga
ORENDA PİLATES CADDE,+905446673632,Pilates / Yoga
PlayStüdyo Hasanpaşa | Kadınlara Özel Spor Salonu,+902164347529,Kuaför / Berber
Este Beauty Care Koşuyolu Güzellik Merkezi,+905351065395,Güzellik Salonu
Smooth Life,+902165172222,Güzellik Salonu
Özlem Güzellik Salonu (Kartal / İstanbul),+902163063254,Güzellik Salonu
"Pera Beauty Güzellik Salonu / Soğanlık, Kartal",+905360332662,Güzellik Salonu
Beauty Rise Kartal,+905012553232,Güzellik Salonu
"RU Beauty Güzellik Merkezi - Kartal Lazer Epilasyon, G5, Lifting",+905322299734,Güzellik Salonu
TUTKU ZENGİN BEAUTY WORLD - KARTAL,+905404575858,Güzellik Salonu
Ala güzellik salonu,+905383599920,Güzellik Salonu
Melike Adıgüzel Kartal Şubesi,+905456700646,Güzellik Salonu
"Estedore Beauty Palace Kartal | Epilasyon, Cilt Bakımı, Zayıflama",+908508115444,Güzellik Salonu
Yasemin Kartal Güzellik ve Lazer Merkezi - Kartal,+905427383843,Güzellik Salonu
Gizben Güzellik Salonu,+905335099573,Güzellik Salonu
The Beauty Lab,+905336647178,Güzellik Salonu
Ayşim Manikür Pedikür Salonu,+902163539363,Güzellik Salonu
Nefertiti Güzellik Salonu,+905424622130,Güzellik Salonu
Este Ladys Beauty,+905074055656,Güzellik Salonu
Emsal Doğan Beauty Kartal,+905010771136,Güzellik Salonu
Yeliz Başaran Beauty Kartal,+905010042345,Güzellik Salonu
GÖZDE BEAUTY CENTER (Bayan Kuaförü ve Bay - Bayan Güzellik Salonu)),+905320587950,Güzellik Salonu
Vianora Beauty,+905457993198,Güzellik Salonu
AYNA & SEDA KAYA Güzellik ve Bakım Salonu,+905368883789,Güzellik Salonu
MajesteM güzellik merkezi,+905434560304,Güzellik Salonu
DAMLA HÜNER BEAUTY,+905333205869,Güzellik Salonu
Kartal Lazer Epilasyon / Estecosmo Güzellik,+905413976463,Güzellik Salonu
Beauty Boss Kartal,+905066457765,Güzellik Salonu
La Pia the Saloons,+905052085577,Kuaför / Berber
YÜKSEL YILMAZ KUAFÖR,+905543510943,Kuaför / Berber
GÖKHAN SARIKAYA KUAFÖR,+905333188444,Kuaför / Berber
SALON JOLIE ( kadın & erkek kuaförü),+902165177242,Kuaför / Berber
Oasis Hair,+905013040524,Kuaför / Berber
Dursun Ayşe Hair Makeup Studio,+905524387986,Güzellik Salonu
Tuba Kuaför,+902164526338,Kuaför / Berber
Saloon 34 Coiffeur Kartal,+905362141450,Kuaför / Berber
Nermin Solmaz Beauty / Nermin Kuaför,+902166293231,Güzellik Salonu
Ali Akman Unisex Kuaför,+905525883231,Kuaför / Berber
Stüdyo kuaför (BAYAN) Dragos,+905334776580,Kuaför / Berber
Serhan Oğuz Güzellik Merkezi,+902165172970,Güzellik Salonu
Koza Güzellik & Kuaför,+902163090333,Güzellik Salonu
MELODİ BAYAN KUAFÖRÜ,+905304216866,Kuaför / Berber
Formmed Kuaför,+902163066319,Kuaför / Berber
Naturel Bayan Kuaför& Güzellik,+905301175359,Güzellik Salonu
Saloon Emre Çolak,+905316888874,Kuaför / Berber
Ali Gür Kuaför bay,+902163099854,Kuaför / Berber
Saloon Kulis Kuaför Salonu,+905539507319,Kuaför / Berber
Saloon melih,+902163535231,Kuaför / Berber
Derya Kuaför,+905301712709,Kuaför / Berber
Neslihan kuafôr,+902164754990,Kuaför / Berber
SALON ES SAÇ TASARIM VE GÜZELLİK MERKEZİ,+905379536065,Güzellik Salonu
"Salon Eren Yılmaz| Solaryum, Protez Tırnak, Gelin Başı Modelleri ve Kuaför Fiyatları",+905375942155,Güzellik Salonu
ŞEYDA GÖKHAN KUAFÖR,+905523407652,Kuaför / Berber
Bayan Kuaförü Çise,+905343668339,Kuaför / Berber
TOLGA Bayan Kuaförü,+905462787347,Kuaför / Berber
SEVİNÇ ULAŞ KUAFÖR,+905469616302,Kuaför / Berber
Pandora Hair Studio,+902163774258,Kuaför / Berber
Kuaför Halit Ceyhan,+902163831062,Kuaför / Berber
Kartal Kuaför Kadın ve Erkek Murat Alçınkaya,+905334759135,Kuaför / Berber
Neşeli Kuaför,+902163534249,Kuaför / Berber
Hair City,+905071003838,Kuaför / Berber
Kuaför Banu SOĞUK,+902164886036,Kuaför / Berber
Bayan Saloon Emre Yildirim Kartal,+905326402629,Kuaför / Berber
Mehmet Kaya Hair Design,+905356132970,Kuaför / Berber
Hamit & Murat bayan kuaförü,+902164730113,Kuaför / Berber
Kuaför Sedat Mehmet,+902164882661,Kuaför / Berber
salon serkan bayan kuaförü,+905359220583,Kuaför / Berber
Batuhan Taşcı Men's Hair Erkek Kuaförü Soğanlık Kartal İstanbul,+905313502466,Kuaför / Berber
Bayan Kuaförü - Mert Şahin Coiffeur - Uğurmumcu,+905304198403,Kuaför / Berber
Esin Kuaför,+902163775565,Kuaför / Berber
Alper Damdelen kartal,+905382098614,Kuaför / Berber
Selami Kaplan kuaför,+905374866480,Kuaför / Berber
GÜÇLÜ BAYAN KUAFÖR,+902165171747,Kuaför / Berber
Saim Küre Tues Bayan Kuaförü,+905439149596,Kuaför / Berber
Bulut Bayan Kuaförü,+902164762010,Kuaför / Berber
Hair Designer,+905321204437,Kuaför / Berber
Münevver BİÇER Beauty & Coiffeur,+902164885099,Güzellik Salonu
Gülcan kuaför,+905315862152,Kuaför / Berber
NC KUAFÖR SOĞANLIK,+902164529772,Kuaför / Berber
SEVİL KUAFÖR,+905366758804,Kuaför / Berber
KUAFÖR HAKAN ÖZDOĞAN by berber,+905324786141,Kuaför / Berber
SALOON 1407 BAYAN KUAFÖRU,+902164514466,Kuaför / Berber
DALİLA COIFFEUR & SOLARIUM,+905380542626,Güzellik Salonu
Kamil Ayan Kuaför,+902163745206,Kuaför / Berber
Emre Hergül Coiffeur,+902163894787,Kuaför / Berber
Zen Kuaför Yakacık,+902163092223,Kuaför / Berber
Salon Bay TK Kuaför Taşkın KAYKISIZ,+905353842299,Kuaför / Berber
Kuaför Nurcan,+905325941138,Kuaför / Berber
KENAN & BUĞÇE HAİR & BEAUTY SALON,+905383662014,Güzellik Salonu
Ensar Demir Erkek Kuaförü - Çavuşoğlu Kartal İstanbul - Erkek Berberi,+905354306861,Kuaför / Berber
Salon Elit,+905449041199,Kuaför / Berber
Ayşe & Semiha Kuaför,+902163701641,Kuaför / Berber
Bircan Bayan Kuaförü,+902163778834,Kuaför / Berber
Yeni nesil perma kartal (Fa.kuafor),+905552313178,Kuaför / Berber
Kuaför Handan,+902163533615,Kuaför / Berber
Genç Kuaför,+905359506413,Kuaför / Berber
Özgülümse bayan kuaförü,+905059777696,Kuaför / Berber
ERKEK KUAFÖRÜ BİROL AKPINAR,+905333732743,Kuaför / Berber
Sıla Bayan Kuaförü,+902163094858,Kuaför / Berber
Kartal Saç Kaynak Merkezi Kuaför Mesut,+905356367740,Kuaför / Berber
M.KARA Erkek Kuaförü,+905364903226,Kuaför / Berber
Özgür Erkek Kuaförü(Özgür Coiffeur),+905428022333,Kuaför / Berber
MY STAR Bayan Kuaförü,+905372862990,Kuaför / Berber
Makkas,+902163740058,Kuaför / Berber
HASAN YAMAN KUAFÖR VE GÜZELLİK MERKEZİ,+902165103409,Güzellik Salonu
Kuaför Ahmet,+902166723022,Kuaför / Berber
Kuaför Arife,+905324728597,Kuaför / Berber
Salon CK Coşkun Kılıç,+905394400551,Kuaför / Berber
Nil Kuaför,+905395199391,Kuaför / Berber
Erda Bayan Kuaförü Türban Tasarım,+905344901229,Kuaför / Berber
Meryemce Türban Tasarım,+905555830006,Güzellik Salonu
Reyhan Bayan Kuaförü,+905413904952,Kuaför / Berber
Kuaför Alican,+905549844670,Kuaför / Berber
Serkan Güler,+905374303523,Kuaför / Berber
Kabasakal & Cezmi Erkek Kuaförü Coiffeur/Barber/Berber,+905442538951,Kuaför / Berber
MAVİ SAKAL ERKEK KUAFÖRÜ,+905436332604,Kuaför / Berber
Pelin Ağda Salonu,+905375060333,Güzellik Salonu
Bella Bayan Kuaförü,+905399663788,Kuaför / Berber
METİN ANAC Professional hair design [ BAY - BAYAN KUAFÖR ],+905456641002,Kuaför / Berber
Kuaför by Metin,+905373657561,Kuaför / Berber
SALOON q Unisex Hair Design,+905325893561,Kuaför / Berber
Salon Kartal Bay Kuaför,+905366947615,Kuaför / Berber
Salon Fk Bayan Kuaförü,+902164889292,Kuaför / Berber
HAİR LOUNGE HAKAN,+902166521650,Kuaför / Berber
Bayan Kuaförü Hakan,+902169096834,Kuaför / Berber
Barış çorlu kuaför,+905374343185,Kuaför / Berber
Yaşargül kuaför,+902164737511,Kuaför / Berber
Berat Tamkoç Men's hair Erkek Kuaförü Soğanlık Kartal İstanbul,+905367981471,Kuaför / Berber
Kuaför Ermira,+902163771105,Kuaför / Berber
Salon İstanbul,+905466513561,Kuaför / Berber
Doğan Erkek Kuaförü,+905353338322,Kuaför / Berber
Kuaför özcan,+905366812007,Kuaför / Berber
Meç Kuaför Salonu,+902164736705,Kuaför / Berber
ASESTETİK /Kartal,+908505320099,Güzellik Salonu
You Estetik - Soğanlık Şube,+908508880172,Güzellik Salonu
ESTETİK ASYA,+905438181150,Güzellik Salonu
Touch Up Estetik,+905526990076,Güzellik Salonu
Dr.Mustafa Eray Erkek Klinik | Medikal Estetik-Dolgu & Botoks - Dudak Dolgusu - Mezoterapi & PRP - Sıvı Yüz Germe-Altın İğne,+905469264260,Psikolog / Terapist
Ar Med Güzellik ve Estetik - Soğanlık Şubesi,+902163098990,Güzellik Salonu
Emel Hakim,+905332512232,Güzellik Salonu
Buse Yücel Beauty House,+905549700466,Güzellik Salonu
Armed Güzellik ve Estetik - Uğur Mumcu Şubesi,+902164754959,Güzellik Salonu
Reyhan Görgün Beauty,+905413891385,Güzellik Salonu
"Erdem Kozmetik | Estetik, Güzellik, Salon Ekipman ve Cihazları | Onarım Bakım ve Teknik Servis",+902164523077,Güzellik Salonu
Op. Dr. Sedat Öz,+905313283903,Güzellik Salonu
S&R Beauty Center - Kartal Güzellik Merkezi,+905530918195,Güzellik Salonu
Lena Beauty House Kartal,+905322098652,Güzellik Salonu
EZGİ DEMİR BEAUTY,+905301606024,Güzellik Salonu
MelikeTopal beauty / lazer epilasyon,+905367669173,Güzellik Salonu
Aqualife Kartal,+905346593455,Güzellik Salonu
MAC ESTETİK BEAUTY,+905520001082,Güzellik Salonu
ESTESU WORLD BEAUTY,+905431451010,Güzellik Salonu
Op. Dr. Betül Erdemir,+905056229350,Güzellik Salonu
La Vivella Beauty,+905521759091,Güzellik Salonu
Doğalife Güzellik Salonu | Lazer Epilasyon | Dolgu | Cilt Bakımı,+902163545557,Güzellik Salonu
Sera Estetik & Güzellik,+902163895969,Güzellik Salonu
Deniz Köleoğlu,+905431038883,Güzellik Salonu
Yeşil Yaşam Plus Güzellik Merkezi,+905522348383,Güzellik Salonu
Dr Nusret Tuncer Medika Estetik,+902163747700,Güzellik Salonu
Kartal Kadın Doğum Merkezi Jinekolog Genital Estetik Kürtaj Kızlık Zarı Dikimi Labioplasti Vajina Daraltma Kadın Doğum Uzmanı,+905322065860,Güzellik Salonu
GÜLŞAH TUNÇBİLEK BEAUTY STUDIO,+902163891708,Güzellik Salonu
Esteyess Kişisel Bakım Merkezi,+905531988767,Güzellik Salonu
Cannur Şanlı Akademi Beauty,+905525557075,Güzellik Salonu
VoloMed Estetik,+905444208151,Güzellik Salonu
"Gülten Kartal Güzellik Merkezi | Saç Simülasyonu, Buz Lazer ve Güzellik Bakım",+905531864912,Güzellik Salonu
Mega Estetik International,+905443047344,Güzellik Salonu
Zehra Erdoğan Beauty Studio,+905335023774,Güzellik Salonu
Aynur Medical Estetik ve Güzellik Merkezi,+905428240285,Güzellik Salonu
Ayşegül Öz beauty,+905303960189,Güzellik Salonu
Ayza Beauty,+905526901259,Güzellik Salonu
Op. Dr. Ali Doğan,+905461256039,Güzellik Salonu
Dr. Ömer Alp Polikliniği,+905011543650,Güzellik Salonu
Serap Yıldız Beauty,+902163063174,Güzellik Salonu
"Este Sağlık Grubu (Saç Ekimi, Saç Tedavisi, Diş Tedavisi)",+905324753783,Diş Kliniği
Op. Dr. İbrahim Alper Aksakal,+905330656565,Güzellik Salonu
İstmarina Estetik,+905332921063,Güzellik Salonu
Aynur estetik ve güzellik merkezi,+905070338182,Güzellik Salonu
Duru Estetik Ağız ve Diş Sağlığı Polikliniği,+905539302426,Diş Kliniği
Albizzia Clinic,+905011604040,Güzellik Salonu
The Pastel | Beauty & Güzellik | Kartal Güzellik Salonu,+902167598059,Güzellik Salonu
Başak Güzellik Salonu,+902164521700,Güzellik Salonu
H.YASMİN GÜZELLİK SALONU,+902164885152,Güzellik Salonu
Plastderm,+905531358032,Güzellik Salonu
Bade Beauty & Make Up,+905516626452,Güzellik Salonu
Kartal Protez Saç ve Bakım Merkezi,+905516682642,Kuaför / Berber
medicalife,+902164102888,Güzellik Salonu
SRN MEDİKAL KOZMETİK,+905327408029,Güzellik Salonu
THE BEAUTY LOUNGE BY MİRAY & MELİS,+905528779193,Güzellik Salonu
Mybest Beauty,+905312942685,Güzellik Salonu
Jinekolog Opr. Dr. Abdülkadir SAĞKOL Renkli Ultrason Genital Estetik Labioplasti Vajina Daraltma Kürtaj Kızlık Zarı Dikimi,+905322191920,Güzellik Salonu
Epiestetica Beauty Center,+905051158882,Güzellik Salonu
Nazan Ağırbaş Beauty,+905413403489,Güzellik Salonu
ELMİRA BEAUTY,+905458599468,Güzellik Salonu
Zeynep Manikür Pedikür Salonu,+902163530209,Kuaför / Berber
"Pendik Kadın Doğum Merkezi, Pendik Kürtaj, Kızlık Zarı Dikimi, Genital Estetik, Jinekolog, Gebelik Ultrasonu",+902163539624,Güzellik Salonu
Elif Gülyol Beauty,+905396135837,Güzellik Salonu
NN NAIL Protez Tırnak / Kaş Kirpik Lifting,+905449059524,Güzellik Salonu
Nurem Estetik,+902163774464,Güzellik Salonu
Clinicpark® Cosmetic Surgery Turkey,+902167066000,Diğer (Sağlık & Bakım)
"Kadıköy Kürtaj, Kadıköy Kadın Doğum Kliniği, Kızlık Zarı Dikimi, Jinekolog Doktor, Gebelik Ultrasonu, Genital Estetik, HPV",+902164732065,Güzellik Salonu
Klinik Psikolog Mustafa Demir,+905512821995,Psikolog / Terapist
Kartal Psikolojik Danışman / Uzman Psikolojik Danışman Demet Çetin Dalak - Kartal Psikolog,+905333831446,Psikolog / Terapist
CLINICA DRAGOS PSİKOLOJİ & PSİKİYATRİ / Uzm.Dr. Mehmet İrfan Coşkun Ruh Sağlığı Kliniği,+905332039156,Psikolog / Terapist
Kartal Çocuk Danışmanlık Merkezi,+905309038104,Psikolog / Terapist
Dr. Sinan Doğan | Kartal Psikolog,+905011933133,Psikolog / Terapist
"Uzman Psikolog Berat Taşbaşı | Evlilik, İlişki ve Çift Terapisti | Paylaşımlı Psikolog Ofisi",+905519455578,Psikolog / Terapist
Uzman Klinik Psikolog Esma Kaplan Ekinci,+905512158404,Psikolog / Terapist
Ece Psikolojik Danışmanlık Merkezi,+905439231575,Psikolog / Terapist
Psikolog Gizem Özyürek,+905322660524,Psikolog / Terapist
Klinik Psikolog Merve Ece ÜK,+905352381165,Psikolog / Terapist
"Pendik Psikolog - Klinik Psikolog Erol Akdağ EMDR, HİPNOZ, ÇİFT, AİLE",+905055020868,Psikolog / Terapist
Klinik Psikolog Sema Şahin Erol,+905316338946,Psikolog / Terapist
Kartal Psikolog Berivan Naz Alır,+905071910959,Psikolog / Terapist
Kartal Psikolog / Shiva Psikolojik Danışmanlık Merkezi,+905363755987,Psikolog / Terapist
Özel Tema Özel Eğitim ve Rehabilitasyon Merkezi - Otizm - Dil ve Konuşma Terapisi - Özel Öğrenme Güçlüğü - Spor Eğitimi,+902164511828,Psikolog / Terapist
Kartal Psikolog /Hera Psikolojik Danışmanlık Merkezi,+905307694434,Psikolog / Terapist
Klinik Psikolog Özlem Şentürk,+905317941839,Psikolog / Terapist
Pendik Dünya Danışmanlık ve Psikoloji Merkezi | Pendik Psikolog,+905315005709,Psikolog / Terapist
"Uzm. Kl. Psk. Oktay Koçan, Psikoloji",+905362328421,Psikolog / Terapist
Bahçe Psikoloji,+905301222662,Psikolog / Terapist
Özne Psikoloji/Maltepe Psikolog/Kartal Psikolog,+905312347266,Psikolog / Terapist
Psikiyatri Uzmanı DR. MEHMET İRFAN COŞKUN,+905372990345,Psikolog / Terapist
Klinik Psikolog Beste Görgülü Ayhan,+908508115103,Psikolog / Terapist
Klinik Psikolog Merve Tolgun | Kartal Psikolog Online Psikolog,+905436890208,Psikolog / Terapist
Psikolog Fatih Reşit Civelekoğlu,+908503082153,Psikolog / Terapist
Klinik Psikolog Özlem Dağ– Kartal | Online & Yüz Yüze Terapi,+905323176778,Psikolog / Terapist
Psikolog Dilara Vurkun,+905350149937,Psikolog / Terapist
Klinik Psikolog Ayşenur Aldırmaz,+905518567165,Psikolog / Terapist
Psikolog Müleyke Kazancı/Kartal Cevizli Psikolog,+905529391872,Psikolog / Terapist
Kartal Psikolog Elif Erdoğan,+905303812318,Psikolog / Terapist
Tuzla Psikolog | Hera Psikolojik Danışmanlık Merkezi,+905524724444,Psikolog / Terapist
Psikolog | Pedagog | Çift ve Aile | Pinum,+905444028527,Psikolog / Terapist
Kurtköy Psikolog|Büşra Kartal Psikoloji,+908504741182,Psikolog / Terapist
Klinik Psikolog Yasemin Tüzemen,+905451407162,Psikolog / Terapist
Gün & Ay Psikolojik Danışmanlık,+905415239450,Psikolog / Terapist
Nehir Bazna- Klinik Psikolog,+905337604248,Psikolog / Terapist
Klinik Psikolog Emine Bıçak / Kartal Psikolog,+905014939873,Psikolog / Terapist
Kardelen Özel Aile Danışma Merkezi,+905437634353,Psikolog / Terapist
Kartal Psikolog | Mesut ÇAKIR,+905550280737,Psikolog / Terapist
Kelebek Psikolojik Danışmanlık Merkezi,+905305078656,Psikolog / Terapist
Psikolojik Danışman İrem Rüzgar,+905462191552,Psikolog / Terapist
Psikolog Beyzanur Bozkurt,+905333842685,Psikolog / Terapist
Kartal Psikolog | Psikoterapist Betül Matur,+905316243709,Psikolog / Terapist
Tema Psikoloji/ Ebru Hocaoğlu Güzel,+905455972567,Psikolog / Terapist
Pinova Danışmanlık Merkezi,+905510938443,Psikolog / Terapist
Kartal Psikolog Merve İpek,+905358861016,Psikolog / Terapist
Uzman Psikolog Beste Yaldız Demir,+905327402378,Psikolog / Terapist
Uzm. Dr. Narin Tan Kartal - Psikiyatrist & Psikoterapist,+905333577229,Psikolog / Terapist
Psikolog Burcu Teker,+905527565790,Psikolog / Terapist
Uzman Psikolog Melike Yılmaz,+905383417226,Psikolog / Terapist
Nature Psikoloji Danışmanlık Merkezi,+905068802825,Psikolog / Terapist
Kartal Psikolog Uzm. Kl. Psk. Feyza Durmuş,+905550252669,Psikolog / Terapist
Betül Asarkaya Apaydın,+905016255464,Psikolog / Terapist
Psk. Özge Özgen Sal,+905543640009,Psikolog / Terapist
Koparan Psikoloji Eğitim ve Danışmanlık Hizmetleri,+905452440034,Psikolog / Terapist
Aura PSİKOLOJİ,+905468462800,Psikolog / Terapist
Uzm. Dr. Seyfi MEMETALİ Psikiyatrist - Psikoterapist - Psikiyatri Kliniği,+905352371851,Psikolog / Terapist
Klinik Psikolog Feyza Nur Yurduseven | Maltepe Kartal Psikolog,+905421906592,Psikolog / Terapist
Uzman Klinik Psikolog Tuğba YILDIRIM,+905513563014,Psikolog / Terapist
Dr. Lale Aslan (Kadın-Doğum/Tüp bebek Uzmanı),+905422798956,Diğer (Sağlık & Bakım)
Klinik Psikolog Selin Uçar,+905011584827,Psikolog / Terapist
Özel Cevizli Ağız ve Diş Sağlığı Polikliniği,+902167842021,Diş Kliniği
Özel Gül Ağız ve Diş Sağlığı Polikliniği,+902163747253,Diş Kliniği
Kartal Ağız ve Diş Sağlığı Merkezi,+902165863500,Diş Kliniği
Diş Bahçesi Ağız ve Diş Sağlığı Polikliniği - İstanbul Kartal Diş Klinikleri,+908508116808,Diş Kliniği
Özel Soğanlık Toprak Ağız ve Diş Sağlığı Polikliniği,+902163770400,Diş Kliniği
Özel OVA DİŞ Ağız ve Diş Sağlığı Polikliniği,+902165040676,Diş Kliniği
İda Diş Ağız ve Diş Sağlığı Polikliniği,+905419630646,Diş Kliniği
Klinik Akademi Kartal Soğanlık Ağız ve Diş Sağlığı Polikliniği,+902165142355,Diş Kliniği
Dentatalar ağız ve diş sağlığı polikliniği(Özel atalar ağız ve diş sağlığı polikliniği),+905377249825,Diş Kliniği
Kartal - Diş Hekimi Sena Toptan Tutgun,+905551881383,Diş Kliniği
Vien Denta Ağız Ve Diş Sağlığı Merkezi,+902163530001,Diş Kliniği
ÖZEL DİŞMEKAN AĞIZ VE DİŞ SAĞLIĞI POLİKLİNİĞİ MERKEZ,+902166061347,Diş Kliniği
Diş Hekimi Şeyma Acar,+905543072974,Diş Kliniği
Palm Ağız ve Diş Sağlığı Polikliniği,+905065567396,Diş Kliniği
DİŞ HEKİMİ EBRU DOLU KAYHAN,+905528602618,Diş Kliniği
Özel Eva Diş Ağız ve Diş Sağlığı Polikliniği / Eva Dent - UĞURMUMCU KARTAL,+905079919910,Diş Kliniği
Clinic Mja Ağız ve Diş Sağlığı Polikliniği,+902167557400,Diş Kliniği
Özel Soğanlık Ağız ve Diş Sağlığı Polikliniği (Yeni Adı Dişmekan),+908503040347,Diş Kliniği
Diş Hekimi Rabia TAŞKIN,+905013771220,Diş Kliniği
MİM DENT - Dt. Elif Melissa Girgin Muayenehanesi,+905467675522,Diş Kliniği
İmpex Dent Ağız ve Diş Sağlığı Polikliniği | İmplant | Diş Teli | Kartal,+902163874747,Diş Kliniği
Diş Hekimi Çiğdem Çerçi,+905325063904,Diş Kliniği
Kartal Nokta Ağız ve Diş Sağlığı Polikliniği,+902165171819,Diş Kliniği
Cerrahi Grup Kartal Ağız ve Diş Sağlığı Polikliniği,+905326693368,Diş Kliniği
İstanbul34 Ağız ve Diş Sağlığı Polikliniği,+905331700177,Diş Kliniği
Diş Hekimi Gönül Kırmacı,+905528503855,Diş Kliniği
Diş Uzmanım Ağız ve Diş Sağlığı Polikliniği,+905301453140,Diş Kliniği
Özel yakacık ağız ve diş sağlığı polikliniği,+902163773977,Diş Kliniği
Melis Ağız ve Diş Sağlığı Polikliniği,+905552112211,Diş Kliniği
Alfa Dental Clinic - Diş Hekimi Kadir Can ASLAN,+908504747806,Diş Kliniği
Klinik ART,+905057473634,Diş Kliniği
Özel Dentay Ağız Ve Diş Sağlığı Polikliniği,+902163532555,Diş Kliniği
Diş Hekimi Selman Sadak,+905411709622,Diş Kliniği
Diş Hekimi Merve Ayhan Titrek Diş Kliniği,+905058538703,Diş Kliniği
Diş Hekimi Volkan Erişgin,+905389345377,Diş Kliniği
Dr. Dt. Nur ERHUN,+902167664889,Diş Kliniği
Diş Hekimi Yüsra Barış,+905465793033,Diş Kliniği
Diş Hekimi Barış Taşkın.,+905396719206,Diş Kliniği
Dental Studio Kartal,+902163539653,Diş Kliniği
Özel Aile Diş Ağız ve Diş Sağlığı Polikliniği | Kartal Şube,+902164750888,Diş Kliniği
Özel Çağın Ağız ve Diş Sağlığı Polikliniği Kartal,+905015175044,Diş Kliniği
Kartal Mai Diş ağız ve diş sağlığı polikliniği,+905076141240,Diş Kliniği
Diş Hekimi Defne Turan,+905019411515,Diş Kliniği
Prof. Dr. Özgür Erdoğan Muayenehanesi,+905331624879,Diş Kliniği
Diş Hekimi Gökay Kartal | Kadıköyde İmplant Tedavisi | Kadıköyde Diş Hekimi | Kadıköyde Diş Polikliniği,+905322736149,Diş Kliniği
Kartal İdol Ağız ve Diş Sağlığı Polikliniği,+905364746193,Diş Kliniği
Dt. İlayda Zeynep Karasu,+905519001414,Diş Kliniği
Dentavera Ağız ve Diş Sağlığı Merkezi,+902163999451,Diş Kliniği
Diş Hekimi Selim Kekeç,+902163778538,Diş Kliniği
Dental İmaj Diş Kliniği | Kartal Diş Klinikleri | Cavuşoğlu Dişçi,+905324975855,Diş Kliniği
Diş Hekimi Melek Köseoğlu Usta / Gülüş Tasarımı-İmplant,+905518416336,Diş Kliniği
Göksel Ağız Ve Diş Sağlığı Polikliniği,+905336113723,Diş Kliniği
Özel Dentist Ağız ve Diş Sağlığı Polikliniği,+902164512104,Diş Kliniği
Dehadent Ağız ve Diş Sağlığı Polikliniği,+902167663910,Diş Kliniği
Özel Sade Ağız ve Diş Sağlığı Polikliniği,+905057729961,Diş Kliniği
DişAdresim Ağız ve Diş Sağlığı Polikliniği,+905522200459,Diş Kliniği
Özel Nano Ağız ve Diş Sağlığı Polikliniği- Kartal- Uğurmumcu,+905432089779,Diş Kliniği
Lipadent® Kartal Ağız ve Diş Sağlığı Polikliniği,+905414045472,Diş Kliniği
Diş Hekimi Hasan Karci Muayenehanesi,+905433457524,Diş Kliniği
Dt. Gülhan Yumak,+902164884823,Diş Kliniği
Diş Hekimi Yüksel Atasoy,+905454605996,Diş Kliniği
Diş Hekimi Dilek Açıkalın,+902164755354,Diş Kliniği
DIS HEKIMI Suat TATAR,+902163771077,Diş Kliniği
Tuba Kartal Diş Hekimi,+908508116754,Diş Kliniği
Nejat Akdoğan,+902163874961,Diş Kliniği
Hüseyin Uğurel - Uğurel Medikal Sağlık Hizmetleri ve Ticaret Limited Şirketi,+902163530008,Diş Kliniği
Diş Hekimi Tufan Akçal Muayenehanesi,+905418089864,Diş Kliniği
Gürol BALKAN,+902163996190,Diş Kliniği
Diş Hekimi Benan İlayda KARAMAN,+902164429091,Diş Kliniği
Diş Hekimi Ufuk Günaydın,+902163532433,Diş Kliniği
Diş Hekimi Vildan Yıldırım Oymak,+905327952015,Diş Kliniği
ÖZEL BESTE BEGÜM AĞIZ VE DİŞ SAĞLIĞI POLİKLİNİĞİ,+905453211221,Diş Kliniği
Diş Hekimi Mithat Binici,+902164419578,Diş Kliniği
Let's Smile Oral & Dental Health Clinic | Implant in Turkey,+905317837472,Diş Kliniği
Köşk Dental,+902167663702,Diş Kliniği
Diş Hekimi Fahrettin Kerim Derman,+902163871810,Diş Kliniği
Özel Soğanlık Ağız ve Diş Sağlığı Polikliniği,+905523040347,Diş Kliniği
Diş Hekimi Yüksel Metin,+902163532318,Diş Kliniği
DİŞ HEKİMİ AYNUR AKKUŞ,+902164884870,Diş Kliniği
Ortodontist Dr.Dt. Kemal BOZKURT,+905437829070,Diş Kliniği
Diş Hekimi Aynur Kazancı,+902163522352,Diş Kliniği
Diş hekimi Minevver Kılınç,+905441105856,Diş Kliniği
Diş Hekimi Esma Kütan Bilkil,+905414576656,Diş Kliniği
Tattoo 6~45,+905421026405,Dövme & Piercing
PISLICK Piercing Studio,+905076633833,Dövme & Piercing
Noktahat tattoo,+905330569370,Dövme & Piercing
Süleyman ARIKAN Tattoo,+905075332988,Dövme & Piercing
TAN INK TATTOO,+905358422314,Dövme & Piercing
Takılım,+905516448486,Dövme & Piercing
Black Ink House,+905389314633,Dövme & Piercing
Pearl Tattoo & Piercing Studio - TATTOOLATTE,+905078195423,Dövme & Piercing
Sanin Tattoo,+905339552023,Dövme & Piercing
Turan Aslan tattoo,+905385743427,Dövme & Piercing
Tattoo hamoon,+905523844746,Dövme & Piercing
Lal Bijuteri Piercing Tattoo,+902163542300,Dövme & Piercing
Grandpa Tattoo Pendik Dövmeci akasya sokak no20kat3daire4,+905308996053,Dövme & Piercing
BEB TATTOO PİERCİNG PENDİK,+905300474686,Dövme & Piercing
Think tattoo istanbul,+905396883267,Dövme & Piercing
Herakles Ink Pendik (Tattoo By Şahin Güçlü),+905392129273,Dövme & Piercing
WEST TATTOO,+905519940789,Dövme & Piercing
BODY-INK TATTOO-PIERCING,+905334971995,Dövme & Piercing
Kaf.ink,+905356799031,Dövme & Piercing
dövmeciler org,+902165179044,Dövme & Piercing
oguzgulnk,+905379152763,Dövme & Piercing
Bohemtattoostudio,+905465682120,Dövme & Piercing
Emre Yıldız INK Tattoo & Piercing Pendik Studio,+905359233698,Dövme & Piercing
TattooBox Studio,+905363908012,Dövme & Piercing
Pendik Ra Tattoo,+905445739669,Dövme & Piercing
Mirown Tattoo Studio,+905395520591,Dövme & Piercing
Tattoo ink Pendik,+905380698725,Dövme & Piercing
Tattoo Pendik Yakup,+905350131263,Dövme & Piercing
Pelinay Tattoo Studio,+905325156285,Dövme & Piercing
Black Art Tattoo | Pendik Dövme Stüdyo,+905330807059,Dövme & Piercing
Yasu Ink Tattoo Studio,+905469574157,Dövme & Piercing
Rulet Tattoo,+905418506485,Dövme & Piercing
Bosphorus Ink Suadiye Tattoo and Piercing,+905439541482,Dövme & Piercing
Lucy Tattoo&Piercing,+905550623664,Dövme & Piercing
Diyetisyen Hilal Gönel Özel Sağlık Meslek Hizmet Birimi,+905309318509,Diyetisyen
İMİ SAĞLIKLI YAŞAM MERKEZİ / Diyetisyen İrem Nur Güler,+905065981010,Diyetisyen
Tuba Oruç Beslenme ve Diyet Merkezi,+905392154039,Diyetisyen
Diyetisyen Çisem Sarı,+908504741960,Diyetisyen
Uzman Diyetisyen Emine Elif Yılmaz Demir Özel Sağlık Hizmet Birimi,+905389782170,Diyetisyen
Diyetisyen Esra Demir,+905313816106,Diyetisyen
Diyetisyen Ayben Dede,+905301261424,Diyetisyen
Uzm. Dyt. Ayşenur Şahin Bilgin,+905330491894,Diyetisyen
NF Klinik,+905455490295,Diğer (Sağlık & Bakım)
Diyetisyen Serra Gör,+905339255326,Diyetisyen
Sibel Sarıca Sağlıklı Beslenme ve Diyet Merkezi,+905388693862,Diyetisyen
Kartal Herbalife Beslenme Merkezi,+905397112812,Diyetisyen
İ - Shape Fit,+905313051019,Güzellik Salonu
Diyetisyen Tuba Kılınçtepe,+905437994032,Diyetisyen
Dyt. Revşan Kartal,+908504747025,Diyetisyen
Uzman Diyetisyen Büşra SÖKÜTLÜ,+905356669486,Diyetisyen
Diyetisyen & Psikolog Berrin AK ATİŞ,+905441184964,Psikolog / Terapist
Uzm. Diyetisyen Gülcan Akıncı,+905305973505,Diyetisyen
DilekÇe Reformer Pilates,+905438860939,Pilates / Yoga
Pilates Kartal,+905355400642,Pilates / Yoga
Form & Flow Pilates Studio,+905012972001,Pilates / Yoga
FİZYOSİERRA PİLATES-ATALAR,+905077058078,Pilates / Yoga
Phoenix Pilates Studio Esentepe,+905052107778,Pilates / Yoga
Alvin Pilates Studio,+905077911313,Pilates / Yoga
Best Studio Pilates,+905545232477,Pilates / Yoga
YogaTha Pilates,+905010099380,Pilates / Yoga
"Polgym Pilates Studio - Kartal Pilates (Reformer, Yoga, Fizyoterapi)",+905421811141,Psikolog / Terapist
Reform Pilates Studio - Zeynep Eltetik,+905050195135,Pilates / Yoga
Yasemin Kartal Pilates Studio,+905519778860,Pilates / Yoga
Mylife Pilates,+905377275780,Pilates / Yoga
Pilates Yakacık - Pilates Kartal,+905375497740,Pilates / Yoga
Cansel Çavdar Pilates Studio,+905494902424,Pilates / Yoga
SportPoint Pilates,+905319131193,Pilates / Yoga
Hundred Percent Pilates,+905054977388,Pilates / Yoga
Leora Pilates Studio,+905398383404,Pilates / Yoga
Ganzline Move stüdyo,+905424038445,Pilates / Yoga
The Cadillac Pilates Studio- Şeyma Önal,+905537357601,Pilates / Yoga
Marin Pilates ve Yoga Stüdyo,+905374989178,Pilates / Yoga
Pilates Story,+905307361632,Pilates / Yoga
TN Pilates Studio,+905301138482,Pilates / Yoga
Nil Pilates,+905421864565,Pilates / Yoga
Can Pilates,+905534288807,Pilates / Yoga
Rabia Derse Pilates,+905530840228,Pilates / Yoga
Artı Pilates,+905382646887,Pilates / Yoga
Alize Pilates Stüdyosu,+905556514780,Pilates / Yoga
Pilates Bada,+905011864737,Pilates / Yoga
DENGE PİLATES,+905336000268,Pilates / Yoga
Spine Move Pilates - Fizyoterapist Buse Macit,+905303416455,Psikolog / Terapist
Rise&Up Pilates Studio,+905457118806,Pilates / Yoga
Pilatesia Training House,+905077671401,Pilates / Yoga
Bfit Kartal Çarşı Pilates & EMS Stüdyo,+902163533495,Pilates / Yoga
Phoenix pilates stüdyo,+905058729550,Pilates / Yoga
Esse Dreams Stüdyo,+905015782658,Pilates / Yoga
Deniz Serttaş Pilates Studio,+905070152461,Pilates / Yoga
Bfit Kartal Kızılay Pilates & EMS Stüdyo,+902163069510,Pilates / Yoga
Nuray Pilates,+905305185204,Pilates / Yoga
Panter Pilates,+905337630100,Pilates / Yoga
D’K Pilates Stüdyosu,+905422658625,Pilates / Yoga
NESLİHAN ARSLAN PİLATES,+905424020261,Pilates / Yoga
Net Pilates Training Studio,+905015554855,Pilates / Yoga
360 Derece Pilates,+905436360806,Pilates / Yoga
CAROLINE FITNESS & Fitness Kulübü & Havuzlu Spor Tesisi & En İyi Spor Kulüpleri,+902164882830,Kuaför / Berber
Eyin Pilates Yoga,+905414576659,Pilates / Yoga
FLOWDAY PİLATES STÜDİO,+905356218459,Pilates / Yoga
Studyo Sel,+905302387958,Pilates / Yoga
Pilates Stüdyosu Park34,+905345633505,Pilates / Yoga
Melisa Akkaş Beauty & Pilates,+905334611586,Pilates / Yoga
Beyza Doğan Fizyoterapi & Pilates & Skolyoz(Schroth),+905010932955,Psikolog / Terapist
Fit Factor Sports Club,+902163065050,Kuaför / Berber
FCS SPOR,+902166723252,Kuaför / Berber
Enso Yoga & Pilates,+905334955203,Pilates / Yoga
Hose life pilates,+905320687527,Pilates / Yoga
PlayStüdyo Yakacık | Kadınlara Özel Spor Salonu,+905438515312,Kuaför / Berber
Loop Fitness & Spa,+902163774750,Kuaför / Berber
Goldenlife fitness spor salonu,+902164523452,Kuaför / Berber
Play Academy Türkiye | Pilates ve Personal Trainer Eğitimi,+902163097529,Pilates / Yoga
Eagle Fitness Center,+905069248437,Kuaför / Berber
Athletic Fitness,+902164293470,Kuaför / Berber
Soğanlık BayanForm Bayanlara Özel Spor Merkezi,+905073438832,Kuaför / Berber
YAKACIK İTO SPOR SALONU,+902163099494,Kuaför / Berber
"Birleşim Spor Kulubü Taekwondo, Pilates, Kickboks, Jimnastik",+905354576600,Pilates / Yoga
Avcı Spor Kulübü,+905326468261,Kuaför / Berber
S-Port Academy Fitness & Health,+905078617701,Kuaför / Berber
ANADOLU YAKASI ÇOK AMAÇLI SPOR SALONU,+902164750956,Kuaför / Berber
Gada Spor Kulübü,+905382420839,Kuaför / Berber
Steel Gym Kartal,+902165179199,Kuaför / Berber
Aksoy Spor Center,+905427985066,Kuaför / Berber
Aktif Fıtness,+902164527215,Kuaför / Berber
PİLATESARYA,+905322583480,Pilates / Yoga
İlk Adım Fitness Club,+905064411054,Kuaför / Berber
G Terapi Kartal,+905537135347,Psikolog / Terapist
HİS DANIŞMANLIK VE PSİKOLOJİ,+905454812828,Psikolog / Terapist
ŞEYMA NUR BAK PSİKOLOJİK DANIŞMANLIK MERKEZİ,+905411885961,Psikolog / Terapist
İREM ÖZER PSİKOLOJİK DANIŞMANLIK,+905455817454,Psikolog / Terapist
Beyza Kuruçay Psikolojik Danışmanlık Merkezi,+905513481419,Psikolog / Terapist
UZMAN PSİKOLOG AYŞE ÇETİNKAYA-BENDİS PSİKOLOJİ DİKKAT VE ALGI GELİŞTİRME MERKEZİ,+908504334271,Diş Kliniği
Psikolog Özlem BAL,+905511930284,Psikolog / Terapist
Narin Psikoloji,+905012369923,Psikolog / Terapist
Gizz Psikoloji ve Danışmanlık Merkezi,+905370206066,Psikolog / Terapist
Begonya Psikolojik Danışmanlık Merkezi,+905321569734,Psikolog / Terapist
Sancaktepe Klinik Psikolog Hilal Şişmanoğlu | Oyun Terapisi • Çocuk & Ergen • Yetişkin Terapisi,+905448730689,Psikolog / Terapist
Psikolog Beste Nur Nayki/ Sancaktepe Psikolog,+905316660531,Psikolog / Terapist
Psikolog Özge Öz Batır,+908508116086,Psikolog / Terapist
İlkadım Psikolojik Danışmanlık Merkezi,+902165062111,Psikolog / Terapist
Psikolog / Psikoas Psikolojik Danışmanlık Pendik,+905467349515,Psikolog / Terapist
Sancaktepe Ahi Psikoloji Eğitim ve Danışmanlık Merkezi,+905051397352,Psikolog / Terapist
Diyetisyen Şeymanur Güneş,+905019443460,Diyetisyen
Psikolog Mustafa Emin Tokur,+905418431461,Psikolog / Terapist
"Uzm. Dr. Şehnaz Başyiğit Psikiyatrist, Pendik-Kurtköy",+905437386806,Psikolog / Terapist
Özel Çınar 2 Engelli Bakım Merkezi,+902166347703,Diğer (Sağlık & Bakım)
Uzman Klinik Psikolog Merve Yalazer,+905451605900,Psikolog / Terapist
Diyetisyen Nur Aslandaş,+908504747362,Diyetisyen
Kurtköy Uzman Psikolog Duygu Yörük/Oyun Terapisi/Çocuk Terapisi/Zeka Testleri/Öfke Kontrolü/Dikkat Eksikliği Ve Hiperaktivite,+905380930101,Psikolog / Terapist
Duyu Dil Akademi,+905527014548,Diğer (Sağlık & Bakım)
Mirapoy Güzellik Salonu,+905324996711,Güzellik Salonu
"MS güzellik salonu:cilt bakımı ,lazer,manikür pedikür,kalıcıoje,fön,ipek kirpik,boya",+905421870040,Güzellik Salonu
Pina Güzellik Salonu - Maltepe Lazer Epilasyon,+905393423487,Güzellik Salonu
Golden Angels Estetik & Güzellik,+902163053200,Güzellik Salonu
Maltepe Lazer Epilasyon / İgneli Epilasyon /Cilt bakimi Dore estetica,+905539468906,Güzellik Salonu
Beauty Nova Maltepe,+905058148924,Güzellik Salonu
Esteshine Beauty - Maltepe Cilt Bakımı - Lazer Epilasyon - Bölgesel İncelme - Protez Tırnak - Kalıcı Makyaj,+905426631852,Güzellik Salonu
MSA Estetik ve Güzellik,+905523889022,Güzellik Salonu
GF BAY BAYAN GÜZELLİK BAKIM,+905465151407,Güzellik Salonu
Maltepe Lazer Epilasyon Cilt Bakımı Nalan Turan Güzellik Merkezi,+905309582099,Güzellik Salonu
Estecare Güzellik,+905305155315,Güzellik Salonu
Maltepe Lazer Epilasyon Cilt Bakımı Kalıcı Makyaj Protez Tırnak Merkezi - Velvas Profesyonel,+905432504253,Güzellik Salonu
Goya güzellik,+902163709913,Güzellik Salonu
Ruby Güzellik Merkezi,+905056423434,Güzellik Salonu
Elif Ercanoğlu Beauty Studio,+905301378212,Güzellik Salonu
Maltepe Beauty Ay Güzellik Merkezi,+908504808050,Güzellik Salonu
Sibel İğci Estetik ve Güzellik Merkezi,+905377805801,Güzellik Salonu
Gilya Beauty Maltepe,+902165045464,Güzellik Salonu
DermAsia,+902163710555,Güzellik Salonu
Beauty Boss Maltepe,+905526993068,Güzellik Salonu
Mona Güzellik merkezi,+905011053494,Güzellik Salonu
Daimi Güzellik,+905441521050,Güzellik Salonu
CEMİLE BAYRAM GÜZELLİK SALONU MALTEPE ŞUBESİ,+905302055797,Güzellik Salonu
Bi'o Kişisel Bakım ve Güzellik Merkezi,+905466290943,Güzellik Salonu
Maltepe Lazer Epilasyon Cilt Bakımı Kalıcı Makyaj Protez Tırnak Merkezi - Poudre Beauty Plus Güzellik ve Estetik Salonu,+905010549703,Güzellik Salonu
VelVas güzellik merkezi,+908503079434,Güzellik Salonu
"Golden Güzellik Maltepe - Lazer Epilasyon, Cilt Bakımı, Güzellik Salonu",+902167598102,Güzellik Salonu
Ametist Maltepe,+905313016164,Güzellik Salonu
Shilibao Güzellik Salonu,+905462406501,Güzellik Salonu
ESTEELITTA GUZELLIK SALONU,+905305922416,Güzellik Salonu
DARLİNG GÜZELLİK - YERİNDE BAKIM maltepe lazer epilasyon & cilt bakımı & iğneli epilasyon,+905309507796,Güzellik Salonu
Gloria Güzellik ve Bakım Salonu,+902164419455,Güzellik Salonu
Buket Güzellik Salonu,+902164891971,Güzellik Salonu
Epilady Kişisel Bakım Salonu MALTEPE,+905415167122,Güzellik Salonu
Nehirden Güzellik,+902163703935,Güzellik Salonu
NT Kuafor Güzellik Salonu,+905313140881,Güzellik Salonu
Gül&De Beauty Güzellik Salonu Lazer Epilasyon Merkezi,+905459459555,Güzellik Salonu
Furkan Gültekin Kuaför ve Güzellik Merkezi,+905305732442,Güzellik Salonu
Emsal Doğan Maltepe Güzellik Merkezi,+905334306433,Güzellik Salonu
Sevginar Tatlı Beauty Studio ( Güzellik Salonu ),+905512009030,Güzellik Salonu
Maltepe Leyla Güzellik,+905448472342,Güzellik Salonu
Medi Time Güzellik Salonu,+905394369231,Güzellik Salonu
The Beauty Almina Çiçek,+905337662738,Güzellik Salonu
Ses Kuaför Ve Güzellik Salonu,+905522247260,Güzellik Salonu
Pure Nail Güzellik Salonu,+905466194003,Güzellik Salonu
The Gülhan Genç Beauty Protez Tırnak,+905051882755,Güzellik Salonu
Miss Güzellik Salonu,+902163990818,Güzellik Salonu
Neslim Güngen Maltepe,+905431501115,Güzellik Salonu
Aynur Üykü Güzellik Salonu,+905382183794,Güzellik Salonu
Maltepe Bayan Kuaför Bülent Cansu,+902164423085,Kuaför / Berber
San Kuaför Maltepe,+905413343793,Kuaför / Berber
Leylande Güzellik Merkezi,+905317933669,Güzellik Salonu
Ayvaz Kurubal Güzellik Salonları,+902163057113,Güzellik Salonu
EYLÜL ÖZTÜRK MALTEPE SOLVYASTRA,+905326893930,Güzellik Salonu
Maltepe BG Beauty&Kuaför Salonu,+905356459671,Güzellik Salonu
ND Beauty Maltepe Cilt Bakım ve Güzellik,+905335838174,Güzellik Salonu
Oktay Torlak Hair World,+902163705142,Güzellik Salonu
Kübra güzellik merkezi,+905453650284,Güzellik Salonu
Esra’s Beauty Lounge,+905464329669,Güzellik Salonu
Gny Bayan Kuaför,+902163050320,Kuaför / Berber
Maltepe Protez Tırnak,+905350302342,Güzellik Salonu
RÜZGAR BAŞO,+902164414905,Güzellik Salonu
Hera Spa&güzellik Merkezi Maltepe,+905309736560,Güzellik Salonu
LİNDEZA KUAFÖR,+902164411481,Kuaför / Berber
NAZLI GÜZELLİK SALONU,+905331276643,Güzellik Salonu
MALTEPE KUAFÖR E.G HAIR DESIGN,+905398104335,Kuaför / Berber
Estemiya Güzellik salonu,+902164573035,Güzellik Salonu
MALTEPE BAYAN KUAFÖRÜ ÜMİT ŞİMŞEK,+905395507820,Kuaför / Berber
ÖZ GÜZELLİK SALONU,+902164420528,Güzellik Salonu
Derya Güzellik Salonu/ kuaför,+905528116881,Güzellik Salonu
İpek kirpik maltepe,+905356276563,Güzellik Salonu
Caroline Bay & Bayan Güzellik Salonu,+905316658686,Güzellik Salonu
Rosa Masaj │ Pendik Maltepe Masaj Salonu,+905455672880,Kuaför / Berber
Mediclinic's Maltepe 1,+902163998010,Güzellik Salonu
Mesut & Mihriban Kuaför Protez Tırnak Maltepe,+902163050636,Güzellik Salonu
Berna Savran Güzellik Studio,+905013460541,Güzellik Salonu
Ayfer Güzellik Salonu,+905519646458,Güzellik Salonu
Kristal Spa Ve Masaj Salonu - Maltepe,+905545346020,Kuaför / Berber
POİZ SPA - MALTEPE SPA HAMAM MASAJ VE GÜZELLİK MERKEZİ,+902163661211,Güzellik Salonu
Maltepe Kuaför,+905304074950,Kuaför / Berber
Maltepe Kuaför Ruşen,+902163051085,Kuaför / Berber
Dilek Güzelik Merkezi,+902165891666,Güzellik Salonu
Güney Bayan Kuaförü ve Güzellik Salonu (Küçükyalı),+905377071126,Güzellik Salonu
Laura kuaför ve güzellik salonu,+905308343776,Güzellik Salonu
Aysu Bulut Derma Viva Estetik Maltepe,+905077960908,Güzellik Salonu
ÖZGÜR KADAN,+905303803771,Kuaför / Berber
Maltepe My Life Masaj Salonu,+905318193372,Kuaför / Berber
Orhan Yurtseven Kuaför Zümrütevler - Kadın,+905333015005,Kuaför / Berber
MOST KUAFÖR MÜGE,+902163713616,Kuaför / Berber
Tuana Güzellik Salonu,+902163055924,Güzellik Salonu
Kuaför Hakan & Müzeyyen,+905462965259,Kuaför / Berber
Özgür Kuaför Güzellik Salonu,+902164174317,Güzellik Salonu
Sense Spa & Wellness Days Hotel Maltepe,+902167552030,Diğer (Sağlık & Bakım)
Akif Başo Kuaför,+902163707343,Güzellik Salonu
KuaförCE,+902163059094,Kuaför / Berber
Ahmet Gümüşgöz Saç Tasarım Erkek Kuaför,+905373271437,Kuaför / Berber
Medusa Kuaför,+902164894200,Kuaför / Berber
estetech güzellik salonu,+902163830011,Güzellik Salonu
Hair Black,+905334887316,Kuaför / Berber
Tattoo Pendik | Art,+905304578251,Dövme & Piercing
BURAK SARİ TATTOO,+905432515354,Dövme & Piercing
TATTOO ALİN,+905532105503,Dövme & Piercing
SAHİL TATTOO PENDİK,+905347725398,Dövme & Piercing
Bahadırçeliktattoo,+905078401572,Dövme & Piercing
İğneci Tattoo House,+905313373411,Dövme & Piercing
Fanus Tırnak ve Dövme Silme,+905530093761,Dövme & Piercing
Story Tattoo,+905370258617,Dövme & Piercing
EYMENXX TATTOO,+905324806039,Dövme & Piercing
Ressam Dövmeci,+905334234276,Dövme & Piercing
TATTOO VISCOUNT,+905348857003,Dövme & Piercing
ankh_art_tattoo,+905380632288,Dövme & Piercing
Este La Vie | Pendik Güzellik Salonu | Lazer Epilasyon | Cilt Bakımı,+905321725417,Güzellik Salonu
MCD Tattoo Studio,+905050512079,Dövme & Piercing
Black Team Tattoo Supply,+905308901535,Dövme & Piercing
Dhan Tattoo Supply,+905519717171,Dövme & Piercing
Woods tatto aydos,+905366973114,Dövme & Piercing
Quantum Tattoo,+905455547287,Dövme & Piercing
Zion Ink Tattoo,+905382670101,Dövme & Piercing
Tattoom.54,+905010490754,Dövme & Piercing
RUBY TATTOO & PİERCİNG,+905510236233,Dövme & Piercing
Kurtköy Estemol Güzellik ve Saç Vitamin Merkezi,+905421705252,Güzellik Salonu
TimArtink,+905426935841,Dövme & Piercing
ÖYKÜM GÜZELLİK SALONU,+905397221307,Güzellik Salonu
Gizem Ateş Güzellik Salonu- Pendik Lazer Epilasyon,+902165112921,Güzellik Salonu
Renew Beauty Pendik Şube 2,+908505326667,Güzellik Salonu
M-Plus Tattoo Tuzla Dövme Stüdyosu,+905050525730,Dövme & Piercing
KENT KUAFÖR altıntepe,+905312491124,Kuaför / Berber
F&D Bayan Kuaförü,+905334400561,Kuaför / Berber
Beyond Hair Kuaför Maltepe,+905421024026,Kuaför / Berber
Hair Boss Maltepe,+905373816089,Kuaför / Berber
Staff Hair Studio | İstanbul - Maltepe Bayan Kuaförü | Saç Kesimi - Ombre - Sombre,+902167661085,Kuaför / Berber
Kuaför Mehmet bora,+902163702373,Kuaför / Berber
Mayemi kuaför,+905428274657,Kuaför / Berber
Stil Değişim Kuaför,+905516492439,Kuaför / Berber
THE HAIR DOT,+905418905790,Kuaför / Berber
Salon Şirin,+905464531442,Kuaför / Berber
ATİLLA KUAFÖR,+902163520915,Kuaför / Berber
FERDİ DEĞİRMENCİ,+905364209563,Kuaför / Berber
MT Bayan Kuaförü,+905432872158,Kuaför / Berber
Salon Mk Mehmet Koca Kuaför,+902165188030,Kuaför / Berber
Zirve Bayan Kuaförü,+905326227474,Kuaför / Berber
Mali Kuaför - Piazza,+902165155323,Kuaför / Berber
Hair Light Maltepe,+905378647550,Kuaför / Berber
Kuaför Hakan Gündüz,+902163715643,Kuaför / Berber
Art of Can Kuaför,+902164590585,Kuaför / Berber
Kuaför Şenol,+902164411683,Kuaför / Berber
EVA KUAFÖR,+902165158988,Güzellik Salonu
Rıdvan Öztürk Berber Shop .erkek kuaför Maltepe istanbul,+905380276075,Kuaför / Berber
Gökmen Bayan Kuaför,+902164898628,Kuaför / Berber
İsmail Duman Saç Tasarım Maltepe Erkek Kuaförü,+905300743467,Kuaför / Berber
Elit Kuaför,+905318700018,Kuaför / Berber
ERKAN ASLAN HAİR DESİGNER,+902163838001,Kuaför / Berber
Merve Bayan Kuaförü,+902163663808,Kuaför / Berber
Hair Station,+905053890953,Kuaför / Berber
kuaför ali&hüseyin,+902163051947,Kuaför / Berber
Nur Kuaför,+902163838783,Kuaför / Berber
Paris kuaför maltepe merkez,+905343247989,Kuaför / Berber
Perfect Kuaför,+902165191262,Kuaför / Berber
Gaye Kuaför,+902164418692,Kuaför / Berber
No5 hair Studıo,+905317177466,Kuaför / Berber
Kuaför Fikret Özsoy,+905365979091,Kuaför / Berber
Esila Kuaför Maltepe,+905369480470,Kuaför / Berber
DİVA KUAFÖR,+902164420066,Kuaför / Berber
Mtn kuaför,+902163529652,Kuaför / Berber
Kuaför Hakan,+905315971747,Kuaför / Berber
Paris's Coiffeur,+902164418151,Kuaför / Berber
SEM KUAFÖR,+902163528062,Kuaför / Berber
KADINCA BAYAN KUAFÖRÜ VE PROTEZ TIRNAK MERKEZİ,+905527211428,Güzellik Salonu
Ms Değişim Bayan Kuaförü,+902164411415,Kuaför / Berber
Açık ✂️ERDAL ERKEK KUAFÖRÜ ✂️BERBER✂️ AÇIK ✂ Müsait 📞🙋 ✂️ 📞Lütfen Randevu Alallım ☎️ AÇIK.,+905362538405,Kuaför / Berber
T&M Kuaför,+902163661134,Kuaför / Berber
Saloon M.C.,+905364196352,Kuaför / Berber
By Ss Coiffeur,+905344020649,Kuaför / Berber
Salon Cimbiz 2,+905357716349,Kuaför / Berber
Mali Kuaför - Hilltown,+902165108135,Kuaför / Berber
Derya Kuafor,+902165724515,Kuaför / Berber
Lina Bayan Kuaförü,+902163991060,Kuaför / Berber
SALON MARE,+905324672190,Kuaför / Berber
COŞKUN KURBAN BAYAN KUAFÖRÜ,+902163056111,Kuaför / Berber
Kuaför Sükran Murat,+905355298697,Kuaför / Berber
Kuaför Vedat Kurt,+905545616175,Kuaför / Berber
Ender Seçil Kuaför,+905359512118,Kuaför / Berber
İkizler Bayan Kuaförü (Adem-Mine),+905453427732,Kuaför / Berber
Es bayan kuaförü,+905387716356,Kuaför / Berber
BELLA KUAFOR,+905538880800,Kuaför / Berber
Mehmet Fettahoğlu M&F Kuaför,+902164597531,Kuaför / Berber
Mebra bayan kuaförü,+905520252895,Kuaför / Berber
M.Ali bayan kuaförü,+905454578624,Kuaför / Berber
Değişim Bayan Kuaförü,+905342367768,Kuaför / Berber
Es Bayan Kuaför,+905365253313,Kuaför / Berber
Adams kuaför,+905322160708,Kuaför / Berber
EKİP KUAFÖR KÜÇÜKYALI,+902163670755,Güzellik Salonu
BIYIKOĞLU KUAFÖR,+905386451282,Kuaför / Berber
Kuaför Ercan,+905356811611,Kuaför / Berber
Öznur Kiliç Kuaför,+902164278928,Kuaför / Berber
ZEN Kuaför Küçükyalı,+902165189997,Kuaför / Berber
Çetin Bayrak/hair design,+902163059096,Kuaför / Berber
Maltepe Erkek Kuaför | Barber Yücel,+905418622733,Kuaför / Berber
Hoben Kuaför,+905382597791,Kuaför / Berber
Kuaför Halil,+902163051095,Kuaför / Berber
Gülcan Kuaför,+905356021836,Kuaför / Berber
Erdal Kuaförü,+902164428340,Kuaför / Berber
Salon Esencılıs,+905535747810,Kuaför / Berber
nk kuafor,+902165047237,Kuaför / Berber
Diyetisyen Nilay Çakmak - NU Stüdyo,+905439692825,Diyetisyen
Kutlay Klinik Diyetisyen & Fizyoterapist Kurtköy,+905530663122,Psikolog / Terapist
Uzman Diyetisyen Melike Eygi,+905447936009,Diyetisyen
FitCo.,+905346824852,Diğer (Sağlık & Bakım)
"Pendik Beker Fizyolife Manuel Terapi, Klinik Pilates ve Diyetisyenlik Hizmetleri",+905436065570,Psikolog / Terapist
"Dyt. Gülsu Şahin, Diyetisyen",+905393813221,Diyetisyen
Kurtköy Diyetisyen,+905308542411,Diyetisyen
Diyetisyen Burcu Karaderi,+905078015767,Diyetisyen
Diyetisyen Beyza Kayır,+905535484454,Diyetisyen
Diyetisyen Ecem Sakin,+905335597780,Diyetisyen
Dyt. Ayşin Tarhan ( AYFİT Sağlıklı Yaşam Merkezi),+905457352495,Diyetisyen
Best Vita Beslenme ve Diyet Danışmanlık Merkezi,+905301143124,Psikolog / Terapist
Diyetisyen Buket Koçoğlu - B`well by Buket,+905306803416,Diyetisyen
Dyt. Nida Akpınar Kurtköy Diyetisyen - Vacu Activ - Rollshape,+905400336432,Diyetisyen
Kurtköy Diyetisyen Hande Öztürk,+905342648374,Diyetisyen
Diyetisyen Büşra Koçak,+905324328980,Diyetisyen
Diyetisyen Beyza Ceviz,+905321392460,Diyetisyen
Kurtköy Diyetisyen Ayşe Nur Ünal,+905441345154,Diyetisyen
Diyetisyen Sena Ademoğlu,+905319271600,Diyetisyen
Uzman Diyetisyen Nazmiye Ceran,+905331288690,Diyetisyen
Diyetisyen Tuğba Kınık Beslenme ve Danışmanlık Merkezi,+905523788585,Psikolog / Terapist
Uzman Diyetisyen Ayşe KAPLAN,+905060222534,Diyetisyen
Diyetisyen Nurgül Yalçın,+905434335332,Diyetisyen
Diyetisyen Pelin Yüksel Ceylan Beslenme ve Danışmanlık Merkezi,+905386782148,Psikolog / Terapist
Uzman Diyetisyen Büşra Akpınar Beslenme ve Diyet Danışmanlık Merkezi,+905516756537,Psikolog / Terapist
Diyetisyen Rumeysa Kınaş,+905423740442,Diyetisyen
"Alternatif Yaşam Merkezi (Hacamat tedavisi, sülük tedavisi, tıbbi hacamat ve sülük tedavisi)",+905358735837,Diğer (Sağlık & Bakım)
TUĞÇE ÇEŞMELİ AYDIN BESLENME VE DİYET DANIŞMANLIĞI,+905342261747,Diyetisyen
Diyetisyen Behiye Nur Erdoğan,+905373474967,Diyetisyen
Diyetisyen Özge Sivri,+905556225022,Diyetisyen
Diyetisyen Simge Kızıldağ Beslenme ve Diyet Danışmanlık Merkezi,+905301203124,Psikolog / Terapist
Fİ Sağlıklı Yaşam Merkezi,+905355171464,Pilates / Yoga
İstanbul Pendik İlçe Sağlık Müdürlüğü,+902163961630,Diğer (Sağlık & Bakım)
Terraflowers Pilates Salonu,+905493817703,Pilates / Yoga
Mint Terapi - Gtos Pendik,+905308443776,Psikolog / Terapist
FizyoPerla Klinik Pilates,+905309968860,Pilates / Yoga
Diyetisyen | Merve Kaptan,+905307168018,Diyetisyen
Diyetisyen BAHAR KAŞIKÇI BULUT,+905057437690,Diyetisyen
Op.Dr. Özden Avcı - Obezite Cerrahisi,+908508116653,Diğer (Sağlık & Bakım)
Meva Pilates,+905421009237,Pilates / Yoga
Filiz Aydın Cimnastik EMS Pilates Studio,+905324746815,Pilates / Yoga
Diyetisyen Ayça Ayyıldız,+905059082796,Diyetisyen
Diyetisyen Rumeysa Kese,+905389677527,Diyetisyen
Buse Aysim Sağlıklı Yaşam Merkezi,+905389133884,Diğer (Sağlık & Bakım)
Diyetisyen Niran Dinipak Yıldız,+905539379077,Diyetisyen
Diyetisyen Esengül IŞIK,+905352237129,Diyetisyen
Diyetisyen Seda Erdem,+905340718080,Diyetisyen
Diyetisyen Gülden Yavaş,+905335423416,Diyetisyen
Uzman Dyt.Özge Kesici,+905414017630,Diyetisyen
Kurtköy Diyetisyen Burak Ukbe Korkmaz,+905323929494,Diyetisyen
Diyetisyen Buse ÖZYİĞİT,+905558800057,Diyetisyen
Uzman Diyetisyen Büşra Kars Beslenme ve Danışmanlık Merkezi,+905526119834,Psikolog / Terapist
Elçin Pordoğan Beslenme ve Diyet Danışmanlığı,+905538639195,Diyetisyen
Uzman Diyetisyen Ayşe Zeybek Özlü,+905394914789,Diyetisyen
Pendik Diyetisyen,+905414375318,Diyetisyen
Diyetisyen Elif Bilgin Baş - Özel Sağlık Hizmet Birimi,+905533783208,Diyetisyen
Uzman Diyetisyen Melek Kılıçaslan Sağlıklı Beslenme Danışmanlığı,+905313032120,Diyetisyen
Diyetisyen Esma Gündoğdu,+902162754000,Diyetisyen
Uzman Diyetisyen Fatma Sena Dumlu Öztemür,+908504746514,Diyetisyen
Uzman Diyetisyen Akif DAĞ,+905300895055,Diyetisyen
Esra Ünlütürk Beauty & Aesthetics Maltepe,+905011243454,Güzellik Salonu
Espina Güzellik,+902163662526,Güzellik Salonu
YUVA ESTETİK,+905331462171,Güzellik Salonu
Damla Yaman Güzellik & Akademi,+905454344600,Güzellik Salonu
Sevinç Estetik Güzellik Merkezi,+905012560053,Güzellik Salonu
Ezgi Eylem Güzellik - İğneli Epilasyon,+905518991717,Güzellik Salonu
Demet İlgeç Güzellik Merkezi,+905054596154,Güzellik Salonu
SA Beauty Empire,+905327714662,Güzellik Salonu
Op.Dr. Emel Yurdakul Sıkar,+902163051412,Güzellik Salonu
Güler Özgal güzellik merkezi,+905416506641,Güzellik Salonu
BEST BEAUTY CENTER,+905387644244,Güzellik Salonu
Dr. Azimli & Dr. Atay Muayenehanesi,+905449783407,Diğer (Sağlık & Bakım)
ÇAĞRI Kuaför & Nail Studio,+905368599890,Güzellik Salonu
Derin Beauty Maltepe,+905435457673,Güzellik Salonu
Hülya Kurt Land Of Beauty,+902165043918,Güzellik Salonu
Nezaket Keskin Güzellik merkezi,+905451950510,Güzellik Salonu
Op. Dr. Serdar Toksoy,+905323820954,Güzellik Salonu
Koçyiğit Medikal Estetik,+902165743961,Güzellik Salonu
Bellissima Beauty Center,+905305532560,Güzellik Salonu
Hair and Esthetic,+905339163772,Kuaför / Berber
Öner Güzellik&Medikal,+905331998034,Güzellik Salonu
Nilsah Arslan,+905534779047,Güzellik Salonu
Liva Pilates Studio,+905334537013,Pilates / Yoga
Moonlight Pilates Studio Pendik,+905427920698,Pilates / Yoga
Me Pilates Studio,+905417883936,Pilates / Yoga
Lotenia Studio,+905546912330,Pilates / Yoga
Hera Pilates,+905317080492,Pilates / Yoga
Sitrin Reformer Pilates Studio,+905331702902,Pilates / Yoga
Pilates With Beyza Akgün,+905354439819,Pilates / Yoga
Cans Pilates Studio,+905469150138,Pilates / Yoga
real pilates studio,+905457414448,Pilates / Yoga
Angel Studio Pilates,+905442493478,Pilates / Yoga
Next Up Pilates,+905349759714,Pilates / Yoga
Rabia Yıldırım Pilates Stüdyo,+905057476125,Pilates / Yoga
Es Pilates,+905497950967,Pilates / Yoga
Bodymaps,+905378528493,Pilates / Yoga
Bliss Motion Pilates,+905312823888,Pilates / Yoga
ShinePT Studio,+905398790922,Pilates / Yoga
Sendi pilates,+905322711682,Pilates / Yoga
NEWist Pilates,+902166062292,Pilates / Yoga
Gonca Deniz Pilates Stüdyo,+905301339077,Pilates / Yoga
ZENİ PİLATES,+905533484849,Pilates / Yoga
Studio RaBa Pilates,+905065306003,Pilates / Yoga
MAYFİTNESS,+905556003425,Kuaför / Berber
Pendik RiseUp Fit Personal Training -Pilates - Kickboks Studio,+905421795802,Pilates / Yoga
Fizyotown Pilates,+905411274144,Pilates / Yoga
Ezgi Demir Pilates MVK,+905511519131,Pilates / Yoga
YATU WELLNESS,+905446419671,Pilates / Yoga
Zoe Pilates,+905413420631,Pilates / Yoga
N-Fit Pilates Studio,+905318127889,Pilates / Yoga
Ezgi Demir Pilates Star Port,+905456264321,Pilates / Yoga
B-Fit Pendik Pilates ve Spor Merkezi,+905363865068,Pilates / Yoga
Duru Pilates Studio - Duru Özdemir - Kurtköy Pilates,+905416066907,Pilates / Yoga
Yakında hizmetinizde,+905380853304,Pilates / Yoga
Ascella Klinik Pilates Studio,+905538711011,Pilates / Yoga
NORD PİLATES / Kurtköy Optimum City / Kadınlara Özel Pilates Stüdyosu,+905396162337,Pilates / Yoga
Damla Pilates Studio,+905412592687,Pilates / Yoga
Koi Pilates,+905388203406,Pilates / Yoga
Pilates Pio,+905327455272,Pilates / Yoga
Arden’z pilates studios,+905058007418,Pilates / Yoga
Fit Line Fitness Center,+902163545417,Kuaför / Berber
Vivam Pilates Studio,+905011881377,Pilates / Yoga
En Fitness,+905417641406,Kuaför / Berber
Paris Pilates,+905010643724,Pilates / Yoga
Güneş pilates stüdyo,+905551748848,Pilates / Yoga
Damlady Pilates ve Güzellik Salonu,+905058727273,Pilates / Yoga
HANİFİT PİLATES PENDİK,+905015543461,Pilates / Yoga
Fit Body Plus,+905355540979,Kuaför / Berber
Sporumx,+905412903425,Kuaför / Berber
Atlantis Sport Club - Yusuf Örs Fight Academy,+905442019637,Kuaför / Berber
Pilates Sante,+905323692697,Pilates / Yoga
Fittown Fitness Center & Concept,+905445935625,Kuaför / Berber
The Oblix Private Studio,+905520799594,Pilates / Yoga
Fizyorutin Klinik Pilates ve Fizyoterapi,+905412939895,Psikolog / Terapist
ROY Fitness Center,+905056763796,Kuaför / Berber
Life Station Sports Club,+902164823482,Kuaför / Berber
PlayStüdyo Pendik | Kadınlara Özel Spor Salonu,+902163904949,Kuaför / Berber
Kayahorata Physio&Pilates,+905011790018,Psikolog / Terapist
Hanifit pilates stüdyo kurtköy şube,+905384758375,Pilates / Yoga
MaviClub Fitness,+902164917876,Kuaför / Berber
Fitness Land - Spor Salonu - Kurtköy Fitness - Kickboks - Pilates,+905334403634,Pilates / Yoga
The Hub By Esra Seker,+905385011499,Kuaför / Berber
LaaFitness Club,+905470140404,Kuaför / Berber
STREET WORKOUT PERSONAL TRAİNİNG,+905333003211,Pilates / Yoga
Vedat Çamak Pilates Stüdyoları,+905426390990,Pilates / Yoga
EsM Esenyalı Spor Merkezi,+905322829906,Kuaför / Berber
The Green Park Pendik Hotel & Convention Center - PrimeFit Exclusive Fitness & Spa,+902164960000,Kuaför / Berber
ALKA FITNESS,+905303399462,Kuaför / Berber
Sunset Studyo Kurtköy Kadınlara Özel Spor Merkezi,+902167660515,Kuaför / Berber
My Life Fitness,+905423209967,Kuaför / Berber
POWER GYM / PERSONAL TRAINING STUDIO,+905397733381,Kuaför / Berber
Pendik Demirel Spor Kulübü,+902163753542,Kuaför / Berber
Gold Fitness,+905374505659,Kuaför / Berber
Hercules Fitness Center,+905342619950,Kuaför / Berber
stone pilates studio,+905356621702,Pilates / Yoga
Fizyo Vis Fizyoterapi Danışmanlık Merkezi & Klinik Reformer Pilates,+905452463066,Psikolog / Terapist
FORM PİLATES REFORMER,+905060311560,Pilates / Yoga
Fizyoterapist Leyla Demir,+905435763077,Psikolog / Terapist
Fizyoterapist Furkan | klinik pilates | masaj manuel terapi | FITIK / fizyoterapi ve rehabilitasyon,+905334819928,Psikolog / Terapist
Dream Life Sport Club,+905318421230,Kuaför / Berber
Proben Pilates,+902162510836,Pilates / Yoga
Athletic-o Sports Club,+902166834141,Kuaför / Berber
Perfizyo,+905349642845,Diğer (Sağlık & Bakım)
LİONS FITNESS CLUB,+905396627434,Kuaför / Berber
W ATHLETIC Fitness Club | Spor Salonu | Pilates | GYM | Yoga,+905521759100,Pilates / Yoga
Trend Arena Fitness Club,+905063793400,Kuaför / Berber
Aslife Health Club İstanbul,+905057515481,Güzellik Salonu
Bee Pilates Kurtköy,+905345468414,Pilates / Yoga
Psikolog Kübra Çakır,+905516389089,Psikolog / Terapist
Mini Psikoloji | İstanbul Maltepe Psikolog - Psikolojik Danışmanlık - Psikoterapi | Anadolu Yakası,+905321712454,Psikolog / Terapist
Klinik Psikolog Can Aktaş,+905388591914,Psikolog / Terapist
"Maltepe Psikolog / Uzm. Kl. Psk. Oğuzhan Genç, Psikoloji",+905530029888,Psikolog / Terapist
İstanbul Uzman Psikolog Nazım Serin,+908504742311,Psikolog / Terapist
MALTEPE PSİKOLOG,+905393880208,Psikolog / Terapist
Klinik Psikolog Berhu Erdoğan Uysal,+905394213519,Psikolog / Terapist
Q Psikolojik Danışmanlık,+902163882032,Psikolog / Terapist
Yıldız Psikoloji Danışmanlık ve Gelişim Akademisi,+905388121654,Psikolog / Terapist
Brain Center İstanbul - Bireysel Danışmanlık & Meditasyon Merkezi,+905325701866,Psikolog / Terapist
Özel Ardıç Aile Danışmanlık Merkezi,+905426151809,Psikolog / Terapist
Tanaltay Psikolojik Danışmanlık Merkezi,+902164142510,Psikolog / Terapist
Uzm. Klinik Psikolog Aslı Dağcı Şencan,+905394490075,Psikolog / Terapist
Maltepe Psikolog Ahmet Yenal,+905313657657,Psikolog / Terapist
Psikolog Zuhal Erdoğan | Maltepe Psikolog,+905313040396,Psikolog / Terapist
Uzman Klinik Psikolog - Ayşegül İlkuçan Yüce | Maltepe Oyun Terapisi,+905305211236,Psikolog / Terapist
Klinik Psikolog Melek Yalçın Ayzit,+905368465906,Psikolog / Terapist
PSİKOLOG ELİF ÖZÇELİK,+905538832202,Psikolog / Terapist
Klinik Psikolog Aslı Eyi,+905382762448,Psikolog / Terapist
Deniz Psikolojik Danışma Merkezi,+902163475429,Psikolog / Terapist
Nil Psikolojik Danışmanlık Merkezi,+905518319706,Psikolog / Terapist
Maltepe Psikolog Hatice Koçer,+905467282107,Psikolog / Terapist
Persona Psikoloji,+905432944039,Psikolog / Terapist
ODDA Psikolojik Danışmanlık | Klinik Psikolog Dr. Özgecan Nuryüz Aydoğmuş,+905525583686,Psikolog / Terapist
"Uzm. Kl. Psk. Zeynep Erkan, Psikoloji",+905322022445,Psikolog / Terapist
Motif Psikoloji,+902166296108,Psikolog / Terapist
UMAY Pedagojik ve Psikolojik Danışmanlık,+905541948500,Psikolog / Terapist
Psikolog Fazlı Can Konak,+905340760674,Psikolog / Terapist
Sezgi Psikoloji,+902162060396,Psikolog / Terapist
Uzm. Psk. Aysu Avcı,+908508117336,Psikolog / Terapist
Uzm. Klinik Psikolog Yasemin Mete | Özel Sağlık Meslek Hizmet Birimi | Maltepe Psikolog,+905386292553,Psikolog / Terapist
Minova Psikoloji,+905323924158,Psikolog / Terapist
Klinik Psikolog Beril P. Ceylan ÖSMHB,+905334616807,Psikolog / Terapist
Uzman Psikolog Ecem Doğanay Pıçak,+905464686530,Psikolog / Terapist
Klinik Psikolog Dilek Çelebi Çelik,+905397748157,Psikolog / Terapist
Klinik Psikolog Serpil Düven Tekşahin Özel Sağlık Hizmet Birimi,+905010591457,Psikolog / Terapist
DEHB Psikolog Gülnur Çelik,+905444784407,Psikolog / Terapist
Klinik Psikolog Serpil Düven Tekşahin,+908504746843,Psikolog / Terapist
Uzman Psikolog Elçin Ergüç - İyi ki Danışmanlık,+905348791878,Psikolog / Terapist
İLKEM Psikoloji Maltepe,+905324705979,Psikolog / Terapist
YEPYENİGÜN Evlilik-Çocuk Danışmanlığı ve Terapi Merkezi,+905321577694,Psikolog / Terapist
Prof. Dr. Özgür Yorbık (Çocuk Genç Yetişkin Psikiyatrisi) PNP Danışmanlık,+905448178085,Psikolog / Terapist
İstanbul Dragos Psikoloji,+905308324749,Psikolog / Terapist
Uzm. Klinik Psikolog Nazlı Merve Küçükali,+905398120465,Psikolog / Terapist
Mithra Psikoloji,+902164160365,Psikolog / Terapist
Klinik Psikolog Elif Kılıç Karakuş,+905064799734,Psikolog / Terapist
Uzman Klinik Psikolog Melisa Tok,+905319762625,Psikolog / Terapist
Neta Psikoloji,+905325939494,Psikolog / Terapist
Klinik Psikolog Öyküm Tezer Türker,+905367639212,Psikolog / Terapist
Erguvan Psikiyatri ve İş Psikolojisi Merkezi,+902163052115,Psikolog / Terapist
Uzm.Psk.Nihan DengizekDemir,+905388508742,Psikolog / Terapist
Psikolog Cansu Gürsoy,+902164171733,Psikolog / Terapist
Ekin Psikoloji,+905382594624,Psikolog / Terapist
Klinik Psikolog Zeynep Çakıroğlu,+905333671734,Psikolog / Terapist
Klinik Psikolog Gülcan Aslan Gündoğan,+905320608425,Psikolog / Terapist
"Uzm. Kl. Psk. Leyla Sönmez, Psikoloji",+905535808810,Psikolog / Terapist
TheraPath Ergoterapi ve Danışmanlık Merkezi,+905369981369,Psikolog / Terapist
Uzman Klinik Psikolog Cansu Köse,+905322642890,Psikolog / Terapist
Psikolog Hilal Erva Ergün,+908504748532,Psikolog / Terapist
Psk. Zümrüt Melek Müştekin,+908504741253,Psikolog / Terapist
Özel Sağlık Meslek Hizmet Birimi Klinik Psikolog Arda Araldağ Psikoloji Kliniği,+905382594093,Psikolog / Terapist
"Özel Çocuk Danışmanlık, Rehberlik ve Uygulama Merkezi",+905403948208,Psikolog / Terapist
Psikolog Görkem Yılmaz,+905308400472,Psikolog / Terapist
Uzman Klinik Psikolog Berke Bayender,+905303201848,Psikolog / Terapist
Nurdan Yurduseven Uzman Psikolog,+905452856648,Psikolog / Terapist
Uzm. Kl. Psk. Saadet Oğuz Ağyar,+908504742861,Psikolog / Terapist
Psikolog Samet DİNÇ,+905317823326,Psikolog / Terapist
Uzman Klinik Psikolog Buket Aydın,+905398773638,Psikolog / Terapist
Sahil İstanbul Ağız ve Diş Sağlığı Polikliniği | Maltepe Özel Diş Kliniği,+905537772445,Diş Kliniği
İstanbul Diş Akademisi Ağız ve Diş Sağlığı Polikliniği (Dental Clinic),+905331400870,Diş Kliniği
Maltepe Özel Pırlanta Ağız ve Diş Sağlığı Polikliniği ve Diş Hekimleri,+905528825827,Diş Kliniği
MB Clinica Özel Maltepe Diş Kliniği,+902164415151,Diş Kliniği
Dentaliz Ağız Ve Diş Sağlığı Polikliniği,+902167661570,Diş Kliniği
Impladent Ağız Ve Diş Sağlığı Polikliniği,+902163700187,Diş Kliniği
İstanbul Dia Ağız ve Diş Sağlığı Polikliniği,+905441125300,Diş Kliniği
Arıdent Ağız ve Diş Sağlığı Polikliniği,+902165047600,Diş Kliniği
Özel Çağdiş Ağız ve Diş Sağlığı Polikliniği Endodonti ve Diş Estetiği,+905447336686,Diş Kliniği
DentOktay Ağız ve Diş Sağlığı Polikliniği,+902162324444,Diş Kliniği
VESA DENT Ağız ve Diş Sağlığı Polikliniği | Maltepe Diş Klinikleri,+905403195555,Diş Kliniği
Simetri Ağız ve Diş Sağlığı Polikliniği,+902164573131,Diş Kliniği
Dt. İstanbul Ağız ve Diş Sağlığı Polikliniği,+905074609306,Diş Kliniği
RivaDent Maltepe Ağız ve Diş Sağlığı Polikliniği,+905413871738,Diş Kliniği
Özel Bağdat Ağız ve Diş Sağlığı Polikliniği,+902163476277,Diş Kliniği
Aya Klinik Ağız Ve Diş Sağlığı Polikliniği | Maltepe,+905414671127,Diş Kliniği
Dentil Klinik Ağız ve Diş Sağlığı Polikliniği,+902166065586,Diş Kliniği
Mai Diş Ağız ve Diş Sağlığı Polikliniği,+905072171204,Diş Kliniği
özel dragosdent ağız ve diş sağlığı polikliniği,+902163706041,Diş Kliniği
Özel Mustafa Saatçi Ağız ve Diş Sağlığı Maltepe Polikliniği,+902167717210,Diş Kliniği
Sarudent Ağız ve Diş Sağlığı Polikliniği,+902167556525,Diş Kliniği
Klinik M Ağız ve Diş Sağlığı Polikliniği,+905373229006,Diş Kliniği
Özel Diş Caddesi Ağız ve Diş Sağlığı Polikliniği,+905350503760,Diş Kliniği
DENTAL SUİT AĞIZ VE DİŞ SAĞLIĞI POLİKLİNİĞİ,+902166062401,Diş Kliniği
Miyasa Ağız ve Diş Sağlığı Polikliniği,+905385182628,Diş Kliniği
Dişhekimi Mithat Çolakoğlu,+905058909434,Diş Kliniği
Klinik Marmara Ağız ve Diş Sağlığı Polikliniği,+905323041171,Diş Kliniği
Öğüt Ağız ve Diş Sağlığı Polikliniği,+902163889090,Diş Kliniği
DR MERT AKBAŞ DİŞ KLİNİĞİ - 2 Çene Cerrahisi - Dental Clinic -Maxillofacial Surgery- Dentist - Zahnarzt - стоматолог-,+905557409241,Diş Kliniği
2M Ağız ve Diş Sağlığı Polikliniği,+905353743207,Diş Kliniği
İdealist Ağız ve Diş Sağlığı Polikliniği,+905347700034,Diş Kliniği
ATLANTİS Ağız ve Diş Sağlığı Polikliniği,+905073194430,Diş Kliniği
Dentevim Ağız ve Diş Sağlığı Polikliniği,+902163666669,Diş Kliniği
Diş Hekimi Sezer Özdem,+905449795368,Diş Kliniği
ÖZEL FİNALİST AĞIZ VE DİŞ SAĞLIĞI POLİKLİNİĞİ,+902168026598,Diş Kliniği
"Yeni Nesil Ağız ve Diş Sağlığı Polikliniği - İdealtepe, Maltepe",+905334180832,Diş Kliniği
Emek Ağız ve Diş Sağlığı Polikliniği,+905456038043,Diş Kliniği
Dentacell Maltepe Ağız Ve Diş Sağlığı Polikliniği,+902163998787,Diş Kliniği
Erdoğdu Ağız ve Diş Sağlığı Polikliniği,+905513473636,Diş Kliniği
Özel İlgi Agız Ve Diş Sağlığı Polikliniği,+902163998500,Diş Kliniği
ADATEPE AĞIZ VE DİŞ SAĞLIĞI POLİKLİNİĞİ,+905423664349,Diş Kliniği
Diş Hekimi Mustafa Öz,+902164422040,Diş Kliniği
Özel BY İstanbul Ağız ve Diş Sağlığı Polikliniği,+908503088882,Diş Kliniği
Aytürk Ağız ve Diş Sağlığı Polikliniği,+902165756525,Diş Kliniği
Klinik Prime Maltepe,+905016390300,Diş Kliniği
ÖZEL YALI İSTANBUL AĞIZ VE DİŞ SAĞLIĞI POLİKLİNİĞİ,+905016777100,Diş Kliniği
Özel Beyaz Dişçim Ağız Ve Diş Sağlığı Merkezi,+902163767570,Diş Kliniği
"Dr. Dt. Gökçe Çiçek İldeş, Çocuk Diş hekimi, Maltepe Çocuk Diş Hekimi (pedodonti)",+905322920274,Diş Kliniği
Pahsa Dent Clinic,+905453347877,Diş Kliniği
DENTAMA AĞIZ VE DİŞ SAĞLIĞI POLİKLİNİĞİ,+902163521088,Diş Kliniği
Ezgi Ağız ve Diş Sağlığı Polikliniği,+905302355394,Diş Kliniği
Diş Hekimi Korhan Sayar,+905323116211,Diş Kliniği
Smile İstanbul Ortodonti,+902164418614,Diş Kliniği
Özel Tek Ağız ve Diş Sağlığı Polikliniği,+902165899999,Diş Kliniği
Dr. Kutay Can Ergül Ağız Diş ve Çene Cerrahi Uzmanı,+905538532830,Diş Kliniği
Nesadent Ağız ve Diş Sağlığı Polikliniği,+905427675524,Diş Kliniği
Diş Hekimi Erkan Özen - Ayşe Vural Özen,+902164421720,Diş Kliniği
İstadent1 Ağız ve Diş Sağlığı Polikliniği,+902163522434,Diş Kliniği
Diş Hekimi Namık Kerimoğlu,+902163055429,Diş Kliniği
Diş Hekimi Nergiz Ahmedzade,+905528734783,Diş Kliniği
Ulaş Kar Diş Hekimi,+902164274477,Diş Kliniği
"Uzm. Diş Hekimi Begüm Gül | Maltepe - Diş Beyazlatma, Bonding, Dijital Diş Hekimliği, Pembe Estetik",+905326095058,Diş Kliniği
Fındıklı Derya Ağız ve Diş Sağlığı Kliniği,+905072450305,Diş Kliniği
Diş hekimi Levent Erdem,+905322775428,Diş Kliniği
DİŞ HEKİMİ DT.VESİLE ÖRGE MUAYENEHANESİ,+905304676137,Diş Kliniği
Özel F.İ.M Ağız ve Diş Sağlığı Polikliniği,+905016728742,Diş Kliniği
Diş Hekimi Fatma Erdem,+905369484220,Diş Kliniği
İNKADENT AĞIZ DİŞ SAĞLIĞI POLİKLİNİĞİ YÜKSEL İNCEKARA,+902165891659,Diş Kliniği
DinaDent Ağız ve Diş Sağlığı Polikinliği,+905454209962,Diş Kliniği
Diş Hekimi Eslem Dol,+905010049944,Diş Kliniği
Dt. Hakan Yeşilkaya,+905315041698,Diş Kliniği
Dt. Müge Güler Sarıkaya,+905379171844,Diş Kliniği
CT Ağız Ve Diş Sağlığı Polikliniği,+905455115350,Diş Kliniği
Diş Hekimi Sema Özçelik,+902164597580,Diş Kliniği
İstanbul Şeffaf Plak | Diş Hekimi Aydın Bilge,+905447635144,Diş Kliniği
Uzman Diş Hekimi Gülderen Eyüboğlu,+902164571116,Diş Kliniği
Diş Hekimi Saadet Yılmaz & Seyhan Yılmaz,+905384322499,Diş Kliniği
Dr. Binnur Pamukcu Güner,+902164595959,Diş Kliniği
"Prof. Dr. Dt. Hacer Şahin Aydınyurt, Periodontoloji",+905057341018,Diş Kliniği
Fındıklı Çınar Ağız Ve Diş Sağlığı Polikliniği,+902163714120,Diş Kliniği
Diş hekimi Nizam Abdullayev,+905551699514,Diş Kliniği
Diş Hekimi Emel YAŞBEK - İmplant - Zirkonyum Kaplama - Çene Cerrahisi - Diş Protez,+905302145568,Diş Kliniği
Protez Uzmanı Diş Hekimi Ayşegül Nagehan Akkaş Muayenehanesi/Maltepe Uzman Diş Hekimi,+905449158907,Diş Kliniği
Emre Gür Diş Hekimi,+902165767420,Diş Kliniği
Diş Hekimi Hasan Sazak,+905433801225,Diş Kliniği
Tattoozann,+905300180796,Dövme & Piercing
BK Tattoo Gallery,+905464082169,Dövme & Piercing
Tattoo Taner wantink,+905412928257,Dövme & Piercing
ArtStar Tattoo,+905060382752,Dövme & Piercing
TattooChill Dövme & Piercing Studio,+905521231806,Dövme & Piercing
SehaTattoos,+905323824955,Dövme & Piercing
Emel tattoo ar.t,+905369362113,Dövme & Piercing
Tolga Çevik Tattoo,+905380208650,Dövme & Piercing
inkbytefo Tattoo Studio,+905523139604,Dövme & Piercing
golden shadows ink,+905332812911,Dövme & Piercing
No Love Ink,+905369952121,Dövme & Piercing
Wyrmox Tattoo,+905433641923,Dövme & Piercing
Nokta Tattoo,+905324226169,Dövme & Piercing
Tattoo Poem,+905308979969,Dövme & Piercing
Bee Tattoo Project,+905548633934,Dövme & Piercing
Gambuarthouse,+905536660717,Dövme & Piercing
Saiii tattoo,+905525459320,Dövme & Piercing
Dyt İzel Başoğlu - Beslenme ve Diyet Uzmanı Küçükyalı,+905343763399,Diyetisyen
BND Beslenme Eğitimi ve Diyet Danışmanlık Merkezi,+905422974658,Psikolog / Terapist
Diyet Elit Sağlıklı Yaşam ve Zayıflama Merkezi,+905307008966,Diyetisyen
Zuhal Cevahir Beslenme ve Diyet Danışmanlık Merkezi,+905493213461,Psikolog / Terapist
FİTBAL Beslenme ve Diyet merkezi,+905312142232,Diyetisyen
Burçak Kalıç Beslenme ve Diyet Danışmanlığı,+905302477259,Diyetisyen
Be You Health Center,+905302586823,Güzellik Salonu
Çınar Maltepe Aktif Yaşam Merkezi,+905453017672,Diyetisyen
Aydınevler Sağlıklı Yaşam Merkezi,+902164176869,Diğer (Sağlık & Bakım)
Diyetisyen deniz fidan,+905541744254,Diyetisyen
START UP SAĞLIKLI YAŞAM,+905369674070,Diğer (Sağlık & Bakım)
GH Diyet- Sağlıklı Yaşam Merkezi,+905352122868,Diyetisyen
"Do Training Studio: Pilates, Functional Training, Fonksiyonel Antrenman, Diyetisyen Desteği , Spor Salonu , Fitness",+905431883812,Diyetisyen
ASUDE ELÇİ KARNAP,+905354187355,Diyetisyen
theSlimFit Beslenme Danışmanlığı (Merkez Ofis),+905531426815,Diyetisyen
Maltepe Herbalife FitHamLe Kilo Kontrol Merkezi,+905337247344,Diğer (Sağlık & Bakım)
Uzman Diyetisyen Mehmet Akif ATAY-İstanbul,+905535712602,Diyetisyen
BuFit Terapi Sağlıklı Yaşam Merkezi,+905359374907,Psikolog / Terapist
Diyetisyen Victoria Doğan,+905538056528,Diyetisyen
Sağlıklı Beslenme Kulübü,+905334017278,Diyetisyen
Diyetisyen Esra Toprak,+908504747405,Diyetisyen
Diyetisyen Sevban Kuzu,+905417324779,Diyetisyen
Diyetisyen Yusuf ÖZTÜRK,+905366942018,Diyetisyen
gapsdiyetrezonans,+905321701070,Diyetisyen
Şeyma Uğurlu Bayan Kuaförü,+905522146958,Kuaför / Berber
Nihal Altun Güzellik - Nail Art Spa - Lazer Epilasyon,+905426592056,Güzellik Salonu
HY Hülya Yılmaz Güzellik Salonu - (Estavita),+902166224510,Güzellik Salonu
Sevim Sezer Beauty,+905431058485,Güzellik Salonu
Leydi Pera Güzellik Salonu,+905530975558,Güzellik Salonu
Ulina Güzellik,+905079199695,Güzellik Salonu
SULTAN YİĞİT Güzellik Merkezi,+905305466698,Güzellik Salonu
Sancaktepe Güzellik Salonu - Sancaktepe Lazer Epilasyon,+905433073923,Güzellik Salonu
Betül Orhan Beauty,+905548639118,Güzellik Salonu
Zümrüt Sancaktepe Güzellik Salonu,+905309386449,Güzellik Salonu
Nuray Yıldız Sancaktepe,+905355299434,Güzellik Salonu
Deniz KAYA Güzellik Salonu,+905078500053,Güzellik Salonu
Başak Beauty,+905072075163,Güzellik Salonu
BLUEDERM GÜZELLİK MERKEZİ,+905320653404,Güzellik Salonu
İZ BEAUTY SANCAKTEPE,+905392022970,Güzellik Salonu
Beauty Boss Sancaktepe,+905068457165,Güzellik Salonu
Black White Güzellik Merkezi,+905461500757,Güzellik Salonu
Arya Kuaför Ve Güzellik Salonu,+905301567307,Güzellik Salonu
Zevahir Kişisel Bakım Ve Güzellik Salonu,+902163096060,Güzellik Salonu
Melisa Yiğit Güzellik Salonu,+905521708066,Güzellik Salonu
Lena Güzellik ve Sağlık Merkezi,+905307989357,Güzellik Salonu
Nebu Güzellik / Kuaför,+905331291095,Güzellik Salonu
Hatice köse güzellik,+905074884857,Güzellik Salonu
Şühem Beauty,+905359281915,Güzellik Salonu
Medisem Derma Güzellik Salonu,+905054313400,Diş Kliniği
Emel'ce güzellik nail spa,+905327999668,Güzellik Salonu
Buse Lavin Art Nail Beauty,+905466853615,Güzellik Salonu
Sayanloram sancaktepe Guzellik merkezi,+905321726615,Güzellik Salonu
Merve Çelik Güzellik Merkezi,+902166213389,Güzellik Salonu
SALON NOİ BAY&BAYAN KUAFÖR,+905437470137,Kuaför / Berber
Nevaderm Güzellik Sancaktepe Cilt Bakım Merkezi,+905331312514,Güzellik Salonu
Nuray Öztürk Beauty Ortadağ,+905077214892,Güzellik Salonu
DM Bayan KUAFÖR,+905307772540,Kuaför / Berber
Milaesthetic | Cilt Bakımı | Hydrafacial | Bölgesel Zayıflama | Lazer Epilasyon | Sancaktepe İstanbul,+905323899176,Güzellik Salonu
My beauty center Bay güzellik salonu,+905462423542,Güzellik Salonu
Duygu Turan Güzellik Beauty,+905452676728,Güzellik Salonu
TANER AK KADIN & ERKEK KUAFÖR SALONU & Solarium & microkaynak&lazer epilasyon,+902163138334,Güzellik Salonu
H&M Sanat Güzellik Salonu Kuaför,+905393430818,Güzellik Salonu
Cansu Akgül Beauty,+905441142236,Güzellik Salonu
Nazlı Bayan Kuaförü ve Güzellik Salonu,+905061542944,Güzellik Salonu
Queens saçatölyesi,+902166208383,Güzellik Salonu
İnanç Mengü Kuaför Sancaktepe,+902166208646,Kuaför / Berber
Kkk,+905396735369,Kuaför / Berber
Günışığı Güzellik Salonu,+902162666718,Güzellik Salonu
Saloon Özer Özel,+902166211421,Kuaför / Berber
İğneli Epilasyon Filiz Çelik,+905352012966,Güzellik Salonu
Nisan Kuaför - Sancaktepe,+905522183017,Kuaför / Berber
ANGEL SALON,+905421703470,Güzellik Salonu
Zümrüt Çalı,+905319287658,Güzellik Salonu
Abdullah Yıldırım Kuaför,+905422480509,Kuaför / Berber
Mrs London Sancaktepe,+902166210668,Kuaför / Berber
Salon Mualla Saç ve Makyaj Tasarım Kuaför,+905315705269,Güzellik Salonu
MİHAN BAYAN KUAFÖRÜ VE GÜZELLİK SALONU,+905537526612,Güzellik Salonu
Salon Özelit bayan kuaförü,+902166212490,Kuaför / Berber
Beauty Boss Sultanbeyli,+905066138365,Güzellik Salonu
Venüs Lazer Epilasyon & Güzellik Merkezi,+905394007063,Güzellik Salonu
HAIR WORLD BAY/BAYAN,+905076637244,Kuaför / Berber
Salon mert,+905363859754,Kuaför / Berber
Erdem Kuaför,+905354872401,Kuaför / Berber
Osmanlı Saç Tasarım(Berber),+905323093571,Kuaför / Berber
Gözde Bayan Kuaförü,+905393494008,Kuaför / Berber
Mavi Polat Saç Tasarım Merkezi,+905323471198,Kuaför / Berber
Salon Mirza - Erkek Kuaförü,+905307975212,Kuaför / Berber
Kuaför Sezgin,+905327044970,Kuaför / Berber
Salon Mustafa Yıldız Hair Design,+905398117059,Kuaför / Berber
Salon Kadir,+905360554633,Kuaför / Berber
Sema Bayan Kuaförü,+902164845802,Kuaför / Berber
SANCAKTEPE ERKEK KUAFÖRÜ AYTAÇ SEVEN,+905323104948,Kuaför / Berber
MAMİ HAİR DRESSER,+905374637312,Kuaför / Berber
Hilal bayan kuaför ve bakım merkezi,+905446501273,Kuaför / Berber
Samet erkek kuaför,+905313379723,Kuaför / Berber
Nuray Yıldız Güzellik,+905398555959,Güzellik Salonu
Kuaför Ramazan,+905364594318,Kuaför / Berber
M.İ.O hair studio erkek kuaförü,+905368219997,Kuaför / Berber
KADİR ŞEN,+905312458434,Kuaför / Berber
Hakan Aysu kuaför,+905465774602,Kuaför / Berber
SALON EMİR,+905546803636,Kuaför / Berber
İslam kuaför,+905434458255,Kuaför / Berber
Row Pilates Maltepe Studio,+905317986266,Pilates / Yoga
Liora Pilates Studio,+905016494748,Pilates / Yoga
İda Pilates Studio,+905317670209,Pilates / Yoga
Studio 11 Pilates,+905055404002,Pilates / Yoga
Zenia Pilates Maltepe,+905062569469,Pilates / Yoga
Seven Training Pilates Studio,+905355193826,Pilates / Yoga
Maltepe Rem Pilates Studio,+905326216376,Pilates / Yoga
Liha Pilates Studio,+905536432240,Pilates / Yoga
Maltepe Pilates ve Fizyoterapi Merkezi | Klinik Alya,+905457332020,Psikolog / Terapist
Alisa Pilates Studio,+905415409520,Pilates / Yoga
Time Fit Pilates Studio,+905337312851,Pilates / Yoga
Gai Pilates,+905421131506,Pilates / Yoga
Kübra Baysal-Pilates Studio,+905325669246,Pilates / Yoga
CES Pilates Studio,+905423640832,Pilates / Yoga
Salt Pilates,+905323897179,Pilates / Yoga
VENÜS YOGA PİLATES,+905316956543,Pilates / Yoga
"Sportfiz Maltepe | Reformer Pilates, Fizyoterapist",+905051213735,Psikolog / Terapist
Axis Pilates & Fitness Studio,+905421080693,Pilates / Yoga
"Fizyo Fit & Fab /Schroth Egzersizleri , Skolyoz /Klinik Pilates",+905315863709,Pilates / Yoga
Sportial Club Maltepe,+902163522727,Kuaför / Berber
Anatomi Pilates Studio,+905066316121,Pilates / Yoga
PinkFit Pilates Studio,+905468787465,Pilates / Yoga
MMC Pilates Art Studio,+905525860484,Pilates / Yoga
Twist Pilates Studio,+905073053635,Pilates / Yoga
Viya Pilates,+905078638582,Pilates / Yoga
ESEN PILATES STUDIO,+905541235717,Pilates / Yoga
Noi6:15 Studio,+905452894745,Pilates / Yoga
PHILATES MALTEPE,+905445497288,Pilates / Yoga
Fit Station Maltepe,+905309002959,Kuaför / Berber
Bamba Pilates,+905393733990,Pilates / Yoga
Blue Gym Women Fitness Pilates,+902163051088,Pilates / Yoga
So Fit Health & More -Reformer Pilates/KickBoks/Fonksiyonel Fitness /Yoga /Hamak Yoga,+905522787638,Pilates / Yoga
KLİNİK PİLATES,+905542106355,Pilates / Yoga
"Q-Fit - Fitness, Reformer Pilates",+905541348947,Pilates / Yoga
PlayStüdyo Maltepe | Kadınlara Özel Spor Salonu,+902162083949,Kuaför / Berber
Maltepe Besterapi Fizyoterapi ve Pilates Merkezi,+905302380057,Psikolog / Terapist
Olympus Fitness Gym,+902163833255,Kuaför / Berber
Reformer Pilates Maltepe,+905523699695,Pilates / Yoga
Golden Hill Studio İdealtepe,+902163677071,Pilates / Yoga
Gorillab Studio,+905493400053,Kuaför / Berber
ID LIFE STUDIO & PİLATES,+905010033533,Pilates / Yoga
YEK TEAM - | Fitness - Boks - Kickboks,+905527824311,Kuaför / Berber
IPAQ Academy Maltepe Kick Boks / Pilates / Muaythai / Boks / Yoga,+905364763390,Pilates / Yoga
I-GYM Sport Center,+905056355853,Kuaför / Berber
pilates,+905350616542,Pilates / Yoga
Yalçın Kızılay Kapalı Spor Salonu,+902163057362,Kuaför / Berber
Fizyo Active,+905330697461,Psikolog / Terapist
MD Sports Academy - Cevizli Şube - Cimnastik - Taekwondo - Spor Kulübü - Fitness - Aletli Pilates Spor Salonu,+905332498090,Pilates / Yoga
Athletic Club Fındıklı,+905373146096,Kuaför / Berber
Fit Life Sports,+902164890033,Kuaför / Berber
Değirmenci Fight Club,+905530888761,Kuaför / Berber
Hüseyin Akçalı Fitness Center,+902163663418,Kuaför / Berber
Efor Gym,+905372627243,Kuaför / Berber
Eudaimonia Health & Fitness ( MALTEPE ),+905383974471,Diğer (Sağlık & Bakım)
Cihangir Yoga Local Maltepe,+902167663632,Pilates / Yoga
Hercules GYM,+905339390886,Kuaför / Berber
B-Fit Altıntepe Pilates ve Spor Merkezi,+902165183435,Pilates / Yoga
Club Aydınoğlu,+902165198040,Kuaför / Berber
Fizyo and Pilates,+905321322859,Pilates / Yoga
yogininevi maltepe,+905302572623,Pilates / Yoga
Camadan Gym,+905325404740,Kuaför / Berber
MACFit Hilltown,+902122580799,Kuaför / Berber
Metin Yaşar Kadınlara Özel Spor Kulübü,+902164596717,Kuaför / Berber
Cesur Spor Kulübü,+902164417777,Kuaför / Berber
Avrupa Spor Cimnastik,+905373157925,Kuaför / Berber
Mi Estilo Fitness Club / Maltepe - Karaca Rezidans,+902165991216,Kuaför / Berber
Maltepe Pilates ve Yüzme Dersleri,+905319119500,Pilates / Yoga
TheraPT - Fizyoterapi ve Egzersiz Merkezi,+905449288698,Psikolog / Terapist
29 Pilates Stüdyo,+905312308648,Pilates / Yoga
Up Fitness,+902165731727,Kuaför / Berber
PARS KARATE SPOR KULÜBÜ,+905425571451,Kuaför / Berber
Hüseyin Cahit Elginkan Spor Salonu,+905376903040,Kuaför / Berber
LOFT STUDIO Pilates & Personal Training & Spa,+905423045638,Pilates / Yoga
Tek Pilates,+905330790370,Pilates / Yoga
Bİ'BAŞKA BESLENME KULÜBÜ VE YAŞAM MERKEZİ,+905334208335,Diyetisyen
AHMET OKUTAN KADIN KUAFÖRÜ,+905393897560,Kuaför / Berber
Salih Can Bay Bayan Kuaför,+905346366686,Kuaför / Berber
ÖZLEM ŞÖLEN Bayan Kuaförü,+905349642619,Kuaför / Berber
İK BAYAN KUAFÖRÜ,+905544940540,Kuaför / Berber
Salonperihandemir✨,+905418625213,Kuaför / Berber
Q Hair Salon Coiffeur,+902165041370,Kuaför / Berber
M.R.S LONDON,+902163653612,Güzellik Salonu
Elegance Bayan Kuaförü,+902166215460,Kuaför / Berber
Salon Yılmaz,+905343936949,Kuaför / Berber
Aura Bayan Kuaförü,+905396655854,Kuaför / Berber
TARIK AY KUAFÖR & BERBER,+905075199437,Kuaför / Berber
Elegance bay bayan kuaförü,+905401045454,Kuaför / Berber
Samandıra Melek Yıldız Bayan Kuaförü,+905424499874,Kuaför / Berber
Maya Hair Design & Make Up,+902166221801,Kuaför / Berber
BAY BAYAN SALON ÇAĞLAR KALIN,+905346247965,Kuaför / Berber
MEHMET EKEN SARE EKEN KUAFÖR,+905528321078,Kuaför / Berber
LATTE GÜZELLİK -GÜLCAN ÖZDEMİR -,+905395046235,Güzellik Salonu
Salon Sirius | Kadın & Erkek Kuaförü,+905069678344,Kuaför / Berber
Gökhan Bosch Kuaför,+905327675932,Kuaför / Berber
Murat Polat Hair Artist,+905303140262,Kuaför / Berber
SALON ESMER,+905379882934,Kuaför / Berber
Furkan Kaymaz Men’s Hair Vibe,+905404243444,Kuaför / Berber
Zeynep bayan kuaförü,+905367001567,Kuaför / Berber
Salon Ümit Keser Bayan Kuaförü,+902166221210,Kuaför / Berber
LIFE STYLE BAYAN KUAFÖRÜ,+902165612673,Kuaför / Berber
Murat Şimşek Magic Kuaför Bay & Bayan,+902165043252,Kuaför / Berber
Magiziin Sarıgazi,+905519083434,Kuaför / Berber
Okan Tarakcı Kuaför,+905459328337,Kuaför / Berber
White Mask hair-art & make up,+902166221251,Kuaför / Berber
Studio Team Hair Design,+902162800092,Kuaför / Berber
Happy Life Bayan Kuaförü & Moda Evi,+902166212116,Kuaför / Berber
Gizem Bayan Kuaförü,+905323548133,Kuaför / Berber
Bal Kuaför,+905304845921,Kuaför / Berber
SERCAN KANTAR KADIN ERKEK ÇOCUK KUAFÖR,+905455971517,Kuaför / Berber
Gözde Kuaför & Gelinlik Salonu,+902165615945,Kuaför / Berber
SALON LOCA ERKEK KUAFÖRÜ SANCAKTEPE,+905533772796,Kuaför / Berber
Uğur&Coşkun Hair Studio,+905347445311,Kuaför / Berber
Seval Bayan Kuaförü,+905541695860,Güzellik Salonu
SALON CENGİZ,+902166221858,Kuaför / Berber
Kader Demir Bayan Kuaförü,+905318860701,Kuaför / Berber
ERDEM YURTSEVEN BAY BAYAN KUAFÖR,+905336435620,Kuaför / Berber
Cemal Güçlü,+905336578199,Kuaför / Berber
Lalezar Bayan Kuaförü,+905325863488,Kuaför / Berber
Saloon Suat,+905416993109,Kuaför / Berber
kuaför STUDİO TEAM AYDOS,+905302248778,Kuaför / Berber
Kuaför Eftal,+905396218020,Kuaför / Berber
Uğur Yıldırım Samandıra Erkek Kuaförü,+905312912608,Kuaför / Berber
Burhan Erkek Kuaförü,+905335636755,Kuaför / Berber
Nazlican Bayan Kuaförü,+902163652607,Kuaför / Berber
Simge Kuaför,+905320605318,Kuaför / Berber
Rümeysa Bayan Kuaförü,+902165610366,Kuaför / Berber
Good Shine Beauty,+905313430741,Güzellik Salonu
İVA PATİLER,+905335469776,Kuaför / Berber
Kuaförüm Bay - Bayan,+902165106382,Kuaför / Berber
Bal Erkek Kuaförü,+905316921235,Kuaför / Berber
The Baybarz Erkek Kuaförü,+905350828079,Kuaför / Berber
Kuaför Sadegül,+905312689730,Kuaför / Berber
Erkek kuaförü,+905382319973,Kuaför / Berber
Erkek kuaförü Salon Cansu Sancaktepe/Yenidoğan,+905384007490,Kuaför / Berber
Deniz Kadın Kuaförü,+905303026565,Kuaför / Berber
Sinan Gündüz Bay Kuaför,+905337663453,Kuaför / Berber
Ramazan Erkek Kuaförü,+905428067116,Kuaför / Berber
M.R.S LONDON SARIGAZİ,+902166210091,Kuaför / Berber
Alişenoğlu Hikmet Erkek Kuaförü,+905426657007,Kuaför / Berber
Hakan erkek kuaförü,+905342813910,Kuaför / Berber
"Çağlar Kaya Güzellik Salonu & Nail Center Lazer Epilasyon,Hydrafacial,Ciltbakım,Emsculpt,Medikal,Protez Tırnak,İpek Kirpik",+905335277081,Güzellik Salonu
"His Beauty Pendik Lazer Epilasyon, Cilt Bakımı ve Güzellik Merkezi",+908503083633,Güzellik Salonu
Şeyda Gençoğlu Güzellik Salonu,+905385679997,Güzellik Salonu
Ella kuaför güzellik salonu,+905426317159,Güzellik Salonu
"Pendik İpek Kirpik,Güzellik Salonu, Shea Beauty Stüdio",+905387267367,Güzellik Salonu
Lions Beauty Center,+905307393403,Güzellik Salonu
Burcu Melis Beauty,+905333027509,Güzellik Salonu
Neslihan Güzelhan Beauty Studio,+905456710312,Güzellik Salonu
Yağmursel Güzellik,+905010572424,Güzellik Salonu
Estanbul Estetik,+905307741512,Güzellik Salonu
Elite Güzellik Salonu,+902165846183,Güzellik Salonu
GLAM ART BEAUTY Güzellik Salonu,+905346007334,Güzellik Salonu
Halen Güzellik ve Bakım Sarayı | Bölgesel İncelme | Erkek Epilasyon | Cilt Bakımı,+905065042300,Güzellik Salonu
L,+905523540008,Güzellik Salonu
AquaLife Beauty Pendik,+908507627117,Güzellik Salonu
Pgm,+902163905596,Güzellik Salonu
Kült Beauty Center,+905327465134,Güzellik Salonu
B&E Beauty Center,+905373069680,Güzellik Salonu
Limayle Beauty By Seval KARAHAN,+905369538626,Güzellik Salonu
Es Güzellik Salonu Pendik,+905302276582,Güzellik Salonu
Nina Güzellik Merkezi,+905333776462,Güzellik Salonu
Estaest Güzellik Merkezi,+905526072447,Güzellik Salonu
Asuman Selda,+905456166161,Güzellik Salonu
Pendik Lazer Epilasyon Cilt Bakım Zayıflama Kalıcı Makyaj,+902163900676,Güzellik Salonu
Pendik Sevgi & Seval Beauty | Nail Art & Protez Tırnak Salonu,+905467894998,Güzellik Salonu
IRMAK YALÇIN GÜZELLİK SALONU,+905305591801,Güzellik Salonu
EMSAL DOĞAN PENDİK,+905354118080,Güzellik Salonu
Este Nice Güzellik Merkezi,+905526374934,Güzellik Salonu
Este Garden Güzellik Salonu,+905412235438,Güzellik Salonu
Nt Kuaför ve Güzellik Salonu,+902163540179,Güzellik Salonu
Özlem Savran Beauty & Care Center -Pendik Güzellik Salonu-Lazer Epilasyon-Cilt Bakımı-Protez Tırnak-İpek Kirpik-Kalıcı Makyaj,+905343660034,Güzellik Salonu
Zeyma Güzellik,+905393653934,Güzellik Salonu
Anka Güzellik Salonu - Lazer Epilasyon - Dolgu - Cilt Bakımı,+905427343453,Güzellik Salonu
Deniz Güzellik - Lazer Epilasyon | Cilt Bakım | Kaş Tasarım,+905539244690,Güzellik Salonu
AN Güzellik merkezi,+905300787614,Güzellik Salonu
Ayşegül Eliş Beauty,+905337322666,Güzellik Salonu
Piraye Beauty Center,+905323774067,Güzellik Salonu
Sibel Aydın Güzellik Salonu,+905318401632,Güzellik Salonu
Eylül Öztürk Nail Spa & Beauty Kurtköy,+905384790034,Güzellik Salonu
Anatomi Güzellik Salonu,+905431325858,Güzellik Salonu
İstanbul Med Güzellik Salonu - İstanbul Med Pendik Şubesi,+902165111123,Güzellik Salonu
İxir güzellik,+905317025999,Güzellik Salonu
Sibel Kırbaş Pendik,+905057154483,Güzellik Salonu
Gülşah Tunçbilek Beauty Studio Pendik,+905010426019,Güzellik Salonu
Bahar Avcı Beauty Studıo,+902165962120,Güzellik Salonu
Beyond Hair Kuaför Pendik,+905336500193,Kuaför / Berber
Zelal Erdoğan Güzellik Salonu,+905395869588,Güzellik Salonu
Aslı Güzellik & Spa | Pendik Masaj Salonu,+905010675757,Güzellik Salonu
Meltem kuafor ve güzellik salonu,+902164913646,Güzellik Salonu
Yeşim Yılmaz Kaş Tasarım,+905301173219,Güzellik Salonu
Ys Akademi Estetik,+902164837331,Güzellik Salonu
Esthe Novella,+905314646557,Güzellik Salonu
Ayşegül Kazancı Coiffure ₺ Güzellik salonu,+902163902305,Güzellik Salonu
Mrs Paris Kuaför & Güzellik Merkezi PENDİK,+905380511453,Güzellik Salonu
Pendik Güzellik Merkezi,+905316375555,Güzellik Salonu
Ala Beauté Club,+905364861070,Kuaför / Berber
DİLAN POLAT PENDİK,+905528705411,Güzellik Salonu
Happy Miss Güzellik Salonu,+902163900117,Güzellik Salonu
Arzu soykan güzellik salonu,+905332731439,Güzellik Salonu
Sevim Kuaför ve güzellik merkezi pendik,+905436502300,Güzellik Salonu
Novalife Güzellik,+905301524568,Güzellik Salonu
Ali Yıldız Hair & Beauty | Kurtköy Kuaför,+905422073516,Güzellik Salonu
Pendik Lazer Epilasyon / iğneli epilasyon / needle epilation / игольная эпиляция / Kirpik Lifting / Cilt bakım Tual ESTETİC,+905519785077,Güzellik Salonu
Hüma İstanbul güzellik salonu,+905377830524,Güzellik Salonu
Zehra Akgül Kişisel Bakım Merkezi,+905334092733,Güzellik Salonu
Pendik Erkek Lazer Epilasyon,+905418857050,Güzellik Salonu
San Kuaför Pendik,+905393900462,Kuaför / Berber
Pendik Alaçatı Estetik ve Güzellik,+902163542284,Güzellik Salonu
Pandora Güzellik Merkezi,+905428939898,Güzellik Salonu
Gülden Güzellik Salonu,+905494054433,Güzellik Salonu
Sevim Alan Güzellik Merkezi Pendik Lazer Epilasyon,+905527463636,Güzellik Salonu
Yeliz Başaran Beauty Pendik,+905521552345,Güzellik Salonu
Aysun&İnci Güzellik Merkezi,+905348737047,Güzellik Salonu
yasemin uzunyayla güzellik merkezi,+905386578137,Güzellik Salonu
FURKAN YAZOĞLU HAİR DESİGN STUDİO | PENDİK BAYAN KUAFÖRÜ - OMBRE - BALYAJ - MİKRO SAÇ KAYNAK - MEDİKAL SAÇ KAYNAK,+905466697469,Kuaför / Berber
Dora estetik güzellik,+905434542317,Güzellik Salonu
YILDIZ GÜZELLİK MERKEZİ,+905426350719,Güzellik Salonu
Saloon Aslım,+905399266034,Kuaför / Berber
DİLAMED PENDİK,+905532793193,Güzellik Salonu
BİENİST Güzellik Merkezi,+905350101192,Güzellik Salonu
Emine İldiz Kuaför Pendik,+905492521947,Kuaför / Berber
Senail Studio Pendik,+905417242076,Güzellik Salonu
Elif manikür pedikür Salonu,+905357217734,Kuaför / Berber
İstanbul Elegance Pendik Spa & Wellness & Masaj Salonu,+905011583383,Kuaför / Berber
Aleyna Altınok Beauty,+905372477049,Güzellik Salonu
Aynur Kuaför Salonu,+905327394449,Kuaför / Berber
Lidya Güzellik Salonu,+905402081112,Güzellik Salonu
Mola Güzellik Salonu,+902164417115,Güzellik Salonu
PENDİK GÜZELLİK SALONU,+902164911050,Güzellik Salonu
Hayat Estetik Ve Guzellik,+902164917991,Güzellik Salonu
KUAFÖR TALAT,+902163547183,Kuaför / Berber
İbrahim Topaloğlu Erkek kuaförü & Bakım merkezi,+902163541430,Kuaför / Berber
Sare Okay Kuaför Beauty,+902164912003,Güzellik Salonu
Cliniworld Estetik - Pendik,+905314646551,Güzellik Salonu
Selim Varan kuaför,+902164831414,Kuaför / Berber
Şifa Güzellik,+905434979092,Güzellik Salonu
Pendik bayan Kuaför Suat,+905383310106,Kuaför / Berber
Perlamed Güzellik Pendik | Lazer Epilasyon ve Cilt Bakımı,+902167595050,Güzellik Salonu
Sevilay Kuaför Güzellik Salonu,+902163798797,Güzellik Salonu
Umut Kuaför &Türban salonu,+902163908424,Kuaför / Berber
Yeliz Baydemir Beauty,+905358662540,Güzellik Salonu
Jel Nail Art | Sancaktepe Ezgi Mumcu Güngör,+905522385275,Güzellik Salonu
Melek Oğuzhan güzellik merkezi,+905343349952,Güzellik Salonu
Hilal Kayrancıoğlu Güzellik,+905309153775,Güzellik Salonu
Lavieste Beauty Güzellik,+905318548188,Güzellik Salonu
Gis Beauty & Nail Spa,+905439301916,Güzellik Salonu
Theta Beauty,+905494704555,Güzellik Salonu
Cosmodern Güzellik & Sağlık,+902166220662,Güzellik Salonu
Melisa Diker Beauty Studio,+905531863193,Güzellik Salonu
Op. Dr. Oya Demirci prp dolgu mezoterapi gençlik aşısı ozon tedavisi,+902165939393,Psikolog / Terapist
Berentemizbeauty,+905531058720,Güzellik Salonu
Dr. Ahmet Ayık,+908504742868,Diğer (Sağlık & Bakım)
Viesta Beauty,+905441548158,Güzellik Salonu
Cliniworld Estetik - Sultanbeyli,+902163980022,Güzellik Salonu
Estefueclinic,+905423126246,Kuaför / Berber
LEMAN HASANOVA ESTETİK VE GÜZELLİK MERKEZİ,+905398177671,Güzellik Salonu
ERKAN&EFEKAN BAYAN KUAFÖRÜ,+905309754497,Kuaför / Berber
Staff Hair Studio Pendik,+905359741116,Kuaför / Berber
Tayfun Bakırhan Kuaför,+902163900904,Kuaför / Berber
Bülent & Özgür Kuaför,+902163909400,Kuaför / Berber
The Twins Hair Lounge,+905444432295,Kuaför / Berber
Salsa hair studio,+902164834303,Kuaför / Berber
NSN Bayan Kuaförü,+902163541006,Kuaför / Berber
Salon Han bilgehan ekinci saç kaynak merkezi,+905375533772,Kuaför / Berber
Hair By Ender - Pendik Bayan Kuaförü,+905416167358,Kuaför / Berber
Onur Varli kuaför,+902164835533,Kuaför / Berber
Firdevs Akgün Bayan Kuaförü (Pendik Bayan Kuaförü),+905368534869,Kuaför / Berber
Saloon Sacha,+905061260448,Kuaför / Berber
Saloon Moonlight,+905411703075,Kuaför / Berber
Serdar & Filiz Bayan Kuaförü,+905063937388,Kuaför / Berber
Aydın Taner Kuaför - PENDİK,+902163903002,Kuaför / Berber
Salon B&D HAİR DESİGN VE SOLARIUM,+902164917373,Güzellik Salonu
Sevda Yeşersin Bayan Kuaförü,+905383454296,Kuaför / Berber
Peri Bayan Kuaförü,+902163540354,Kuaför / Berber
Neffa Kuaför Pendik,+905310325657,Kuaför / Berber
Fatih Aybakan Kuaför Salonu,+905351000222,Kuaför / Berber
By Kuaför Şaban Topçu,+905323020225,Kuaför / Berber
Alice Bayan Saç Tasarımı,+902163904497,Kuaför / Berber
The Best Bayan Kuaförü & Saç Kaynak Merkezi Şeref Ayan,+905073882115,Kuaför / Berber
Platin Kuaför,+905309238028,Kuaför / Berber
Pendik Bayan Kuaförü Salon CK,+905366130062,Kuaför / Berber
Kardelen Erkek Kuaför,+905372450861,Kuaför / Berber
ERTAN PALITOĞLU &MAKE UP TESETTÜR,+905398590754,Kuaför / Berber
Large Bayan Kuaför Esenyalı Pendik,+905374179399,Kuaför / Berber
Baces Kuaför Hairlab,+905523926369,Kuaför / Berber
Aslı Ayşe bayan kuaförü,+905319203086,Kuaför / Berber
Kenan Eriş By Kuaför,+905348614841,Kuaför / Berber
Kuaför Kadir,+902165981880,Kuaför / Berber
Deluxe Hair Studio - Gani Kiraz & Emre Soy,+905348106797,Güzellik Salonu
Bayan Kuaförü Süheyla ULUSAN,+905339495003,Kuaför / Berber
Best Kuaför,+902163903220,Kuaför / Berber
Aydın Taner Yenişehir,+902166841010,Kuaför / Berber
Kuaför Bülent & Sibel Demir,+905074583160,Kuaför / Berber
Funda Ozan Make Up & Coiffeur & Solarium,+902163750276,Kuaför / Berber
Kuaför Tuğra,+905446378834,Kuaför / Berber
Kuaför Hakan Akkaya,+902164918647,Kuaför / Berber
Pendik Çocuk Kuaförü,+905442671278,Kuaför / Berber
Obje kuaför,+905392635409,Kuaför / Berber
BS Betül Sarıkaya Bayan Kuaförü,+902164833067,Kuaför / Berber
Hair Works,+905425216595,Kuaför / Berber
A&G Erkek kuaforu,+905376046752,Kuaför / Berber
BY SALON AYHAN AYDIN,+905455732525,Kuaför / Berber
Adem Danışmaz kuaför,+905464320035,Kuaför / Berber
KONUK ERKEK KUAFÖRÜ PENDİK,+905383961104,Kuaför / Berber
Kuaför Murat Önal,+905399840423,Kuaför / Berber
Nejla Kuaför,+905070499638,Kuaför / Berber
Mihrimah Kadın Kuaförü,+905530578857,Kuaför / Berber
Pelin Bayan Kuaförü,+905382637408,Kuaför / Berber
Cengiz Fatma Kuaför Salonu,+905461343454,Kuaför / Berber
Bayan Kuaförü Ünal & Gamze,+905350427387,Kuaför / Berber
Saloon Moda Kuaför,+905325729729,Kuaför / Berber
Hair Stylist Nurettin Esengül,+902164834949,Kuaför / Berber
Kuaför Özkan Kaya,+905358187914,Kuaför / Berber
Saloon İde İsmet Demir Erkek Kuaförü I Pendik - İstanbul,+905331371253,Kuaför / Berber
Kuaför MURAT AKBABA,+902164913183,Kuaför / Berber
SALON MUSA ÖZGÜL HAIR&MAKEUP,+902164911971,Güzellik Salonu
Salon Aslı,+902163961646,Kuaför / Berber
Güven Kuaför,+905323833091,Kuaför / Berber
Salon Ramazan Güllü,+902163903400,Kuaför / Berber
Salon Mert pendik istanbul,+905378742044,Kuaför / Berber
Kuaför İsmail Yener,+905375499650,Kuaför / Berber
Ersin Bayan Kuaförü,+902165112421,Kuaför / Berber
EXPERT KUAFÖR~PERUK & SAÇ KAYNAK MERKEZİ,+905433287594,Kuaför / Berber
İlyas & Kemal Erkek Kuaförü,+905426394184,Kuaför / Berber
Baybers Emrah Kuaför,+905449366059,Kuaför / Berber
Sibel Bayan Kuaförü,+905446285470,Kuaför / Berber
Berberim Istanbul,+905327018786,Kuaför / Berber
Sindy Bayan Kuaförü,+902165960180,Kuaför / Berber
Ayyıldız Bayan Kuaförü,+902163077459,Kuaför / Berber
Saloon Hatice Bayan Kuaförü,+905336224598,Kuaför / Berber
Selman Bozkurt Hair Business,+905052193451,Kuaför / Berber
FYK HAİR DELUXE BY KUAFÖR,+905446277884,Kuaför / Berber
Ebru HairStyle & Saç ve Türban,+905332218370,Kuaför / Berber
Kuaför Doğan Doğan,+902164836824,Kuaför / Berber
Hek Kuaför,+905455575453,Kuaför / Berber
Emin Kuaför,+902163545084,Kuaför / Berber
içóz KUAFÓR,+905512105534,Kuaför / Berber
ŞİRİNE PET KUAFÖR,+905366844050,Kuaför / Berber
Berber Burak Özkeklik,+905397977605,Kuaför / Berber
Erkek Kuaforu Emrah Tekle,+905348106749,Kuaför / Berber
Bayan Kuaförü Tekin Çiçek,+905315101112,Kuaför / Berber
Kaynarca erkek kuaförü,+905412672394,Kuaför / Berber
Cadde Erkek Berberi,+905434890045,Kuaför / Berber
Ergin Gülgen Hair Studio,+905551711917,Kuaför / Berber
Gizem Bayan Kuaförü,+905458969105,Kuaför / Berber
Pendik Es Kuaför Bülent,+905303982652,Kuaför / Berber
KUAFÖR YURTSEVER,+905011216060,Kuaför / Berber
Onur Erden Bay Kuaför,+905377354756,Kuaför / Berber
Pendik Protez Saç Bakım Merkezi - FED HAIR CRAFT,+905388104471,Kuaför / Berber
Özel Pendik pet kuaför,+905530640395,Kuaför / Berber
Uzm.Psikolog Mısra İlksen Önder,+908504747225,Psikolog / Terapist
Sancaktepe Klinik Psikolog Birkan Bület,+905451556212,Psikolog / Terapist
Step by Psikolojik Danışmanlık Merkezi,+905369986664,Psikolog / Terapist
Frezya PSİKOLOJİ - Sancaktepe Psikolog / Oyun Terapisi - Çocuk ve Ergen Terapisi - Aile ve Çift Terapisi - Sancaktepe Pedagog,+902166299047,Psikolog / Terapist
Vizyon Psikolojik Danışmanlık,+905331500199,Psikolog / Terapist
Sancaktepe Uzman Klinik Psikolog,+905365821249,Psikolog / Terapist
Uzman Klinik Psikolog Büşra ÇETÜKKAYA SEVER,+905343413291,Psikolog / Terapist
Psikolog Gülçin Ünal Yazıcı,+905300683464,Psikolog / Terapist
Klinik Psikolog Selen Bulut Kapan,+905379261183,Psikolog / Terapist
Uzman Psikolog Büşra Ceren Coşkun,+905336039175,Psikolog / Terapist
Mavera Psikolojik Danışmanlık Merkezi,+905537860911,Psikolog / Terapist
Psikolog Dilara Yetimoğlu,+908508118149,Psikolog / Terapist
"NOVA Dil, Konuşma ve Psikolojik Danışmanlık Merkezi",+905469796173,Psikolog / Terapist
Klinik Çimen Ağız ve Diş Sağlığı Polikliniği,+905352084336,Diş Kliniği
Fizyofiplus Pilates Stüdyosu-Şükrü Hırkalıoğlu,+902166064396,Pilates / Yoga
Diyetisyen Buse Türkyılmaz,+905396528618,Diyetisyen
"PAREM Psikoloji, Psikolojik Danışmanlık Merkezi ( Ümraniye Psikolog, Pedagog, Aile - Evlilik - Çift Terapisti )",+905511620806,Psikolog / Terapist
Psikolog Sena Nur Demirel,+905377826628,Psikolog / Terapist
"Mine Efnan Berber, Aile Danışmanlığı",+905340737561,Kuaför / Berber
Psikologhane,+905522211214,Psikolog / Terapist
Estetikvia Beauty Center,+905322050640,Güzellik Salonu
BY SEHER KAÇMAZ BEAUTY LOUNGE,+905536506606,Güzellik Salonu
Aslı Erenoğlu ERA Güzelik Salonu,+905062601391,Güzellik Salonu
Gizem Balcı Beauty Center,+905393775019,Güzellik Salonu
ALBİ ESTETİK,+905526135834,Güzellik Salonu
Anka Med Güzellik & Estetik,+905444836244,Güzellik Salonu
Estetika Global,+905338179485,Güzellik Salonu
Nefvipbeautystudio,+905304104000,Güzellik Salonu
Retro Estetik Kişisel Bakım ve Güzellik Merkezi,+905059993013,Güzellik Salonu
Anatoliam estetik&güzellik merkezi,+905415111095,Güzellik Salonu
"Evrem & CO Beauty Center | Pendik | Lazer Epilasyon, Cilt Bakımı, Protez Tırnak ve Güzellik Merkezi",+905011618630,Güzellik Salonu
Reyhan Şefikoğlu Güzellik Merkezi,+905336638344,Güzellik Salonu
"Dr. Fırat Atak - Medikal Estetik, Mezoterapi , Ozon Terapi. Ozon Tedavisi, Yüz Gençleştirme",+905376584354,Psikolog / Terapist
Happy Güzellik,+902163903565,Güzellik Salonu
Ceylan Işık Güzellik Merkezi,+905333615823,Güzellik Salonu
PENDİK Protez Saç Bakım Merkezi - BAYES,+905301674287,Kuaför / Berber
HELLİOS BEAUTY CENTER,+905324893209,Güzellik Salonu
Burun Estetiği Pendik,+905061762020,Güzellik Salonu
Yu Beauty Palace,+905333068783,Güzellik Salonu
Pendik El & Ayak Bakım Merkezi,+905393887292,Diğer (Sağlık & Bakım)
Dermalast Estetik,+902164837961,Güzellik Salonu
Med&Care Güzellik ve Bakım Salonu,+905446921442,Güzellik Salonu
Fors Estetik Merkezi,+905012763677,Güzellik Salonu
Pendik Lazer Epilasyon Beyza Ekinci,+905455793036,Güzellik Salonu
Derya ULAŞ Beauty Güzellik Merkezi,+905455778602,Güzellik Salonu
ŞD Estetik Güzellik,+905066428174,Güzellik Salonu
SEVİM YALÇIN BEAUTY,+905336437585,Güzellik Salonu
Pendik FTR Estetik Kliniği,+902163904595,Güzellik Salonu
Dr.Salih Aygül,+905405000234,Güzellik Salonu
NT Kryolan & Solarium,+905332627299,Kuaför / Berber
PEDİGO Pendik Ayak Bakım Merkezi | Tırnak Mantarı | Batık Tırnak | Nasır Ayak,+905052239737,Güzellik Salonu
Yeliz DAMAR ESTHETIC,+905301824373,Güzellik Salonu
Rose Estetik ve Güzellik Merkezi,+902164833727,Güzellik Salonu
Deressa Güzellik ve Lazer Epilasyon Merkezi,+905366838661,Güzellik Salonu
Pendik Tıp Güzellik ve Estetik Merkezi,+905396436446,Güzellik Salonu
Simurg Psikoloji Pendik,+905558777627,Psikolog / Terapist
Pendik Psikolog - Lotus Psikolojik Danışmanlık,+905346371801,Psikolog / Terapist
Pendik Psikolog Novus Psikolojik Danışmanlık Merkezi Pendik NeuroSound,+905541231230,Psikolog / Terapist
Pendik Psikolog Oğuz Demir,+905319809700,Psikolog / Terapist
Pendik Psikolog Erhan Candan/Luna Psikolojik Danışmanlık Merkezi,+905347605881,Psikolog / Terapist
Kurtköy Psikolog | Odak Psikolojik Danışmanlık Merkezi | Pendik Kurtköy Psikolojik Danışmanlık,+902165952636,Psikolog / Terapist
Pendik Mevsim Psikoloji ve Danışmanlık Merkezi,+905413416151,Psikolog / Terapist
Kurtköy Psikolog - Elif Taşkın Psikoloji & Danışmanlık - Uzm.Klinik Psikolog Elif Taşkın,+905303216896,Psikolog / Terapist
Pendik Psikolog | Klinik Psikolog Sena Öz,+905453576347,Psikolog / Terapist
Kurtköy Psikolog - Kurtköy Oyun Terapisi - Kurtköy Aile Danışmanlığı - Pendik Aile Danışmanlığı,+905449562506,Psikolog / Terapist
İsta Psikoloji Danışmanlık Merkezi,+905307102434,Psikolog / Terapist
Uzman Klinik Psikolog Nurcan Akdeniz,+905354221441,Psikolog / Terapist
Pendik Psikolog | Psikolog Yeşim Süt,+905550257375,Psikolog / Terapist
Pendik Çocuk ve Ergen Danışmanlığı / Çift ve Aile Danışmanı / Psikolojik Danışman Gizem Küçükkaya,+905433807322,Psikolog / Terapist
"Kurtköy Psikolog | Psikolog Huri Aydoğan Şengün | Pendik Psikolog |Çocuk, Yetişkin, Oyun Terapisi",+905307753597,Psikolog / Terapist
Kurtköy Psikolog|Pelen Psikoloji Eğitim ve Danışmanlık Merkezi,+905526030061,Psikolog / Terapist
Uzman Klinik Psikolog Mervenur Sefer Eliyatkın/Pendik-İSTANBUL,+905436332379,Psikolog / Terapist
Koza Psikoloji | Yenişehir | Pendik,+905444523834,Psikolog / Terapist
Psiko-Art Terapi Danışmanlık Merkezi-Yenişehir Psikolog - Kurtköy Psikolog - Pendik Psikolog- Tuzla Psikolog- Kartal Psikolog,+905449799677,Psikolog / Terapist
Uzm Dr Veysi Ülgen- Çocuk ve Genç Psikiyatrisi | Ergoterapi | Floortime | Özel Eğitim | Psikoterapi | Dil Konuşma,+902163792200,Psikolog / Terapist
Uzm. Psk. Kamile Erbaş,+905519455159,Psikolog / Terapist
Uzm. Psk. Ahmet Kasım Ceran/ Pendik-Kurtköy Psikolog,+905315992582,Psikolog / Terapist
"Uzm. Kl. Psk. Cansu Dülger, Psikoloji",+905423889482,Psikolog / Terapist
Rol Psikoloji,+905510138535,Psikolog / Terapist
"Kurtköy Psikolog | Özsen Psikoloji | Çocuk, Ergen ve Yetişkin Terapisi",+905369670098,Psikolog / Terapist
His Psikoloji ve Danışmanlık Merkezi,+905324190804,Psikolog / Terapist
Psikolog Rumeysa Fişek - Pendik Psikolog,+905548884781,Psikolog / Terapist
Pendik Psikolog Sema Yılmaz,+905313895520,Psikolog / Terapist
Erkan Kurt Psikoloji,+908503330344,Psikolog / Terapist
Psikolog Habib Mutlu | İstanbul Psikolojik Danışmanlık | Hipnoz | Aile ve Çift Danışmanlığı,+905354769785,Psikolog / Terapist
Roza Psikoloji,+905538267317,Psikolog / Terapist
İstanbul Psikolog Başak Güven,+908504744535,Psikolog / Terapist
Sancaktepe Diş Hekimi Dt. Zeynep Şahin,+902166219254,Diş Kliniği
"Yenidiş Ağız ve Diş Sağlığı Merkezi -Sancaktepe, implant, Genel Anestezi, Diş Kaplama",+902166063232,Diş Kliniği
DentDizayn Sancaktepe Ağız ve Diş Sağlığı Polikliniği,+905466220662,Diş Kliniği
Beyaz Işık Ağız ve Diş Sağlığı Merkezi Sancaktepe,+905332334412,Diş Kliniği
Sancaktepe Ağız ve Diş Sağlığı Merkezi,+902165863600,Diş Kliniği
Sancaktepe Boğaziçi Ağız Ve Diş Sağlığı Polikliniği,+905067064248,Diş Kliniği
Sancaktepe Nöbetçi Dişçi Dentaöz Ağız ve Diş Sağlığı Polikliniği,+902166063080,Diş Kliniği
OZAN DİŞ KLİNİĞİ - Diş Hekimi - Diş Teli - implant - Ağız Ve Diş Polikliniği,+905404041400,Diş Kliniği
Özel Multidenta Ağız ve Diş Sağlığı Polikliniği,+902166215656,Diş Kliniği
Aile Diş Ağız ve Diş Sağlığı Polikliniği,+905433113888,Diş Kliniği
Ultradent-ist Ağız ve Diş Sağlığı Polikliniği,+902165108520,Diş Kliniği
Özel Daylan Ağız ve Diş Sağlığı Polikliniği,+905550345055,Diş Kliniği
DENTMAHAL AĞIZ VE DİŞ SAĞLIĞI POLİKLİNİĞİ,+905405452222,Diş Kliniği
İde Ağız ve Diş Sağlığı Polikliniği,+905437710433,Diş Kliniği
Ghia Dent Ağız ve Diş Sağlığı,+902162120441,Diş Kliniği
Özel Çizgi Ağız ve Diş Sağlığı Polikliniği,+905527369469,Diş Kliniği
Merkez Diş Ağız ve Diş Sağlığı Polikliniği,+905539347550,Diş Kliniği
Sancaktepe Şuheda Güzel Diş Hekimi,+905411450245,Diş Kliniği
TERCİH ağız ve diş sağlığı polikliniği,+905455762861,Diş Kliniği
Özel Erdem AZİM Ağız ve Diş Sağlığı Polikliniği,+902166226667,Diş Kliniği
Katre Ağız Ve Diş Sağlığı Polikliniği,+905306635289,Diş Kliniği
Dış Hekimi Ezra Başkara Fırat,+902163128004,Diş Kliniği
DR GÜLŞEN AĞIZ VE DİŞ SAĞLIĞI POLİKLİNİĞİ,+905514540707,Diş Kliniği
Diş Hekimi İbrahim Malgaz,+905422181767,Diş Kliniği
DİŞ HEKİMİ BURCU KOÇ ÇİÇEK,+905327093490,Diş Kliniği
YENİDOĞAN AĞIZ VE DİŞ SAĞLIĞI POLİKLİNİĞİ,+905557017247,Diş Kliniği
Özel Yenident Ağız ve Diş Sağlıği Polikliniği,+902165615560,Diş Kliniği
Diş hekimi Özgür Kılıç,+905415044064,Diş Kliniği
Aslıhan - Hakan Gülşen Muayenehanesi,+905050875050,Diş Kliniği
Diş Hekimi Yeşim Yıldırım,+905323335566,Diş Kliniği
Diş Hekimi Muammer Baylan,+902166218381,Diş Kliniği
DİŞ HEKİMİ MELİHA BAYRAM ŞİMŞEK,+905360339080,Diş Kliniği
Prof. Dr. Alp Erdin Koyutürk - Çocuk Diş Hekimi,+908508117340,Diş Kliniği
Gülüş Estetiği Tasarımı - Dental İmplant - All on four - Zirkonyum Diş - E-max Lamine - Porselen Kaplama,+905454431444,Diş Kliniği
DİŞ HEKİMİ Zeynep Çerin Canbey,+905076819378,Diş Kliniği
ECEM PEKTAŞ KLİNİK,+902167550554,Diş Kliniği
Diş Hekimi Hasan Yılmaz,+908507774441,Diş Kliniği
Diş Hekimi Ayşegül Koç Kliniği,+905335591387,Diş Kliniği
Arınç Karaslan,+902164551130,Diş Kliniği
Diş Hekimi Enver Selman SÜMER,+902166216566,Diş Kliniği
ACİL DİŞ SAĞLIĞI DANIŞMANLIĞI,+905537933030,Diş Kliniği
Sancaktepe Dostum Veteriner Kliniği 7/24,+905454456903,Veteriner
Okyanus Ağız ve Diş Sağlığı Polikliniği,+905446123777,Diş Kliniği
T.C. Sağlık Bakanlığı Sultanbeyli Ağız ve Diş Sağlığı Polikliniği,+902166061692,Diş Kliniği
Dentofficial Ağız Ve Diş Sağlığı Polikliniği Sancaktepe,+908504805554,Diş Kliniği
Woman Fit Pilates,+905342099808,Pilates / Yoga
White Pilates Yoga Studio,+905421477701,Pilates / Yoga
MoonFit Studio,+902166061102,Pilates / Yoga
Vals Pilates & Yoga,+905543620812,Pilates / Yoga
Kübra Aydın Pilates Studio Sancaktepe,+905368717703,Pilates / Yoga
Bloom Studio Sancaktepe,+905334363581,Kuaför / Berber
Goin Studio Pilates & Personal Training,+905432057910,Pilates / Yoga
Fizyomiyopilates,+905524137813,Pilates / Yoga
S Stüdyo Pilates,+905435731534,Pilates / Yoga
İFAM PİLATES,+905421564534,Pilates / Yoga
ZeyFit Pilates,+905370248454,Pilates / Yoga
Nöronfit Studio Training ve Pilates,+905549441221,Pilates / Yoga
Pilates İnci,+905523442481,Pilates / Yoga
"NO 53 Personal Training, Boks & Fitness Club",+905541575153,Kuaför / Berber
MOVE FİT PİLATES SANCAKTEPE(KADINLARLA ÖZEL),+905323916425,Pilates / Yoga
Ays Pilates Studio,+905530656246,Pilates / Yoga
Öz Stüdyo Pilates,+905532493210,Pilates / Yoga
GetupFit TRAINING STUDIO Sancaktepe,+905413950909,Kuaför / Berber
Fit Station Sancaktepe,+905331911929,Kuaför / Berber
STÜDYO 365 PİLATES,+905411275058,Pilates / Yoga
Safa San-Fit,+902167667506,Kuaför / Berber
Sarıgazi San-Fit,+902165106262,Kuaför / Berber
Klinik Pilates Sancaktepe,+905342144515,Pilates / Yoga
Cevahir Fitness Club: Sağlıklı Yaşam ve Spor Salonu,+905053693488,Kuaför / Berber
Gymline,+905422330075,Kuaför / Berber
Sunset Fitness Club,+902165094041,Kuaför / Berber
San-Fit Abdurrahmangazi,+902163112220,Kuaför / Berber
Prime Pilates,+905324704997,Pilates / Yoga
Asi pilates studio,+905055482921,Pilates / Yoga
No 7 Pilates Studio,+905325062579,Pilates / Yoga
DYNAMİC FİTNESS CENTER,+902165616634,Kuaför / Berber
ESTEFİT PİLATES STUDIO,+905323330579,Pilates / Yoga
PİLATES LA'VERİTA BODY,+905433554401,Pilates / Yoga
Şenay Gülay Pilates Studio,+905354241405,Pilates / Yoga
First Class Gym Center,+902166215050,Kuaför / Berber
BEYCİOĞLU AKADEMİ,+905372018494,Pilates / Yoga
Be More Athletic,+905315088728,Kuaför / Berber
Star Studyo Sancaktepe Kadınlara Özel Spor Merkezi,+902165045514,Kuaför / Berber
Miora Pilates,+905376350303,Pilates / Yoga
BESA KLİNİK,+905324192372,Pilates / Yoga
StudioMehmetAldemir,+905376631989,Kuaför / Berber
Frezya PİLATES,+905425209034,Pilates / Yoga
Sancaktepe Fight Club,+905325099715,Kuaför / Berber
Go Fit Wellness,+902169996494,Kuaför / Berber
Kuluk Fight Club,+905395863929,Kuaför / Berber
Gencer Özbağ Spor Salonu,+905373379536,Kuaför / Berber
Sancaktepe Aziz Bayraktar Spor Salonu,+902165617788,Kuaför / Berber
mr. biceps sancaktepe,+905443569250,Kuaför / Berber
uni sports center,+905380941156,Kuaför / Berber
San Fit Mevlana Spor Merkezi,+902164846648,Kuaför / Berber
Fitinn Wellness Fitness,+902165616242,Kuaför / Berber
Fitness Venue Club,+902165048000,Kuaför / Berber
Fi Club Spa & Wellness Sancaktepe,+902163119998,Diğer (Sağlık & Bakım)
York Athletic Club,+905331234980,Kuaför / Berber
Doğu Güzellik,+905368285872,Güzellik Salonu
Zeynep Erdoğan Güzellik Merkezi,+905527013410,Güzellik Salonu
LEİLAMED GÜZELLİK SALONU,+905421813030,Güzellik Salonu
Aura Beauty - Sultanbeyli Güzellik Salonu,+905464365504,Güzellik Salonu
Epimia Epilasyon ve Güzellik Sultanbeyli,+905306808134,Güzellik Salonu
Asia Güzellik ve Bakım Sultanbeyli,+905300725564,Güzellik Salonu
Merve Öztürk Güzellik Salonu,+905521511595,Güzellik Salonu
Est Güzellik Salonu,+905303109100,Güzellik Salonu
Sultanbeyli Anatolia güzellik,+905322854673,Güzellik Salonu
Ar Med Güzellik ve Estetik - Sultanbeyli Şubesi,+902163984555,Güzellik Salonu
Dermorain,+905324827692,Güzellik Salonu
Kübra İyisan Güzellik Salonu,+905416613636,Güzellik Salonu
ELİF AKTAŞ KUAFÖR VE MAKEUP STUDIO,+905550733429,Güzellik Salonu
Natu Beauty Sultanbeyli,+905010221761,Güzellik Salonu
Aren Güzellik Salonu,+905323073280,Güzellik Salonu
The Liv Beauty Center Sultanbeyli,+905336613244,Güzellik Salonu
Zeynep Meriç Beauty Sultanbeyli,+902164195234,Güzellik Salonu
Sultanbeyli Güzellik Salonu Ladyboss Güzellik,+905546757412,Güzellik Salonu
Rozelif Bayan Kuaförü,+905418087484,Güzellik Salonu
Salon Numan,+905387929733,Güzellik Salonu
Yeşil Yaşam,+905051318701,Güzellik Salonu
Rose Life Beauty Sultanbeyli (Rose Life Güzellik - Sultanbeyli),+905538306887,Güzellik Salonu
Dilan Ceylan Güzellik Salonu Lazer Epilasyon Bölgesel İncelme Cilt Bakımı,+905306764012,Güzellik Salonu
Seher Yiğit Güzellik Salonu,+905444147831,Güzellik Salonu
Famme Bella Güzellik Salonu,+905417139888,Güzellik Salonu
Sultanbeyli Alya Bayan Kuaförü,+905305879952,Kuaför / Berber
Rozalin Beauty Studio,+905428124575,Güzellik Salonu
Glamour Güzellik ve Bakım - Sultanbeyli Güzellik Merkezi,+905411910434,Güzellik Salonu
NORA GÜZELLİK,+905421550347,Güzellik Salonu
Pretty Güzellik Salonu & Bayan Kuaför,+902164963686,Güzellik Salonu
Epilady Sultanbeyli,+905538442882,Güzellik Salonu
Mcc Bay & Bayan Kuaför,+905349737045,Kuaför / Berber
Gönül & Aren Güzellik Salonu,+905441982777,Güzellik Salonu
ELMAS AŞKAR GÜZELLİK SALONU,+905356531621,Güzellik Salonu
KUBİLAYSAÇTASARİM BAYAN KUAFÖRÜ,+905413569124,Kuaför / Berber
İlayda Bayan Kuaförü & Güzellik Salonu,+905387160846,Güzellik Salonu
Lioness Nailart&Beauty Studio,+905431028203,Güzellik Salonu
LEYLA KUAFÖR & GÜZELLİK SALONU,+905346663242,Güzellik Salonu
Esra Şınık Beauty Palace,+905313178301,Güzellik Salonu
BLUEMOON GÜZELLİK SULTANBEYLİ,+905331979604,Güzellik Salonu
Kaneviçe Kuaför Sultanbeyli,+905014614436,Kuaför / Berber
Çağlar Bayan Kuaförü,+902164190646,Kuaför / Berber
Özer Med Güzellik Salonu,+905320159644,Güzellik Salonu
Bella World Sultanbeyli,+905433776010,Güzellik Salonu
Salon Trend Barber's Club Kuaför,+905399494129,Kuaför / Berber
Rukiye Aydın Beauty Sultanbeyli,+905521544434,Güzellik Salonu
Orhan Dede Saç Tasarim,+902163982434,Kuaför / Berber
Songül Öztürk Beauty,+905467802558,Güzellik Salonu
Aya Venüss Güzellik Salonu,+905537385030,Güzellik Salonu
Erhan İpek Sultanbeyli,+902163981080,Kuaför / Berber
Zeynep Güzellik,+905418752016,Güzellik Salonu
DEFNE KUAFÖR VE MODA EVİ SULTANBEYLİ,+905465082165,Güzellik Salonu
Yeslife Estetik ve Güzellik Merkezi,+905522401401,Güzellik Salonu
KUAFÖR SENA,+902164966260,Kuaför / Berber
Gülay Güzellik Salonu,+902163988901,Güzellik Salonu
CleanMed,+902169996727,Güzellik Salonu
Hasret Kuaför,+902163981800,Kuaför / Berber
Ecrin Beauty,+905318708130,Güzellik Salonu
Serenim Moda Evi ve Kuaför Salonu,+902163982590,Kuaför / Berber
Sitrin Beauty Emine Turan,+905392364704,Güzellik Salonu
Kevser Kuaför güzellik salonu,+905465082882,Güzellik Salonu
Elit Clean,+905524494575,Güzellik Salonu
tugcekurtsultanbeyli,+905421904074,Güzellik Salonu
Cem Arslan hair art,+905062813323,Kuaför / Berber
EPİLADY KİŞİSEL BAKIM SALONU GENEL MERKEZ Nroisa Cosmetic,+905332985236,Kuaför / Berber
Kaya bey Kuaförü,+905322362965,Kuaför / Berber
Alpcan Hair Artist,+905364315270,Kuaför / Berber
Şenol Kuaför,+905319816182,Kuaför / Berber
Özlem ürek kuaför,+902164985418,Kuaför / Berber
CleanMed güzellik salonu,+905068076218,Güzellik Salonu
Sultanbeyli Herbalife Fitness Cilt Bakımı ve Güzellik,+905356235970,Güzellik Salonu
by Mustafa uzun Hair stliyst,+905424261281,Kuaför / Berber
Denizi Gelinlik Kuaför,+905302480152,Kuaför / Berber
Cityhair Protez Saç Merkezi,+905384007134,Kuaför / Berber
İstanbul Kişisel Bakım Ve Yaşam Merkezi,+902163985053,Kuaför / Berber
Deniz Demir Güzellik,+908503070002,Güzellik Salonu
Lady Power Spor,+902164262323,Kuaför / Berber
Nuray Kuaförü ve gelinlik,+905510358506,Kuaför / Berber
Gözde kuaför,+905455903055,Kuaför / Berber
Çelebi Beauty,+905453236034,Güzellik Salonu
Kuaför Sait,+905312518477,Kuaför / Berber
Güneş Bayan Kuaförü,+905353597790,Kuaför / Berber
KUAFOR SEDAT & VEDAT,+902164190768,Kuaför / Berber
Salon kuaför muhammet,+905368492929,Kuaför / Berber
Ekip Kuaför,+902166217083,Kuaför / Berber
atlas kuaför,+908504731415,Kuaför / Berber
ARSLAN ERKEK KUAFÖR BERBER,+905377612837,Kuaför / Berber
İstanbul Kişisel Bakım Merkezi,+902163985050,Kuaför / Berber
Dwale Tattoo,+905348575216,Dövme & Piercing
Emre tatto sancaktepe,+905389605780,Dövme & Piercing
ARMADA TATTOO ART STÜDYO,+905424562930,Dövme & Piercing
Lavinia Dövme Silme,+905526802924,Dövme & Piercing
Tahir,+905345570561,Dövme & Piercing
Streetcat Tattoo + Streetcat Tattoo Mobil,+905443526174,Dövme & Piercing
Dr.colorsink,+905327627014,Dövme & Piercing
KE-KA TATTOO,+905326241010,Dövme & Piercing
Tattoo art Şenol,+905539832936,Dövme & Piercing
Rohan Tattoo & Piercing,+905428470167,Dövme & Piercing
BYEMRE TATTOO&DÖVME SİLME,+905469693404,Dövme & Piercing
inkofsins tatto parfüm,+905443772434,Dövme & Piercing
Kensho Beauty&Tattoo Studio,+905523744710,Dövme & Piercing
Sultanbeyli Tatto,+905425643428,Dövme & Piercing
Perseus Tattoo,+905331510471,Dövme & Piercing
kuraltattoo,+905395634211,Dövme & Piercing
BELİNAY KUAFÖR SULTANBEYLİ GÖLET,+905423771208,Kuaför / Berber
Dilek kuaför ve güzelik salonu,+905327436038,Kuaför / Berber
Altın Makas Bayan Kuaförü,+902164988589,Kuaför / Berber
ALİ TURAN HAİR ARTİST,+905344016469,Kuaför / Berber
Kuaför samet koç,+905520139655,Kuaför / Berber
ÖZNUR BAYAN KUAFÖRÜ,+905347708246,Kuaför / Berber
Ebruli Bayan Kuaförü,+905350250482,Kuaför / Berber
By Yavuz Hair Studıo,+905354226090,Kuaför / Berber
Koç Erkek Kuaförü,+905397335761,Kuaför / Berber
KUAFÖR SEDAT,+905363591796,Kuaför / Berber
Salon Jasmin bayan kuaförü,+905342252052,Kuaför / Berber
Mikail Şahin Bay Kuaför,+905436268157,Kuaför / Berber
Elif-i Zerafet Bayan Kuaforu,+905534086123,Kuaför / Berber
Sinan Hair Studio,+905301390736,Kuaför / Berber
Tekin Erkek Kuaförü,+905344138015,Kuaför / Berber
Gözde Bayan Kuaförü,+902163983565,Kuaför / Berber
Ercan Bayan Kuaförü,+905365223932,Kuaför / Berber
Kuaför Adem,+905383029243,Kuaför / Berber
Yakamoz Bayan Kuaförü,+905057406303,Kuaför / Berber
Sema kuaför,+905527115329,Kuaför / Berber
Kuaför Ayhan,+905379575997,Kuaför / Berber
Salon Yıldız (erkek kuaförü),+905439240024,Kuaför / Berber
Salon Memet,+905550714725,Kuaför / Berber
Salon By Kuaför,+905444233457,Kuaför / Berber
Kuaför Murat,+905396046695,Kuaför / Berber
Kuaför Ömer,+905070950435,Kuaför / Berber
Kuaför Yunus,+905317791500,Kuaför / Berber
Bayan Kuaför,+905375426391,Kuaför / Berber
Salon Ömer,+905542530247,Kuaför / Berber
Kuaför sergen,+905318934932,Kuaför / Berber
Furkan Kuaför,+905354548100,Kuaför / Berber
Celal Erkek Kuaförü,+905347878296,Kuaför / Berber
Salon Metin,+905305525144,Kuaför / Berber
Yerlikaya Erkek Kuaförü,+905388708155,Kuaför / Berber
Burak Hair Design,+905469783456,Kuaför / Berber
Salon Gültekin,+905417903020,Kuaför / Berber
Nuray kuaför ve Tanya Gelinlik Evi,+905301856420,Kuaför / Berber
Duru Erkek Kuaförü 2,+905379425282,Kuaför / Berber
Angel Bayan Kuaförü,+902164194696,Kuaför / Berber
Gentleman's Erkek Kuaförü,+905355231732,Kuaför / Berber
Kuaför Ahmet,+905318702510,Kuaför / Berber
Kardelen erkek KUAFÖRÜ,+905376011867,Kuaför / Berber
Kuaför Bünyamin,+905312205384,Kuaför / Berber
SELİM Erkek KUAFÖRÜ,+905376392637,Kuaför / Berber
"Sancaktepe Sağlıklı Yaşam, Sağlıklı Beslenme Merkezi, GÖNÜL SİT Beslenme Merkezi",+905466209817,Diyetisyen
Gültekin Beslenme ve Diyet Merkezi,+905550882176,Diyetisyen
Diyetisyen Sermin Genç Akbulat,+905425597570,Diyetisyen
Diyetisyen Şilan Kültür Beslenme Danışmanlığı,+905396544736,Diyetisyen
Diyetisyen Elif Dağdeviren Beslenme ve Diyet Danışmanlığı,+905056058345,Diyetisyen
Diyetisyen Beyza Çetin,+908508116752,Diyetisyen
Diyetisyen Selma Karagöz,+905356056828,Diyetisyen
Fit Hayat Aktif Yaşam ve beslenme Kulübü,+905412937636,Diyetisyen
Twindiet Beslenme ve Diyet Danışmanlık,+905323008220,Psikolog / Terapist
RSA Sağlıklı Yaşam,+905336929364,Diğer (Sağlık & Bakım)
Diyetisyen Aycan Telli,+905425183234,Diyetisyen
Loly Nail Beauty,+905524876525,Güzellik Salonu
"Feronia Beauty Sultanbeyli | Lazer Epilasyon, Cilt Bakımı, Bölgesel İncelme",+905010057724,Güzellik Salonu
NAZAN ÇELİK BEAUTY ESTHETIC,+905413540339,Güzellik Salonu
estMedica,+905306061900,Güzellik Salonu
Serap Demirci Beauty Center,+905413451930,Güzellik Salonu
Klinik Psikolog Şule KAPTAN,+905426843482,Psikolog / Terapist
Şile Psikoloji,+905307076540,Psikolog / Terapist
Therapia Fizyoterapi ve Danışmanlık Merkezi,+905317066353,Psikolog / Terapist
Şile Diyetisyen - Şile Psikolog - Şile Fizik Tedavi Maghalife,+905342015153,Psikolog / Terapist
Kaşıkçı Ağız ve Diş Sağlığı Polikliniği-Diş Hekimi Kamil Kaşıkçı,+905551873445,Diş Kliniği
Aydos diş Sultanbeyli Özel Ağız ve Diş Sağlığı Polikliniği,+902164961525,Diş Kliniği
Anadolu Yakası Özel Ağız ve Diş Polikliniği Sultanbeyli,+905454965715,Diş Kliniği
DİŞ HEKİMİ H.F.L.İÇTEM,+905051057113,Diş Kliniği
Özel Trenddent Ağız ve Diş Sağlığı Polikliniği,+905523282020,Diş Kliniği
ELİS AĞIZ VE DİŞ SAĞLIĞI POLİKLİNİĞİ,+905419289785,Diş Kliniği
Özel Sultan Ağız Ve Diş Sağlığı Polikliniği,+905015582727,Diş Kliniği
Murat Altun Ağız ve Diş Sağlığı Polikliniği,+902164964115,Diş Kliniği
Özel Ömürden ağız ve diş sağlığı polikliniği,+905534711531,Diş Kliniği
Diş Hekimi RECEP TAŞTEMİR,+902163988514,Diş Kliniği
Diş Hekimi Sara Algannam,+902163981112,Diş Kliniği
Diş hekimi Alperen Demiral,+905541790189,Diş Kliniği
Diş Hekimi Mustafa Erensoy,+902163982247,Diş Kliniği
Levent Uçar,+902163989609,Diş Kliniği
Diş hekimi Rıma Halloum,+905346907916,Diş Kliniği
Diş Hekimi Sezaittin Koç,+902163988586,Diş Kliniği
Diş Hekimi Bige Ülker,+902164965922,Diş Kliniği
Diş Hekimi Demet Güneş ve Mücahit Güneş,+902163980517,Diş Kliniği
Kuaför Yasin & Devrim,+905444477596,Kuaför / Berber
KİZKULESİ GÜZELLİK SALONU ŞİLE,+905418050000,Güzellik Salonu
Hatice Kaya El & Ayak Güzellik Dünyası,+905369807604,Güzellik Salonu
Sinem Polat Beauty,+905369984382,Güzellik Salonu
Energy Always Be Positive,+905372557358,Kuaför / Berber
Titiz Kişisel Bakım,+902167042202,Güzellik Salonu
Güzellik Merkezi Nazan ARSLAN,+905466694729,Güzellik Salonu
Büşra Çakmak Beauty,+905384802308,Güzellik Salonu
Özlem kuaför şile,+902167112669,Kuaför / Berber
Kılıçarslan Hair Design,+905435863081,Kuaför / Berber
Türkan Kuaför Şile,+902167113574,Kuaför / Berber
Sevilen Bayan Kuaförü,+902167121007,Kuaför / Berber
Şile Qualia Spa & Wellness,+902167666533,Diğer (Sağlık & Bakım)
Sultanbeyli Akca Spor Kulübü,+905363249916,Kuaför / Berber
BOS TRAINING STUDIO Pilates & Fitness,+905530511069,Pilates / Yoga
Sunset Studyo Sultanbeyli Kadınlara Özel Spor Merkezi,+902166777070,Kuaför / Berber
Black Sport Club,+902164198335,Kuaför / Berber
Bloom Studio Kurtköy,+905305233581,Kuaför / Berber
PowerLift Spor Salonu,+902167557495,Kuaför / Berber
Sultanbeyli Mohikan Fight Academy,+905514878924,Kuaför / Berber
Creatıve Fıtness,+902163989930,Kuaför / Berber
Fight Masters Academy,+902164190606,Kuaför / Berber
Bstudio Pilates,+905447191797,Pilates / Yoga
TMS Bayanlara Özel Spor Salonu,+905397725533,Kuaför / Berber
Yiğidolar Spor Klubu,+905355406437,Kuaför / Berber
Ömer leman salon,+905051115219,Kuaför / Berber
Tunahan Bostancı kuaför,+905531357475,Kuaför / Berber
Ayşegül Bayan Kuaförü,+902167112679,Kuaför / Berber
Kız Kulesi Bayan Kuaförü,+902167110097,Kuaför / Berber
Missy Kuaför,+902167042325,Kuaför / Berber
Hazal Güzellik Salonu,+905456472922,Güzellik Salonu
Berber Zeki,+905336686430,Kuaför / Berber
TUĞBA ÇETİNKAYA güzellik salonu,+905442015877,Güzellik Salonu
Petzerr,+902167061517,Kuaför / Berber
Ayşegül Kuaför,+902163432940,Kuaför / Berber
Alleyfit Wellness Studio,+905366711793,Pilates / Yoga
Şile İncir Veteriner Kliniği,+905394838491,Veteriner
KÜÇÜK GÖZLEME EVİ,+905070113170,Kuaför / Berber
262 Veteriner Kliniği Şile,+905364901271,Veteriner
Şile Pilates,+905414765913,Pilates / Yoga
Ablanın Yeri58 Gözlemeci,+905375836704,Kuaför / Berber
Evde berberlik hizmetleri,+905435291385,Kuaför / Berber
Diyetisyen Gamze Beyza Tapu,+908508116517,Diyetisyen
Diyetisyen Tuğçe Kablan,+905380174205,Diyetisyen
Diyetisyen Beyza Birlik,+905545683467,Diyetisyen
Diyetisyen Meryem Köse,+905402752535,Diyetisyen
Sole Clinic Beslenme ve Diyet Danışmanlığı,+905434213204,Diyetisyen
FitHouse Beslenme Kulübü,+905439161090,Diyetisyen
Fit Check Studio,+905515050092,Kuaför / Berber
Şile Özel Pilates Dersi,+905533210023,Pilates / Yoga
Suhan Spa & Wellness By Ramada,+905337144215,Diğer (Sağlık & Bakım)
Fizyonağme,+905394833077,Psikolog / Terapist
Yoga Sankalpa,+905544747470,Pilates / Yoga
Yogini Fakiha,+905323519727,Pilates / Yoga
METİN YAŞAR SPOR KULÜBÜ/ŞİLE,+905454300324,Kuaför / Berber
Şile Ağız ve Diş Sağlığı Polikliniği,+902165153300,Diş Kliniği
Șile Kadıköy Ağız ve Diş Sağlığı Kliniği,+905444183298,Diş Kliniği
Diş Hekimi Dt Seza Berkan,+905552115568,Diş Kliniği
Rivers Ink Tattoo Studio,+905323161351,Dövme & Piercing
BTHTattoo,+905525096303,Dövme & Piercing
Şile Diyetisyen Gül Şevval Bayraktar,+905344380186,Diyetisyen
Diyetisyen Dilara Bilgili,+908504740349,Diyetisyen
BURCU TEKDOĞAN GÜZELLİK SALONU,+905384196818,Güzellik Salonu
Aleyna Gülten Beauty 🫶 Tuzla | Cilt Bakımı - Hydrafacial - Buz Lazer Epilasyon - Microblading - Kalıcı Makyaj Güzellik,+905303900126,Güzellik Salonu
Eylül Öztürk Tuzla Nail Spa Güzellik Salonu,+905375085534,Güzellik Salonu
Shine Port Tuzla Güzellik Merkezi,+905079899080,Güzellik Salonu
Loresima Güzellik ve Zayıflama Merkezi Tuzla Buz Lazer Epilasyon + Hydrafacial Cilt Bakımı + Microblading + Protez Tırnak,+905300901590,Güzellik Salonu
Estetuzla,+905526505814,Güzellik Salonu
Ayşegül güzellik merkezi,+905414102109,Güzellik Salonu
"SİS Güzellik Salonu (Lazer Epilasyon, G5 Masaj)",+905061118603,Güzellik Salonu
Beuty Rise Tuzla,+905491243434,Güzellik Salonu
Emine Okur Güzellik Salonu,+905330860862,Güzellik Salonu
Selin Canpek Beauty Studio Tuzla,+905468940800,Güzellik Salonu
Belenus Beauty,+905304616626,Güzellik Salonu
Estevelure Tuzla Beauty Center,+905305642150,Güzellik Salonu
Ayşe Muslu Beauty Center,+905318381353,Güzellik Salonu
Ayşenur Taş Beauty Saloon,+905072369854,Güzellik Salonu
Emsal Doğan Tuzla Güzellik Merkezi,+905302616551,Güzellik Salonu
Tuzla Lazer Epilasyon / Seda Tan Güzellik Salonu,+905352104702,Güzellik Salonu
Tuzla H&G Güzellik Salonu,+905525267344,Güzellik Salonu
Selin Beauty Center Tuzla,+905060412800,Güzellik Salonu
SHİNE PERA BEAUTY,+905451526422,Güzellik Salonu
Derma Defne Güzellik ve Spa Merkezi,+902169989796,Güzellik Salonu
Suna Dumankaya Tuzla,+905451237862,Güzellik Salonu
Dr İsmail Şener Estetik,+905518305085,Güzellik Salonu
Nil Beauty Center TUZLA,+905404754040,Güzellik Salonu
Nazende Beauty Center,+905524470915,Güzellik Salonu
YNS GÜZELLİK VE SAĞLIK HİZMETLERİ SAN. VE TİC. LTD. ŞTİ.,+905496808524,Güzellik Salonu
STARSUN ESTETİK & GÜZELLİK,+905075952055,Güzellik Salonu
Deniz Uysal Güzellik Salonu,+905527936820,Güzellik Salonu
Orhanlı Güzellik Salonu,+905325513992,Güzellik Salonu
Özlem Köymen Beauty,+905351076007,Güzellik Salonu
Tuzla Protez Tırnak Evora,+905050199024,Güzellik Salonu
N SHE BEAUTY,+905330685856,Güzellik Salonu
Op. Dr. Özlem Cemboluk / Estetik Cerrahi Kliniği,+905550881717,Güzellik Salonu
Salon Narcissa,+902167011876,Güzellik Salonu
Esila güzellik salonu,+905519593871,Güzellik Salonu
AR Beauty Güzellik Salonu Tuzla,+905065287278,Güzellik Salonu
Alina Beauty Tuzla,+905366647055,Güzellik Salonu
POLEN KUAFÖR & GÜZELLİK SALONU,+905518840904,Güzellik Salonu
Karamelek Güzellik Merkezi | Tuzla Güzellik Merkezi Lazer Epilasyon Cilt Bakımı Saç Simülasyonu Kalıcı Makyaj Zayıflama,+905451440999,Güzellik Salonu
cas beauty,+905521866062,Güzellik Salonu
Ayfer Tekin Güzellik Merkezi Tuzla (Lazer Epilasyon | HydraFacial Cilt Bakımı | Microblading | Manikür | Pedikür),+905340874803,Güzellik Salonu
Ayna by Gözde Aksel,+905426502507,Güzellik Salonu
İZİL Nail & Beauty,+905417283616,Güzellik Salonu
Pandora Güzellik Salonu,+905070588602,Güzellik Salonu
Kuaförce - Tuzla Marina,+902165046677,Kuaför / Berber
Aydınlı kuaför Salon PİNK - BAYAN KUAFÖRÜ ( TUZLA SAÇ KAYNAK MERKEZİ ),+905013414159,Kuaför / Berber
Nazan Üzgün Güzellik Merkezi,+905315517503,Güzellik Salonu
Yavuz Kaya Hair Studio,+902164461210,Kuaför / Berber
NESLİ NUR NAR Fit Pro & Beauty Center,+905339185520,Güzellik Salonu
Tuzla Dudak Dolgu,+905393754261,Güzellik Salonu
"Ceylandem Güzellik Salonu | Kalıcı Makyaj, İpek Kirpik, Microblading, Dudak Renklendirme, Masaj",+905321360407,Güzellik Salonu
Gültaç Güzellik Salonu,+902164232255,Güzellik Salonu
Büşra Sevim Makyaj & Güzellik Salonu,+905468712828,Güzellik Salonu
Doğan Atasever HAIR DOCTOR,+905360336386,Kuaför / Berber
Fm Kuaför Güzellik Merkezi By Mihrican Bakan,+902163956863,Güzellik Salonu
Gala kuaför Aydıntepe tuzla,+902165071140,Kuaför / Berber
Salon Azra Bayan Kuaförü,+905314676558,Kuaför / Berber
Tuzla Protez Tirnak,+905378602738,Güzellik Salonu
Madame Monsieur Kuaför,+905412341343,Kuaför / Berber
Muhammet Kaya - Hair designer / Saç tasarım,+905453434169,Kuaför / Berber
El -İzi Beauty Center,+905053577796,Güzellik Salonu
SALON MUHAMMED,+905397743846,Kuaför / Berber
Kuaför Ali Uras,+905074916821,Kuaför / Berber
Kuaför Fettah,+905357757352,Kuaför / Berber
FEHMİ KUAFÖR,+905347732001,Kuaför / Berber
SALOON HAKAN,+905437947505,Kuaför / Berber
Ozila,+905527902396,Güzellik Salonu
Saloon Ses,+902164471211,Kuaför / Berber
San Kuaför Tuzla,+905304191861,Kuaför / Berber
Salon De Paris TUZLA,+902164464754,Kuaför / Berber
Bss Bayan Kuaförü,+902164474415,Kuaför / Berber
Aydın&Taner Kuaför Tuzla,+905064772695,Kuaför / Berber
Icon kuaför tuzla,+905411914634,Kuaför / Berber
Büşra Işık Bayan Kuaförü,+905318744122,Kuaför / Berber
Shance Hair Design & Beauty Tuzla,+905411151617,Güzellik Salonu
Kuaför Recep Tozan,+902165195614,Kuaför / Berber
Ferhat Yağcı bayan kuaförü,+905314912564,Kuaför / Berber
KUAFÖR İSMAİL NURLU,+905363484596,Kuaför / Berber
Tuana Kuaför,+905365800410,Kuaför / Berber
MAKAS TUZLA,+905412545954,Kuaför / Berber
Özgür Yıldırım Kuaför,+905323848757,Kuaför / Berber
Klas Kuaför,+905373257485,Kuaför / Berber
Hair Club Saç Tasarım,+905512309773,Kuaför / Berber
The Time Hair Designer Kuaför,+905510622962,Kuaför / Berber
Saloon İsra Bayan Kuaförü,+905379952461,Kuaför / Berber
Rapunzell Kuaför | Tuzla,+905522204923,Kuaför / Berber
OĞUZ KUTLU KUAFÖR TUTOM,+902165048110,Kuaför / Berber
The munch,+905330256843,Güzellik Salonu
KUAFÖR MEMİREİS,+905378310808,Kuaför / Berber
SALOON GLORY,+902164463354,Kuaför / Berber
Nesrin Bayan Kuaförü,+902164471647,Kuaför / Berber
Pelin bülbül bayan kuaförü,+905078725861,Kuaför / Berber
Site Kuaför,+905446025421,Kuaför / Berber
Kuaför Selim,+905357735789,Kuaför / Berber
Salon Miracle,+905363952750,Kuaför / Berber
Oğuzhan Hair Salon,+905537611803,Kuaför / Berber
Seray Gülseren hairmakeup Studio,+905335838838,Güzellik Salonu
Noxx Hair - Kadın Kuaförü | Erkek Kuaförü | Çocuk Kuaförü | Unisex Kuaför | Tuzla Port Kuaför,+905062398992,Kuaför / Berber
YESH HAIR STUDIO,+905302891327,Kuaför / Berber
Saloon Maji Kuaför,+902164918064,Kuaför / Berber
Ufuk Kuaför,+902163955878,Kuaför / Berber
Okan Ünal Hair Design,+905366358464,Kuaför / Berber
Kuaför Yusuf Türk,+905415026964,Kuaför / Berber
By Salon,+905335128000,Kuaför / Berber
Paris Kuaför By Ali Seren,+905071024939,Kuaför / Berber
BARIŞ KUAFÖR AYDINLI,+905363030992,Kuaför / Berber
Sakal Barber’s,+905378253857,Kuaför / Berber
CRAFT ERKEK KUAFÖRÜ,+905342835877,Kuaför / Berber
Esen Kuaför,+905366010087,Kuaför / Berber
DEMİRKIRAN hair designer,+905356181158,Kuaför / Berber
Selcan Kuaför,+902163954671,Kuaför / Berber
Bahar Kuaför ve kalıcı makyaj merkezi,+902164235242,Güzellik Salonu
Rönesans Bayan Kuaförü,+905415074142,Kuaför / Berber
Miraç kuaför,+905360361417,Kuaför / Berber
Avni kaptan hair studio erkek kuaförü,+905415383488,Kuaför / Berber
Salon doa ‍ ️,+905386419624,Kuaför / Berber
Kuaför Ramazan (Erkek Kuaförü),+905337145234,Kuaför / Berber
ÇağrıÖzgürHairStudio erkek kuaförü,+905452801560,Kuaför / Berber
Handan Bayan Kuaförü,+905353557297,Kuaför / Berber
ÇAS&LAKAS,+905325009426,Kuaför / Berber
Saloon Cüneyt Keleş,+905416810020,Kuaför / Berber
Salon Caddee Bayan Kuaförü,+905397706789,Kuaför / Berber
Best Erkek Kuaförü,+905393416633,Kuaför / Berber
HAKAN ÖZMEN HAİR artist,+905439694461,Güzellik Salonu
Hakan Gültekin - Woman Hair Design,+905326428478,Kuaför / Berber
Kuaför Ercan,+905301739415,Kuaför / Berber
Salon Arlı,+905069157177,Kuaför / Berber
Saloon Bey's,+902164469943,Kuaför / Berber
Aydınlı kuaför BİROL ÇAKIR - BAYAN KUAFÖRÜ,+905465342425,Kuaför / Berber
Güler Erkek Kuaförü,+905362666769,Kuaför / Berber
Kuaför santana,+905354288008,Kuaför / Berber
Eva Kuaför Tuzla,+902163952151,Kuaför / Berber
Kuaför Saloon Hülya,+905465877545,Kuaför / Berber
Salon Reyna Bayan Kuaförü,+902163934445,Kuaför / Berber
ALTIN MAKAS ERKEK KUAFÖRÜ,+905327865372,Kuaför / Berber
TB Hair Design Salon,+905445876657,Kuaför / Berber
Fatih Şen Bay kuaför,+905438347114,Kuaför / Berber
SALON ÇAS ERAY ALTINÖZ,+905532048739,Kuaför / Berber
Gizem Kuaför,+905347400363,Kuaför / Berber
Aquapet Shop & Profesyonel Pet Kuaför Tuzla,+905320637416,Kuaför / Berber
Fulyam Kuaför,+905526642781,Güzellik Salonu
Vizyon Erkek Kuaförü,+905423355449,Kuaför / Berber
Ömer Temel Hair Studio ®️,+905399201648,Kuaför / Berber
HÜSEYİN POLAT Petunya Bayan Kuaförü,+902164470707,Kuaför / Berber
ELİSS BAYAN KUAFÖRÜ,+905454175686,Kuaför / Berber
HDF Bayan Kuaförü,+905427382532,Kuaför / Berber
Salon Elit Erkek Kuaförü,+905549440523,Kuaför / Berber
Muhammet Ateş Hair Designer,+905439690610,Kuaför / Berber
RECEP ATEŞ Saç Tasarım,+905546141964,Kuaför / Berber
SALON İBRAHİM BALTACI,+902164462847,Kuaför / Berber
Salon New,+902163937634,Kuaför / Berber
Tülay bayan kuaförü (Tuzla),+905364871467,Kuaför / Berber
Damgacı Kuaför,+905343944274,Kuaför / Berber
Loca bay kuaför,+905356927050,Kuaför / Berber
Loca erkek kuaförü,+905333833624,Kuaför / Berber
Hazar Erkek Kuaförü,+905347879825,Kuaför / Berber
Saçkolik tuzla,+905345108900,Kuaför / Berber
Gymoala Psikolojik Danışmanlık Merkezi,+902167060524,Psikolog / Terapist
Diyetisyen Çağla Pektaş Üstün - Tuzla,+902164474709,Diyetisyen
Diyetisyen Melis Kahraman - Beslenme ve Diyet Danışmanlık Merkezi,+905336144345,Psikolog / Terapist
Diyetisyen Tuğba Kut,+905327919090,Diyetisyen
Diyetisyen Melike Buse Yıldız,+902164470442,Diyetisyen
Diyetisyen Elif Ertas,+905377130990,Diyetisyen
Uzman Diyetisyen Erinç Kutlu Güney,+905300471000,Diyetisyen
"Tuzla Diyetisyen, Beslenme & Diyet Danışmanlığı Diyetisyen Fadime Aydilek",+905393571066,Diyetisyen
Tuzla Feedback Sağlıklı Yaşam ve Beslenme Merkezi by Diyetisyen Onur Erdal,+905330186226,Diyetisyen
Diyetisyen Aslıhan Özçelik,+905076683418,Diyetisyen
Sibel koçak,+905448112709,Güzellik Salonu
DİYETİSYEN RUMEYSA YILMAZ,+902163955860,Diyetisyen
Diyetisyen Gizem Bingöl,+905516808604,Diyetisyen
Filiz Diyet,+905421261010,Diyetisyen
Diyetisyen Lale Baran Beslenme ve Diyet Danışmanlığı,+905451294425,Diyetisyen
Diyetisyen Yaren BAŞ,+905309732715,Diyetisyen
Diyetisyen Şanur Demir,+905543138900,Diyetisyen
Tuzla Vista Fizyoterapi Beslenme ve Psikolojik Danışmanlık,+905389297528,Psikolog / Terapist
Tuzla Fizyonorm,+905411779907,Psikolog / Terapist
Uzm. Diyetisyen Irmak Yaldız - Tuzla,+905369123488,Diyetisyen
Tuzla Sağlıklı Hayat Merkezi,+905464740216,Diğer (Sağlık & Bakım)
Diyetisyen Büşra Bıyık,+905325151152,Diyetisyen
Morfit Tuzla,+905301299434,Diğer (Sağlık & Bakım)
Diyetisyen Volkan Yaman,+905078427487,Diyetisyen
Diyetisyen Burcu Sezgin,+905434861410,Diyetisyen
Parla Aktif Yaşam Merkezi,+905384531196,Diğer (Sağlık & Bakım)
Dyt.Cansu Öz,+905337669367,Diyetisyen
Dyt. Dila Nur Aydoğan Online Diyet Uzmanı,+908504745212,Diyetisyen
Tuzla Fizyoterapist / Fizyoterapist Utku Kaya,+905558956209,Psikolog / Terapist
Berfin Yüce,+905425149779,Diyetisyen
Fizyo Life Tuzla,+905458388545,Diğer (Sağlık & Bakım)
Dr. Selcan Yılmaz Klinik,+905324735318,Psikolog / Terapist
Diyetisyen Nur Yıldız'la,+905464107178,Diyetisyen
Tuzla Yeni Mercan Psikoloji Danışmanlık Merkezi,+905523204464,Psikolog / Terapist
Tuzla Klinik Psikolog Feyza Uzun,+905385289424,Psikolog / Terapist
AURAS PSİKOLOJİ TUZLA,+905050836923,Psikolog / Terapist
Tuzla Psikolog I Gelişim Psikolojik Danışmanlık ve Eğitim Merkezi,+905362657616,Psikolog / Terapist
Tuzla Psikolog | Eda Çengel,+905438374342,Psikolog / Terapist
Tuzla Marina Psikoloji,+905418457235,Psikolog / Terapist
Tuzla Psikolog | Terapilab Danışmanlık Merkezi | Psk. Serap SALTAN,+905306633436,Psikolog / Terapist
"Klinik Psikolog Gamze Geriz Ünaldı, Tuzla",+905372317294,Psikolog / Terapist
Ayza Psikoloji,+905076299749,Psikolog / Terapist
Tuzla Psikoloji | Danışmanlık Merkezi,+905521859594,Psikolog / Terapist
Uzman Klinik Psikolog Yücel Şengün,+905397014528,Psikolog / Terapist
Ailes Psikoloji,+905545883464,Psikolog / Terapist
Tuzla Psikolog | Klinik Psikolog Serap Altınel,+905419212057,Psikolog / Terapist
Tuzla Kervan Psikoloji,+905067508470,Psikolog / Terapist
Kırmızı Kapı Psikolojik Danışmanlık ve Eğitim Merkezi,+905547541624,Psikolog / Terapist
KLİNİK PSİKOLOG MELİS UĞURLUKOL | Tuzla Psikolog | Ergen ve Yetişkin | Bağımlılık | Çift ve Aile,+905367333390,Psikolog / Terapist
Tuzla Nüans Psikolojik Danışmanlık Merkezi,+905389313366,Psikolog / Terapist
Ethica Psikoloji,+905519283634,Psikolog / Terapist
Tuzla - Pendik Psikolojik Danışman Ümmühan Deniz,+905416142154,Psikolog / Terapist
Tuzla Psikolog | Klinik Psikolog Tuğçe Şevval Polat,+905525200206,Psikolog / Terapist
Uzm. Kl. Psk. Gönül Örs Keskin,+905394622460,Psikolog / Terapist
YUNA Danışmanlık ve Gelişim Merkezi,+905078079862,Psikolog / Terapist
Pedagog Ceyda Doğan Ülker,+905547822960,Diğer (Sağlık & Bakım)
Uzman Klinik Psikolog Sena Sarızeybek,+905322773897,Psikolog / Terapist
Uzman Klinik Psikolog Baki Serin,+908504744683,Psikolog / Terapist
Uzm.Dr. (TUZLA Çocuk ve Ergen Psikiyatristi),+905077968065,Psikolog / Terapist
Murat ÜRGEN - Pozitif Psikoloji Aile Danışmanlık Merkezi,+905394367929,Psikolog / Terapist
Psk. Dan. Aslı Türkyılmaz | Oyun Terapisi& Ebeveyn Danışmanlığı - Tuzla,+905425548664,Psikolog / Terapist
"Uzm. Kl. Psk. Ezgi Erginar, Psikoloji",+905380755165,Psikolog / Terapist
Klinik Psikolog Orçun Kocaman - Klinik Psikolog İlayda Güven | Özel Sağlık Meslek Hizmet Birimi,+905416872092,Psikolog / Terapist
Tuzla Psikolog Sueda Şevval Uçar,+905445125485,Psikolog / Terapist
Psikolog Özlem Tahmaz- Online terapi hizmeti,+905315667934,Psikolog / Terapist
Eka Danışmanlık-Tuzla,+905444191951,Psikolog / Terapist
Uzman Klinik Psikolog Beyza Demircan,+905052786589,Psikolog / Terapist
Moda Psikolog,+905326799605,Psikolog / Terapist
Vesta Psikoloji,+905435020987,Psikolog / Terapist
Uzm. Dr. Kevser Altıntaş,+908504744304,Psikolog / Terapist
Klinik Psikolog Yağmur Taşkın,+905326597140,Psikolog / Terapist
Klinik Psikolog Elif Üzmez,+905348380859,Psikolog / Terapist
Ay Akademi Eğitim ve Danışmanlık Tuzla | Yaratıcı Drama | Psikolojik Danışmanlık | Ödev ve Etüd | Öğrenci Koçluğu |,+905323477024,Psikolog / Terapist
Kl. Psk. Şüheda Gicili,+905356949911,Psikolog / Terapist
Yeşilay Danışmanlık Merkezi (YEDAM) İstanbul - Tuzla,+902167555410,Psikolog / Terapist
Vega Dil Konuşma ve Danışmanlık Merkezi,+905516383097,Psikolog / Terapist
Psikoterapist | Ece Duman,+905063627050,Psikolog / Terapist
Psikolog Ferhat Asya,+905352929481,Psikolog / Terapist
Klinik Psikolog Şebnem Yüksel,+905412392211,Psikolog / Terapist
Psikofrekans,+905078392699,Psikolog / Terapist
Dr. Ahmet Yassa Psikiyatri,+905301689383,Psikolog / Terapist
KidSmile Özel Gülümse Çocuk Ağız ve Diş Sağlığı Polikliniği,+902164461626,Diş Kliniği
Tuzla Dentapol Ağız ve Diş Sağlığı Polikliniği,+905068849625,Diş Kliniği
TUZLA DÜNYAM AĞIZ VE DİŞ SAĞLIĞI POLİKLİNİĞİ - Tuzla,+902164474001,Diş Kliniği
Sofya Ağız ve Diş Sağlığı Polikliniği,+905516827771,Diş Kliniği
Özel CM Ağız ve Diş Sağlığı Polikliniği / CM Dental Clinic,+905540245434,Diş Kliniği
Özel Dentasel Ağız ve Diş Sağlığı Polikliniği,+902163957608,Diş Kliniği
Salt Dental Clinic,+902167846470,Diş Kliniği
Klinik Armoni Ağız ve Diş Sağlığı Polikliniği-Tuzla Diş Kliniği,+905470770102,Diş Kliniği
Özel Dr Murat KARABIYIK Ağız ve Diş Sağlığı Polikliniği,+902163959066,Diş Kliniği
Dentalkoza Ağız ve Diş Sağlık Polikliniği,+905545954242,Diş Kliniği
AYDINLI ASBE AĞIZ VE DİŞ SAĞLIĞI POLİKLİNİĞİ,+902167844090,Diş Kliniği
ÖZEL KUPA AĞIZ VE DİŞ SAĞLIĞI POLİKLİNİĞİ,+902165042291,Diş Kliniği
Tuzla Bembeyaz Ağız ve Diş Sağlığı Polikliniği,+908505225341,Diş Kliniği
AYDINLI DİŞ KLİNİĞİ DİŞ HEKİMİ OZAN ENES KAYA,+902163935599,Diş Kliniği
DEADENT AĞIZ VE DİŞ SAĞLIĞI POLİKLİNİĞİ,+902164474261,Diş Kliniği
ÖZEL KENT AĞIZ VE DİŞ SAĞLIĞI POLİKLİNİĞİ,+905074209556,Diş Kliniği
Dr. Dt. Güldehan Özdemir Ortodonti Kliniği,+905012486786,Diş Kliniği
ESTEPOL AĞIZ VE DİŞ SAĞLIĞI POLİKLİNİĞİ,+905494742059,Diş Kliniği
Özel ÜÇKA Ağız ve Diş Sağlığı Polikliniği,+902164935693,Diş Kliniği
Diş Hekimi Hülya KESKE,+902164931628,Diş Kliniği
Tuncay Gürcan,+902164472828,Diş Kliniği
Yeliz Karagöz,+902164943230,Diş Kliniği
EEO ORTODONTİ KLİNİĞİ,+905513970087,Diş Kliniği
Özel Klinik Laren Ağız ve Diş Sağlığı Polikliniği-Tuzla,+905424883936,Diş Kliniği
Cem Sarıtaş Diş Hekimi,+905353643995,Diş Kliniği
Diş Hekimi Tuğba Kavlak,+905304298798,Diş Kliniği
Diş hekimi Ahmet Emre Doğan,+905522959797,Diş Kliniği
Uzm.Dt. Büşra Güven Hepyükselen Ortodonti Uzmanı,+905330911619,Diş Kliniği
Diş Hekimi Ali Murat Çitanak,+902163954041,Diş Kliniği
Sirius Tattoo,+905541472727,Dövme & Piercing
Tuzla İnk Tattoo & Piercing Dövme Ve Piercing Stüdyosu,+905354144225,Dövme & Piercing
TATTOO İLDAN TUZLA | Dövme & Pıercıng,+905551525330,Dövme & Piercing
Tattoo Fabrica,+905421243658,Dövme & Piercing
ARDA TATTOO TUZLA,+905511823455,Dövme & Piercing
Huntergrandpa Tattoo & Art Studio,+905366544656,Dövme & Piercing
Tattoo Master Academy Tuzla,+905404329191,Dövme & Piercing
Rimextatto,+905377826950,Dövme & Piercing
Vegas Tattoo & Piercing Studio,+905389797062,Dövme & Piercing
Luqass Tattoo,+905513689834,Dövme & Piercing
Street Art Tattoo,+905318696050,Dövme & Piercing
TAN & ART TATTOO,+905539573636,Dövme & Piercing
Mery Tattoo Studio,+905330938323,Dövme & Piercing
Macron Tattoo Studio,+905436199570,Dövme & Piercing
DELİCE TATTOOART,+905370243427,Dövme & Piercing
Hotline Tattoo Piercing Stüdyosu,+905465590459,Dövme & Piercing
GEBZE DÖVME Lafi Tattoo Studio,+905451587669,Dövme & Piercing
Black Cat İnk Tattoo,+905069830052,Dövme & Piercing
Çayırova Tattoo,+905416143060,Dövme & Piercing
Tattoo Art Zeus | Gebze Dövme Stüdyosu,+905050966784,Dövme & Piercing
Gebze tattoo,+905418890258,Dövme & Piercing
Ayşegül MUT,+905313716188,Güzellik Salonu
Queenzz Estetik & Güzellik Genel Merkez,+905333095074,Güzellik Salonu
DERFAMED ESTETİK ve GÜZELLİK MERKEZİ,+905332001202,Güzellik Salonu
SD Life Estetik & Güzellik Ümraniye,+905319920753,Güzellik Salonu
Primadonna estetik güzellik merkezi,+905388916444,Güzellik Salonu
Estelaboure Güzellik Merkezi,+905523194399,Güzellik Salonu
By Magic Touch Güzellik Merkezi Lazer Epilasyon Bölgesel Zayıflama Cilt Bakımı Ümraniye,+905522463732,Güzellik Salonu
Sibel Kırbaş Ümraniye I Cilt Bakımı I Bölgesel İncelme I Zayıflama I Vacushape Teknolojisi I Epilasyon,+908502424561,Güzellik Salonu
Leman Demir Ümraniye Güzellik Salonu,+905436450015,Güzellik Salonu
Lydia Güzellik,+905330862787,Güzellik Salonu
Este Rita Beauty Center & Solarium,+905331573097,Güzellik Salonu
Nirvana Güzellik Merkezi,+902167713440,Güzellik Salonu
VOQ Beauty,+905314090520,Güzellik Salonu
Nurkan Ak Güzellik Salonu,+905327622319,Güzellik Salonu
SEMA KUKUL GÜZELLİK SALONU ÜMRANİYE,+902164433453,Güzellik Salonu
Queenzz Estetik&Güzellik Ümraniye Çarşı,+905330585074,Güzellik Salonu
Enza Güzellik Merkezi Ümraniye,+905011133401,Güzellik Salonu
Esteticteam Güzellik Merkezi,+902165201019,Güzellik Salonu
YG vip estetik ve güzellik merkezi,+905011150206,Güzellik Salonu
ROSSO Ümraniye Güzellik Merkezi,+905323835604,Güzellik Salonu
Ekin Ekinci Güzellik Salonu,+905335526396,Güzellik Salonu
Özge Özbek Güzellik,+905527942787,Güzellik Salonu
İlayda Clinimed,+905423607075,Güzellik Salonu
ESMAÖZERBEAUTY,+905551875089,Güzellik Salonu
Asu güzellik salonu,+905422420284,Güzellik Salonu
ALTIN ORAN KAŞ TASARIM MERKEZİ,+905333575192,Güzellik Salonu
ASİA ÜMRANİYE GÜZELLİK VE BAKIM,+905300725654,Güzellik Salonu
Fit Esthetic İstanbul Saç ve Estetik Merkezi,+905458033558,Güzellik Salonu
Ümraniye İpek Kirpik ve Protez Tırnak Merkezi,+905446506396,Güzellik Salonu
PRADIVA BEAUTY,+905461091717,Güzellik Salonu
Derin Demir By Beauty,+905376145015,Güzellik Salonu
Sıla Özben Güzellik Salonu,+905386627102,Güzellik Salonu
Este Point Güzellik,+902163289610,Güzellik Salonu
ESGüzellik,+905407401000,Güzellik Salonu
İona Güzellik Salonu,+905411894258,Güzellik Salonu
Kuzey Estetik Ümraniye,+905354420494,Güzellik Salonu
Moonn Beauty,+905321353291,Güzellik Salonu
BO ESTETİK,+905439439727,Güzellik Salonu
Perla Rossa İstanbul Güzellik ve Saç Bakım Salonu,+905459121384,Güzellik Salonu
Ümraniye Güzellik Salonu | Gül Durmuş Beauty,+905418068358,Güzellik Salonu
Sua Beauty,+905324766370,Güzellik Salonu
MK Paris Concept,+905363482861,Güzellik Salonu
Piera Güzellik Salonu,+905438601816,Güzellik Salonu
Sena Özkan Beauty - Protez Tırnak - Nail Art,+905431559553,Güzellik Salonu
Dermestetik,+905495090309,Güzellik Salonu
Ezgi Güneş,+905335994439,Güzellik Salonu
Imperial Guzellik Merkezi,+902163090609,Güzellik Salonu
Mirabeauty,+902163353982,Güzellik Salonu
Moonlife Güzellik,+905011292507,Güzellik Salonu
Glossy Güzellik Merkezi,+902166295554,Güzellik Salonu
Ümraniye Duru Güzellik,+905525191212,Güzellik Salonu
Işılsu Güzellik Salonu,+902164619273,Güzellik Salonu
GÖNÜL Bektaş Beauty & Nail Art,+905326856236,Güzellik Salonu
ESTEGOLD GÜZELLİK&ESTETİK,+902164434314,Güzellik Salonu
Hercai Güzellik Salonu,+902164610979,Güzellik Salonu
Serap Aşcıoğlu Güzellik,+905360737422,Güzellik Salonu
Nodira Güzellik Merkezi,+905444650959,Güzellik Salonu
LADONNA GÜZELLİK,+905321350967,Güzellik Salonu
Özlem Ateş Uluslararası Sağlık Örgütü Ümraniye Şube,+902165053044,Güzellik Salonu
Cildiye Deri Hastalıkları Dermatoloji Lazer Epilasyon Dr. Pınar Arat,+902164430666,Güzellik Salonu
Özel Beyaz Estetikk Ağız ve Diş Sağlığı Polikiliniği,+902164434011,Diş Kliniği
Fulya Güzellik Salonu,+905079199288,Güzellik Salonu
Este Jeste Güzellik Merkezi,+905447390201,Güzellik Salonu
QUEEN Güzellik Merkezi,+905312526910,Güzellik Salonu
Meha Güzellik,+905368415247,Güzellik Salonu
Daphne Beauty,+902165260606,Güzellik Salonu
Ermarc Beauty Studio,+905307428080,Güzellik Salonu
Lavinya Beauty Studio,+908506400468,Güzellik Salonu
NS GÜZELLİK NAİL ART,+905302046799,Güzellik Salonu
LORAMest güzellik ve yaşam,+905350291676,Güzellik Salonu
ARZU CEBECİ BEAUTY CENTER,+905513878686,Güzellik Salonu
Reinas Spa & GÜZELLİK MERKEZİ,+905423865624,Güzellik Salonu
Smile Clinic,+905491492400,Diş Kliniği
YASSE BEAUTY,+905010669408,Güzellik Salonu
Linda Sun Güzellik,+905525956090,Güzellik Salonu
Ümraniye Ayak Bakım Merkezi- Tırnak Mantarı/ Nasır Bakım/Tırnak Batması,+905415945777,Güzellik Salonu
Erdem Clinic Best Hair Transplant and Aesthetic,+905469020381,Güzellik Salonu
MIA GUZELLIK SALONU,+905330825711,Güzellik Salonu
*OP.DR.YASEMİN ÇAKAR KEMENT* Genital Estetik | Estetik ve Kozmetik Jinekoloji | Vajinismus | Tüp Bebek | Myom ve Kist,+908508119088,Güzellik Salonu
Ümraniye Protez Tırnak | Ovê Beauty Nail Studio,+905437152888,Güzellik Salonu
"BEKA MEDİKAL / Lazer Epilasyon Cihazı, Bölgesel İncelme Cihazı, Cilt Bakım Cihazı",+905368930409,Güzellik Salonu
ASY ESTETİK,+902164912222,Güzellik Salonu
Kezban Polatcan Kuaför ve Güzellik Merkezi,+905059041667,Güzellik Salonu
LİVA Kuaför ve Güzellik Salonu,+902165330004,Güzellik Salonu
DoğuDent Ümraniye,+905326967384,Diş Kliniği
Sole Nail Art Studio,+905441325234,Güzellik Salonu
"Prof. Dr. Yavuz Selim Yıldırım, Kulak Burun Boğaz",+905362161622,Diğer (Sağlık & Bakım)
Ella Güzellik,+902163027333,Güzellik Salonu
Medica As Güzellik Merkezi,+905399319202,Güzellik Salonu
Estego Clinic,+902169002871,Güzellik Salonu
Dream Fitness & Pilates,+905519512685,Pilates / Yoga
Liv Pilates Studio,+905016622203,Pilates / Yoga
Tuzla Reform Me Pilates Stüdyosu,+905467853040,Pilates / Yoga
Rabia Derse Pilates,+905518419140,Pilates / Yoga
Macro Pilates Studio,+902163950305,Pilates / Yoga
Bloom Studio Tuzla,+905335143581,Kuaför / Berber
Studioo Goo,+905072384133,Pilates / Yoga
Soho Fizyoterapi & Pilates,+905325198199,Psikolog / Terapist
Tuzla Aletli Pilates,+905521847326,Pilates / Yoga
Studio5 Pilates,+905301195568,Pilates / Yoga
NİDUS PİLATES / TUZLA / EVORA,+905538573394,Pilates / Yoga
Berfin Yüce Pilates,+905326153448,Pilates / Yoga
Freya Design Pilates Studio,+905011860450,Pilates / Yoga
PEAK Pilates Studio Tuzla,+905515032923,Pilates / Yoga
Newist Pilates - Tuzla,+905071540944,Pilates / Yoga
Bloom Studio Aydınlı,+905334363514,Kuaför / Berber
PURE PASSİON PİLATES TUZLA,+905304711290,Pilates / Yoga
Day Pilates,+905555632666,Pilates / Yoga
Route Gym Tuzla,+905445452739,Kuaför / Berber
MAIN Pilates Studio,+905453376487,Pilates / Yoga
Pilates Noktası Aydınlı,+905412654189,Pilates / Yoga
Aylin Pilates Studio,+905397355709,Pilates / Yoga
ORVEL PİLATES STUDIO,+905415889945,Pilates / Yoga
Partner Pilates,+905546452856,Pilates / Yoga
Yoganova,+905378240654,Pilates / Yoga
Gelișim Pilates,+905318999922,Pilates / Yoga
Umay Pilates,+905334087703,Pilates / Yoga
Gatto Pilates Studio,+905523331213,Pilates / Yoga
Vema Pilates Studio,+905518362728,Pilates / Yoga
Nefis Hayat Yoga ve Pilates Egzersiz Stüdyosu,+905338136400,Pilates / Yoga
Tuzla Lilyum Kadınlara Özel Spor Merkezi,+905426141420,Kuaför / Berber
Nonstop Fitness Club,+905396369266,Kuaför / Berber
White Pilates Stüdio,+905536944014,Pilates / Yoga
Bfit sağlık ve spor merkezi,+905336293111,Kuaför / Berber
İcon Fitness Center,+902163954246,Kuaför / Berber
GetupFit TRAINING STUDIO Tuzla,+905523970909,Kuaför / Berber
Play Gym Fitness Club Spor Salonu Tuzla,+902165048871,Kuaför / Berber
Mojoo Pilates,+905323766762,Pilates / Yoga
"TUZLA EMT Kickboks,Boks Fight Club / Spor Akademisi & Fitness Personal Training Studio",+905327660762,Diğer (Sağlık & Bakım)
Tuzla Pilates,+905051542210,Pilates / Yoga
Reborn Sport Zone,+908508082018,Kuaför / Berber
Alemin Fight Club Fitness,+905334373629,Kuaför / Berber
HK Fitness Club,+902164466458,Kuaför / Berber
FİTNESS CİTY,+905322277952,Kuaför / Berber
Tuzla Fizyoterapi | Uzm. Fzt. Gökçe Apaydın,+905345060998,Psikolog / Terapist
Power Plate Tuzla,+902167011333,Kuaför / Berber
Sailor Sport Club,+905307041353,Kuaför / Berber
Ali Ciftci SPOR Kulubu,+902163927551,Kuaför / Berber
EGE GYM FİTNESS CENTER,+905528662626,Kuaför / Berber
Beast fitness,+905354695101,Kuaför / Berber
GYMKAREM - Personal Training,+905343360836,Kuaför / Berber
Rose Candy Güzellik Merkezi Ümraniye,+905302853832,Güzellik Salonu
X Hair Club,+902163449444,Güzellik Salonu
EMİNE KIZILAĞIL BEAUTY STUDİO,+905304972358,Güzellik Salonu
Dies Ümraniye/Beauty & Coiffeur,+905401665353,Güzellik Salonu
Caren Güzellik Salonu,+905385156458,Güzellik Salonu
SOUDEH KUAFÖR VE GÜZELLİK SALONU,+905467325577,Güzellik Salonu
Medi Güzellik Salonu / Buz Lazer Epilasyon,+905464715705,Güzellik Salonu
Özlem Sarıkaya Güzellik Salonu,+905306927021,Güzellik Salonu
Zarif Güzellik Salonu Altınşehir,+902165082084,Güzellik Salonu
Sema tungaç güzellik ve kuaför salonu,+905012771212,Güzellik Salonu
Damla Güzellik Salonu,+902164614994,Güzellik Salonu
Ümraniye ASMİRA Güzellik Merkezi istanbul,+905303927644,Güzellik Salonu
HÜSEYİN HAİR STUDİO BAYAN KUAFÖRÜ ÜMRANİYE İSTANBUL,+902165202506,Kuaför / Berber
Işıl Güzellik Salonu Ümraniye,+902165201050,Güzellik Salonu
ivvi professional beauty,+905330758717,Güzellik Salonu
Emina Bayan Kuaförü,+905464500433,Kuaför / Berber
FATMA KUAFÖR SAÇ TASARIM GÜZELLİK SALONU,+905524432334,Güzellik Salonu
Esila Güzellik salonu,+905452085607,Güzellik Salonu
İz güzellik salonu,+905386843222,Güzellik Salonu
Cornelia Güzellik Salonu,+905537212255,Güzellik Salonu
Gülay Çelik Güzellik Salonu,+905342226739,Güzellik Salonu
Tayfun Bayan Kuaföru,+905073909281,Kuaför / Berber
BİLGE TURAN GÜZELLİK SALONU VE KUAFÖR,+905323495361,Güzellik Salonu
Womens Güzellik Şerifali,+902164202022,Güzellik Salonu
Elif Gülbaşı Güzellik Salonu,+905416036002,Güzellik Salonu
Ayris Güzellik Salonu,+905326470509,Güzellik Salonu
Maria Beauty Kuaför,+902164122211,Güzellik Salonu
"Sundreams Solarium Ümraniye - MegaSun, Luxura, SunAngel",+902167595060,Kuaför / Berber
Ümraniye Bella World Sağlıklı Güzellik Merkezi,+905322318984,Güzellik Salonu
Hatice Güzellik Salonu,+902164431726,Güzellik Salonu
DS Kuaför ve Güzellik Salonu,+902165947270,Güzellik Salonu
DOLUNAY KUAFÖR SAMİ NAKAŞ,+902164611083,Kuaför / Berber
PRİNCESS KUAFÖR,+902163280032,Kuaför / Berber
DOREY GÜZELLİK MERKEZİ,+902164617600,Güzellik Salonu
Serap Güzellik Salonu,+902164117471,Güzellik Salonu
Mars Bayan Kuaförü,+902166319535,Kuaför / Berber
Cherie Beauty Ümraniye,+905528790457,Güzellik Salonu
Salim Günay Kuaför & Güzellik Salonu,+905316854639,Güzellik Salonu
Nisan Kuaför,+902164813647,Kuaför / Berber
Nilss Güzellik Salonu,+902164436496,Güzellik Salonu
Mehmet Tatlı Ümraniye,+902165251225,Güzellik Salonu
Mehmet & Arif Bay KUAFÖR Salonu,+905050551260,Kuaför / Berber
Oscar Bayan Kuaförü,+905362604192,Kuaför / Berber
Beauty by Yasmin VIP Güzellik Salonu,+905303310340,Güzellik Salonu
NC KUAFÖR KADIN ERKEK,+902166411353,Kuaför / Berber
Bahar bayan Kuaförü ve güzellik Salonu,+902166124400,Güzellik Salonu
Aynur Güzellik Salonu,+905534514061,Güzellik Salonu
Neriman Kuaför,+905321660953,Kuaför / Berber
Nisanur Ümraniye Gelinlik Gelin Başı Kaftan Evi Kuaför Güzellik Merkezi,+905362823662,Güzellik Salonu
kaan yıldırım kuaför,+902165210640,Kuaför / Berber
Özel Bellamed Polikliniği,+902165200400,Güzellik Salonu
HK SAÇ TASARIM,+905518817669,Kuaför / Berber
Ali fodul kuaför,+905333089145,Kuaför / Berber
Işıltı Kuaför Salonu,+902163655370,Kuaför / Berber
Figaro Kuaför Ümraniye,+902165190079,Kuaför / Berber
Eren atmaca kuaför güzellik salonu,+905395735875,Güzellik Salonu
Suu Kuaför gülden,+905344060909,Kuaför / Berber
Emel Kuaför,+902164819039,Kuaför / Berber
No 34 Barber Shop,+905317783093,Kuaför / Berber
Yasemin Manikür Pedikür Ağda Salonu,+905421660865,Kuaför / Berber
Orhan Özkan,+905334843948,Kuaför / Berber
Zişan Bayan Kuaförü,+902163358931,Kuaför / Berber
Nisan Kuaför Çarşı,+902165059002,Kuaför / Berber
MSA Bayan Kuaförü Ümraniye,+902164810809,Kuaför / Berber
San Kuaför Ümraniye,+905373216624,Kuaför / Berber
Şeref Fidan Kuaför Ümraniye,+902166310029,Kuaför / Berber
ELİT BAYAN KUAFÖRÜ ZEHRA,+905068700431,Kuaför / Berber
NEW STİL BAYAN KUAFÖRÜ,+905442454264,Kuaför / Berber
KLAS Bayan Kuaförü,+905356079409,Kuaför / Berber
Serhan Tural hair studıo Erkek Kuaförü Ümraniye İstanbul,+905376222929,Kuaför / Berber
Benoit Bayan Kuaförü,+905344027561,Kuaför / Berber
Gültekin,+902163449466,Kuaför / Berber
Perfect Kuaför şerifali,+902163134335,Kuaför / Berber
Erer Bayan Kuaförü Peruk Ve Saç Kaynak Merkezi,+902164614501,Kuaför / Berber
Glow Hairs Kuaför,+902162665251,Kuaför / Berber
salon.ilkveson bay kuaför,+905342362902,Kuaför / Berber
Milano Bayan Kuaförü,+902164664380,Kuaför / Berber
Kuaför Mehmet,+902164431116,Kuaför / Berber
BY KUAFÖR (BURAK YILDIZ),+905326388837,Kuaför / Berber
Bayan Kuaförü Tarz,+905537686552,Kuaför / Berber
MENEKŞE KUAFÖR,+902165053436,Kuaför / Berber
Nisan Kuaför - Ihlamurkuyu,+902166129347,Kuaför / Berber
NCGOLD KUAFÖR,+902165230857,Kuaför / Berber
Salon Dakik Kuaför,+905375859265,Kuaför / Berber
Hair Club Orhan Atalı,+902165082789,Kuaför / Berber
Uim Kuaför Şerifali,+905539512634,Kuaför / Berber
Kuaför Mustafa,+905549203795,Kuaför / Berber
My Work's Kuaför,+902163139897,Kuaför / Berber
S&S Bay Bayan Kuaförü,+902163445195,Kuaför / Berber
Meryemce saç tasarımı,+905305043884,Kuaför / Berber
CÇ Kuaför Cem,+905530343132,Kuaför / Berber
Nisan Kuaför - Atakent,+902163290944,Kuaför / Berber
BADE KUAFOR,+902165330307,Kuaför / Berber
Prenses Kuaför,+902165202011,Kuaför / Berber
Yasmin Kuaför,+902163293338,Kuaför / Berber
Gönül Bayan Kuaförü,+905558284137,Kuaför / Berber
Kapalı Kuaför,+902163280000,Kuaför / Berber
Showline Bayan Kuaför,+905524132352,Kuaför / Berber
Mor&Mor kadın kuaförü (unisex),+902164151935,Kuaför / Berber
Başaran Erkek Kuaförü ✓™Dudullu Ümraniye İstanbul,+905468785752,Kuaför / Berber
M&K Bay Kuaför,+905397607663,Kuaför / Berber
Salon Trend Kuaför,+902163149992,Kuaför / Berber
Uzun Saç Erkek Kuaför,+905305166453,Kuaför / Berber
Salon zeynep kara,+905383438424,Kuaför / Berber
Aykut Erkek Kuaförü umraniye cakmak atasehir şerifali,+905372204559,Kuaför / Berber
BİLGİN ACAR BAYAN KUAFÖRÜ,+902165215918,Kuaför / Berber
Seval Kuaför,+905057981237,Kuaför / Berber
İLKNUR BAYAN KUAFÖR,+902165200040,Kuaför / Berber
fs bayan kuaförü,+905449580052,Kuaför / Berber
Salt Erkek Kuaförü(Emre Salt),+905354947490,Kuaför / Berber
Emre Kuaför,+905305658637,Kuaför / Berber
Saloon Coıffeur,+902165336600,Kuaför / Berber
Aksakal Kuaför,+905336613010,Kuaför / Berber
Ramazan demir erkek kuaför,+905312058639,Kuaför / Berber
Zarif Güzellik Salonu Ihlamurkuyu,+902164754075,Güzellik Salonu
Merkez Erkek Kuaförü,+905439554370,Kuaför / Berber
Berber Mahmut,+905377089185,Kuaför / Berber
Günaydın Erkek Kuaförü,+905338192199,Kuaför / Berber
Özkan Kuaför,+905372515200,Kuaför / Berber
M&G Bayan Kuaförü Ve Tesettür,+902163295011,Kuaför / Berber
Nur kuaför,+905363012983,Kuaför / Berber
İmaj Bayan Kuaförü,+902163282520,Kuaför / Berber
İmza kuaför,+905308160788,Kuaför / Berber
Abidin Kuaför,+905388817686,Kuaför / Berber
Soner Gözükara BAYAN KUAFÖR SALONU,+905070447525,Kuaför / Berber
Saloon çınar,+905336534900,Kuaför / Berber
Engin Erkek Kuaförü,+905383762935,Kuaför / Berber
Rüyam Kuaför,+905393336583,Kuaför / Berber
Kalyon Kuaför,+902164438476,Kuaför / Berber
Elit kuaför,+905519584365,Kuaför / Berber
Zerrin Bayan Kuaförü,+905351037147,Kuaför / Berber
Altin Kuaför Necla ALTIN,+902163443716,Kuaför / Berber
Şöhretli Erkek Kuaförü,+905316269027,Kuaför / Berber
Aysel Kuaför Salonu,+902164438362,Kuaför / Berber
AliPolatTamer Erkek kuaförü,+905336691806,Kuaför / Berber
Kuğu Kuaför,+905353405403,Kuaför / Berber
Serkan Toprak Kuaför,+905324375023,Kuaför / Berber
Diyetisyen Meltem Nazlı Sağlıklı Yaşam ve Diyet Merkezi,+905465915992,Diyetisyen
Ay & Mey Beslenme ve Diyet Danışmanlık Merkezi,+905380906864,Psikolog / Terapist
Diyetisyen Ayşenur Akyol Demirci,+905531865110,Diyetisyen
Diyetisyen Barış Tanrıcer Beslenme ve Diyet Danışmanlığı,+905057662722,Diyetisyen
Diyetisyen Elifnur Erşahin,+905403351122,Diyetisyen
Ümraniye diyetisyen | Diyetisyen Dilan Günay,+905398144044,Diyetisyen
Uzm. Dyt. Gayenur Çolakoğlu Beslenme Danışmanlığı,+905303081660,Diyetisyen
Diyetisyen Beyzanur Karakaş,+905398870666,Diyetisyen
Uzman Diyetisyen Yeşim Nemutlu Torun,+905400012324,Diyetisyen
Diyetisyen Sedanur Noyan Beslenme Ve Diyet Danışmanlığı,+905511003663,Diyetisyen
DİYETİSYEN RÜMEYSA DUMAN,+905372323192,Diyetisyen
Uzman Diyetisyen Betül Erdem,+905322855039,Diyetisyen
"Dyt. Yasemin Erdoğan Ertaylan, Diyetisyen",+905523594620,Diyetisyen
Diyetisyen Elif AYDIN,+902165057377,Diyetisyen
DİYETİSYEN EDA KARADENİZ,+905461505228,Diyetisyen
Uzman Diyetisyen Ahmet Sulukaya Beslenme ve Diyet Danışmanlığı,+905534267613,Diyetisyen
"Dyt. Melike Ertaylan Saatçı, Diyetisyen",+905525734654,Diyetisyen
Esra Şahin Beslenme Genetik ve Sağlık Merkezi,+905545643834,Diyetisyen
Uzman Diyetisyen Eda karaçalı Beslenme ve Diyet Danışmanlığı Merkezi,+905346680960,Diyetisyen
Diyetisyen Esma Nur Dağ,+905368341781,Diyetisyen
Diyetisyen Zeynep Özdilek,+905467354412,Diyetisyen
Diyetisyen Nada Beslenme Danışmanlığı Nada diet عيادة تغذية وحمية,+905521218126,Diyetisyen
365Vip Sağlıklı Yaşam Merkezi,+902169690753,Diğer (Sağlık & Bakım)
Diyetisyen Gökçe Çolak Gündüz,+905320673824,Diyetisyen
Diyetisyen Beyza Düzgün,+905312511386,Diyetisyen
Yaşam Diyet & Beslenme Danışmanlığı,+905050696165,Diyetisyen
Diyetisyen Fatma Yılmaz,+905318848573,Diyetisyen
Form Assist Beslenme Asistanı,+902167061122,Diyetisyen
Sena Doğan Fit Beauty & Danışmanlık,+905422647787,Psikolog / Terapist
Uzman Diyetisyen İlknur Türk Hocoğlu,+905416354353,Diyetisyen
Diyet Uzmanı,+905433729845,Diyetisyen
Diet&Balance Pilates Stüdyosu Exen,+905074544357,Pilates / Yoga
Ümraniye Diyetisyen Yasemin Erenoğlu,+905530213537,Diyetisyen
"Nce Beslenme Danışmanlığı/ Fonksiyonel Tıp Diyetisyeni, Uzman Dyt Nursena Coşkun Efe",+905550757488,Diyetisyen
Uzman Diyetisyen Gökşen Can,+905336535084,Diyetisyen
Fizyoterapist Rojbin KILIÇ Lithe Elite Club,+905411322866,Psikolog / Terapist
Uzman Diyetisyen Hilal Karaca Adaş,+905363543963,Diyetisyen
Ana Diş - Ümraniye - Ağız ve Diş Sağlığı Polikliniği,+902163286366,Diş Kliniği
Ümraniye Santral Dental Park Ağız ve Diş Sağlığı Polikliniği,+902163282913,Diş Kliniği
Nöbetçi Dişçi Ümraniye | AG Ağız ve Diş Sağlığı Polikliniği,+905471013434,Diş Kliniği
Ōzel Klinik Cadde Ağız Ve Diş Sağlığı Polikliniği,+902164780347,Diş Kliniği
ViraDenta Ağız ve Diş Sağlığı Polikliniği,+902163182020,Diş Kliniği
Dentasya Ağız Ve Diş Sağlığı Polikliniği,+905334917755,Diş Kliniği
Semboldiş Ağız ve Diş Sağlığı Polikliniği (Symboldent),+905495807080,Diş Kliniği
Vefadent Ağız ve Diş Sağlığı Polikliniği (Atakent),+902163440134,Diş Kliniği
Vefadent Çakmak Ağız Ve Diş Sağlığı Polikliniği,+902163441637,Diş Kliniği
Özel MT Dent Ağız ve Diş Sağlığı Polikliniği,+905320157552,Diş Kliniği
Hisar Avrupa Ağız ve Diş Sağlığı Polikliniği,+902166341134,Diş Kliniği
Özel Nota Ağız ve Diş Sağlığı Polikliniği,+902162083273,Diş Kliniği
Welldent Ağız ve Diş Sağlığı Polikliniği,+902163655365,Diş Kliniği
Esenevler Dental Park Ağız Ve Diş Sağlığı Polikliniği,+902165216661,Diş Kliniği
DentHome Ağız ve Diş Sağlığı Polikliniği,+902165265526,Diş Kliniği
GENÇ DENTAL İSTANBUL ÜMRANİYE DİŞ KLİNİĞİ | Diş Hekimi| Çene Hattı Ameliyatı | Çene ve Yüz Cerrahisi |,+905425909054,Diş Kliniği
Özel Dişçim Ağız Ve Diş Sağlığı Polikliniği,+902164434010,Diş Kliniği
Palmiye Ağız ve Diş Sağlığı Polikliniği – Ümraniye,+902167595059,Diş Kliniği
DENTAFER Ağız ve Diş Sağlığı Polikliniği,+905305480348,Diş Kliniği
Özel Diş Tasarım Ağız ve Diş Sağlığı Polikliniği,+908504411434,Diş Kliniği
Diş Hekimi Dt. Ali Karakaş,+902164610525,Diş Kliniği
NEST DENTAL CLINIC | Ümraniye Dis,+905322197377,Diş Kliniği
Özel Öykü Ağız ve Diş Sağlığı Polikliniği,+905079665860,Diş Kliniği
Han Ağız ve Diş Sağlığı Polikliniği,+905398693059,Diş Kliniği
Özel Hedef Diş Ağız ve Diş Sağlığı Polikliniği,+902164152531,Diş Kliniği
Özel Denta Nice Ağız ve Diş Sağlığı Polikliniği,+902163144440,Diş Kliniği
Gülüş Atölyesi Ağız ve Diş Sağlığı Polikliniği,+902163440520,Diş Kliniği
Dental Şehir Ağız ve Diş Sağlığı Polikliniği,+905313709079,Diş Kliniği
B&B Ağız ve Diş Sağlığı Polikliniği 2,+905451543642,Diş Kliniği
Özel Happydent Ağız ve Diş Sağlığı,+902165337233,Diş Kliniği
ÖZEL NAFİ YILMAZ AĞIZ VE DİŞ SAĞLIĞI POLİKLİNİĞİ,+902163441665,Diş Kliniği
Özel Hedef Diş Ağız ve Diş Sağlığı Polikliniği- Doğanevler Şubesi,+905336992531,Diş Kliniği
Diş Hekimi Furkan Sevil,+902162088000,Diş Kliniği
Diş Hekimi Ümraniye,+902163446505,Diş Kliniği
Allegro Ağız ve Diş Sağlığı Polikliniği,+905397009555,Diş Kliniği
Diş Hekimi Sümeyra Bektaş,+905393260350,Diş Kliniği
Dentarium Ağız ve Diş Sağlığı Polikliniği,+902165946666,Diş Kliniği
Bayramoğlu Ağız ve Diş Sağlığı Polikliniği,+902164815410,Diş Kliniği
DİŞ HEKİMİ Elif AKÇAY & Diş Hekimi Bediz AKÇAY,+905078179666,Diş Kliniği
Diş Hekimi Aleyna Zilan (Özçer Dent),+905322357699,Diş Kliniği
Diş Hekimi Şeyma Yılmaz,+905302401247,Diş Kliniği
Diş Hekimi Gamze Söker,+902166343933,Diş Kliniği
Akif Yılmaz Diş Muayenehanesi,+905432568400,Diş Kliniği
Diş Hekimi Güneş Can Akdağ,+905548203380,Diş Kliniği
Diş hekimi Seyfi ÇOKLUK,+905327899111,Diş Kliniği
Derya Dental Klinik,+905441481818,Diş Kliniği
Dişhekimi Abuzer Öner,+902163147973,Diş Kliniği
Özel Dental Ağız Ve Diş Sağlığı Polikliniği | Diş Tedavileri - Kanal Tedavisi - İmplant - Zirkonyum - Gülüş Estetiği,+902164617004,Diş Kliniği
Fatih Ersoy Diş Hekimliği,+902164151513,Diş Kliniği
Dişçim Diş Kliniği Abdullah Ayvaz,+905434434010,Diş Kliniği
ZİVER DENT | Ağız ve Diş Sağlığı Polikliniği | Ümraniye,+902164180000,Diş Kliniği
DentGEN Ağız ve Diş Sağlığı Merkezi,+905373305114,Diş Kliniği
Orhan Pala Ağız Ve Diş Sağlığı Polikliniği,+905521493429,Diş Kliniği
DİŞ HEKİMİ SEMİH KÖKEN,+905548145257,Diş Kliniği
DİŞ HEKİMİ UĞUR ÇETİN MUAYENEHANESİ,+905452267213,Diş Kliniği
Ümraniye Çocuk ve Ergen Uzman Diş Hekimi Fatih Bayar(Pedodontist),+905010763360,Diş Kliniği
İstanbul İmplant Tedavileri | Yrd. Doç. Dr. Mithat Terzi • Periodontoloji • İmplantoloji • Ümraniye,+905060684475,Diş Kliniği
Özel Diş Dünyası Ağız ve Diş Sağlığı Polikliniği,+905327774888,Diş Kliniği
Kemal Çogalan,+905535820200,Diş Kliniği
Dentgo clinic,+902169002833,Diş Kliniği
Diş Hekimi Jülide Sarıkaya Kurdoğlu,+905321307671,Diş Kliniği
Dt. Nisanur Fırat Diş Hekimi,+902164434293,Diş Kliniği
Özel Beyaz Dişler Ağız ve Diş Sağlığı Polikliniği,+902165202152,Diş Kliniği
Diş Hekimi Gülten Erdeniz,+902164616560,Diş Kliniği
Diş Hekimi Muhammed Keten,+905302947971,Diş Kliniği
Özel Natoyolu Ümran Ağız ve Diş Sağlığı Merkezi,+902162125010,Diş Kliniği
Dişhekimi Halis Gürkan Eren Dişhekimi Oya Eren,+902163449795,Diş Kliniği
F.Oğuz Haberdar,+902164439137,Diş Kliniği
Diş Hekimi Suna Seçil Çoban,+905331519641,Diş Kliniği
ÖZEL SÖNMEZ AĞIZ VE DİŞ SAĞLIĞI POLİKLİNİĞİ,+902164613440,Diş Kliniği
"ADS Kliniği, İmplant ve Estetik Gülüş Tasarımı",+902166060462,Diş Kliniği
Dt.Barbaros Güven Ceyhan,+905302872188,Diş Kliniği
Diş Hekimi Şeyda Erzurumluoğlu,+902165218808,Diş Kliniği
Diş Hekimi Ahmet Gülsevin,+902163295875,Diş Kliniği
Diş Hekimi Ömer Reis,+902166343455,Diş Kliniği
ÖZEL SANTRAL AĞIZ VE DİŞ SAĞLIĞI POLİKLİNİĞİ,+905332208323,Diş Kliniği
Özel Oksijen Ağız Ve Diş Sağlığı Polikliniği,+905369400699,Diş Kliniği
Ümraniye Uzman Psikolog Rifat TUĞSAL,+905050360505,Psikolog / Terapist
Klinik Psikolog Sibel Almina Yıldırır | Ümraniye Psikolog,+905366581378,Psikolog / Terapist
Ruhen Psikoloji-Ümraniye Psikolog,+905324165378,Psikolog / Terapist
Klinik Psikolog Beyza Beşikoğlu | Ümraniye Psikolog,+905324721125,Psikolog / Terapist
Psiko’AN İstanbul Psikolojik Danışmanlık ve Eğitim Merkezi,+905422849571,Psikolog / Terapist
Klinik Psikolog Şafak Ağaca Kemal,+905358777106,Psikolog / Terapist
Klinik Psikolog Bahar Can Aslan | Ümraniye Psikolog,+905550114021,Psikolog / Terapist
Ümraniye Psikolog - Apeiron Psikoloji Uzm. Klinik Psikolog Sevgi Okutan | Ümraniye Psikolog Randevu | Yetişkin Ergen Psikolog,+905325198010,Psikolog / Terapist
Ümraniye Klinik Psikolog ÖSMHB,+905011489603,Psikolog / Terapist
Ümraniye Klinik Psikolog Beyza Katılmış,+905424072129,Psikolog / Terapist
Uzman Psikolog Sueda Sever Psikolojik Danışmanlık Merkezi (Ümraniye Psikolog Yüz Yüze/Online Terapi),+905355700797,Psikolog / Terapist
"Kamer Aile Danışmanlığı Merkezi - Ümraniye Psikolog | Bireysel, Çocuk-Ergen, Yetişkin, Aile ve Çift Terapisi",+905521131213,Psikolog / Terapist
Uzman Psikolog Özlem Kayacan,+905336278842,Psikolog / Terapist
ÜMRANİYE RED LINE PSİKOLOJİ DANIŞMANLIK MERKEZİ,+905464517244,Psikolog / Terapist
"İrade Psikolojik Danışmanlık- (Ümraniye Yüz Yüze/Online Terapi, Çoklu Kimlik Bozukluğu,Oyun Terapisi,Şema Terapi, Aile/Çift Terapisi)",+902163354537,Psikolog / Terapist
SK Psikoloji,+905380792109,Psikolog / Terapist
Line Akademi Eğitim ve Psikolojik Danışmanlık Merkezi (line akademi),+905075100787,Psikolog / Terapist
Klinik Psikolog Hilal Yıldırım Sağlık,+905423049169,Psikolog / Terapist
ZNA PSİKOLOJİ,+905318478345,Psikolog / Terapist
Kelebek Etkisi Danışmanlık,+902165230537,Psikolog / Terapist
Uzm. Dr. Hülya Yanbay Psikiyatrist Muayenehane,+902162322851,Psikolog / Terapist
METADUZEY INTERNATIONAL PSYCHOLOGY & MENTORING ÜMRANİYE,+905322256120,Psikolog / Terapist
Mavi Martı,+902164817070,Psikolog / Terapist
Name Psikoloji,+905383997066,Psikolog / Terapist
Klinik Psikolog Eda Nur Biçer | Ümraniye Psikolog,+905347774181,Psikolog / Terapist
Anka Psikolojik Danışmanlık Merkezi,+902163280581,Psikolog / Terapist
Uzman Psikolog Elif Ravza Karaboğa,+905071229002,Psikolog / Terapist
Çınar Psikoloji,+905550864343,Psikolog / Terapist
OLÂ,+905437386343,Psikolog / Terapist
Psikolog Enes Utku,+905322040822,Psikolog / Terapist
Işık Psikoloji,+905396813920,Psikolog / Terapist
Klinik Psikolog Ayşenur ÖZMEN,+905327658900,Psikolog / Terapist
Maya Danışmanlık Merkezi,+905345090262,Psikolog / Terapist
Berre Demirci | Klinik Psikolog | Aile Danışmanı | Terapist- Ümraniye,+905514708933,Psikolog / Terapist
Dr. Muhammed Albayati,+905426678690,Psikolog / Terapist
"Psikolojik Danışman Musa İşler (Ümraniye - Psikoloji / Bireysel Terapi, Online Terapi, Oyun Terapisi - Psikolog)",+905516909393,Psikolog / Terapist
Klinik Psikolog Gülcan Uyanık | Minimalist Psikoloji | Ümraniye/Ataşehir,+905556294110,Psikolog / Terapist
UZM. KLİNİK PSİKOLOG İREM ALTUN,+905055060161,Psikolog / Terapist
Uzm.Psk. Ümüş Güneç İstanbul,+908504334054,Psikolog / Terapist
Klinik Psikolog Ceyda Güveli,+905512518119,Psikolog / Terapist
Elvin Akı Konuk,+905526451819,Psikolog / Terapist
Uzman Klinik Psikolog Nuray Bozkurt,+908508119864,Psikolog / Terapist
Uzman Klinik Psikolog Ahsen Berkit,+908504334102,Psikolog / Terapist
Ümraniye Psikolog,+905356850115,Psikolog / Terapist
AGEM Psikoloji,+905057996088,Psikolog / Terapist
Uzm. Klinik Psikolog Mikdat Ertem,+905327909283,Psikolog / Terapist
Duer Psikoloji Danışmanlık Merkezi,+905374386490,Psikolog / Terapist
Heka Pia Psikoloji,+908504414352,Psikolog / Terapist
Klinik Psikolog Emine Arman,+905337362214,Psikolog / Terapist
Özel Sağlık Meslek Hizmet Birimi Klinik Psikolog Tuğçe Bilgin,+905467382739,Psikolog / Terapist
Odak Psikolojik Danışmanlık,+905324181405,Psikolog / Terapist
Trio Terapi,+905466446050,Psikolog / Terapist
Üç Nokta Psikoloji,+905324411464,Psikolog / Terapist
Desen Psikoloji,+905364600086,Psikolog / Terapist
Amazink Tattoo,+905326638796,Dövme & Piercing
Harun Tattoo,+905439133595,Dövme & Piercing
Enesparlak Tattoo/Piercing Studio,+905012993353,Dövme & Piercing
Mor Gümüş & Dövme & Piercing,+902164815578,Dövme & Piercing
Tattoo Barbaros,+905366053637,Dövme & Piercing
Artneoink,+905423118578,Dövme & Piercing
KingdozStudio,+905059721502,Diğer (Sağlık & Bakım)
rainbow tattoo,+905362527948,Dövme & Piercing
Stranger İnk,+905412129893,Dövme & Piercing
SARI TATTOO,+905550236763,Dövme & Piercing
TuğbaAldemirStudio,+905437431961,Güzellik Salonu
İzsiz Dövme Silme Merkezi,+905321715709,Dövme & Piercing
Gemma Tattoo HomeStudio,+905524128912,Dövme & Piercing
Babell tattooink,+905060975453,Dövme & Piercing
Tünel Tattoo,+905386392322,Dövme & Piercing
Şeyda Erbay Pilates Stüdyo,+905469324632,Pilates / Yoga
Galia Pilates Üsküdar,+905305801650,Pilates / Yoga
"Academia Pilates, üsküdar aletli pilates, üsküdar pilates, Altunizade Pilates",+905334383858,Pilates / Yoga
New Pilates İstanbul,+905426083677,Pilates / Yoga
SH Pilates Studio (2) Kirazlıtepe Şube,+905313249111,Pilates / Yoga
Kirazlıtepe Pilates (FİT PLANET STUDİO),+905368161151,Pilates / Yoga
Üsküdar Acıbadem Pilates Studio The Gym Hub | Üsküdar Fitness Studio | Üsküdar Personal Trainer,+905065323834,Pilates / Yoga
Gep Pilates Stüdyo,+905061868224,Pilates / Yoga
The Wall Pilates,+905013454347,Pilates / Yoga
K-PILATES STUDIO,+905335100224,Pilates / Yoga
May Pilates Üsküdar,+905326701168,Pilates / Yoga
Pilates Time Studio,+902166507270,Pilates / Yoga
Sevgi Can Pilates Studyo,+905327877156,Pilates / Yoga
Po Pilates Studio,+905304264070,Pilates / Yoga
Nöro dönüşüm ve pilates,+905434289690,Pilates / Yoga
Beylerbeyi Pilates,+902163181152,Pilates / Yoga
BEYLERBEYİ MOJE PİLATES,+905015584964,Pilates / Yoga
Olen Fitness Studio,+905350361677,Kuaför / Berber
Body Control Pilates Studio,+905071157709,Pilates / Yoga
Balance Line Studio,+905326546885,Pilates / Yoga
Studio Hfit28 Üsküdar,+902166507028,Kuaför / Berber
PlayStüdyo Üsküdar | Kadınlara Özel Spor Salonu,+902164294948,Kuaför / Berber
Terapilates İstanbul,+905058296592,Psikolog / Terapist
Pilates Elif Gönülalan,+905367858867,Pilates / Yoga
Çamlıca Pilates,+905302206222,Pilates / Yoga
Well Private Training Studio,+902164749355,Kuaför / Berber
PlayStüdyo Ümraniye| Kadınlara Özel Spor Salonu,+905065991060,Kuaför / Berber
Body Shine Studio,+905078188210,Kuaför / Berber
Üsküdar Fitness Gym - form time center,+902163108286,Kuaför / Berber
SOUL PT STUDIO / PILATES & TRAINING,+905533585925,Pilates / Yoga
Atletik Fitness Center,+902164926338,Kuaför / Berber
Adlin Pilates,+902164151210,Pilates / Yoga
Üsküdar Fitness Farm-Personal Trainer|Reformer Pilates|Boks|Kickboks|Koşuyolu Spor Salonu|Altunizade Spor Salonu|,+905318671198,Pilates / Yoga
Marvel Pilates Studio,+902163259700,Pilates / Yoga
MOOD PLUS STUDIO,+905394555838,Kuaför / Berber
no49 Training Studio Kuzguncuk,+905354859584,Pilates / Yoga
421 Training Studio,+905411140421,Kuaför / Berber
"Çengelköy Pilates, Üsküdar - Beylerbeyi Pilates",+905331634350,Pilates / Yoga
The Balance,+905539845340,Kuaför / Berber
Arem Personal Training Studio,+905423159845,Kuaför / Berber
Redzic Pilates Studio,+905301559986,Pilates / Yoga
WOMENZONE KADINLARA ÖZEL BİREYSEL EGZERSİZ STÜDYOSU,+905447719342,Kuaför / Berber
Beylerbeyi Pilates/ Burhaniye Şubesi,+902163910980,Pilates / Yoga
Fit Way Personal Training Studio | Üsküdar Acıbadem Pilates Salonu | Acıbadem Fitness Salonu | Personal Trainer,+905395426444,Pilates / Yoga
Northway Training Studio,+902163325060,Kuaför / Berber
Sunset Studyo Çengelköy Kadınlara Özel Spor Merkezi,+902167327070,Kuaför / Berber
MES Training Club,+905449148811,Kuaför / Berber
Fashion Sports,+902163407171,Kuaför / Berber
SS Performance & Coaching,+905356818156,Kuaför / Berber
V Fitness,+905332539121,Kuaför / Berber
Boost Training Club,+905336582678,Kuaför / Berber
Wind Fit Academy,+905536688781,Pilates / Yoga
Dr. Özlem Ateş Polikliniği,+905053130101,Diğer (Sağlık & Bakım)
Lazer Epilasyon | Medikal Estetik | Saç Ekimi Özel BBM Polikliniği,+905334549427,Güzellik Salonu
Elisa World Güzellik & Bakım,+902162011040,Güzellik Salonu
MET Güzellik & Medikal Masaj,+905362188200,Güzellik Salonu
Nalan Korkmazlar Güzellik & Solarium & Piercing,+905525776968,Dövme & Piercing
Masal Üsküdar Güzellik Merkezi,+905300905372,Güzellik Salonu
Esteati Güzellik Salonu,+902163235353,Güzellik Salonu
Medicalaser Estetik Merkezi,+902164956070,Güzellik Salonu
ElitSun Beauty,+905306608842,Güzellik Salonu
ASİA ÜSKÜDAR GÜZELLİK VE BAKIM,+905306262747,Güzellik Salonu
Bwell Üsküdar Güzellik Merkezi,+905330120303,Güzellik Salonu
Dr.Beste Özdemir - Medikal Estetik Kliniği,+905324495039,Güzellik Salonu
Mca Estetik - Dolgu Botoks Epilasyon Cilt Bakımı,+905456052928,Güzellik Salonu
Livza Beauty,+905419147587,Güzellik Salonu
Aynur Yıldırım Beauty Center,+902165042950,Güzellik Salonu
JOVİA GÜZELLİK SALONU,+905523839674,Güzellik Salonu
melike adıgüzel üsküdar,+905059139325,Güzellik Salonu
Dr. Fuat Yurtseven - Botoks | Dudak Dolgusu | Mezoterapi | Gençlik Aşısı | HIFU | Lipoliz | Çene Dolgusu,+905411169690,Psikolog / Terapist
LEYLA AKYOL GÜZELLİK,+905336235744,Güzellik Salonu
ASİA ACIBADEM GÜZELLİK VE BAKIM,+905300728025,Güzellik Salonu
idealeste,+905458587110,Güzellik Salonu
Elisa Beauty House,+905442871030,Güzellik Salonu
Dr. Sema Çınar Muayenehanesi,+905010008664,Güzellik Salonu
TOUCH Güzellik,+905354535037,Güzellik Salonu
Facestetica Beauty Center,+902164624400,Güzellik Salonu
Burcunes Güzellik Salonu,+905349849181,Güzellik Salonu
Dolce Dec Güzellik Salonu,+905325738325,Güzellik Salonu
Esteniv,+905524887888,Güzellik Salonu
Tülay & Hacer Güzellik Salonu,+902165536780,Güzellik Salonu
Valora Psikoloji,+905052715380,Psikolog / Terapist
Uzman Klinik Psikolog Didem Üngör Dörtkol (Yüz Yüze ve Online Yetişkin Terapisi / Psikolojik Danışmanlık),+905336123963,Psikolog / Terapist
Uzm. Psikolog Melike Yazıcıoğlu,+905065805138,Psikolog / Terapist
Dem psikoloji,+905056701880,Psikolog / Terapist
"Kim Psikoloji, Rehberlik ve Psikolojik Danışmanlık Merkezi (Pedagog, Aile Danışmanı, Klinik Psikolog, Çocuk Psikoloğu)",+902164287546,Psikolog / Terapist
İstanbul Kaf Psikolojik Danışmanlık ve Eğitim Merkezi,+905389884009,Psikolog / Terapist
Flora Psikoloji - ÜSKÜDAR PSİKOLOG,+905436049899,Psikolog / Terapist
Klinik Psikolog Merve Şahin,+905398647495,Psikolog / Terapist
Uzm. Psk. Evrim Avşar Kılıç – Psikolog | Aile ve İlişki Terapisi – Üsküdar,+905372931988,Psikolog / Terapist
Leva Psikoloji,+905421525382,Psikolog / Terapist
Nara Psikoloji,+905416354143,Psikolog / Terapist
Yön Danışmanlık,+905441808248,Psikolog / Terapist
Kuar Psikoloji Danışmanlık ve Eğitim Merkezi,+905421205827,Psikolog / Terapist
Pare Psikoloji,+905056727273,Psikolog / Terapist
NOM Psikoloji,+905521542552,Psikolog / Terapist
İdada Danışmanlık,+902162324090,Psikolog / Terapist
İstanbul Üsküdar Klinik Psikolog Suat Keçeci,+908504744224,Psikolog / Terapist
Klinik Psikolog Özge Öz Gözcü,+908504748114,Psikolog / Terapist
Online Psikolog,+908504414139,Psikolog / Terapist
Aşina Psikolojik Danışmanlık,+905053978828,Psikolog / Terapist
KA Danışmanlık,+905427873634,Psikolog / Terapist
"Uzman Psikolog Yusuf ARSLAN, Çocuk-Ergen, Yetişkin Terapisti",+905332466134,Psikolog / Terapist
Psikolojik Danışman Nadide Dilmen | Çamlıca Psikolog,+905073577710,Psikolog / Terapist
"Uzm. Kl. Psk. Zeynep Aygün, Psikoloji",+905309438939,Psikolog / Terapist
"Kl. Psk. Fikriye Sönmez, Psikoloji",+905434042609,Psikolog / Terapist
SAFE ZONE PSİKOLOJİK DANIŞMANLIK HİZM. LTD. ŞTİ,+908502598878,Psikolog / Terapist
Renk Psikoloji Eğitimi Ve Danışmanlık Merkezi,+902164860200,Psikolog / Terapist
Psikolog Enes KURT,+905525729855,Psikolog / Terapist
Klinik Psikolog Elif İmamoğlu,+905054526423,Psikolog / Terapist
Ada Eğitim ve Psikolojik Danışmanlık,+902164500173,Psikolog / Terapist
Nino Çocuk & Aile Danışmanlık Merkezi,+905077073270,Psikolog / Terapist
Laden Psikoloji,+902165776268,Psikolog / Terapist
Özel Sağlık Hizmet Birimi Klinik Psikolog Esma Zeynep Topçu/Klinik Psikolog Sebahat Çakmak,+905016878600,Psikolog / Terapist
Klinik Psikolog Psikoterapist Özge Özcan - V Psikoterapi Kliniği,+905060341383,Psikolog / Terapist
Psikolog Merve Altındağ,+905445992409,Psikolog / Terapist
Klinik Psikolog Nur Yılmaz,+905321345432,Psikolog / Terapist
Uzman Psikolog Aynur Sayım Çocuk - Ergen ve Yetişkin Psikolojik Danışma Merkezi,+905524799202,Psikolog / Terapist
Okyanus Psikolojik Danışmanlık ve eğitim Merkezi,+905550342435,Psikolog / Terapist
Psikolog Aysun Aktaş Özkafacı,+905304857680,Psikolog / Terapist
Uzm.Psk. Hatice Cemre Çizmecioğlu,+905052379875,Psikolog / Terapist
Uzman Psikolog Feyza Kavilcioğlu,+905398173879,Psikolog / Terapist
Uzman Klinik Psikolog Duygu Kılıç Öztan,+905330877847,Psikolog / Terapist
Ventus Psikoloji,+905461452901,Psikolog / Terapist
Yeryüzü Psikoloji | Danışmanlık | Çift Terapisi | Bireysel Terapi | Oyun Terapisi | Çocuk Ergen Terapisi | Psikolojik Testler,+902164740050,Psikolog / Terapist
"Gizem Badem, Uzman Psikolog, Hipnoterapist, Psikoterapist, EMDR ve Flash Terapi, BDT, ADDT, Aile Danışmanı, Kim Psikoloji",+905389348081,Psikolog / Terapist
Nar Psikoloji,+905551409595,Psikolog / Terapist
Klinik Psikolog Gamze Gülsoy Ragıpoğlu,+905424502579,Psikolog / Terapist
NeuroArt Psikolojik Danışmanlık Merkezi,+905401711196,Psikolog / Terapist
Klinik Psikolog İlayda Kamçı,+905321546976,Psikolog / Terapist
Selam Danışmanlık ve Çocuk Atölyesi,+905510778221,Psikolog / Terapist
Uzm. Klinik Psikolog Kübra Ünal,+905416932382,Psikolog / Terapist
Psk. Dan. Şebnem Kıroğlu,+902129126445,Psikolog / Terapist
Uzm. Dr. Tuğba Eseroğlu Söylemez | Çocuk ve Ergen Psikiyatristi,+905413626285,Psikolog / Terapist
Örsün Psikolojik Danışmanlık Merkezi,+905313714197,Psikolog / Terapist
Üsküdar POZİTİF PSİKOLOJİ VE DİYET (Uzman Klinik Psikolog ve Diyetisyen),+905537147501,Psikolog / Terapist
Zeynep Sürücü Bilgil,+905325162117,Psikolog / Terapist
Uzm. Klinik Psk.-Psikoterapist Betül Çetin,+905389345040,Psikolog / Terapist
Uzman Psikolog Aylin Gündoğdu,+905332320550,Psikolog / Terapist
Uzman Psikolog Beste Boduroğlu -Viso Psikoloji,+905323444075,Psikolog / Terapist
Klinik Psikolog Esma Seçgel Özel Sağlık Meslek Hizmet Birimi,+905344866898,Psikolog / Terapist
DED Psikolojik Eğitim ve Danışmanlık,+905300694653,Psikolog / Terapist
Uzm. Psk. Dan. Hande Barışık,+905448652777,Psikolog / Terapist
Noya Psikoloji,+905050986769,Psikolog / Terapist
"Klinik Psikolog Merve Funda Kırbaş Cankurtaran, Üsküdar Psikolog-Acıbadem Psikolog Randevu-Yetişkin Psikolog",+905547442593,Psikolog / Terapist
Enise Akgül klinik psikolog aile ve çift terapisti,+905335574733,Psikolog / Terapist
Klinik Psikolog Kübra Bozkurt,+905522837585,Psikolog / Terapist
Klinik Psikolog Sena Alaçam,+908508119266,Psikolog / Terapist
Klinik Psikolog Saliha Yücebaş Arslan,+905335819140,Psikolog / Terapist
Pena Psikoloji,+905059557362,Psikolog / Terapist
Erdenay Tattoo Ink Art Coll,+905541320235,Dövme & Piercing
Bizon Tattoo Studio (Yalnızca randevu ile çalışılmaktadır.),+905070909299,Dövme & Piercing
Purple Haze Tattoo Studio,+905528850239,Dövme & Piercing
İstanbul Dövme Silme Merkezi,+905545648334,Dövme & Piercing
Space X tattoo,+905336938045,Dövme & Piercing
batattu,+905335791931,Dövme & Piercing
Local33 Dövme ve Piercing Salonu,+905442436288,Dövme & Piercing
Finans Fitness,+902165333443,Kuaför / Berber
Elit Stüdyo Pilates Reformer,+905535974212,Pilates / Yoga
Say Studio Çarşı Şube - Pilates - Kadınlara Özel Spor Salonu - Psikolojik Danışmanlık Hizmetleri,+902165232126,Psikolog / Terapist
The Studio,+905307337153,Kuaför / Berber
Semlife pilates,+905416829465,Pilates / Yoga
Disa pilates,+905355731097,Diş Kliniği
DESTİNA PİLATES,+905398281600,Pilates / Yoga
Pera Point Pilates,+905340321962,Pilates / Yoga
Trio Gym & Studio,+905333848746,Kuaför / Berber
Marven Pilates & Yoga Studio | Exen,+905332216192,Pilates / Yoga
Mint Pilates,+905304326068,Pilates / Yoga
Fit Station Ümraniye,+905344525070,Kuaför / Berber
Sunset Studyo Ümraniye Kadınlara Özel Spor Merkezi,+902164439443,Kuaför / Berber
Lotus Pilates,+905461509020,Pilates / Yoga
Peren Pilates Studıo,+905011422929,Pilates / Yoga
Döngü Pilates Studio,+905542449544,Pilates / Yoga
SH Pilates Studio,+905307879775,Pilates / Yoga
Fit Vibes Pilates & Fonksiyonel Fitness,+905349339531,Pilates / Yoga
FizyoAla Pilates,+905522221908,Pilates / Yoga
"DahaFit - Reformer Pilates, Fonksiyonel Antrenman, KickBoks, Fitness, Ümraniye",+902166063030,Pilates / Yoga
ÜMRANİYE HFİT28,+905412128314,Pilates / Yoga
F.D PİLATES STUDIO,+905301406442,Pilates / Yoga
Teaser Pilates & Personel Training,+905356821673,Pilates / Yoga
Formda Stüdyo Ümraniye | Kadınlara Özel Spor Salonu,+902165575760,Kuaför / Berber
CARRARA SPOR MERKEZİ Ataşehir Reformer Pilates,+905427476657,Pilates / Yoga
Aslı Yalçınkaya pilates,+905524118435,Pilates / Yoga
Pilates özel ders/Personel trainer/fitness,+905443648404,Pilates / Yoga
MELEK ÜNVER STUDIO,+905354938593,Kuaför / Berber
Diamond Studio,+905536828116,Pilates / Yoga
SUNLYN STUDİO,+905078128885,Kuaför / Berber
New U Sport Center,+905075097575,Kuaför / Berber
MG Pilates Studio,+905360556162,Pilates / Yoga
Fitshe Pilates,+905302918448,Pilates / Yoga
Findme Pilates Studio,+905308162308,Pilates / Yoga
Fitamine Ümraniye,+905338152530,Kuaför / Berber
Metta Pilates,+905549622058,Pilates / Yoga
QEF STUDIO,+905422210139,Kuaför / Berber
Bfit Ümraniye İnkılap Kadınlara Özel Spor Salonu,+905543712027,Kuaför / Berber
PROGYM,+902164663338,Kuaför / Berber
PlayStüdyo Dudullu | Kadınlara Özel Spor Salonu,+902167664950,Kuaför / Berber
Feel Body Pilates Studio,+905332673943,Pilates / Yoga
XOOM Training Club Ümraniye,+905070931956,Kuaför / Berber
Galaxy Gym & Pt Studio,+905394375979,Kuaför / Berber
UFCFİT,+905325737643,Kuaför / Berber
Club İstanbul Spor,+905323517737,Kuaför / Berber
LEGİON GYM,+905315044953,Kuaför / Berber
Fit in Fight,+905350190244,Kuaför / Berber
Thesprinnt Ümraniye,+905316618380,Kuaför / Berber
Okyanusfly Spor Merkezi / Ümraniye - Şerifali,+902165233333,Kuaför / Berber
Form Fitness Tavukçuyolu,+902165271220,Kuaför / Berber
Life Spor,+902163295582,Kuaför / Berber
Koi Health/Pilates Studio,+905396529028,Pilates / Yoga
fiit.N.Club Spor clubü,+905437696844,Kuaför / Berber
KARABEKİR FIGHT CLUB,+905522002357,Kuaför / Berber
HKN Fight Club Ümraniye,+905548945504,Kuaför / Berber
İstanbul Boks,+905417340329,Kuaför / Berber
Room Pilates Merkezi,+905441596202,Psikolog / Terapist
Akademi Ümraniye Beytullah Eroğlu Yüzme Havuzu,+902166301722,Kuaför / Berber
TULPAR SPOR AKADEMİ,+905523272475,Kuaför / Berber
Gold Fitness Vücut geliştirme salonu,+905325784833,Kuaför / Berber
Estetik Ağız ve Diş Sağlığı Polikliniği,+902163257660,Diş Kliniği
Klinik Üsküdar Ağız Ve Diş Sağlığı Polikliniği,+905421258080,Diş Kliniği
BDD Boğaziçi Diş Ağız ve Diş Sağlığı Polikliniği Üsküdar Diş Kliniği | implant smile design,+905413356282,Diş Kliniği
DentSmile Ağız ve Diş Sağlığı Polikliniği,+902163343330,Diş Kliniği
Dentzade Ağız Ve Diş Sağlığı Polikliniği üsküdar | Diş İmplantı | Ortodonti Kliniği,+902162130044,Diş Kliniği
Optimadent Ağız ve Diş Sağlığı Polikliniği | Üsküdar Diş Kliniği,+902166951616,Diş Kliniği
SEVİNÇ DENT AĞIZ VE DİŞ SAĞLIĞI POLİKLİNİĞİ,+905336277869,Diş Kliniği
Özel Bağlarbaşı Ağız Ve Diş Sağlığı Polikliniği,+902165325643,Diş Kliniği
Özel Evrim Cengiz Ağız ve Diş Sağlığı Polikliniği,+905308808029,Diş Kliniği
Üsküdar Ağız ve Diş Sağlığı Merkezi (Üsküdar ADSM ),+902166064729,Diş Kliniği
Altunizade Ağız ve Diş Sağlığı Polikliniği,+905322161463,Diş Kliniği
Ortoportlife Ağız ve Diş Sağlığı Polikliniği,+905322840518,Diş Kliniği
Özel Altes Ağız ve Diş Sağlığı Polikliniği | Altunizade Diş Kliniği,+905334744394,Diş Kliniği
Mas Group Ağız ve Diş Sağlığı Polikliniği,+902166507018,Diş Kliniği
Arın Dent Ağız ve Diş Polikliniği,+902164120242,Diş Kliniği
Klinik Zade Ağız ve Diş Sağlığı Polikliniği,+905075560062,Diş Kliniği
Hol Ağız ve Diş sağlığı Polikliniği | Acil Diş Polikliniği | Üsküdar,+905061249022,Diş Kliniği
Dentistim Ağız ve Diş Sağlığı Polikliniği,+905458981010,Diş Kliniği
Üsküdar Ahmet Yüksel Özemre Ağız ve Diş Sağlığı Merkezi,+902163322628,Diş Kliniği
Emardent Ağız ve Diş Sağlığı Polikliniği,+905473453400,Diş Kliniği
Diş Hekimi Adem Demir,+902167594888,Diş Kliniği
ClinicHI | Ağız ve Diş Sağlığı Polikliniği | Dental Clinic,+905404090077,Diş Kliniği
Lale Diş - Ortodonti Uzmanı Bekir Lale,+905491021012,Diş Kliniği
Üsküdar Dişçi,+905536951614,Diş Kliniği
Fırat Ağız ve Diş Sağlığı Polikliniği,+905352044035,Diş Kliniği
Özel DİŞEVİ Ağız Ve Diş Sağlığı Polikliniği,+902164012020,Diş Kliniği
Dentalzone Akademi34 Ağız ve Diş Sağlığı Polikliniği,+905465669663,Diş Kliniği
Özel Klinik Acıbadem Ağız ve Diş Sağlığı Polikliniği,+905527004044,Diş Kliniği
Diş Hekimi Ali Aslan Protez Uzmanı,+902165539623,Diş Kliniği
DİŞ HEKİMİ İbrahim Fevzi MUTLU,+902163402388,Diş Kliniği
Diş Hekimi Cansu Ürekli Yılmaz,+905051228383,Diş Kliniği
Diş Hekimi Bilge Odabaşı,+905305277999,Diş Kliniği
Diş Acıbadem Dental Clinic,+905320552090,Diş Kliniği
Özel Erdem Ağız ve Diş Sağlığı Polikliniği,+902164816704,Diş Kliniği
Diş Hekimi Leyla Göktürk,+902163300530,Diş Kliniği
DİŞ HEKİMİ SELÇUK ERDEM,+902164959700,Diş Kliniği
Zen Dental Clinic,+905303929936,Diş Kliniği
Diş Hekimi Ferda Akyıldız,+905333845783,Diş Kliniği
Diş Hekimi Hatice Orhan,+902165321010,Diş Kliniği
Uzm. Dr. Emre Metin - Ortodonti Uzmanı,+905326543082,Diş Kliniği
Diş Hekimi Levent Gür,+902166519696,Diş Kliniği
Diş Hekimi Yüksel Erensoy,+902163150765,Diş Kliniği
Diş Hekimi Ahmet Özeri,+902163912142,Diş Kliniği
Diş Hekimi Mine Zeynep Leventoğlu,+902163420119,Diş Kliniği
Özel DİŞPARK Ağız ve Dİş Sağlığı Polikliniği,+902165539691,Diş Kliniği
Diş Hekimi İsmail Tunç,+905324305964,Diş Kliniği
Dr. Lütfiye Artaç,+902163244059,Diş Kliniği
Diş Hekimi Nermin Özer Cantekinler,+902165323666,Diş Kliniği
Dr. Zehra Selin Saraçoğlu,+902163347683,Diş Kliniği
Diş Hekimi,+902164621222,Diş Kliniği
Diş Hekimi Ebru Kayan,+902163106052,Diş Kliniği
Güngör YILMAZ Ağız ve Diş Sağlığı Polikliniği,+902163348917,Diş Kliniği
Dişhekimi Mustafa Demir,+902163425105,Diş Kliniği
Diş Hekimi Neslihan Bingöl Yalçın,+902164811342,Diş Kliniği
Sekiz Dental Clinic,+905541208099,Diş Kliniği
Dr. Gülçin Acun Ortodonti Uzmanı - Mono Ortodonti Kliniği,+905011029192,Diş Kliniği
Diş Doktoru Havva HATIRNAZ ŞENER,+902164929250,Diş Kliniği
Diş Hekimi Y.Kenan Öztürk,+905437351070,Diş Kliniği
Diş Hekimi Osman Uçar,+902165531005,Diş Kliniği
Uzman Diş Hekimi Ebru Tepecik /Endodontist / Kanal Tedavisi Uzmanı,+905458472060,Diş Kliniği
Dr. Özge Özaydın Ortodonti Kliniği,+905421531493,Diş Kliniği
Uzm. Dt. Beytullah Gülsoy,+905392155944,Diş Kliniği
Diş Hekimi M. Hakan Gür,+902163422423,Diş Kliniği
Dentist - Burcin Goff,+902164220708,Diş Kliniği
Diş Hekimi Ömer Kaçan,+905523188803,Diş Kliniği
Diş Hekimi Yıldırım Buluç,+902163172020,Diş Kliniği
Mesut Şensoy Saç Tasarım,+905436787679,Kuaför / Berber
Saj Bayan Kuaförü Üsküdar,+902166507010,Kuaför / Berber
HairMirror Kuaför Nev Çarşı,+902163103700,Kuaför / Berber
Villa Kuaför - Bağlarbaşı,+902164929027,Güzellik Salonu
NOA KUAFÖR,+905324017741,Kuaför / Berber
KUAFÖR CENGİZ ACIBADEM,+902163271137,Kuaför / Berber
K&A Kuaför,+905382720862,Kuaför / Berber
Esi Bayan Kuaförü,+905466103955,Kuaför / Berber
Kuaför GökhanKavak,+902165327076,Kuaför / Berber
İZZ KUAFÖR LİBADİYE BAY BAYAN TESETTÜR SOLARIUM MAKEUP,+902164289374,Güzellik Salonu
ALP&MElİSA KUAFÖR,+905382720562,Kuaför / Berber
Paçi Bayan Kuaförü,+905386869938,Kuaför / Berber
Kuaför Mine Güner,+905433600306,Kuaför / Berber
MAS KUAFÖR,+905424248441,Güzellik Salonu
KUAFÖR EL'İ,+902163433349,Güzellik Salonu
Tusem Kuaför,+902163349601,Kuaför / Berber
Trend erkek kuaför hair desing,+905468259652,Kuaför / Berber
Nuray Kuaför,+902164923006,Kuaför / Berber
Nesimi & Mahir Kuaför,+902164921721,Kuaför / Berber
Hair Doctor,+902165532060,Kuaför / Berber
Hair Chefs,+902168030402,Kuaför / Berber
İdris Selici Bay Kuaför,+905456723265,Kuaför / Berber
Salon Ahmet Çizmeli | Kadın Kuaförü,+902165539925,Kuaför / Berber
Kuaför Altıneller,+902163260604,Kuaför / Berber
Murat Kumaru Hair Artist,+902165533838,Kuaför / Berber
Bahar Bayan Kuaförü,+902164810708,Kuaför / Berber
Kuaför Ag Saç Tasarım,+902163416468,Kuaför / Berber
Nur bayan kuaförü,+905330578389,Kuaför / Berber
Bay Kuaför,+905346401825,Kuaför / Berber
M&M Saç Tasarım - Kuaför,+905358177901,Kuaför / Berber
Süleyman ve Özlem Kuaför,+905355278049,Kuaför / Berber
HAIR PUB kuaför ve güzellik salonu,+902163182507,Güzellik Salonu
Kuaför Mehmet,+902163432245,Kuaför / Berber
Stil Kuaför,+902163426567,Kuaför / Berber
Saloon Salash,+905448249022,Kuaför / Berber
Eda bayan kuaförü,+905412882625,Kuaför / Berber
Berber Murat Dursun,+905324838479,Kuaför / Berber
Kuaför Reşat,+905327043222,Kuaför / Berber
Vizyon Sevtürk Erkek Kuaförü,+902165329542,Kuaför / Berber
Salon Dk Kuaför,+902162011280,Kuaför / Berber
THE ROOM HAIR DESIGN,+902163390676,Kuaför / Berber
Reset Hair Salon Acıbadem İstanbul Kuaför Salonu,+902165192950,Kuaför / Berber
SAÇ SANATI KUAFÖR RAMAZAN,+905324260403,Kuaför / Berber
Arte Pui Hair Studio,+905325710575,Kuaför / Berber
Erkan Bayan Kuaförü,+902163430078,Kuaför / Berber
Dilek Taş Kuaför & Güzellik Salonu,+905434752427,Güzellik Salonu
Yaşar Şen Kuaför,+905325937161,Kuaför / Berber
Bay Kuaför Erhan & Ömer,+905303205698,Kuaför / Berber
Hair Mood Gallery Acıbadem,+905308235172,Kuaför / Berber
Bayan Kuaförü,+902164926055,Kuaför / Berber
Hakan Bayan Kuaförü,+902163249930,Kuaför / Berber
Kuaför Mithat&Yalçın,+902164287777,Kuaför / Berber
Muzaffer Poyraz Bay Kuaför,+902164611051,Kuaför / Berber
seda kuaför,+902163343477,Kuaför / Berber
Bence Kuaför,+905374072633,Kuaför / Berber
Sinan Erkek Kuaför salonu Üsküdar,+905519971400,Kuaför / Berber
Sinerji Kuaför ve Güzellik Salonu,+902164923157,Güzellik Salonu
Eray BELER bayan kuaförü,+902163417959,Kuaför / Berber
KUAFÖR HARUN,+902165324479,Kuaför / Berber
Zerrin Kuaför,+902163340432,Kuaför / Berber
Magic Kuaför,+905327441825,Kuaför / Berber
Zafer Polat Hair Design / Acıbadem Kuaför,+905380835985,Kuaför / Berber
Alfa Bayan Kuaförü,+905376551629,Kuaför / Berber
SAM KUAFÖR MEHMET EKŞİ,+902166518342,Kuaför / Berber
Salon Ghetto,+902163288312,Güzellik Salonu
Kuaför Cüneyt,+905072495736,Kuaför / Berber
Coiffeur La Femme,+902164745309,Kuaför / Berber
ALİ GÜR KUAFÖR,+902165451744,Kuaför / Berber
Baycan Kuaför,+902163390006,Kuaför / Berber
Meç Kuaför | Meral Çolak | Güzellik Salonu,+902164815960,Güzellik Salonu
Meral Bayan Kuaförü Güzellik Salonu,+905437634884,Güzellik Salonu
Berberim Erkek Kuaförü,+905301651178,Kuaför / Berber
Hair bilalzengin man&kids,+902164729411,Kuaför / Berber
Nihal Kuaför ZK,+902163101014,Kuaför / Berber
Adnan Ayazoğlu Coiffeur,+905374838474,Kuaför / Berber
Kuaför Harun & Turgay,+902163271444,Kuaför / Berber
Üsküdar aura kuaför,+905394218709,Kuaför / Berber
NOA KUAFÖR Koşuyolu,+905451723434,Kuaför / Berber
Murat Kuaför Üsküdar,+905425582352,Kuaför / Berber
Ali & cennet kuaför,+902163401053,Kuaför / Berber
TURKUAZ BAY & ÇOCUK KUAFÖRÜ (murat&ersan),+902164288690,Kuaför / Berber
Pem Coiffeur,+902164129422,Kuaför / Berber
Viva Kuaför,+902164743209,Kuaför / Berber
Kuaför Mustafa,+905374754332,Kuaför / Berber
ERDEMKAYA KUAFÖR,+902164624093,Kuaför / Berber
Barber Muharrem,+902164746466,Kuaför / Berber
Berber Fikret Almış,+905367793317,Kuaför / Berber
Hair Corner Saç Tasarım,+902167713757,Kuaför / Berber
ACIBADEM KULİS,+905330342147,Kuaför / Berber
by Esthéart | Kadın & Erkek Kuaförü,+902163352600,Kuaför / Berber
İlhan Erkek Kuaförü,+905453770767,Kuaför / Berber
Nuss Güzellik Salonu,+902163359880,Güzellik Salonu
KUAFÖR CENGİZ BY HAKAN EYÜPOĞLU,+905553744513,Kuaför / Berber
Mehtap Bayan Kuaförü,+902164227610,Kuaför / Berber
Kuaför Tolunay,+905533988155,Kuaför / Berber
ES KUAFÖR,+902163256912,Kuaför / Berber
MS SAÇ TASARIM (SERDAR ERKİN),+905434288534,Kuaför / Berber
Saygın Kuaför,+902165054655,Kuaför / Berber
Sündüs Bayan Kuaförü,+902164748165,Kuaför / Berber
Ata Men's Club,+902165454386,Kuaför / Berber
Elit Kuaför (Evren Yılmaz),+902165235629,Kuaför / Berber
Muhittin Yuşan,+902164742386,Kuaför / Berber
Aziz Kuaför,+902163390611,Kuaför / Berber
ZEYNO Kuaför,+905372355332,Kuaför / Berber
Caprice kuaför,+902163109932,Kuaför / Berber
Sertaç kolay hair studio,+905302365729,Kuaför / Berber
Ali Yüksel Erkek Kuaför,+905349633344,Kuaför / Berber
Foryou Kuaför,+902163913657,Kuaför / Berber
Hair Star's Coiffuer,+905301004858,Kuaför / Berber
Uzman Diyetisyen Begüm Sevgi,+905547019716,Diyetisyen
Diyetisyen Melek Gül Haliloğlu Beslenme ve Diyet Uzmanı,+905055403708,Diyetisyen
SAHURE ÖZAY DİYET VE BESLENME DANIŞMANLIĞI,+902162012722,Diyetisyen
Diyetisyen Sena Sapmaz Beslenme & Diyet Danışmanlığı,+905373115690,Diyetisyen
Diyetisyen Selva Sürme,+905445298410,Diyetisyen
Uzman Diyetisyen Şeyma KAVUNCUOĞLU,+905433783238,Diyetisyen
Diyetisyen Kübra Şişman,+905531580236,Diyetisyen
Uzman Diyetisyen Bahar Aktan,+905327854055,Diyetisyen
T Form Acıbadem Pilates Merkezi,+905342265588,Pilates / Yoga
UZMAN DİYETİSYEN Hesne Tuğçe BAYIN KÖSE,+902164222121,Diyetisyen
Diyetisyen Yeliz Yıldızay,+908502220373,Diyetisyen
Diyetisyen Pınar Uçan Argun,+905365805008,Diyetisyen
Dyt.Afra Nur Hasbal Beslenme Ve Diyet Danışmanlık Merkezi,+905437229472,Psikolog / Terapist
Nutrietic Beslenme ve Diyet Danışmanlık Merkezi,+905356994904,Psikolog / Terapist
Diyetisyen Necla Harman Beslenme ve Diyet Danışmanlığı,+905550300398,Diyetisyen
Diyetisyen Büşra Gürbüz,+905518859868,Diyetisyen
Diyetisyen Gökçe Kozanoğlu,+902166494331,Diyetisyen
Kübra Bal Beslenme ve Diyet Ofisi,+902164283684,Diyetisyen
Uzman Diyetisyen Betül Polat,+905333355487,Diyetisyen
Diyethanem Beslenme ve Danışmanlık | Uzm. Diyetisyen & Psikolog Zinnur Elliiki Küçükköseleci,+905423046468,Psikolog / Terapist
Diyetisyen Elif Cabi,+905336651487,Diyetisyen
Diyetisyen Psikolog Çağla Gizem Karamuk,+905066126858,Psikolog / Terapist
Fizyoterapist & Diyetisyen Sıla Erdoğan,+905057053854,Psikolog / Terapist
b • form beslenme ve diyet danışmanlığı,+905537883053,Diyetisyen
Diyetisyen Beyza Nur Yetim Beslenme ve Diyet Danışmanlığı,+905359425010,Diyetisyen
Diyetisyen Merve Begüm DİLBER,+905054502012,Diyetisyen
Diyetisyen Emine Çarkçı,+902165323737,Diyetisyen
Diyetisyen Damla Su Birincioğlu,+905380410280,Diyetisyen
Diyetisyen Begüm Seymen Sağlıklı Yaşam ve Beslenme Danışmanlığı,+905393829764,Diyetisyen
RA Diyet,+905304642912,Diyetisyen
Diyetisyen Filiz Ayhan,+905057610202,Diyetisyen
Diyetisyen Veteriner,+905330179002,Diyetisyen
Diyetisyen Ayşe Kılıçtutan,+905544133354,Diyetisyen
Fizyoterapi Danışmanlık/Hanımlara özel,+905521531994,Psikolog / Terapist
D'P STUDIO,+905077414453,Pilates / Yoga
Uzm. Dyt. Ömür Karamahmut,+905010823232,Diyetisyen
Q Terapi Egzersiz ve Danışmanlık Merkezi,+905015613434,Psikolog / Terapist
Uzman Diyetisyen Damla Arer,+905467760666,Diyetisyen
Prof. Dr. Recep Keşli,+902163340949,Diğer (Sağlık & Bakım)
Diyetisyen Nevin Şener,+908508116096,Diyetisyen
Merdan kuafor,+905352101179,Kuaför / Berber
Forşün Kuaför & Güzellik Salonu,+902164747149,Güzellik Salonu
Fk Güzellik Salonu,+905414763348,Güzellik Salonu
İnci Güzellik Salonu,+905442525215,Güzellik Salonu
Sis Nails Studio,+905334057045,Güzellik Salonu
Dermis Güzellik Ve Bakım İstanbul/Üsküdar,+905432699359,Güzellik Salonu
Wizart Güzellik Salonu,+905538543434,Güzellik Salonu
CHERİE BEAUTY ÜSKÜDAR,+905521545381,Güzellik Salonu
EREM GÜZELLİK SALONU,+902163345857,Güzellik Salonu
Avşarkızı Güzellik Salonu,+905363448473,Güzellik Salonu
NG Kadınca Güzellik Salonu,+905069125549,Güzellik Salonu
Sevim Alan Güzellik Merkezi Üsküdar,+905396672861,Güzellik Salonu
Womens Güzellik Salonu,+902163022200,Güzellik Salonu
Minalya Guzellik Gurusu,+902164745550,Güzellik Salonu
Üsküdar Solaryum,+902163104000,Kuaför / Berber
Arvens Güzellik Salonu,+902166511409,Güzellik Salonu
Niz Beauty Akasya,+905060963031,Güzellik Salonu
Real Hair Saç Yerleştirme ve Güzellik Merkezi,+902165300619,Güzellik Salonu
Protez Tırnak Üsküdar Nail Home,+905455401801,Güzellik Salonu
Doğuş Güzellik Salonu,+902163181137,Güzellik Salonu
Semra Şen İğneli Epilasyon ve Güzellik,+905308739012,Güzellik Salonu
DUYGU YILDIRIM KUAFÖR VE GÜZELLİK SALONU,+902164863287,Güzellik Salonu
Mine Bilgili Güzellik Salonu,+902163911236,Güzellik Salonu
Zeynep Sarı Güzellik Salonu,+902165159550,Güzellik Salonu
Afrodit Kuaför ve Güzellik Salonu,+902163419939,Güzellik Salonu
Zeliş güzellik salonu,+905438254291,Güzellik Salonu
Summer House Güzellik Salonu,+902163915038,Güzellik Salonu
İlknur Güzellik Salonu,+902164728633,Güzellik Salonu
NURAY YILDIZ ÇENGELKÖY,+905421774744,Güzellik Salonu
Son Nokta Kuaför,+905434404023,Kuaför / Berber
VEKA SAÇ TASARIM & GÜZELLİK SALONU,+902163103033,Güzellik Salonu
Ahmet Kılıç Hair Makeup,+905359301554,Güzellik Salonu
Maccas,+905336979784,Kuaför / Berber
Proline Güzellik Salonu,+902163082370,Güzellik Salonu
Ebruli Güzellik Salonu,+902163433971,Güzellik Salonu
Özenir Kuaför Hikmet Sunar,+902165530908,Kuaför / Berber
Keyfi Traş Erkek Kuaförü Kısıklı - Üsküdar,+905333025756,Kuaför / Berber
Mahmut & Levent Kuaför Salonu,+905352987233,Kuaför / Berber
Kevser Kuaför,+902163344387,Kuaför / Berber
Zirkonya Smile Design - Gülüş Tasarımı,+905433919291,Diş Kliniği
Üsküdar Lazer Epilasyon - Dr. Buket Bayram,+902163912000,Güzellik Salonu
Ngg Güzellik Salonu,+905317004032,Güzellik Salonu
Kevser Kuaför,+905366000327,Kuaför / Berber
Arif Akçay,+902164620606,Kuaför / Berber
Kuaför Sami,+905335760108,Kuaför / Berber
Şenay Kuaför,+902163917186,Kuaför / Berber
Şen Güzellik Salonu,+902163410284,Güzellik Salonu
Gonca K-Beauty Studio | Kore Cilt Bakımı,+905548250555,Güzellik Salonu
Ayşe Uzun Beauty Studio,+905533736363,Güzellik Salonu
Beautylab İstanbul - Kanlıca,+905412109999,Güzellik Salonu
Nani Beauty Kavacık,+902167662821,Güzellik Salonu
Diandra Nails Studio,+905412919093,Güzellik Salonu
Kar Altunbas Beauty,+905334958739,Güzellik Salonu
Sevgi Keskin Beauty Saloon Acarkent,+905308834774,Güzellik Salonu
D2 Nail Bar,+905452880211,Güzellik Salonu
Allure Beauty&Care,+905444515613,Güzellik Salonu
Ala Beauté Club,+905055961610,Kuaför / Berber
Beauty Academy,+905325888120,Güzellik Salonu
Htc Güzellik Salonu,+905438074151,Güzellik Salonu
Mr & Ms Beauty,+905335914568,Güzellik Salonu
Yasemin Beauty,+905444254070,Güzellik Salonu
SPLUS BEAUTY CENTER,+902164659230,Güzellik Salonu
Solarıum Sunrise,+905443656687,Güzellik Salonu
Saloon Zen,+902165370675,Kuaför / Berber
Rengin Bayan kuaförü,+905344114056,Güzellik Salonu
Kuför Savaş,+902163822433,Kuaför / Berber
Saloon Island Kartal,+905520188846,Kuaför / Berber
Perla Nail Beauty,+905327967070,Güzellik Salonu
Nails On!,+905057098014,Güzellik Salonu
Birsen ile Güzellik Merkezi,+902163531399,Güzellik Salonu
Melinda Beauty,+905525972351,Güzellik Salonu
Tuana Nail Beauty,+905369665161,Güzellik Salonu
Gariban Adam Gym,+905432272693,Kuaför / Berber
Azar Güneş Beauty Maltepe,+905013326063,Güzellik Salonu
Nails & Beauty & Solarium by Tuba Yüce,+905345957847,Güzellik Salonu
AlbiSoul,+905386581268,Güzellik Salonu
Best Friends Beauty Studio,+905050063919,Güzellik Salonu
Demet Demiraysü Beauty,+905323216478,Güzellik Salonu
İstanbul Büyükşehir Belediyesi Heybeliada Spor Tesisi,+902126008700,Kuaför / Berber
Anık Beauty Center,+905436278370,Güzellik Salonu
Metropol Makeup Studio,+905303465170,Güzellik Salonu
ESTEBİRR GÜZELLİK MERKEZİ,+905071067271,Güzellik Salonu
Medusa Nail & Beauty,+905419417705,Güzellik Salonu
METROPOLL GÜZELLİK MERKEZİ ( ATAŞEHİR)ATA BLOKLARI 3/5 ÖZLEM ÇAVDAR NEZİR,+902165760361,Güzellik Salonu
deniz kahveci ataşehir,+905434222826,Güzellik Salonu
Tırnak Butik Ataşehir,+905386933222,Güzellik Salonu
BEDİŞ GÜZELLİK SALONU,+902165778116,Diş Kliniği
Dermal Studio | Lazer Epilasyon | Microblading | Kalıcı Makyaj | Güzellik Salonu,+905523241115,Güzellik Salonu
Emine Kalkan Güzellik Merkezi,+905324405285,Güzellik Salonu
Çapa Makeup - Ataşehir Profesyonel Makyaj ve Saç Tasarımı,+905536514804,Güzellik Salonu
Sensitive Beauty | Ataşehir Güzellik Merkezi,+905347439292,Güzellik Salonu
Loca Art&Beauty,+902165724591,Güzellik Salonu
NaiLyuba Ataşehir Protez Jel Tırnak Kalıcı Oje Salonu,+905323995688,Güzellik Salonu
Müjgan Güzellik Salonu,+905066371420,Güzellik Salonu
AY GÜZELLİK SALONU (MEDİNE KÜRKÇÜ),+905432017713,Güzellik Salonu
Buket Sağır Güzellik Merkezi,+905303680893,Güzellik Salonu
Lilith Nail Lounge Ataşehir - Protez Tırnak,+905306603371,Güzellik Salonu
İnanna Güzellik Salonu,+902165770172,Güzellik Salonu
Tamirhane kuaför Ataşehir,+905541900033,Kuaför / Berber
Duygu Uğurlu Güzellik Salonu,+905301141520,Güzellik Salonu
Duru Güzellik & Nail Bar,+902164459692,Güzellik Salonu
MELTEM ÇAKMAK & PERLA VİRİNO GÜZELLİK SALONU ATAŞEHİR,+905451745714,Güzellik Salonu
Karayeli güzellik salonu,+905070488443,Güzellik Salonu
SERPİL GÜZELLİK SALONU,+902165726427,Güzellik Salonu
Shine Güzellik Salonu,+902162911100,Güzellik Salonu
B&G Wellness - Ataşehir,+902164551804,Güzellik Salonu
Şafak Karahan Akademi Güzellik Salonu,+905071861719,Güzellik Salonu
İlksev Güzellik Salonu Kuaför,+905346272762,Güzellik Salonu
KÜBRA COŞAR BEAUTY ATAŞEHİR,+905010436694,Güzellik Salonu
Parisli Cemil Kuaför Metropol İstanbul,+902169698458,Kuaför / Berber
Carelle Bio Cosmetics Ataşehir,+905353639211,Güzellik Salonu
EMA Bayan Kuaförü (KAYIŞDAĞI)- SivasLı,+905526945858,Kuaför / Berber
Mustafa Girgin bay bayan kuaforü,+905061999314,Kuaför / Berber
Esatpaşa Değişim bayan kuaförü,+905323310318,Kuaför / Berber
Final Bay & Bayan Kuaförü,+902164553880,Kuaför / Berber
Bayan kuaförü Necdet KINAT,+905324981957,Kuaför / Berber
AS Bayan Kuaförü,+902165210975,Kuaför / Berber
DENİZ BAYAN KUAFÖRÜ,+905531663739,Kuaför / Berber
Anyur & Zeynel Mess Bayan Kuaförleri,+902165756925,Kuaför / Berber
Nadiş bayan kuaförü,+905374766914,Diş Kliniği
Show Bayan Kuaförü,+902165727812,Kuaför / Berber
By Serdar Koyuncu | Ataşehir Kadın Kuaförü,+905399251980,Kuaför / Berber
Salon Melisşah,+902165757998,Kuaför / Berber
Güler Bayan Kuaförü,+902165778417,Kuaför / Berber
Stella Bayan Kuaförü,+902125879885,Kuaför / Berber
Bayram Bal Kuaför,+902162905142,Kuaför / Berber
Salon Miss Çamlık Kuaför,+902165947478,Güzellik Salonu
Aybüke Bayan Kuaförü,+902163175103,Kuaför / Berber
ART Bayan Kuaförü Ekin&Murat,+902164720925,Kuaför / Berber
ÖMER ÖZTAŞ Ömer kuaför,+905557028645,Kuaför / Berber
Berber Murat,+905397175801,Kuaför / Berber
BARBER CLUB Uğur Üstünbaş,+905350785734,Kuaför / Berber
Mehmet Saraçoğlu Barber's Club,+902166883488,Kuaför / Berber
Faruk Uğur Barber’s Club,+905337139492,Kuaför / Berber
Berberim Ataşehir,+905426181598,Kuaför / Berber
Berber Rıdvan Recep,+905313073933,Kuaför / Berber
Adonis Barber's Club,+902165770044,Kuaför / Berber
Veysel Bekar Barber,+905337852379,Kuaför / Berber
SAÇ KESEN ADAM,+905357127498,Kuaför / Berber
BY CENGİZ BERBER,+905354613333,Kuaför / Berber
MAN HAIR DESIGN STUDIO,+905372156354,Kuaför / Berber
Berber Bey | İçerenköy Erkek Kuaförü,+905366550828,Kuaför / Berber
BERBER DÜKKANI (LEVENT),+905446035315,Kuaför / Berber
Berber Bülent,+905354352100,Kuaför / Berber
Turgay Erkek Kuaförü,+905333380409,Kuaför / Berber
BERBER BORA,+905324004168,Kuaför / Berber
Yeditepe Erkek Kuaförü Berber,+905070970150,Kuaför / Berber
Akyol Erkek Kuaförü,+905553978677,Kuaför / Berber
By Salon Set Erkek Kuaförü,+902163172354,Kuaför / Berber
Osman Berber,+905388869305,Kuaför / Berber
Dizayn Erkek Kuaförü,+905349890081,Kuaför / Berber
Yağız Erkek Kuaförü Ber&Ber,+905350242661,Kuaför / Berber
BERBER ALİ,+905312622487,Kuaför / Berber
Vog Barber Club,+902164111949,Kuaför / Berber
FATİH YILMAZ ERKEK KUAFÖRÜ,+905388908707,Kuaför / Berber
Ümit Beşli Erkek Berberi,+902166631350,Kuaför / Berber
Gökhan Erkek Kuaförü,+902164566437,Kuaför / Berber
BERBER SADIK HAİR CLUB,+905306870146,Kuaför / Berber
Kuaför Cafer,+905079187282,Kuaför / Berber
Münih Erkek ve Çocuk berberi 1979,+902163862396,Kuaför / Berber
By Dodo Barber Shop,+905389525040,Kuaför / Berber
Salim Erkek Kuaförü,+905556364340,Kuaför / Berber
AŞKIN BARBER Hair Design shop,+902164928288,Kuaför / Berber
YY BARBER CLUB,+905313611592,Kuaför / Berber
GÖZDE BARBER SHOP,+905378388114,Kuaför / Berber
Barber Kids,+902166631800,Kuaför / Berber
BERBER FREEMAN SHOP,+905369892583,Kuaför / Berber
Bağdat Berber,+902163468760,Kuaför / Berber
By Çağlar Barber Shop,+905365488884,Kuaför / Berber
Studio Erkek Kuaförü,+905533045572,Kuaför / Berber
BY ANIL KUAFÖR EMİNÖNÜ (HAİRDRESSER),+905367851174,Kuaför / Berber
Deja vu Barber Shop Sirkeci İstanbul,+905419175856,Kuaför / Berber
Gökhan Erkek Kuaförü,+905333471300,Kuaför / Berber
1 Berber (Erkek Kuaförü),+905352094905,Kuaför / Berber
Genç Kuaför,+902164560760,Kuaför / Berber
Rimedzo Barber Shop,+905324923941,Kuaför / Berber
HASRET BARBER SHOP,+905368428947,Kuaför / Berber
ÖMER KAYA BARBER SHOP,+905384323447,Kuaför / Berber
Tenha Berber,+905075528613,Kuaför / Berber
Ataşehir Erkek Kuaförü Osman Yıldırım,+905320603058,Kuaför / Berber
Turgay Erkek Kuaförü,+905326955485,Kuaför / Berber
Ersan's Erkek Kuaförü,+905323621884,Kuaför / Berber
İsmet Erkek Kuaförü (ifk),+905325727276,Kuaför / Berber
Kaplan Erkek Kuaförü,+902165722637,Kuaför / Berber
ENES BARBER SHOP,+905327085342,Kuaför / Berber
Bay Adress Erkek Kuaförü,+905327604057,Kuaför / Berber
AHMET MEN’S HAİR KUAFÖR 💈,+905337632201,Kuaför / Berber
Salon Bay Çetin Erkek Kuaförü,+905369565198,Kuaför / Berber
ERKEK KUAFÖRÜ RAMAZAN GENÇKURT,+905419056858,Kuaför / Berber
Gürbüz erkek kuaförü,+905411997544,Kuaför / Berber
Burak Erkek Kuaförü,+905358716397,Kuaför / Berber
Serdar Erkek Kuaförü,+905426027080,Kuaför / Berber
Star Barber,+905536106353,Kuaför / Berber
Seçkin erkek kuaförü,+905309522858,Kuaför / Berber
Can Çocuk &erkek kuaförü,+905468248940,Kuaför / Berber
Erkek Kuaförü Onur,+905373891495,Kuaför / Berber
Rıfat Erkek Kuaförü,+905355104341,Kuaför / Berber
Perukar Erkek Kuaförü,+905332434305,Kuaför / Berber
Dilan Taşkın Beauty,+905395637097,Güzellik Salonu
Avicenna Ataşehir Lazer Epilasyon,+902165741000,Güzellik Salonu
ESTEZEN GÜZELLiK İÇERENKÖY,+905300667637,Güzellik Salonu
Gökay Lazer Güzellik,+905313475724,Güzellik Salonu
"SONAY Ataşehir Güzellik Merkezi - Lazer Epilasyon, Cilt Bakımı, Protez Tırnak, İpek Kirpik, Manikür Pedikür",+905349710229,Güzellik Salonu
Mehtap Uluğturhan,+905411508820,Güzellik Salonu
CosmeticMed Genel Merkez I Zayıflama Cihazları I Lazer Epilasyon Cihazları I Cilt Bakım Cihazları,+905348970726,Güzellik Salonu
Mayza Güzellik Merkezi | Lazer Epilasyon | Hydrafacial | Microblading | Protez Tırnak | Manikür & Pedikür,+905461805050,Güzellik Salonu
Daphne Lazer Epilasyon Ataşehir Şubesi,+905333803302,Güzellik Salonu
Sibaderm Güzellik Bakım,+905307847668,Güzellik Salonu
Epiderma Club,+905433270142,Güzellik Salonu
özestetik,+902165766870,Güzellik Salonu
Duas Güzellik Merkezi,+905333439891,Güzellik Salonu
Emsal Doğan Ataşehir Metropol,+905465297907,Güzellik Salonu
GOLD FACE BEAUTY,+905302318994,Güzellik Salonu
Liyuza Beauty,+905059171032,Güzellik Salonu
Seyhan Sertdemir Beauty Spa Studio,+905425353591,Güzellik Salonu
Canan Girgin NAİL & BEAUTY,+905304124436,Güzellik Salonu
Eylem Kurt Güzellik Salonu,+905331553910,Güzellik Salonu
Duru Güzellik Salonu Lazer Epilasyon,+902164559394,Güzellik Salonu
New Age Beauty Salon,+905379957579,Güzellik Salonu
Beauty Atelier - Nur Yıldırım,+905327375599,Güzellik Salonu
Aytume Beauty Ataşehir,+905322315301,Güzellik Salonu
Ataşehir Nail Beauty,+905347990666,Güzellik Salonu
Buse İnan Hair Beauty Ataşehir,+905322272651,Güzellik Salonu
Par Estetic,+905435219132,Güzellik Salonu
Ülkü Keleş | Microblading | Kaş Tasarımı | İğneli Epilasyon | Kaş Laminasyonu | Kalıcı Makyaj | Cilt Bakımı | Kirpik Lifting,+905335655952,Güzellik Salonu
DG Kişisel Bakım lazer epilasyon ağda manikür pedikür kuaför,+902165767202,Güzellik Salonu
Ataşehir Protez Tırnak,+905541033562,Güzellik Salonu
Noir Nail Bar,+905362301513,Güzellik Salonu
Sunny Nail,+905349127051,Güzellik Salonu
Ataşehir Protez Tırnak,+905396363554,Güzellik Salonu
Biz PROTEZ TIRNAK / Kuaför / Kaş /Kontur-microblading,+902164697549,Güzellik Salonu
Melopee Nail Art,+905448499434,Güzellik Salonu
Yeditepe Protez Tirnak,+905323870988,Güzellik Salonu
Mz_Nail_House,+905373785480,Güzellik Salonu
Anıl Demir Nail Art Studio,+905075543825,Güzellik Salonu
Damla Akgün Beauty | Lazer Epilasyon Cilt Bakımı Bölgesel Zayıflama Protez Tırnak,+905412820810,Güzellik Salonu
Halo Nail Studio,+905318188724,Güzellik Salonu
Wu Nail Bar,+905305769867,Güzellik Salonu
Y. Y Nail&Skin | Yağmur Yılmaz Güzellik Merkezi,+905304647600,Güzellik Salonu
Semy Nail Studio,+905303267849,Güzellik Salonu
Chaika Nail Güzellik Merkezi,+905373667088,Güzellik Salonu
Sance Nail & Beauty,+905412492959,Güzellik Salonu
LadyRoss Beauty,+905356281034,Güzellik Salonu
Buro Nail,+905374419592,Güzellik Salonu
Pedicare Ayak Bakım Merkezi,+905319111019,Kuaför / Berber
Slayt Kuaför & Protez Tırnak,+905526570540,Güzellik Salonu
Esile Protez Tırnak,+905444493329,Güzellik Salonu
Ataşehir protez tırnak merkezi,+905525501797,Güzellik Salonu
Özlem Arslaner Beauty,+905422928049,Güzellik Salonu
Miu Beauty,+905446480648,Güzellik Salonu
ZZ Beauty,+905306216222,Güzellik Salonu
Sibel Keçeli Nail Beauty Ataşehir,+905011494839,Güzellik Salonu
AS Güzellik Salonu,+905337108487,Güzellik Salonu
Medine nails studio,+905350473942,Güzellik Salonu
İpek Kirpik Protez Tırnak Kalıcı Oje,+902164106100,Güzellik Salonu
SeeNails Ataşehir Protez Tırnak,+905531035134,Güzellik Salonu
Mise Beauty Studio,+905330792957,Güzellik Salonu
Alara Sebatlı Nail Bar,+905324191075,Güzellik Salonu
Ataşehir-Kozyatağı Nail Studio-KOZYATAĞI PROTEZ TIRNAK -Hazelin nail studio,+905459204888,Güzellik Salonu
GLOW NAİL BAR ATAŞEHİR,+905367674998,Güzellik Salonu
Lilac Nail Studio,+905362748338,Güzellik Salonu
Ahsen Nail Beauty,+905332938423,Güzellik Salonu
BEST BEAUTY POİNT,+905079081981,Güzellik Salonu
"Tırnak Land , Nasim Parvizi, نسیم پرویزی , Protez Tırnak, Kalıcı Makyaj, Kalıcı French, Bağdat caddesi Protez tırnak,",+905375677231,Güzellik Salonu
Nail Stil Protez Tırnak,+908503770061,Güzellik Salonu
Tırnak Butik Bağdat Caddesi Güzellik Merkezi,+905306039122,Güzellik Salonu
style nail,+905458770513,Güzellik Salonu
Sultan Şimşek Beauty,+905343005670,Güzellik Salonu
AYS BAYAN KUAFÖRÜ & PROTEZ TIRNAK,+905074769064,Güzellik Salonu
Madam Giz Protez Tırnak,+905325455161,Güzellik Salonu
Elmira Aliev Beauty Ataşehir,+905342732334,Güzellik Salonu
Asera Beauty Ataşehir,+905312504212,Güzellik Salonu
Helen Beauty Studio Ataşehir,+905324085034,Güzellik Salonu
İlayda Çakırbeyli Nail & Beauty Center,+905322529909,Güzellik Salonu
Nur Beauty Studio,+905452006193,Güzellik Salonu
A-Sel Nails Room | Protez Tırnak,+905393648133,Güzellik Salonu
Uğur Gültekin Kuaför,+905392305143,Kuaför / Berber
Salon Eba,+905323483418,Kuaför / Berber
HAIRDRESSING BY HÜSEYİN ÇELİK,+905327946258,Kuaför / Berber
Recepmutluhairstyles Bayan Kuaför Hayalet Kaynak Merkezi,+905496150921,Kuaför / Berber
Fatisa Kuaför - HAIR SALOON,+905461505277,Kuaför / Berber
ORHAN TABAN,+905369999279,Kuaför / Berber
Salon Rivers,+905076516668,Kuaför / Berber
THE HAİR PUB,+905399389966,Kuaför / Berber
Glory Premium Wedding Venue,+90 4448339,Kuaför / Berber
Hairaurora,+902164707767,Kuaför / Berber
Mezz Kuaför,+905332529406,Kuaför / Berber
Turan Bektaş Kuaför Salonu,+905334373934,Kuaför / Berber
Stüdyo makas,+905363236346,Kuaför / Berber
MY WAY Hair Design Studio,+905374074691,Kuaför / Berber
meBizz Kuaför,+905322700506,Kuaför / Berber
O Saç Kuaför,+902165809097,Kuaför / Berber
SERRAKUAFÖR&GÜZELLIK,+905078634840,Güzellik Salonu
Yeşim kuaför,+902164699958,Kuaför / Berber
G&G Bayan kuaförü,+905325051758,Kuaför / Berber
Zübeyde Hanım Kuaför salonu,+905353844939,Kuaför / Berber
Glory Pool Side Wedding Venue,+905300916115,Kuaför / Berber
LİVA KUAFÖR,+905380895347,Kuaför / Berber
Marcel Hair Beauty,+902166631900,Güzellik Salonu
The Blond Ataşehir Kuaför & Saç Merkezi,+905395946397,Kuaför / Berber
SALOON HERA,+905384817717,Kuaför / Berber
Mikail Şenel Kuaför,+902164567392,Kuaför / Berber
Salon Adonia,+902165767600,Kuaför / Berber
HAIRPUB Ataşehir by Ömer Tarı,+902164565153,Kuaför / Berber
Kardeşler bayan kuaförü,+902163242728,Kuaför / Berber
Derin Beauty Center Ataşehir,+905368271216,Güzellik Salonu
Kuaför Tekin,+902163243488,Kuaför / Berber
Red Kuaför,+905369703285,Kuaför / Berber
SALON MEGA,+902164666967,Kuaför / Berber
Hair Motto Art Gallery,+905071988128,Kuaför / Berber
Gürkan hair design,+905434239035,Kuaför / Berber
Salon Bekir,+905316214467,Kuaför / Berber
Çınar bayan kuaförü,+902166601369,Kuaför / Berber
Kuaför sinan,+905344138342,Kuaför / Berber
Hisi güzellik salonu,+905523743901,Güzellik Salonu
ND Bayan Kuaförü - Hair / Makeup,+905527242952,Güzellik Salonu
Kuaför Violet,+905311022599,Kuaför / Berber
Şüküş kuaför,+905362881534,Kuaför / Berber
Mediclean Beauty Center,+905434881158,Güzellik Salonu
Holly Beauty Ataşehir (Cilt bakımı - Bölgesel Zayıflama),+905442285859,Güzellik Salonu
BMB Beauty Ataşehir,+905417486290,Güzellik Salonu
Phi Plus Aesthetic Ataşehir,+905426465226,Güzellik Salonu
Suzan Polat Beauty,+905536063269,Güzellik Salonu
Estemila,+905302662478,Güzellik Salonu
Dr. Arzu Atalan,+902166880026,Güzellik Salonu
Vioricaplus,+905321362452,Güzellik Salonu
Gönül Beauty Life,+905449584477,Güzellik Salonu
Cliness Ataşehir,+905451722075,Güzellik Salonu
YezZ Beauty&Wellness Academy,+902165147292,Güzellik Salonu
Ayşe Uzunlar Beauty Studio,+905304141845,Güzellik Salonu
Nuray Öner,+905076239730,Güzellik Salonu
PROFHAİRS,+902165761991,Kuaför / Berber
Artha Hair Studio,+902164561014,Kuaför / Berber
The Hair Balance,+902165126639,Kuaför / Berber
THE BOND - HAİREXTENSIONS & HAIR STUDIO İSTANBUL,+905317945507,Kuaför / Berber
Hope Hair Health,+905308180071,Güzellik Salonu
İlker Şimşek hair studio,+905353934958,Kuaför / Berber
WPB HAIR SALON,+1 954-762-0970,Kuaför / Berber
Burhan Basu Hair Club,+905316216479,Güzellik Salonu
Saç Hair Design,+902163175454,Kuaför / Berber
Polathan Hair Design,+905316185458,Kuaför / Berber
Dilek Haır desıgn,+902163154111,Kuaför / Berber
by Orhan Hair Stüdio,+905539341190,Kuaför / Berber
EST SAÇ TASARIM BAY SALOON,+905353843057,Kuaför / Berber
By Poyraz Saç Tasarım,+905072306666,Kuaför / Berber
Bige Saç Tasarım,+902164718767,Kuaför / Berber
Baler Saç Tasarım By Serkan Saraç,+902164556650,Kuaför / Berber
SOPHIA EXCLUSIVE Nail & Lash Studio Ataşehir,+905464650145,Güzellik Salonu
Yona Nail&Beauty,+905334229444,Güzellik Salonu
Nailcity İstanbul,+905306265322,Güzellik Salonu
Nar Nail Studio,+905451503600,Güzellik Salonu
Rozalina Nail Art,+905301398158,Güzellik Salonu
ÖZ-AY NAİL STUDIO,+905380775744,Güzellik Salonu
Nail Art Jeren Jeyhunova,+905518784927,Güzellik Salonu
Ala Beauté Club,+905383041040,Kuaför / Berber
Nail Bar By Mira,+905077882218,Güzellik Salonu
Nail SPA & Beauty by Serap Koç,+905320631181,Güzellik Salonu
Zeynep Nail Studio,+905339728976,Güzellik Salonu
Adora Nail Art,+905383792595,Güzellik Salonu
Rasen Nail Stüdyo,+905527841052,Güzellik Salonu
Ebru Gun Beauty,+905303715822,Güzellik Salonu
Shine Beauty,+905451773062,Güzellik Salonu
New Hair & Nail Art Studio,+905309301774,Güzellik Salonu
Irmak Muştu,+905384894259,Güzellik Salonu
Zuleyha | Lashes | Nails | Brows,+905538661535,Güzellik Salonu
Miha nail studio,+905419706845,Güzellik Salonu
Qan's Beauty,+905527797177,Güzellik Salonu
Beauty By Yağmur Bekmez,+905301718188,Güzellik Salonu
Mustafa Yener Bay/bayan Kuaförü-Women&Men,+905323779852,Kuaför / Berber
ALZE Nail&Spa,+905358479112,Güzellik Salonu
Este'Q Wellness Beauty,+905422573783,Güzellik Salonu
Beauty by Ataşehir,+905416124246,Güzellik Salonu
GÜZEL BEAUTY,+905347218791,Güzellik Salonu
Nani Beauty Atasehir,+905458472105,Güzellik Salonu
Gönül Şahan Beauty Center,+905466886561,Güzellik Salonu
Aslı Terzioğlu Beauty,+905300358166,Güzellik Salonu
Zeynep Oyan Beauty,+905318183034,Güzellik Salonu
EMEL GÜNEŞ BEAUTY,+902167590077,Güzellik Salonu
Seda Can Beauty,+905467219300,Güzellik Salonu
Gülay Koş Beauty,+905418060599,Güzellik Salonu
galiya beauty,+905529460138,Güzellik Salonu
Aura Beauty Boutique,+905422611624,Güzellik Salonu
Tila beauty,+905346729188,Güzellik Salonu
Belisse Beauty,+905333969585,Güzellik Salonu
Aytül Koçyıldız Beauty,+905306228334,Güzellik Salonu
L'Rose Beauty Ataşehir,+905392647265,Güzellik Salonu
Damla Beauty Studio,+905451417223,Güzellik Salonu
Love Beauty Center,+905455541414,Güzellik Salonu
Beril bıdın beauty,+905445325476,Güzellik Salonu
By Mustafa Öztürk Bayan Kuaförü,+905416120261,Kuaför / Berber
Erdem Kıramer Anadolu Hisarı,+902164658285,Kuaför / Berber
Eva Bayan Saç Tasarım,+902166930222,Kuaför / Berber
Semih Yıldız | Saç Tasarım,+905442349755,Kuaför / Berber
Nalan Yılmaz,+902164258253,Kuaför / Berber
Froline Bayan Kuaförü,+902164135810,Kuaför / Berber
Melodi Bayan Kuaförü Güzellik Salonu,+902166680134,Güzellik Salonu
Ceren 2 Bayan Kuaförü,+905358676320,Kuaför / Berber
Ry Saloon Bayan Kuaförü,+905373375485,Kuaför / Berber
Tolga Açıkgözoğlu Deep Hair | Kuaför | Makeup,+905423422230,Güzellik Salonu
Diva,+902164134767,Kuaför / Berber
Zülüş,+905377714458,Kuaför / Berber
PIRILTI GÜZELLİK SALONU,+905067352142,Güzellik Salonu
Aylin Bayan Kuaförü,+902165371047,Kuaför / Berber
SERKAN ÖNER SAÇ TASARIM,+905333500377,Kuaför / Berber
Kırık Fön,+902166933212,Kuaför / Berber
Toka Hair Studio,+905378408708,Kuaför / Berber
Perçem Kuaför Salonu,+902164130302,Kuaför / Berber
Erkek Kuaförü Şükrü Gündüz,+905369999576,Kuaför / Berber
Salon Sihir,+905438099344,Kuaför / Berber
Uim Kuaför Düşler Vadisi,+905468969975,Diş Kliniği
BENGÜ GÜLÇİN BAYAN BAKIM,+905367228369,Güzellik Salonu
Only Jane Bayan Kuaförü,+902164256098,Kuaför / Berber
DİLMAÇ KUAFÖR SALONU,+905327255953,Kuaför / Berber
Kerim Berber,+905369815493,Kuaför / Berber
Bayber,+905455236464,Kuaför / Berber
Barber Yekta,+902166933184,Kuaför / Berber
Ayhan Erkek Kuaförü,+905359428052,Kuaför / Berber
BERBERS,+905556013068,Kuaför / Berber
MAKİNE BERBER,+905532665318,Kuaför / Berber
Adil Aktürk Bay saloon,+905053287780,Kuaför / Berber
𝑩𝑨𝑹𝑩𝑬𝑹 𝑺𝑯𝑶𝑷,+905529399012,Kuaför / Berber
BERBERİM EMRAH ER,+905327459290,Kuaför / Berber
Berber Korhan,+905307894106,Kuaför / Berber
FORMALIST BERBER,+905317676907,Kuaför / Berber
RECEP AYTEKİN SAÇ TASARIM,+905318800444,Kuaför / Berber
Natural Erkek Kuaförü Kavacık,+905458426158,Kuaför / Berber
ARZUM ERKEK BERBERİ HASAN KURU,+905326946144,Kuaför / Berber
Berber bayram gör,+905359511817,Kuaför / Berber
BerBer Zafer Bıyık,+902164651110,Kuaför / Berber
Taner Şenel Berber T Club,+905353834622,Kuaför / Berber
Erol Erkek kuaförü,+905549764047,Kuaför / Berber
Ulusoy Erkek Kuaförü,+905398496652,Kuaför / Berber
Erkek Kuaförü Şenol,+905387764072,Kuaför / Berber
Çubuklu Erkek Kuaförü Kerem,+905333754363,Kuaför / Berber
Yunus Erkek Kuaförü,+905367735509,Kuaför / Berber
Merkez Erkek Kuaförü,+905386084005,Kuaför / Berber
Kibar Kuaför,+905345760412,Kuaför / Berber
Eren Erkek Kuaförü,+905374814199,Kuaför / Berber
Berber Ali,+905383523162,Kuaför / Berber
Ömer Erkek Kuaförü,+905325694092,Kuaför / Berber
By Loca Berber,+905326638311,Kuaför / Berber
USTAM ERKEK KUAFÖRÜ,+905363413428,Kuaför / Berber
Okyanus Erkek Kuaförü,+905377239116,Kuaför / Berber
ENSAR ERKEK KUAFÖRÜ,+905372425413,Kuaför / Berber
Arkadaş Erkek Kuaförü,+905449633507,Kuaför / Berber
Mehmet Dilmaç Bay Saloon Erkek Kuaförü,+905459610753,Kuaför / Berber
Berber Gurur Ozan,+905445928692,Kuaför / Berber
Berber Taner&Caner,+905330147499,Kuaför / Berber
Mert Dalka Hair Studio,+905350891485,Kuaför / Berber
Salon Vip Emre,+905383444652,Kuaför / Berber
Meydan Erkek Kuaförü,+905328821298,Kuaför / Berber
Emir Güner Erkek Kuaförü,+905364734380,Kuaför / Berber
Kuaför Şenol,+905339246117,Kuaför / Berber
B&S erkek berberi,+905358480805,Kuaför / Berber
Çakmak Kardeşler Erkek Kuaförü,+905315181991,Kuaför / Berber
Erkek Kuaförü Serdar,+902164132084,Kuaför / Berber
Berber Ahmet,+902164240986,Kuaför / Berber
Alper Bay Kuaför,+905369836825,Kuaför / Berber
Erkek Kuaförü Ali,+902164624419,Kuaför / Berber
Emrah Timur Saç Tasarım,+905352501223,Kuaför / Berber
Aydın Erkek Kuaförü,+905398376053,Kuaför / Berber
Erkek kuaförü baki by Makas,+905452962527,Kuaför / Berber
KANLICA ERKEK KUAFÖRÜ,+905554513675,Kuaför / Berber
Kuaför Servet,+905327487978,Kuaför / Berber
Anadolu Hisarı Erkek Kuaförü,+902163086754,Kuaför / Berber
Çılgın makas,+905414916985,Kuaför / Berber
Kavacık Erkek Kuaförü (Adem Akgül),+905323166291,Kuaför / Berber
Yakup ACIM Hair Artist Erkek Kuaförü,+905510147581,Kuaför / Berber
Erkek Kuaförü Mithat,+905325807353,Kuaför / Berber
Kral Erkek Kuaförü,+905303153032,Kuaför / Berber
KANARYA ERKEK BERBERI,+905444663453,Kuaför / Berber
Çiçeğim Erkek Kuaförü,+902163238165,Kuaför / Berber
Huzur Erkek Kuaförü Recep,+905369335281,Kuaför / Berber
RECEP DURAK HAIR DOCTOR,+905370314321,Kuaför / Berber
Salon Emir Erkek Kuaförü,+905355825490,Kuaför / Berber
Kardeşler Erkek Kuaförü,+902164798797,Kuaför / Berber
Salon Pore,+905357639964,Kuaför / Berber
Arzu Tokur Beauty | Mecidiyeköy Güzellik Salonu,+905519523232,Güzellik Salonu
Lazer Epilasyon,+902163220220,Güzellik Salonu
Zümrüd-ü Anka Güzellik Salonu,+905350205885,Güzellik Salonu
CrissNails,+905444259799,Güzellik Salonu
Medikal ayak sagligi Svetlana manikür pedikür bay bayan,+905522905739,Kuaför / Berber
Gözde & Güneş Nail Art,+905375694558,Güzellik Salonu
Moon Beauty - Güzellik & Protez Tırnak Salonu,+905533030323,Güzellik Salonu
L&D Nail Club,+902164850384,Güzellik Salonu
CK Nail Studio,+905333248076,Güzellik Salonu
Arlim Nail - Protez Tırnak/Kalıcı Oje/Jel Güçlendirme,+905539832939,Güzellik Salonu
Proteztırnak Diana,+905317935116,Güzellik Salonu
Hande’s Beauty,+905344151983,Güzellik Salonu
ŞENAY DOĞAN NAİL & BEAUTY STUDİO,+905462570303,Güzellik Salonu
MAÇ NAİLS,+905309315073,Güzellik Salonu
Ayşegül Protez Tırnak ve İpek Kirpik,+905415653552,Güzellik Salonu
Çekmeköy Protez Tırnak BaşakBulut,+905332030798,Güzellik Salonu
Vip Beauty Berkay Yüksel,+905380338853,Güzellik Salonu
JAZABEL GÜZELLİK,+905466092100,Güzellik Salonu
Arzum Nail Studio - Ümraniye Protez Tırnak,+905331300513,Güzellik Salonu
Ümraniye Protez Tırnak | Lazer Epilasyon| Gül Durmuş Beauty,+905050679083,Güzellik Salonu
İdris Şahin Saç Tasarım Acarkent,+905312905410,Kuaför / Berber
ELİX GARDEN,+905075323742,Kuaför / Berber
ForYou Hairdesign,+905459452878,Kuaför / Berber
Çavuşbaşı Kasrı,+905334662062,Kuaför / Berber
İrem Event Garden,+902164792266,Kuaför / Berber
kulis acarverde,+902167667233,Kuaför / Berber
Liva Köşk Davet & Organizasyon,+902164625050,Kuaför / Berber
Saloon 34,+905302395264,Kuaför / Berber
ʙᴜʀᴀᴋ ɢᴜʀᴢᴏɢʟᴜ,+905325039188,Kuaför / Berber
Kuaför Ayşe -Freelancer ( Serbest çalışan ),+905456320906,Kuaför / Berber
SALON PİNK,+905394235398,Kuaför / Berber
Erkan Ersöz Hair Design,+905331203101,Kuaför / Berber
My Hair coiffeur,+902164650782,Kuaför / Berber
Aura Hair Design,+902164656961,Kuaför / Berber
GlowHairMakeUp,+902164855005,Güzellik Salonu
Saloon Life Hair Desing,+902164259992,Kuaför / Berber
SALON YELİZ,+902166932929,Kuaför / Berber
Mh hair design,+905357993862,Kuaför / Berber
Salon Empati,+905305256157,Kuaför / Berber
Asrı Mekan Balo Salonu,+902166802424,Kuaför / Berber
MaijaNails,+905530709609,Güzellik Salonu
Bella Beauty Bayan Kuaförü,+905393710815,Güzellik Salonu
Cahit İpek Kuaför,+902164895056,Kuaför / Berber
Özgür Göksal Bayan Kuaförü,+905554409263,Kuaför / Berber
Değişim Bayan Kuaförü,+902168035241,Kuaför / Berber
Fatih Birgül Bayan Kuaförü,+905426106638,Kuaför / Berber
Kuaför Hülya & Mesut,+902163666005,Kuaför / Berber
Ilknur Bayan Kuaförü,+905357785221,Kuaför / Berber
Okan & Irmak Bayan Kuaförü,+902163994357,Kuaför / Berber
Kenan Aksu Bayan Kuaförü,+905369953903,Kuaför / Berber
Jusev Bayan Kuaförü,+905350776034,Kuaför / Berber
Arzum bayan kuaförü,+905303913255,Kuaför / Berber
Moykuaför,+905425927889,Kuaför / Berber
KARTAL BAYAN KUAFÖRÜ,+905325207058,Kuaför / Berber
Kuaför Mehmet - Bayan Kuaförü,+905324412950,Kuaför / Berber
Murat Demir Bayan Kuaförü,+902162250745,Kuaför / Berber
Elit Kuaför,+905322046923,Kuaför / Berber
Bayan kuaförü M&S,+905377023125,Kuaför / Berber
Selma Bayan Kuaförü,+905353213739,Kuaför / Berber
Nida Bayan Kuaförü,+905362130387,Kuaför / Berber
Tuğçem Bayan Kuaförü,+905423763990,Güzellik Salonu
Aleyna Bayan Kuaförü,+905374203381,Kuaför / Berber
kuaför sibel,+902164415946,Kuaför / Berber
Aley Bayan Kuaförü,+905318130824,Kuaför / Berber
Bayan Kuaförü Ebru & Bülent,+902164174607,Kuaför / Berber
SALON DM,+905078307867,Kuaför / Berber
Ayşem Bayan Kuaförü,+902164277757,Kuaför / Berber
ASHILL BAYAN KUAFORU,+905428214664,Kuaför / Berber
Köşk bayan kuaförü,+905333813842,Kuaför / Berber
The Beauty Bar Güzellik Merkezi,+905353003898,Güzellik Salonu
Meri Beauty Lab,+905336437688,Güzellik Salonu
Rasya Güzellik Salonu,+905466794807,Güzellik Salonu
Tokmakas kuaför,+905302365565,Kuaför / Berber
Çekmeköy Güzellik Salonu,+902163350907,Güzellik Salonu
Kuaförce Kasaba,+902164356301,Kuaför / Berber
Sk kuaför & güzellik salonu,+905520294945,Güzellik Salonu
Songül gümüş Bayan Kuaförü,+905422914313,Kuaför / Berber
Aly Gvn Kadın Kuaförü,+902166216066,Kuaför / Berber
NAZ BAYAN KUAFÖR (TATTOO&PİERCİNG),+905444185023,Dövme & Piercing
Elis bayan kuaföru,+902164840440,Kuaför / Berber
SS Hair & Makeup Studio,+905392014650,Güzellik Salonu
Gülseren Meral bayan kuaför,+905345523457,Kuaför / Berber
Aylin&Ferdi Saç Tırnak Atölyesi,+905385679673,Güzellik Salonu
Doğa bayan kuaför&güzellik salonu,+905310878336,Güzellik Salonu
MADAM HAİR DESİGN,+905321543136,Kuaför / Berber
Sitiela Bayan Kuaförü Alemdağ,+905334501877,Kuaför / Berber
EL&SA Bayan Kuaförü,+902166214450,Kuaför / Berber
HÜLYA SAÇ TASARIM,+905357241519,Kuaför / Berber
Panoroma bayan kuaförü,+905362845121,Güzellik Salonu
İlkim Bayan Kuaförü,+905418550546,Kuaför / Berber
Happy Bayan Kuaförü,+905323449976,Kuaför / Berber
The Beauty Hair Saloon & İlkim,+902163123229,Güzellik Salonu
No 10 Hair Design Baran AĞDAŞ,+905336440856,Kuaför / Berber
VOSS COIFFURE,+905350486292,Kuaför / Berber
Naz Kuaför,+905363420556,Kuaför / Berber
Atay Kuaför,+905525976929,Kuaför / Berber
Emre Yıldırım Kadın Kuaförü,+905534228883,Güzellik Salonu
Nazmiye Uçan Güzellik Salonu,+905369485459,Güzellik Salonu
Dilek Bayan Kuaförü,+905347009382,Kuaför / Berber
Klince Kuaför Erkek Bakım Merkezi,+905327097975,Kuaför / Berber
Gala Kuaför,+905419207678,Kuaför / Berber
Ramazan çidem man&woman Care,+902163129393,Kuaför / Berber
Ramazan Zengin Ekip Bay&Bayan Kuaför Salonu,+905335694923,Kuaför / Berber
YAĞMUR BAYAN KUAFÖRÜ,+905372519370,Kuaför / Berber
Salon ömer varlı,+905533345304,Kuaför / Berber
Le barberia (Kuaför & Berber),+905546639394,Kuaför / Berber
MÜHENDİS BERBER,+902167710084,Diş Kliniği
Hobi Erkek kuaforu pazar gun ozel tras yapilir,+905358223640,Kuaför / Berber
By Berber Tayfun Zenbil/Çekmeköy,+905397424393,Kuaför / Berber
Beraber Barber's Club,+902165044748,Kuaför / Berber
Berber Bülent,+905452737294,Kuaför / Berber
SALON ALİ,+905350769726,Kuaför / Berber
M&R Erkek Kuaförü,+905462108936,Kuaför / Berber
Prestij Erkek Kuaförü,+905436410727,Kuaför / Berber
Ömer Erkek Kuaförü,+905350191758,Kuaför / Berber
SALON M&K TAŞDELEN,+905418805637,Kuaför / Berber
Hakan Erkek Kuaförü - Hairdreser Man,+905396764610,Kuaför / Berber
May Studio,+905012662804,Kuaför / Berber
Berber Seko,+905068505578,Kuaför / Berber
barış erkek kuaförü,+905435881476,Kuaför / Berber
Berber King 1,+905396728581,Kuaför / Berber
Güner Erkek Kuaför,+905459324036,Kuaför / Berber
Tıraş Akademi,+902166404443,Kuaför / Berber
Makas sanatı erkek kuaförü,+905425359145,Kuaför / Berber
BERBER MEHMET & KERİM,+905319198557,Kuaför / Berber
Men's Lounge,+905303349604,Kuaför / Berber
SALON İSMAİL Erkek Kuaförü,+905072097507,Kuaför / Berber
New Life Erkek Kuaförü,+905459322638,Kuaför / Berber
Doruk Erkek Kuaförü Taşdelen,+905512328438,Kuaför / Berber
The Barber,+905378306140,Kuaför / Berber
Berber Uğur Özer,+905360209569,Kuaför / Berber
Halil Yılmaz Hair Design,+905365853752,Kuaför / Berber
GÜLERYÜZ ERKEK KUAFÖRÜ,+905462043457,Kuaför / Berber
Kuaför Fahri,+905366238844,Kuaför / Berber
Kuaför edip sarı,+905318818997,Kuaför / Berber
Salon Furkan Tutar Kuaför,+905541478369,Kuaför / Berber
YASİN ŞİMŞEK HAİR DESİGN,+905453743930,Kuaför / Berber
Salon Kıvanç,+905546880706,Kuaför / Berber
Le Barberia | İbrahim Duran,+905494199309,Kuaför / Berber
Arif durak,+905537252925,Kuaför / Berber
Moda erkek kuaför,+905333615775,Kuaför / Berber
Erkek Kuaförü Ender Bal,+905352459137,Kuaför / Berber
Barber class erkek kuaförü - Taşdelen kuaför,+905433975443,Kuaför / Berber
Clas Erkek Kuaförü,+905445104213,Kuaför / Berber
İHSAN UZUN HAIR DESIGN,+905352323793,Kuaför / Berber
İmaj erkek kuaförü,+905546382078,Kuaför / Berber
MEN CLUP BARBER SHOP,+905327647925,Kuaför / Berber
Sergen Kuaför murat & levent,+905510077564,Kuaför / Berber
Formen Erkek Kuaförü,+905316620779,Kuaför / Berber
Esa Hair,+905528374993,Kuaför / Berber
Fahri Kermen Kuaför,+905527151000,Kuaför / Berber
Salon Ümit Erkek Kuaförü,+905337130028,Kuaför / Berber
Salon Umit Taşdeleln,+905359800481,Kuaför / Berber
Kuaför Ferhat,+905348306886,Kuaför / Berber
HÜSEYİN ERKEK KUAFÖRÜ,+905464491206,Kuaför / Berber
Salon Klas Erkek Kuaförü,+905366071352,Kuaför / Berber
Men's Club,+902163135176,Kuaför / Berber
Salon Yusuf,+905369921834,Kuaför / Berber
Faruk Varlı Hair Artist,+905348418371,Kuaför / Berber
Hair Bay&Ber,+905012535366,Kuaför / Berber
Salon Said Erkek Kuaförü,+905398380446,Kuaför / Berber
Emrah İbek Erkek Kuaförü,+905459431791,Kuaför / Berber
Salon Art Erkek Kuaförü,+905382966230,Kuaför / Berber
Salon Klas Erkek Berberi,+905373361351,Kuaför / Berber
Ulubay erkek kuaförü,+905413945560,Kuaför / Berber
Kardelen Erkek Kuaförü Çekmeköy,+905369531884,Kuaför / Berber
BAY STUDIO ERKEK KUAFÖRÜ FARUK,+905467922418,Kuaför / Berber
Uim Kuaför Taşdelen,+905383430504,Kuaför / Berber
Carpe Diem Bay Barbers,+902165403754,Kuaför / Berber
Gözde Erkek Kuaförü,+905363921282,Kuaför / Berber
Uğur Dinçer Erkek Kuaförü,+905336678018,Kuaför / Berber
MADENLER ERKEK KUAFÖRÜ,+905349322609,Kuaför / Berber
Varlı Erkek Kuaförü,+905376825701,Kuaför / Berber
Medglam Güzellik Merkezi,+905333829254,Güzellik Salonu
ÖZEL DERMAMED ÇEKMEKÖY POLİKLİNİĞİ,+902166391126,Güzellik Salonu
Black Paradise Deluxe Güzellik Merkezi,+905056871803,Diş Kliniği
Cemre Ceren Beauty,+905529420082,Güzellik Salonu
Galya Beauty - Güzellik Merkezi,+905332556490,Güzellik Salonu
SEDA BELEN BEAUTY,+905455496558,Güzellik Salonu
Mahide Ertaş Güzellik Merkezi,+905313188949,Güzellik Salonu
The Sirius Güzellik ve Bakım,+905331630933,Güzellik Salonu
Qubısch Güzellik Salonu,+905456484560,Güzellik Salonu
B&B Güzellik Salonu,+905542420137,Güzellik Salonu
Ades Güzellik,+905439700838,Güzellik Salonu
Songül Öztürk Beauty,+905467832558,Güzellik Salonu
Tuğba Turna Güzellik,+905332906426,Güzellik Salonu
HTC GÜZELLİK SALONU,+905357429217,Güzellik Salonu
No 359 Güzellik Salonu,+905011390359,Güzellik Salonu
Guis Güzellik Merkezi,+905522234302,Güzellik Salonu
Tanorea Clinic - Çekmeköy Güzellik Merkezi,+905466716348,Güzellik Salonu
AYTEN KAYA GÜZELLİK SALONU VE KUAFÖR,+905330458034,Güzellik Salonu
Reyna Medikal Masaj - Cekmeköy,+905514704190,Güzellik Salonu
Yağmur Baran Beauty Center,+905327896477,Güzellik Salonu
Başaran Güzellik ve Epilasyon Salonu,+905529326921,Güzellik Salonu
Nuray Öztürk Beauty Taşdelen,+905451973292,Güzellik Salonu
Lilith Güzellik Salonu Lazer Epilasyon,+905551769827,Güzellik Salonu
Nurhan Gümüş Beauty,+905399627770,Güzellik Salonu
MH BEAUTY CENTER,+905426385534,Güzellik Salonu
Nail Club,+905307076087,Güzellik Salonu
Çekmeköy Duygu Beycur Nail Studio,+905334118072,Güzellik Salonu
Donna Forte Nail Art,+905372683020,Güzellik Salonu
French nail bar,+905412535113,Güzellik Salonu
GÜLAY'S NAİL LOUNGE,+905398873056,Güzellik Salonu
Nail Artist by Aslı Tanrıverdi,+905302127117,Güzellik Salonu
"Çekmeköy Protez Tırnak, İpek Kirpik, Cevher Beauty",+905446873999,Güzellik Salonu
Sema Davet,+905424262294,Kuaför / Berber
Sümeyye Yılmaz Makeup Stüdyo,+905434631361,Güzellik Salonu
Miray Hair & Makeup Studio,+905511491461,Güzellik Salonu
Pınar Yıldırım Kuaför Salonu,+905539456197,Kuaför / Berber
Muss kuafor,+905300385237,Kuaför / Berber
Adem Çınar Kuaför çamlık Şahinbey cad no76,+905368362124,Kuaför / Berber
Kuaförce Minimall,+902167713401,Kuaför / Berber
Mehtap Meltem Güzellik Salonu/Kuaför,+905510741679,Güzellik Salonu
Murat Haykır,+905343554444,Kuaför / Berber
Ges güzellik merkezi saç tasarımı,+905526367526,Güzellik Salonu
POİ Boğaz Bahçe 2 (Anadolu Yakası),+905473043434,Kuaför / Berber
Parkverde Kuaför Reşat,+905397729969,Kuaför / Berber
GÖZDE SAÇ TASARIM&EPİLASYON,+905540255816,Güzellik Salonu
İLTER SAÇ TASARIM,+905469041218,Kuaför / Berber
Süslü Kuaför Salonu,+905552316514,Kuaför / Berber
Mafsel Ömerli Kır Düğünü,+905421804419,Kuaför / Berber
Vip hair design,+905447368032,Kuaför / Berber
Çekmeköy Banu Balcı Güzellik,+905330682634,Güzellik Salonu
ALO BEAUTY,+905464550617,Güzellik Salonu
NUR KAYA GÜZELLİK MERKEZİ,+905464555460,Güzellik Salonu
Sibel Soylu Beauty,+905541301050,Güzellik Salonu
Büşra Sertoğlu Hair Design | Çekmeköy Kuaför & Güzellik Merkezi,+905526795651,Güzellik Salonu
Beauty Clinic by Sıla,+905075632317,Güzellik Salonu
Lucia Güzellik Merkezi,+902163121880,Güzellik Salonu
Sude güzellik salonu,+905527875858,Güzellik Salonu
BE'Academy Çekmeköy,+905423408079,Güzellik Salonu
address güzellik merkezi,+905528573839,Güzellik Salonu
Salon Beyaz Saray,+902163121791,Kuaför / Berber
Çekmeköy Kuaför Ahmet Acar,+902165042141,Kuaför / Berber
My studio kuafö hair palace,+905397153168,Kuaför / Berber
Çekmeköy Düğün Salonu - Salon Çınar,+902166420504,Kuaför / Berber
Meran's beauty,+905358131284,Güzellik Salonu
KUAFÖR NK SALON,+905323001460,Kuaför / Berber
Sirius Beauty,+905547558657,Güzellik Salonu
Salon Magic,+905335746749,Güzellik Salonu
TAŞDELEN SALON UMUT DÜĞÜN DAVET TOPLANTI SALONU,+905398505470,Kuaför / Berber
Gülüm Baktaş Beauty Studio,+905521718025,Güzellik Salonu
BERDAN ATMACA HAİR STUDIO,+905421887406,Kuaför / Berber
Tuana beauty,+905523035339,Güzellik Salonu
Nails By Zarina Kuaför Güzelik Salonu,+905524808716,Güzellik Salonu
Moda Kuaför,+902163129454,Kuaför / Berber
Moonshine hair Make-Up Studio,+905514170076,Kuaför / Berber
Salonsuat sac tasarim,+905339312635,Kuaför / Berber
Ebrum Saç Tasarım,+905442772085,Kuaför / Berber
BY HAİR PORT SAÇ TASARIM,+905521773652,Kuaför / Berber
Afro Tasarım,+905419054556,Güzellik Salonu
Ümit uslu kuaför,+905418097574,Kuaför / Berber
Glamour Nails Spa,+905426337511,Güzellik Salonu
Queen Beauty Nail&art,+905358405085,Güzellik Salonu
Ale Nail & Lash Lab,+905465138658,Güzellik Salonu
Vanilya Güzellik,+905315783100,Güzellik Salonu
Siboş Nail & Beauty,+905076527878,Güzellik Salonu
Emy Nail Atölyesi,+905421292346,Güzellik Salonu
Belgin güzellik salonu,+905333928767,Güzellik Salonu
Tırnak Atölyesi Dilek,+905301142183,Güzellik Salonu
Canan Beauty Studıo,+905334298199,Güzellik Salonu
Durana Beauty Güzellik Kuaför,+905055005050,Güzellik Salonu
ESMA HAİR BEAUTY,+905050994192,Güzellik Salonu
Meleğim Beauty,+905349451005,Güzellik Salonu
The Bianco Beauty,+905418332511,Güzellik Salonu
Dilara Tanrıver Beauty Studio,+905414598717,Güzellik Salonu
ZM Beauty Center,+905011352620,Güzellik Salonu
CereNail Studio,+905449619053,Güzellik Salonu
Meryem Demiral Beauty Salon,+905326028008,Güzellik Salonu
Celestial Beauty,+905076160034,Güzellik Salonu
Rabia Yılmaz Makeup Studio Çekmeköy,+905456732618,Güzellik Salonu
BEAUTY IN ME,+905069924014,Güzellik Salonu
Estemed | Kadıköy Güzellik Merkezi & Kalıcı Makyaj,+905337476433,Güzellik Salonu
Maya Estetik Caddebostan,+90 4449454,Güzellik Salonu
Çi-sa Güzellik,+902165677621,Güzellik Salonu
VENUS GÜZELLİK AKADEMİSİ,+905325762693,Güzellik Salonu
Suzan Güzellik Salonu,+902165419577,Güzellik Salonu
No 1 Saç Tasarım,+902165509181,Kuaför / Berber
Kadıköy Kuaför Erdal&Cafer,+902163471946,Kuaför / Berber
Kuafor Ertan Bayan Kuaförü- Renkli Saç Boyama Kalıcı oje | Protez Tırnak,+905069664685,Güzellik Salonu
The Change Hair Design Studio,+902167661217,Kuaför / Berber
Mehmet’s Hair craft -Yakın Bayan Kuaförü - Kuaför - Yakın,+905312972234,Kuaför / Berber
Şerif Tezel Bayan Kuaförü,+905393993526,Kuaför / Berber
DİBA Bay Bayan Kuaför,+905327342538,Kuaför / Berber
"Magic Hair Bayan Kuaförü ve Saç Kaynak Merkezi ( Mikro Kaynak, Hayalet Kaynak, Ombre, Sombre, Renklendirme, Protez Tırnak )",+905392064796,Güzellik Salonu
Beyaz Meleğim Bayan Kuaförü,+902165509808,Kuaför / Berber
Paris Bayan Kuaförü,+905346476181,Kuaför / Berber
Salon Violet- Kadıköy - Haydar Esen Bayan Kuaförü,+905530931991,Kuaför / Berber
Gözde Bayan Kuaförü,+902163688208,Kuaför / Berber
Leyla Bayan Kuaförü,+905382066050,Kuaför / Berber
Last Point Bay Bayan Kuaförü,+905464792443,Kuaför / Berber
TRY KUAFÖR,+902164144646,Kuaför / Berber
Mos Kuaför,+902163683519,Kuaför / Berber
Odak The Hair Design Atelier,+905073646244,Kuaför / Berber
Aynur Bayan Kuaförü,+902165659839,Kuaför / Berber
Bayan Kuaförü Suat,+905436843023,Kuaför / Berber
M&B Kuaför,+902163484721,Kuaför / Berber
Kuaför Bahri,+902163691543,Kuaför / Berber
Wind Bayan Kuaförü,+902165655955,Kuaför / Berber
"MONDE Bayan Kuaför, Bakım ve Güzellik Salonu",+905413732189,Güzellik Salonu
DiBA Murat Tektaş Bayan Kuaförü,+905443775495,Kuaför / Berber
Akgül bayan kuaförü,+905466633556,Kuaför / Berber
Levent Biçici Hair Studio,+905302659330,Kuaför / Berber
Bayan Kuaförü Atilla,+902163681687,Kuaför / Berber
BM Bayan Kuaför,+902163505700,Kuaför / Berber
STİL KUAFÖR MODA,+902163478665,Kuaför / Berber
Arda Güzellik Merkezi,+905455509158,Güzellik Salonu
Bade Bayan Kuaförü,+905324431861,Kuaför / Berber
San Kuaför Acıbadem | San Coiffure,+902165453748,Kuaför / Berber
Nurcan Kuaför,+902165665338,Kuaför / Berber
Salon Model / Bayan kuaförü,+905354707835,Kuaför / Berber
Fortex Bayan Kuaförleri,+902164144425,Kuaför / Berber
Medikos Kadın Kuaförü & Tırnak Salonu,+905316613444,Güzellik Salonu
Toprak Şeker Kuaför,+902163867023,Kuaför / Berber
Nazif Kuaför,+905398295670,Kuaför / Berber
Ekip By Yıldırım,+905324232651,Kuaför / Berber
Zuhal Bayan Kuaförü,+905076068273,Kuaför / Berber
MEMO'S KUAFÖR BAY & BAYAN,+902163638087,Kuaför / Berber
BAyan Kuaför soner saç tasarım,+905342782484,Kuaför / Berber
İMAJ KUAFÖR -Kadıköy,+905363956814,Kuaför / Berber
San Kuaför Kozyatağı,+905393555366,Kuaför / Berber
Moonlight Hair Studio,+902163691984,Kuaför / Berber
Ömer ak bayan kuaför,+905302261801,Kuaför / Berber
Sevim & Cem Bayan Kuaförü,+905317099721,Kuaför / Berber
Ekip Plus Kuaför,+902163020505,Kuaför / Berber
Çağan Kuaför,+905392820351,Kuaför / Berber
RELAX KUAFÖR ACIBADEM,+905423557025,Kuaför / Berber
Cadde Kuaför,+902164675501,Kuaför / Berber
Hair Line,+902165657111,Kuaför / Berber
Life kuaför,+905327317270,Kuaför / Berber
MAYSON KUAFÖR,+902165657057,Kuaför / Berber
İstanbul Kuaför,+902163586637,Kuaför / Berber
Nurgül Bayan Kuaförü,+902163309815,Kuaför / Berber
Hair Mott,+905451495503,Kuaför / Berber
Berber Mustafa,+905346792158,Kuaför / Berber
BUFFALO BARBER SHOP,+905434900434,Kuaför / Berber
UA TEAM BARBERSHOP,+902164141314,Kuaför / Berber
Barbershop Pavlonya,+905369871363,Kuaför / Berber
Hakan Barbershop,+905365595832,Kuaför / Berber
Omar's Hair Studio,+905438438090,Kuaför / Berber
HARUN MENCÜ Barbers Club,+905396447969,Kuaför / Berber
BARBER SHOP Lokman bulut,+905355551955,Kuaför / Berber
RA BarberShop,+902163499521,Kuaför / Berber
The Barber Shop,+905332062809,Kuaför / Berber
Z barber's,+905325572994,Kuaför / Berber
ŞANLI ERKEK KUAFÖRÜ,+902164148548,Kuaför / Berber
By Yıldız Barber Shop,+902163690219,Kuaför / Berber
MEHMET ARDA ERKEK KUAFORU & HAIR DESIGN,+905331956715,Kuaför / Berber
No 14 Barber Shop,+905384681517,Kuaför / Berber
First Class Hair Design - Erkek Kuaförü,+905325526229,Kuaför / Berber
Moda Erkek Kuaförü,+905357324392,Kuaför / Berber
Kadıköy Levent Erkek Kuaför,+905468414539,Kuaför / Berber
Cixx erkek kuaförü,+905526804803,Kuaför / Berber
Ustura,+902163727337,Kuaför / Berber
"Murat Erkek Kuaförü Ev, İş Yeri, Ofis & Hasta Tıraşı Hizmeti",+905553074249,Kuaför / Berber
Suat Atay,+902163492332,Kuaför / Berber
Barbers Club 2002 Murat SİNANOĞLU,+905342203704,Kuaför / Berber
Herkese Berber,+905355120847,Kuaför / Berber
BERBER EMİN&SELÇUK (selçuk süsler),+905326123025,Kuaför / Berber
Berber.in,+905368136191,Kuaför / Berber
Erkan Çelik Barber's Club,+902163635953,Kuaför / Berber
Gentlemen's Barber Club,+902168049292,Kuaför / Berber
By Berber Yaşar Bilgin,+905352001491,Kuaför / Berber
Nihat KUTAY Erkek Kuaförü,+902164113045,Kuaför / Berber
Ekrem Akay Barber shop,+905552229798,Kuaför / Berber
semtberberi,+905313285795,Kuaför / Berber
APRON,+902163639194,Kuaför / Berber
Berber Metin Onat,+902163864021,Kuaför / Berber
Barber shop H&Ö,+905312752625,Kuaför / Berber
Yusuf Özmen Erkek Kuaförü,+905367100000,Kuaför / Berber
Ax men'S hair studio mehmet ildeç,+905355747557,Kuaför / Berber
By Tarakçı Erkek Kuaförü - Koşuyolu,+905353758717,Kuaför / Berber
RMT Berber - Erkek Kuaförü-Erkek Berberi-En Yakın Berber,+905078580081,Kuaför / Berber
Erkek Berberi Bekir,+902164781057,Kuaför / Berber
Brothers Barber Shop Y&B,+905348748689,Kuaför / Berber
Berberim Nihat,+905352288159,Kuaför / Berber
Moda Berber Ahmet,+905309488645,Kuaför / Berber
Kadıköy barber RAY,+905447885673,Kuaför / Berber
Barber Shop,+905336935155,Kuaför / Berber
Erkek Kuaförü Ahmet uludağ,+905306147144,Kuaför / Berber
Fikri Erkek Kuaförü,+902163574973,Kuaför / Berber
Cihan Ünal Berber,+905061817131,Kuaför / Berber
Turgut Bassoz berber,+905442053958,Kuaför / Berber
EYÜP ERKEK KUAFÖRÜ: Eyüp Mersin,+905309450551,Kuaför / Berber
Yılmaz Deniz & Ali Sütçü Erkek Kuaförü,+902163607001,Kuaför / Berber
Mehmet Karaçay,+902163634785,Kuaför / Berber
Alk berber,+902168206648,Kuaför / Berber
Gültekin Doğan Erkek Kuaförü,+905073799666,Kuaför / Berber
Kenan Çabuk Be Handsome,+902164453033,Kuaför / Berber
Güneş Erkek Kuaförü,+905349381920,Kuaför / Berber
By NİHAT ERKEK KUAFÖRÜ,+905362010742,Kuaför / Berber
Berber İsmail,+905398802157,Kuaför / Berber
Barber,+905334144424,Kuaför / Berber
Cevdet Erkek Kuaförü,+902164143067,Kuaför / Berber
Sezer’S BARBERSHOP ( Berber dükkanı ),+905439133118,Kuaför / Berber
Hal Hal Erkek Kuaförü,+902164144212,Kuaför / Berber
MSMHAİR,+905529232552,Kuaför / Berber
Emrah Ekşi Berber,+905355487110,Kuaför / Berber
Kadıköy Hasırcıbaşı Barber Shop / Erkek Kuaförü,+905375652901,Kuaför / Berber
Barber Lounge,+905336279282,Kuaför / Berber
Kuaför Celalettin Çelik,+905053808182,Kuaför / Berber
Samet kesik erkek kuaförü,+905362877125,Kuaför / Berber
Saloon Emre Aydın,+905386058947,Kuaför / Berber
Prime Berber,+905389343424,Kuaför / Berber
Ethem Efendi Berber Uğur&İbrahim,+905367773869,Kuaför / Berber
Turkuaz Bay Saç Tasarım ve Çocuk Berberi,+902163276477,Kuaför / Berber
Berber Recai Şenel,+902163868606,Kuaför / Berber
Sedat Erkek Kuaförü,+905324852476,Kuaför / Berber
Berber Armira,+905365843434,Kuaför / Berber
Bay kuaför fatih,+905373340764,Kuaför / Berber
salon ecer -erkek kuaförü,+905063394712,Kuaför / Berber
Aykan & Aykut,+905356572820,Kuaför / Berber
Bella Kuaför & Berber (Barber Shop),+905336884430,Kuaför / Berber
By Burhan Berber,+902166299175,Kuaför / Berber
Erkek kuaförü Engin,+905359717473,Kuaför / Berber
Aydın Erkek Berberi,+905436219546,Kuaför / Berber
Berber Turgut Çelik,+905319244247,Kuaför / Berber
216 Berber,+902163689792,Kuaför / Berber
Ki Erkek Kuaförü,+902163264454,Kuaför / Berber
Bay&HALİT,+905323509153,Kuaför / Berber
Ahmet Erkek Kuaförü Erkek Berberi Berber,+905325546852,Kuaför / Berber
Mehmet Yavuz Barber's Club,+905320684769,Kuaför / Berber
Berber Nevzat,+902163264363,Kuaför / Berber
İstanbul Erkek Kuaförü,+905354728922,Kuaför / Berber
Bay Salon Koşuyolu Erkek Kuaförü,+902163403040,Kuaför / Berber
ERKEK KUAFÖRÜ GENCO,+902163455747,Kuaför / Berber
Polo Erkek Kuaförü,+905365493550,Kuaför / Berber
gökhan ışık hair studio,+905534233442,Kuaför / Berber
Neco Erkek Kuaförü,+905314300130,Kuaför / Berber
Lale Erkek Kuaförü,+905358571767,Kuaför / Berber
Ömür Erkek Kuaförü,+902164116645,Kuaför / Berber
Valentino Erkek Kuaförü,+905302476138,Kuaför / Berber
Sidoma Erkek Kuaförü,+905368341614,Kuaför / Berber
Mens Coiffure,+905323671833,Kuaför / Berber
İskender Erkek Kuaförü,+905321525018,Kuaför / Berber
Kadıköy Erkek Kuaförü,+902163309566,Kuaför / Berber
Erkek Kuaförü Adem Kadıköy,+905376750814,Kuaför / Berber
Beyaz Sakal Bay Bakım Salonu,+902164671963,Kuaför / Berber
Es Erkek Kuaförü,+902163736001,Kuaför / Berber
Star Erkek Kuaförü,+902163692847,Kuaför / Berber
Medikos Erkek Kuaför,+905323149744,Kuaför / Berber
Erkek Kuaförü Serdar,+905358530113,Kuaför / Berber
Necip Erkek Kuaförü,+905433696223,Kuaför / Berber
Peron Erkek Kuaförü,+902163561516,Kuaför / Berber
Piramit Erkek Kuaförü,+905422031049,Kuaför / Berber
Özgür Erkek Kuaförü.,+905395476854,Kuaför / Berber
Adem Erkek Kuaförü,+905382903098,Kuaför / Berber
Erkek Kuaförü Mustafa Öztürk,+905325414930,Kuaför / Berber
Modi Erkek Kuaförü,+905445737658,Kuaför / Berber
İmaj Erkek Kuaförü,+905352166511,Kuaför / Berber
Salonxtra erkek kuaförü ( berber ),+902163604446,Kuaför / Berber
Fatih Erkek Kuaförü,+905355238855,Kuaför / Berber
Ayhan Erkek Kuaförü,+905374100593,Kuaför / Berber
Enes Kuaför,+905348182121,Kuaför / Berber
Selahattin Özer Erkek Kuaförü,+905457617361,Kuaför / Berber
Orçun Erkek Kuaförü - Tasarım,+905070231627,Kuaför / Berber
Aydın Erkek Kuaförü,+905358336430,Kuaför / Berber
Kast Erkek Kuaförü E & A,+902164500064,Kuaför / Berber
Levent Erhan Saim erkek kuaförü leskuafor,+905304593888,Kuaför / Berber
Mistikadam Erkek Kuaförü,+905306649094,Kuaför / Berber
Erkek Kuaförü,+902164672047,Kuaför / Berber
Onur Hair Club (onur Erkek Kuaförü),+902163367902,Kuaför / Berber
Yakup Erkek Kuaförü,+905422354315,Kuaför / Berber
Memoly Erkek kuaförü,+902163454292,Kuaför / Berber
Dolunay Erkek Kuaförü,+905368885350,Kuaför / Berber
SUN Clinic | Kadıköy/Bağdat Caddesi | Buz Lazer | Soprano Ice Titanium | Medical Cilt Bakımı| Hydrafacial,+905532856595,Güzellik Salonu
Velora Beauty Aesthetic / Kadıköy Lazer Epilasyon / Kadıköy Hydrafacial Cilt Bakımı / Kadıköy Buz Lazer,+905010060695,Güzellik Salonu
Pure&Rare Beauty,+902163301242,Güzellik Salonu
Epiderm Lazer Epilasyon Bağdat Cad. Şubesi,+90 4445262,Güzellik Salonu
Medilazer Lazer Epilasyon Sağlık Hizmeteleri Ltd. Şti.,+902163631441,Güzellik Salonu
BN Güzellik,+902163454828,Güzellik Salonu
"Modernest Kadıköy Epilasyon, Cilt Bakımı, Kalıcı Makyaj",+902164181716,Güzellik Salonu
Tutku Taşdemir Beauty | Lazer Epilasyon | Kaş Tasarım | Protez Tırnak | İpek Kirpik,+905520040405,Güzellik Salonu
Kentplus Beauty,+905398230563,Güzellik Salonu
Köşk Lazer,+902166021602,Güzellik Salonu
Kirpiks Beauty Cadde,+905308242386,Güzellik Salonu
SaloonS Güzellik Solarium,+905433724578,Güzellik Salonu
Moda Clinic Güzellik,+905358507258,Güzellik Salonu
EsteCape Health & Beauty,+905301353090,Güzellik Salonu
Tys Beauty Co,+905057586725,Güzellik Salonu
EsteSmile Güzellik,+905323423367,Diş Kliniği
Zeyila Güzellik,+905056774138,Güzellik Salonu
CITYBEAUTY Acıbadem (CITYSUN) | Cilt Bakımı | Zayıflama | Epilasyon,+902165459280,Güzellik Salonu
Daphne Lazer Epilasyon Kadıköy Şubesi,+905333803372,Güzellik Salonu
Ünest Güzellik,+905305499980,Güzellik Salonu
OchoMed,+902165148080,Güzellik Salonu
Daphne Lazer Epilasyon Bağdat Caddesi Şubesi,+905333803312,Güzellik Salonu
ESTEBURJU,+902164113688,Güzellik Salonu
Estetik Lazer Epilasyon Kadıköy-Suadiye,+905466778476,Güzellik Salonu
Kadıköy Erkek Lazer Epilasyon,+905326298969,Güzellik Salonu
Yasemin Acar Güzellik Merkezi,+905466051920,Güzellik Salonu
Eylül Beauty & Wellness,+905354663315,Güzellik Salonu
My ClinicA - Kadıköy Güzellik Merkezi,+905431004017,Güzellik Salonu
Ecem İşisağlam Beauty Center,+905303378873,Güzellik Salonu
Dharma Med Kozyatağı,+902163555959,Güzellik Salonu
Beautyplus Güzellik,+905321727054,Güzellik Salonu
Pumpkin Beauty Suadiye,+905527867546,Güzellik Salonu
Swan Beauty Lounge,+905531591466,Güzellik Salonu
Beauty Hayat,+905422896480,Güzellik Salonu
Lina Tırnak Cadde,+905336036022,Güzellik Salonu
Tami Nail Art Kadiköy,+905368995007,Güzellik Salonu
"Seti Nail , Kadıköy'de protez tırnak",+905365110012,Güzellik Salonu
Kadıköy Yıldız Protez Tırnak - Tırnak Sanatı,+905056688080,Güzellik Salonu
Protez tirnak nail art maya,+905062529390,Güzellik Salonu
Kadıköy Aylin Nail Art,+905414768021,Güzellik Salonu
Bonita Nail,+905301644056,Güzellik Salonu
ASU Nail Studio – Kadıköy Bağdat Caddesi | Protez Tırnak & Nail Art,+905010396042,Güzellik Salonu
Protez Tırnak Kadıköy,+905525813015,Güzellik Salonu
Diamond Nail Art Studio,+905415664796,Güzellik Salonu
"Tinail Beauty, Tırnakçı, Protez tırnak",+905550220667,Güzellik Salonu
Chill Nail & Beauty,+905058184557,Güzellik Salonu
LUZ NAİL BAR,+905363584907,Güzellik Salonu
Ezgi Şenyuva - Kadıköy Protez Tırnak & Nail Art,+905454554545,Güzellik Salonu
Tırnak Nişantaşı Bağdat Caddesi (Caddebostan),+905325992172,Güzellik Salonu
İPEK KİRPİK JEL PROTEZ TIRNAK KALICI OJE,+905523744590,Güzellik Salonu
NaiL Lovers Kadıköy,+905372407161,Güzellik Salonu
Miray Nail Bar,+905322908011,Güzellik Salonu
Cadı Protez Tırnak - İpek Kirpik,+905532719296,Güzellik Salonu
Dolce Nail Beauty,+905304776134,Güzellik Salonu
Cadde Tırnak,+905070631242,Güzellik Salonu
Ruby Glow Nails Beauty I Protez Tırnak | Kalıcı Oje | Manikür | Pedikür | Nail Art | Kalıcı Makyaj | İpek Kirpik,+905334185531,Güzellik Salonu
The Nail Bar,+905352712805,Güzellik Salonu
Ruby Nailart Studio,+905065591211,Güzellik Salonu
Zaya nailart,+905318172097,Güzellik Salonu
Mercan protez tırnak (Kadıköy),+905415300298,Güzellik Salonu
Sam Nail Bar | Nail Art | Protez Tırnak,+905399129650,Güzellik Salonu
Ayna Ayna Beauty,+905412608030,Güzellik Salonu
For You Beauty Lounge,+905324889492,Güzellik Salonu
HEVİ NAİL ART,+905541409582,Güzellik Salonu
Cadde Beauty Bar,+905320528350,Güzellik Salonu
Gaia Nail And Beauty,+905540140454,Güzellik Salonu
Claw Nail,+905364002698,Güzellik Salonu
Cuccio Nail Studio,+905462525209,Güzellik Salonu
Burcu Günay Nail’s,+905524091770,Güzellik Salonu
The Nira Nailbar Studio,+905528265761,Güzellik Salonu
Glamm Beauty & Nail Bar,+905300471906,Güzellik Salonu
Buse İnan Beauty Kadıköy,+905372492651,Güzellik Salonu
Şengül Dokunuşu,+905399709186,Kuaför / Berber
Ala Beauté Club,+905307308664,Kuaför / Berber
Kadıköy Protez Tırnak Nobre Nail Bar,+905010145834,Güzellik Salonu
Protez tırnak göztepe (nail studio goztepe),+905385480034,Güzellik Salonu
Tuğba Nail Studio Bağdat Caddesi,+905392860589,Güzellik Salonu
Rama Beauty Nail,+905524180148,Güzellik Salonu
Lunas Güzellik Salonu,+905335425862,Güzellik Salonu
Venüs Nail Stüdyo,+905061236763,Güzellik Salonu
S ART Beauty Acıbadem Güzellik Merkezi,+905335085191,Güzellik Salonu
Blanc Nail&Beauty,+905492505592,Güzellik Salonu
Nail Beauty,+905526122068,Güzellik Salonu
The Hair Atelier,+905444529103,Kuaför / Berber
Fashion kuaför & spa,+905323304777,Kuaför / Berber
The nest kuaför,+905535137215,Kuaför / Berber
Kuafor Fevzi Yıldırım,+902163302237,Kuaför / Berber
MRS London KADIKÖY/Sahrayıcedit,+905550424179,Kuaför / Berber
Ars Kaynak Kuaför,+905074561091,Kuaför / Berber
Salon Bia Kuaför,+902165506140,Kuaför / Berber
Saniye Aslan kuaför,+905331351200,Kuaför / Berber
Gıza kuaför by gokhan zehir,+902163403826,Kuaför / Berber
H&D Hair Desing Kuaför ve Saç Kaynak Merkezi,+905346747044,Kuaför / Berber
Akın Kuaför Erenköy,+902163024849,Kuaför / Berber
RELAX COİFFEURE BY EYYUP,+905389701901,Kuaför / Berber
Kulis Hair Studio,+902163012301,Kuaför / Berber
HAİR Burhan Çağlayan,+905323023543,Kuaför / Berber
Este dream beauty center,+902163472721,Güzellik Salonu
Bayan Kuaförü Emine & Hüsamettin,+905303454946,Kuaför / Berber
Red Black Kuaför,+905326639657,Kuaför / Berber
POV hair Studio,+905397464403,Kuaför / Berber
Kenan Kuaför Cadde,+905332035645,Kuaför / Berber
DueCapelli,+902162088506,Kuaför / Berber
Ena Kuaför,+902165663299,Kuaför / Berber
Ahmet Çimen Kuaför,+902163863802,Kuaför / Berber
Salon Nora,+905468654022,Kuaför / Berber
Halis Yay Kuafor,+902165103468,Kuaför / Berber
Guest Hair Studio,+905365733600,Kuaför / Berber
AliGür Hair Extensions,+905363176070,Kuaför / Berber
Q Life Kuaför,+905525875040,Kuaför / Berber
GLY Hair House,+905307606552,Kuaför / Berber
Diva Kuaför,+905076516679,Kuaför / Berber
Erol Başusta,+902163151212,Kuaför / Berber
Hair Texas / Kişisel Güzellik ve Saç Bakım Hizmetleri,+905513941984,Güzellik Salonu
Ercan Çakan Hair Salon,+905435384353,Kuaför / Berber
The Best Hair Lounge,+902165650921,Kuaför / Berber
Kuaför Ercan,+905326727922,Kuaför / Berber
Kuaför Bülent Ovat,+902163268126,Kuaför / Berber
The Vote Hair Studio,+905012366797,Kuaför / Berber
Elit Kuafor,+902163568580,Kuaför / Berber
Meç Kuaför,+905448918233,Kuaför / Berber
Rich Hair Art Coiffure,+905534862815,Kuaför / Berber
Mod Kuaför Cadde,+902163571292,Kuaför / Berber
Curly Hair Crew,+905335562825,Kuaför / Berber
Black & White Göztepe,+905332662699,Kuaför / Berber
Burcu Akın Hair & Make-up Studio,+902164505055,Kuaför / Berber
Seda Kıran | Saç Stilisti,+905358542825,Kuaför / Berber
Sajkuaför by isa Ayık,+902163695881,Kuaför / Berber
Muse Coiffeur,+902167554140,Kuaför / Berber
Adres kuaför ümit esendemir,+902163552748,Kuaför / Berber
Desiree Kuaför,+902163854122,Kuaför / Berber
Uğur Özgen Kuaför,+902163593570,Kuaför / Berber
Kuaför Deniz Yıldızı,+905377257270,Kuaför / Berber
Hair Prof Saloon Leo,+902164672187,Kuaför / Berber
hairartfaculty,+905511585011,Kuaför / Berber
Vizyon Kuaför,+902163453746,Kuaför / Berber
Umut Kuaför,+905427810007,Kuaför / Berber
Glint Design Coiffeur (Kenan Işık),+902163693391,Kuaför / Berber
Maşa güzellik salonu,+905357306879,Güzellik Salonu
Kuaför HASAN,+902163604820,Kuaför / Berber
KUAFÖR LEYLA&ŞENOL,+905355660224,Kuaför / Berber
Emine Esen,+905321565186,Güzellik Salonu
Linys Güzellik & Kozmetik,+902163655055,Güzellik Salonu
Madame Beauty istanbul,+905416068100,Güzellik Salonu
Gülay Koç Beauty,+905541138067,Güzellik Salonu
Blue white güzellik,+905417442034,Güzellik Salonu
AYŞE ERKAYA Beauty Center,+902164112520,Güzellik Salonu
Just Beauty House,+905443213790,Güzellik Salonu
Moda Güzellik Dünyası,+905306679161,Güzellik Salonu
Kezban İpek Beauty Studio,+905359546630,Güzellik Salonu
New Derm Beauty | Kadıköy AÇIK,+905347072506,Güzellik Salonu
Liora Beauty Center,+905358613331,Güzellik Salonu
Lefempür,+902163470030,Güzellik Salonu
Simay Sever El ve Ayak Bakım Merkezi,+905419695777,Kuaför / Berber
Seflora beauty & Nail Art studio,+905366422590,Güzellik Salonu
BELLA MOOD KADIKÖY ELİF KARABULUT,+905061196809,Güzellik Salonu
Hatice Öztürk Güzellik Merkezi,+905383312353,Güzellik Salonu
TANE GÜZELLİK SAGLIK VE ESTETİK SALONU,+905330225302,Güzellik Salonu
H&D AURA GÜZELLİK,+905053235400,Güzellik Salonu
ISU LONDON,+902163385890,Güzellik Salonu
Berivan Elmas Beauty,+905067410045,Güzellik Salonu
Estetisyen Fatoş Çeçen,+905073362805,Güzellik Salonu
Meda estetica,+905527855009,Güzellik Salonu
Aesthanbul Clinic,+902163427676,Güzellik Salonu
TERAPİ BAKIM MERKEZİ,+905319922404,Psikolog / Terapist
Lamona Güzellik Acıbadem,+905532263501,Güzellik Salonu
Dr. İsmail Metin Hoşer | Exosome | Regenera Activa | Botox | Dermal Filler | Thread Lifting | APTOS Thread,+905434788871,Güzellik Salonu
Mandaris Beauty,+905392726674,Güzellik Salonu
MERCY ESTETİK,+902164184440,Güzellik Salonu
Kalissa Beauty & Wellness,+905415432598,Güzellik Salonu
"Sivilce Tedavi Merkezi , Akne - Leke Sorunları , Sivilce Problemlier",+905439336280,Güzellik Salonu
Onur Arslan Women Hairdresser – Kadıköy / Acıbadem,+905537062852,Kuaför / Berber
Gaia Hair Design,+902165458757,Kuaför / Berber
Hair DotCom Hair & Make up,+905439028402,Kuaför / Berber
Bonobo Kuaför | Bonobo Hair,+902163680262,Kuaför / Berber
Garage Hair Repair Studio Caddebostan İstanbul Kuaför Salonu,+902164111113,Kuaför / Berber
CS Kadıköy Saç Kaynak Merkezi,+905354300827,Kuaför / Berber
Moi Kadıköy Afrika Örgüsü & Afro Dalgası Fiyatları,+905436220409,Kuaför / Berber
MUSTAFA & SEMİH EYÜP & SONER HAİR DRESSER,+902164285651,Kuaför / Berber
HairLook,+902163695999,Kuaför / Berber
CONCORD Hair Studio,+905380683368,Kuaför / Berber
The arT Hair Design Hilton İstanbul Kozyatağı,+902164680072,Kuaför / Berber
Poyraz Cut Studio,+905355278092,Kuaför / Berber
Hair Kadıköy,+905365925556,Kuaför / Berber
Kadıköy Rasta,+905547284015,Kuaför / Berber
Kadıköy Saç Kaynak Merkezi,+905062972160,Kuaför / Berber
MEDUSA Afrika Örgüsü & AFRO Dalgası | Kadıköy,+905325005729,Kuaför / Berber
K POINT HAIR STUDIO / KUAFÖR,+908504416111,Kuaför / Berber
Nova Hair Design Afrika Örgüsü Afro Salon,+905425403544,Kuaför / Berber
MUSA BOZKURT HAİR STUDİO,+905318339604,Kuaför / Berber
Adem Saç Kaynak Merkezi,+902163499436,Kuaför / Berber
Origin Hair Beauty,+902163023272,Güzellik Salonu
Kadıköy Kuaför – Maji Kuaför Saç Kaynak & Güzellik Merkezi,+905467918879,Güzellik Salonu
Mek Hair Design,+902163560105,Kuaför / Berber
Por Atölye,+905373447725,Kuaför / Berber
Saloon Uğurhan,+905062696406,Kuaför / Berber
Gold Peruk,+902163372021,Kuaför / Berber
Coiffeur Goa,+902167002606,Kuaför / Berber
3A Hair Design,+905325733249,Kuaför / Berber
Hair Box,+902163606666,Kuaför / Berber
NURMİLA KUAFÖR,+905541655343,Kuaför / Berber
LaPerla Hair Studio,+902165671211,Kuaför / Berber
Kuaför Mehmet Akay hair design ve nail,+905422477277,Güzellik Salonu
PLATİN TÜRKİYE,+902163478389,Kuaför / Berber
Hair extensions İstanbul,+905529277408,Kuaför / Berber
KUAFÖR İlker Yavrutürk Kadın & Erkek Saç düzleştirme merkezi,+905326425287,Kuaför / Berber
Aura hair studio,+905454241359,Kuaför / Berber
Cadde Saç Tasarım Kozyatagı Kuafor,+902164456406,Kuaför / Berber
Mine Saç Kaynak Tasarım Merkezi,+905325017844,Güzellik Salonu
8.Renk Saç Tasarım,+902164111476,Kuaför / Berber
Yasin aykal saç tasarım,+905495230647,Kuaför / Berber
Ebil Saç Tasarım,+902163739353,Güzellik Salonu
Istanbul sac tasarım,+902163268297,Kuaför / Berber
Adelpha Saç Tasarım & Güzellik Salonu,+905454365747,Güzellik Salonu
Taner Yılmaz Saç Tasarım,+905326283874,Kuaför / Berber
Rainbow Sac Tasarim Merkezi,+905300319682,Kuaför / Berber
Platinum Sac Tasarim,+902165149111,Kuaför / Berber
MD Sac Tasarım Mustafa Deniz,+905322425071,Kuaför / Berber
Dees Saç Tasarım,+902164457577,Kuaför / Berber
Ertan Ka Saç Tasarım,+905537444124,Kuaför / Berber
Yalçın Akbaba Hair Designer,+902164165663,Kuaför / Berber
Salon Raşit,+902163575100,Kuaför / Berber
Kıvırcıksaç kesimleri,+902164113813,Kuaför / Berber
CAN YURT HAIR ATELIER,+902164506559,Kuaför / Berber
Ümit Kuaför Saç Tasarım Merkezi,+902164630639,Kuaför / Berber
ErdemKıramer&Özcan Suadiye,+902164640986,Kuaför / Berber
Salon uğur arslan,+902163801340,Kuaför / Berber
Studio Rouge kuaför,+902163735000,Kuaför / Berber
Glowin Design Studio Hair,+905339474382,Kuaför / Berber
Mehmet Kalkan,+902165754785,Kuaför / Berber
Saç Tasarim,+902163452205,Kuaför / Berber
Sayha Beauty & Nail Studio,+905454624581,Güzellik Salonu
PINAR BAYKARA beauty,+905300747680,Güzellik Salonu
Başak Nail Beauty Bar,+905315252601,Güzellik Salonu
Nail Kadıköy Evgeniya,+905516373405,Güzellik Salonu
Nail Art Time,+905473415670,Güzellik Salonu
Saltanat Nail Studio,+905523402600,Güzellik Salonu
Buket Katı Nail & Beauty,+905555451608,Güzellik Salonu
Şevval Aydın Nail Art,+905541952886,Güzellik Salonu
Nail Spa,+902163600024,Güzellik Salonu
Nii Studio,+905392292351,Kuaför / Berber
Hivda Sarıtaş Nail § Beauty,+905428046225,Güzellik Salonu
TULINA STUDIO,+905531662246,Güzellik Salonu
Miss Beauty,+902163598989,Güzellik Salonu
Burcu Ateş Beauty - Kadıköy,+905431729805,Güzellik Salonu
Niz Beauty Kadıköy,+905061163031,Güzellik Salonu
Ma Vie Beauty,+905441550709,Güzellik Salonu
The Beauty Club | Istanbul,+905304399662,Güzellik Salonu
Yasemin Beauty,+905326518051,Güzellik Salonu
Bubble Beauty Center & Kuaför & Güzellik Merkezi,+905075360140,Güzellik Salonu
Trend Beauty,+905011278097,Güzellik Salonu
Luminosa Beauty Lounge,+905416314441,Güzellik Salonu
Minabeautykadikoy,+905367354865,Güzellik Salonu
Yeliz Başaran Beauty Kadıköy,+905010072345,Güzellik Salonu
MODA BEAUTY VIP,+905433531888,Güzellik Salonu
Gülgün Beauty,+905437386166,Güzellik Salonu
Damla Özcan Beauty & Microblading,+905414566426,Güzellik Salonu
DK Beauty World - Cadde,+905069997730,Güzellik Salonu
Merve Değirmenci Beauty,+905324971489,Güzellik Salonu
Hello Beauty Güzellik Merkezi مرکز زیبایی,+905332460360,Güzellik Salonu
Bahar Kaplan Beauty,+905323572784,Güzellik Salonu
Nail Beauty,+902164118171,Güzellik Salonu
Ebru beauty center manikür ve pedikür salonu,+905527377961,Güzellik Salonu
Berna Beauty Kadıköy,+905426827479,Güzellik Salonu
Nailed it Beauty Studio,+905373645253,Güzellik Salonu
Diamond Beauty Cadde,+905306677580,Güzellik Salonu
DUA Nail & Beauty,+905358391699,Güzellik Salonu
Lets Beauty,+905412429558,Güzellik Salonu
Buse Beauty Studio,+902163867676,Güzellik Salonu
"womenloveyou beauty Tanit Selülit, Kaş Silme, Kirpik Laminasyon, Buz Lazer Epilayon, Oksijen Terapi, Cilt Bakımı",+902164102909,Psikolog / Terapist
Müge Manikür Pedikür Salonu,+902163250503,Güzellik Salonu
Dilan Yaman Beauty Studio,+905320680495,Güzellik Salonu
Sunrise Beauty Club,+902164784141,Güzellik Salonu
S Clinic Wellness & Beauty Bağdat Caddesi,+905324257973,Güzellik Salonu
Melsy Beauty Suadiye,+905301018525,Güzellik Salonu
Gloss Solarium Beauty,+905524655549,Güzellik Salonu
Su Hoplamaz Beauty & Wellness,+905411951795,Güzellik Salonu
ENİSE SOYSAL Beauty center,+905438336473,Güzellik Salonu
Özgürce Bayan Kuaförü,+902165171711,Kuaför / Berber
Pınar Bayan Kuaförü,+902165980132,Kuaför / Berber
By Ali bayan kuaförü,+905374868458,Kuaför / Berber
mine bay-bayan kuaförü,+902165010405,Güzellik Salonu
SALON YOU (BAYAN KUAFÖRÜ),+905075019942,Kuaför / Berber
İpekce Bayan Kuaförü,+905385599491,Kuaför / Berber
Nesrin 1 Kuaför,+902164755535,Kuaför / Berber
Podyum Bayan Kuaförü,+905384037078,Kuaför / Berber
Seylan Bayan Kuaförü Yeni,+902163097864,Kuaför / Berber
Alp Güzellik Salonu,+905385655402,Güzellik Salonu
MELİSA HAIR STUDIO BAYAN KUAFÖRÜ,+905521321302,Kuaför / Berber
Salon Suat,+905455453885,Kuaför / Berber
A Plus Bayan Kuaförü,+905070226861,Kuaför / Berber
Ay & Gök Bayan Kuaförü,+905530347728,Kuaför / Berber
Uğur Mumcu Lamor Kadın Kuaforu,+902169393998,Kuaför / Berber
Kuaför Cengiz,+902165170455,Kuaför / Berber
Salon Sıla Bayan Kuaförü,+905364115112,Kuaför / Berber
Yıldız Bayan Kuaförü,+905422905846,Kuaför / Berber
Coşkun Bayan Kuaförü,+902164759394,Kuaför / Berber
My Life Bayan Kuaförü,+902165105475,Kuaför / Berber
Kadın kuaförü harun sünger,+905060289361,Kuaför / Berber
No7 Atölye Kadın&erkek kuaförü,+905323608426,Güzellik Salonu
Mrs London Kartal Anpa Avm,+902163600660,Kuaför / Berber
Stil Bayan Kuaförü,+905352083905,Kuaför / Berber
Lamor Bayan Kuaförü,+905433806106,Kuaför / Berber
LOTUS BAYAN KUAFÖRÜ,+905372080824,Kuaför / Berber
Angel's Bayan Kuaförü,+902163762505,Kuaför / Berber
Semih Uyar Kuaför,+902164757007,Kuaför / Berber
Simay Bayan Kuaförü & Güzellik salonu,+905350532957,Güzellik Salonu
FATOŞŞ KUAFÖR,+905334790673,Kuaför / Berber
Versace Kuafor,+905531646977,Kuaför / Berber
Bayan NB Güzellik ve Kuaför Salonu,+905536547837,Güzellik Salonu
ByMen Barber Club,+905342693226,Kuaför / Berber
Hair Expert Erkek Kuaförü / Hair Expert Men's Barber,+905551874052,Kuaför / Berber
Tırasstation erkek kuaförü,+905380356543,Kuaför / Berber
Erhan Ozcoban Barber's Club,+905324505017,Kuaför / Berber
ONUR BALABAN HAİR STUDİO,+905073279416,Kuaför / Berber
Saloonberber's Ömer Ay hairdesign,+905425606997,Kuaför / Berber
By Adem,+905303703384,Kuaför / Berber
Emre Erkek Kuaförü,+905303816578,Kuaför / Berber
Salon Umut,+905062559797,Kuaför / Berber
berber nurkan c1oğlu,+905396017499,Kuaför / Berber
SALOON ALPER ÇORUH,+905515981905,Kuaför / Berber
BERBER ATIF,+905347157561,Kuaför / Berber
Ufuk Gazioğlu Hair Studio,+905395628664,Kuaför / Berber
BERBERIS BİROL KABA,+905308351754,Kuaför / Berber
Yakup Sungu men salon erkek kuaförü,+905312695631,Kuaför / Berber
VİKİNG'S ÖZEL SAÇ TASARIM,+905389303516,Kuaför / Berber
Berberoğlu Hair Artist,+905448592002,Kuaför / Berber
Köksal Bosstan kuafor,+905373777057,Kuaför / Berber
Şahin Kuaför,+905365695559,Kuaför / Berber
SALOON KADİR,+905314248418,Kuaför / Berber
Kılıç Erkek Kuaförü Erhan Kılıç,+905433251892,Kuaför / Berber
Erdal Erkek Kuaförü,+905333650671,Kuaför / Berber
Hair Man Stylers,+905339262574,Kuaför / Berber
Dadaş ERKEK Kuaför Burhanettin Turhan,+905325956812,Kuaför / Berber
Salon Burak Albayrak,+905337173600,Kuaför / Berber
Hakan erkek kuaförü,+905533489225,Kuaför / Berber
Saloon Burak,+905353850550,Kuaför / Berber
kamilkartal,+902163101300,Kuaför / Berber
Nezih berber,+905332676150,Kuaför / Berber
SALON MURAT,+905324882439,Kuaför / Berber
Berber Mustafa,+905337452635,Kuaför / Berber
Berber Sabri,+905362482964,Kuaför / Berber
Kuaför Murat,+905324153499,Kuaför / Berber
Butik erkek kuaförü,+905538242525,Kuaför / Berber
Bay Zeki Genç Erkek Kuaförü,+905330382120,Kuaför / Berber
Murat Erkek Kuaförü,+905323718788,Kuaför / Berber
BARBERSHOP,+905344052888,Kuaför / Berber
Boss berber,+905076144473,Kuaför / Berber
Barber Shop By Caner,+905369270440,Kuaför / Berber
Ali Özgür Erkek Kuaförü,+905366098610,Kuaför / Berber
Berberis Turgay Erkek Kuaförü,+905533662632,Kuaför / Berber
Burhan Erkek Kuaförü,+902163778526,Kuaför / Berber
Şenol Erkek Kuaförü,+905532471580,Kuaför / Berber
By Şükrü,+905373744644,Kuaför / Berber
Kıl Payı Erkek Berberi,+905060309890,Kuaför / Berber
SALOON DEHA ERKEK KUAFÖRÜ,+905363724939,Kuaför / Berber
YUSUF AKHAN ERKEK KUAFÖRÜ,+905359509975,Kuaför / Berber
Erkek Kuaförü Şükrü,+905070050303,Kuaför / Berber
Erkek Kuaförü Emin & Enes,+902163067879,Kuaför / Berber
Engin Şahin Erkek Kuaförü,+905325539881,Kuaför / Berber
Furkan Erkek Kuaförü,+905384780450,Kuaför / Berber
Makascım - Profesyonel Kuaför ve Tıraş Malzemeleri,+908502422114,Kuaför / Berber
Karizma Erkek Kuaförü,+905438504967,Kuaför / Berber
Ümit Erkek Kuaförü,+905313096902,Kuaför / Berber
KA&FA çarşı şube erkek berberi,+905333667394,Kuaför / Berber
Salonline Bay Kuaför,+905543138989,Kuaför / Berber
Salon Kenan ULUDOĞAN,+905335667738,Kuaför / Berber
Ünal Erkek Kuaförü,+905559950495,Kuaför / Berber
Umut Uyumaz Erkek Kuaförü,+905515542798,Kuaför / Berber
Karizma Erkek Kuaförü,+905375871245,Kuaför / Berber
Erkek Kuaförü Ufuk,+905327116227,Kuaför / Berber
Salon Ferzah & Erkek Kuaförü,+905411968516,Kuaför / Berber
Ali Yakut Kuaför,+905422203594,Kuaför / Berber
Semt's Berber,+905512179622,Kuaför / Berber
Ali Erkek Kuaförü,+905353883790,Kuaför / Berber
Ka & Le Berber Salonu,+902163530355,Kuaför / Berber
Erkek Kuaförü Tuncay,+905386122430,Kuaför / Berber
Saloon KA&KA erkek kuaförü,+905394398460,Kuaför / Berber
MG Exclusive berber,+905014612734,Kuaför / Berber
Ekin Erkek Kuaförü,+905439584649,Kuaför / Berber
Yusuf Çelik Erkek Kuaförü,+905304167429,Kuaför / Berber
Metin Erkek Kuaför Salonu,+905053715773,Kuaför / Berber
Makas Dünyası,+905367316498,Kuaför / Berber
FİKRET HAKAN ERKEK KUAFÖRÜ,+905317087787,Kuaför / Berber
Erkek Kuaförü baki,+905384869729,Kuaför / Berber
Kardeşler Erkek Kuaförü,+905332339077,Kuaför / Berber
ÇINAR ERKEK KUAFÖRÜ,+905317612065,Kuaför / Berber
Sevinçer Erkek Kuaför,+905372814921,Kuaför / Berber
Sindoma Erkek Kuaförü,+905355837239,Kuaför / Berber
Barber clup ERKAN YANIK,+905398995555,Kuaför / Berber
Sever Erkek Kuaförü,+902165176094,Kuaför / Berber
Dede ve Torun Kuaför,+902164751317,Kuaför / Berber
Formen Erkek Kuaförü,+905362576835,Kuaför / Berber
Tahsin Erkek Kuaförü,+902163892708,Kuaför / Berber
ONUR ERKEK KUAFÖRÜ,+905446788497,Kuaför / Berber
Cezmi Erkek Kuaförü,+905357745893,Kuaför / Berber
Eslem Erkek Kuaförü,+905442032929,Kuaför / Berber
Oki Man Erkek Kuaförü,+905373572969,Kuaför / Berber
Akın Erkek Kuaförü,+905334028328,Kuaför / Berber
Saroğlu Erkek Kuaförü Saç Tasarım,+905372855793,Kuaför / Berber
Fatih erkek kuaförü,+905446115151,Kuaför / Berber
Star Erkek Kuaförü,+905538840033,Kuaför / Berber
Hasan Kartal Erkek Berberi,+905353579713,Kuaför / Berber
Kuaför Cevat,+905352957485,Kuaför / Berber
Bayram Erkek Kuaförü,+905327042588,Kuaför / Berber
Erdal Erkek Kuaförü,+905352258023,Kuaför / Berber
Karizma Erkek Kuaförü Adem,+905452755343,Kuaför / Berber
ENGİN KİBAR ERKEK KUAFÖRÜ,+905373454144,Kuaför / Berber
Orkide Baran Erkek Kuaförü,+905015438275,Kuaför / Berber
Mavi sakal erkek kuaförü 7,+905469381934,Kuaför / Berber
Doğan Erkek Kuaförü,+905332504974,Kuaför / Berber
Batu Erkek Kuaförü,+905066902483,Kuaför / Berber
Aytaç Erkek Kuaförü,+905322307722,Kuaför / Berber
Gürsel Erkek Kuaförü,+905054605702,Kuaför / Berber
Rasim Erkek Kuaförü,+905378809046,Kuaför / Berber
YASİN ERKEK KUAFÖRÜ,+905531865261,Kuaför / Berber
Anıl Erkek Kuaförü,+905385102316,Kuaför / Berber
Mehmet erkek kuaförü,+905414578376,Kuaför / Berber
Lazer Epilasyon Merkezi,+902165177111,Güzellik Salonu
Eylin Beauty Center,+905461222734,Güzellik Salonu
İsista Beauty & Kuaför,+905050608607,Güzellik Salonu
Mahire yıldız güzellik&bakım,+905556392705,Güzellik Salonu
Derya Can Güzellik Salonu,+905536629583,Güzellik Salonu
Nurdan Doğan Güzellik,+902164415756,Güzellik Salonu
Mojan Beauty Center,+905376004745,Güzellik Salonu
YD Kişisel Bakım Merkezi,+905396222107,Güzellik Salonu
Eva•Be’Lounge,+905304193436,Güzellik Salonu
Eray Yıldız Man Beauty,+905445163458,Güzellik Salonu
MURAT AKYOL GÜZELLİK SALONU,+905316636262,Güzellik Salonu
Lavinia Beauty,+905061881852,Güzellik Salonu
BAŞAK HANBAY SAĞLIKLI ZAYIFLAMA VE GÜZELLİK MERKEZİ,+905433954434,Güzellik Salonu
Eftelya Demir Beauty,+905526083434,Güzellik Salonu
Medarsel Güzellik Teknolojileri,+905322148841,Güzellik Salonu
Esraaydinbeauty,+905424291422,Güzellik Salonu
Aymira koçaklı kartal şube,+902163890524,Güzellik Salonu
BYZEYNEP KARAHAN_BEAUTY,+905421755967,Güzellik Salonu
Gül Nail Art Beauty Studio,+905392448231,Güzellik Salonu
Protez Tırnak Kartal Nails By Kiss,+905551715798,Güzellik Salonu
KARTAL PROTEZ TIRNAK,+905522646682,Güzellik Salonu
"Kartal Protez Tırnak, Nail Artist Eda",+905332461493,Güzellik Salonu
Nail BB beauty salon protez tırnak nail art güzelik sutdio,+905011730734,Güzellik Salonu
Kartal Maltepe Protez Tırnak - Pınar Nail Beauty,+905010488273,Güzellik Salonu
Parla tırnak,+905054341711,Güzellik Salonu
Kartal Protez Tırnak - Seren Zeren Nail Studio,+905376063518,Güzellik Salonu
Protez Tırnak Shop,+905434328343,Güzellik Salonu
Gülen Ceylan Tırnak Stüdyosu,+905392456847,Güzellik Salonu
Hello Pink House Kartal Güzellik Merkezi,+905518701890,Güzellik Salonu
Tuğçe Korkmaz Nail,+905444070191,Güzellik Salonu
BabyC Nail Art,+905316160157,Güzellik Salonu
Sinem nail studio,+905400131189,Güzellik Salonu
Cevizli Kartal protez tırnak Şazi Beauty,+905011281808,Güzellik Salonu
Soğanlık Protez Tırnak - Renkli Tırnaklar,+905432903531,Güzellik Salonu
Kuaför Gazi fatoş,+902163525093,Kuaför / Berber
Hilal Kayadibi Coıffeur,+905443755118,Kuaför / Berber
Vizaj,+902164523434,Kuaför / Berber
Volkan tekin hair stüdyo bayan kuaförü,+905464534457,Kuaför / Berber
Mrs.London Kartal Anatolium Avm,+902166294641,Kuaför / Berber
Cool Woman (Mahmut Kaplan),+905358958067,Kuaför / Berber
SAÇ TASARIM FERHAT ALMA & ÖMER ÇAKMAK,+902164760008,Kuaför / Berber
Merve Kara Makeup,+905357130053,Güzellik Salonu
Salon Clean,+905435659410,Kuaför / Berber
Siva Hair Studio Kuaför Saç Kaynak,+905335182458,Kuaför / Berber
Rıza Albayrak Hair Stüdyo,+905369711105,Kuaför / Berber
Kuaför Hatice,+905367638607,Kuaför / Berber
Caner & Gamze Coiffure,+902163061017,Kuaför / Berber
The Hair Balance,+902167274950,Kuaför / Berber
ALTIN MAKAS HASAN KUAFÖR,+905443770075,Kuaför / Berber
Saloon Frezya,+905397281599,Kuaför / Berber
D&H Hair Coiffeur,+905331558694,Kuaför / Berber
the Kuaför Kadriye,+905432239955,Kuaför / Berber
BURCUM KUAFÖR,+905412128620,Kuaför / Berber
SALON NİDA,+905468248221,Kuaför / Berber
My Rose Beauty,+905527373427,Güzellik Salonu
Sezen Makeup Studio,+905389467304,Güzellik Salonu
AbKar Bayan Kuaförü,+905448116098,Kuaför / Berber
Ceylan cy salon,+905435047522,Kuaför / Berber
Behiye Bayan Kuaförü,+905317031256,Kuaför / Berber
Seval Kuaför Güzellik Salonu,+905354875781,Güzellik Salonu
Nova stil bayan kuaförü,+902163899829,Kuaför / Berber
Atalar Hair Palace,+905456938477,Kuaför / Berber
Ed bayan kuaförü kartal hürriyet,+905428049151,Kuaför / Berber
Royal Düğün Davet Balo,+902163874861,Kuaför / Berber
Aytuğ Kuaför ve Güzellik Cilt Bakım Salonu,+905353075407,Güzellik Salonu
Sebahat Beauty Life,+902163871814,Güzellik Salonu
Luxury Beauty,+905016103642,Güzellik Salonu
BLOOMERY BEAUTY,+905071070123,Güzellik Salonu
Aestethiclina Global,+905357740594,Güzellik Salonu
Pap Art Beauté,+905439519021,Güzellik Salonu
Nahide Dağ Güzellik Salonu,+905351002302,Güzellik Salonu
RABİA TEKE KİŞİSEL BAKIM MERKEZİ,+905352193081,Güzellik Salonu
Ayfer Eroğlu Beauty,+905301901555,Güzellik Salonu
MA Beauty Unisex Kuaför & Güzellik Merkezi,+905315515469,Güzellik Salonu
Nuran Doğan Güzellik,+905526296333,Güzellik Salonu
Dilek Erol Güzellik Salonu & Kuaför,+905051923419,Güzellik Salonu
Bella RC Güzellik Merkezi,+905556677575,Güzellik Salonu
Glam Lashes By EZGİ,+905411478698,Güzellik Salonu
İpek Kirpik Asu,+905433487834,Güzellik Salonu
KEVSER ÖZASLAN BEAUTY,+905397733041,Güzellik Salonu
Dilşah &Şeniz beauty,+905536107831,Güzellik Salonu
Fatma Kara Akademi Güzellik Okulu,+905388626292,Güzellik Salonu
Pink Güzellik Merkezi,+905336619952,Güzellik Salonu
Zeynep Önalan Güzellik Merkezi,+905533028967,Güzellik Salonu
MDR Polikliniği,+905321383546,Güzellik Salonu
Hair By Hakan & Nail,+902163530015,Güzellik Salonu
Rezan Pekdoğan Art & Hair,+905010198610,Güzellik Salonu
BaharHairMakeup Saç ve Makyaj Hizmetleri,+905352960654,Güzellik Salonu
Salon İstanbul,+905366646969,Kuaför / Berber
Salon Favori Kartal,+905365231255,Kuaför / Berber
Aybar kara HAIR Design,+905345727780,Kuaför / Berber
Salon Eray,+902162511505,Kuaför / Berber
salon esin,+902124521773,Kuaför / Berber
Salon 53,+905395057159,Kuaför / Berber
Hair & Beauty Salon Kartal,02065 58697,Güzellik Salonu
Emre Öztürk Beauty,+905355140488,Güzellik Salonu
Art Of Evcimen,+905333936660,Kuaför / Berber
Sante Saç Tasarım,+902163831907,Kuaför / Berber
Cahit Berkay Özefe Hair Studio,+905393235130,Kuaför / Berber
SALON DRAGOS,+905389656018,Kuaför / Berber
You First Nail Bar,+905444211812,Güzellik Salonu
Nails By Sena,+905327846074,Güzellik Salonu
Purple nail art kartal,+905335117902,Güzellik Salonu
PARLA NAİLS KARTAL,+905323696144,Güzellik Salonu
MARINA NAIL STUDIO,+905375815096,Güzellik Salonu
Aleynail studio Aleyna Aydın,+905413344318,Güzellik Salonu
Bi Art Beauty Nail Studio,+905461232318,Güzellik Salonu
BLOND NAİL BAR,+905451931915,Güzellik Salonu
LİN NAİL BEAUTY STUDİO,+905078059753,Güzellik Salonu
Pendik Protez Tırnak,+905528817332,Güzellik Salonu
İremNailStudio,+905353511065,Güzellik Salonu
Valentina Nails Studio,+905358928628,Güzellik Salonu
Melisa Albayrak Beauty,+905314269901,Güzellik Salonu
Leylandia Beauty Studio,+905541384678,Güzellik Salonu
Tutku Güzellik Salonu,+902163893289,Güzellik Salonu
NERMİN NAİL BEAUTY,+905428103092,Güzellik Salonu
HT BEAUTY NAİL ART,+905334456808,Güzellik Salonu
HOLA BEAUTY KUAFÖR - GÜZELLİK SALONU,+905347455324,Güzellik Salonu
KÜBRA BAYRAK BEAUTY,+905413270787,Güzellik Salonu
Özlem Dönmez Beauty,+905359719165,Güzellik Salonu
Kartal Güzellik Salonu,+856 20 95 864 837,Güzellik Salonu
Cansu Beauty Center,+905494912424,Güzellik Salonu
Sevim Nail Beauty,+905537496467,Güzellik Salonu
İmran Güzellik Salonu,+902163870502,Güzellik Salonu
Nisa beauty studio,+905392107979,Güzellik Salonu
GİZEM BEAUTY,+905352031423,Güzellik Salonu
Shebo Nail,+902166751014,Güzellik Salonu
Meltem Güzellik Salonu,+905550722076,Güzellik Salonu
Ada Beauty House,+905383400502,Güzellik Salonu
Denilles İstanbul,+905422269981,Güzellik Salonu
Rose Nail Studio - Maltepe Protez Tırnak,+905304457991,Güzellik Salonu
Balin Güzellik ve Tırnak Stüdyosu,+905465062834,Güzellik Salonu
Monro Nail Designer | Üsküdar Protez Tırnak ve İpek Kirpik,+905320561183,Güzellik Salonu
Gönül Kılıç Beauty,+905528850306,Güzellik Salonu
NAİL LAND MALTEPE,+905013250817,Güzellik Salonu
Malika Nail Beauty,+905349542526,Güzellik Salonu
Balerin Tırnak,+905317623589,Güzellik Salonu
Adel Nail Beauty | Protez Tırnak ve İpek Kirpik,+905312506560,Güzellik Salonu
Diba Güzellik | Nail Art | İpek Kirpik | Protez Tırnak,+905448040321,Güzellik Salonu
Büşra Yıldız Beauty Mecidiyeköy Protez Tırnak,+905010434758,Güzellik Salonu
Nur Kuaför ve Protez Tırnak,+905522013499,Güzellik Salonu
Tırnak Butik,+902122600363,Güzellik Salonu
"Lady Nail Beauty Protez Tırnak, İpek Kirpik",+905457753561,Güzellik Salonu
Seda By Gökçe Beauty | İpek Kirpik | Protez Tırnak | Ayak Bakımı | Kirpik Lifting,+905372413606,Güzellik Salonu
Pınar'ın Güzellik Atölyesi,+905056450179,Güzellik Salonu
Studio No17 Nail salon,+905345525356,Güzellik Salonu
Eıght kuaför protez tırnak jel tırnak bakım salonu,+905396131923,Güzellik Salonu
Salon Neco Mecidiyeköy Kuaför Protez Tırnak Lazer Epilasyon,+905309549911,Güzellik Salonu
Tırnak Nişantaşı,+905334952593,Güzellik Salonu
Aurist Beauty Studio,+905330392520,Güzellik Salonu
Aysoria Beauty,+905448131475,Güzellik Salonu
"Refreshe Güzellik Salonu | Cilt Bakımı, Lazer Epilasyon, Çatlak Tedavisi, Bölgesel Zayıflama, Solaryum",+905399721011,Güzellik Salonu
Probeauty İstanbul Güzellik Salonu,+905331654597,Güzellik Salonu
Pendik Güzellik Salonu ve Lazer Epilasyon Merkezi Yüzyıl Hastanesi,+902163975900,Güzellik Salonu
Alexis Lazer Epilasyon Tamiri,+905058337976,Güzellik Salonu
Lazer Epilasyon Teknik servis Diode Alexandrite IPL Alma lazer soprano spa shr IPL Accord Ice XL,+905426360402,Güzellik Salonu
Pırıltı Güzellik Merkezi,+902165181619,Güzellik Salonu
Zin Life Güzellik/Buz Lazer Epilasyon/Cilt Bakımı,+905448338633,Güzellik Salonu
Dr. Sona Beauty,+905528747990,Güzellik Salonu
MİEN BEAUTY GÜZELLİK MERKEZİ,+905443141048,Güzellik Salonu
B&B Beauty Center - by Buket KÖSTEM - Lazer Epilasyon,+905335619836,Güzellik Salonu
VIYOLA BEAUTY SALOON,+905541886734,Güzellik Salonu
Makeup Guldiken,+905516004763,Güzellik Salonu
Murat Dinletir Akademi Güzellik Uzmanlığı ve Estetisyenlik Kursu,+905542048191,Güzellik Salonu
Naz Baştürk Güzellik,+905524137092,Güzellik Salonu
Nurbeautynails,+905304849354,Güzellik Salonu
Loly Nail Beauty,+905331383025,Güzellik Salonu
Vialife Beauty,+905418450034,Güzellik Salonu
elvensi,+908002162295,Güzellik Salonu
Alya Yasemin Sevinç Beauty Center,+902163980134,Güzellik Salonu
💈SALOON BY ALİCAN💈,+905336211126,Kuaför / Berber
Mehmet Akan Barber Shop,+905376175176,Kuaför / Berber
HD Barber’s Club,+905307211319,Kuaför / Berber
THE BARBER YNS,+905321392584,Kuaför / Berber
Burak Azim Barbershop,+905306605784,Kuaför / Berber
Erhan DİLSİZ - Erkek BERBERİ,+905374284417,Kuaför / Berber
KARAŞAHİN Barber Shop,+902167478059,Kuaför / Berber
Mustafa Tekin Barber Club,+905414996883,Kuaför / Berber
Kuaför Cemil,+905357626476,Kuaför / Berber
Berber Shop By Fırat Eylenen,+905358984395,Kuaför / Berber
Saloon By Mehmet Işıldak,+905396707878,Kuaför / Berber
Serdar erkek berberi,+905411968106,Kuaför / Berber
Munzur Erkek Kuaförü,+905357135892,Kuaför / Berber
Clas Men Saç Tasarım,+905533269396,Kuaför / Berber
Volkan berber,+905337341803,Kuaför / Berber
YETGİN BERBER,+905550107537,Kuaför / Berber
Selçuk Erkek Kuaförü,+905303175018,Kuaför / Berber
Engin Acat,+905327093535,Kuaför / Berber
Yılmaz MENZİLCİ Barber's Club,+905369748934,Kuaför / Berber
Çoruh Berber,+905372384569,Kuaför / Berber
Usta makas erkek kuaförü,+905302275361,Kuaför / Berber
SMAC BERBER,+902165188161,Kuaför / Berber
Alisso Erkek Kuaförü,+905315106710,Kuaför / Berber
Mekan Erkek Kuaförü,+905363960650,Kuaför / Berber
Ferit Erkek Kuaförü,+905349283440,Kuaför / Berber
💈By Melih Berber💈,+905342067500,Kuaför / Berber
Berber By Murat Kurt Hair Design (Erkek Kuaförü - Erkek Berberi),+905353010504,Kuaför / Berber
Hakan Erkek Kuaförü,+905382735213,Kuaför / Berber
Kadircan Bahşi Erkek Kuaförü,+905386312187,Kuaför / Berber
Kiliç Berber Salonu,+905355555953,Kuaför / Berber
Erkek Kuaförü Bayram kılınç,+905333820954,Kuaför / Berber
Saloon Toprak,+905555642625,Kuaför / Berber
Berber Veysel Akıncı Hair Studio,+905374636580,Kuaför / Berber
bi'Tebessüm Coiffeur,+905345253653,Kuaför / Berber
Taner Erkek Kuaförü,+905352204135,Kuaför / Berber
Bilal Besle SAÇ SANAT BARBERS,+902163712085,Kuaför / Berber
Alaattin Fil Barbers Club,+905302424387,Kuaför / Berber
ESMER BAY KUAFÖR,+905436816486,Kuaför / Berber
Ömer turhan hair design,+905314311578,Kuaför / Berber
YAKUP TURAN ERKEK VE ÇOCUK BERBERİ,+905552267040,Kuaför / Berber
Kuaför Ümit,+902163059594,Kuaför / Berber
Berber Kadir,+905357280637,Kuaför / Berber
Dragos Kuaför Berber Salonu,+905312792907,Kuaför / Berber
Saloon Yusuf,+905327265042,Kuaför / Berber
Ahmet Kul Erkek Kuaförü,+905362141244,Kuaför / Berber
Fatih Erkek Kuaförü,+905415405630,Kuaför / Berber
Karizma erkek kuförü osman,+905325144828,Kuaför / Berber
Özen Erkek Berberi,+905352372375,Kuaför / Berber
Saloon Tuna - Erkek Kuaförü,+905417857754,Kuaför / Berber
Saloon Hermanos,+905399775173,Kuaför / Berber
Adams Kuaför Altayçeşme,+905393546524,Kuaför / Berber
Serkan Toksoy BAY BERBER,+905462945548,Kuaför / Berber
ERÇEL ERKEK KUAFÖRÜ ÖMER ERÇEL,+905538960069,Kuaför / Berber
Yusuf GÖK BAYKuaför,+905322181382,Kuaför / Berber
Emir Erkek Kuaförü,+905334413615,Kuaför / Berber
Ceyhun Durmaz Erkek Kuaförü,+905355901368,Kuaför / Berber
Truva Erkek Kuaförü,+905368321614,Kuaför / Berber
Ulusoy Erkek Kuaförü,+902163707018,Kuaför / Berber
Barber Faruk,+905423056376,Kuaför / Berber
Star Erkek Kuaförü,+905073640120,Kuaför / Berber
Coşkun Erkek Kuaförü Berber Coşkun,+905333623434,Kuaför / Berber
Turgay Acar Erkek Kuaförü,+905301535505,Kuaför / Berber
MEKKA'S Hair,+905011610647,Kuaför / Berber
By Salon Turgay,+902163702146,Kuaför / Berber
Cevher Modesto Grup Kuaför Mobilyaları,+905416633786,Kuaför / Berber
Emre Erkek Kuaförü,+902164278413,Kuaför / Berber
Cihan Erkek Kuaförü,+905348725891,Kuaför / Berber
Aytekin Erkek Kuaförü,+902163887085,Kuaför / Berber
Murat Erkek Kuaförü,+905325984952,Kuaför / Berber
Uğur İNANLI Barber Shop,+902164429149,Kuaför / Berber
Barber Ergin Demir,+905359652505,Kuaför / Berber
Cadde Bay saloon Berber Erkek kuaförü,+905435013932,Kuaför / Berber
Özcan Erkek Kuaförü,+905464502199,Kuaför / Berber
ÖMER ERKEK KUAFÖRÜ,+905306131652,Kuaför / Berber
Saçkolik Erkek Kuaförü,+905398248613,Kuaför / Berber
ŞÜKRÜ BERBER,+905383667377,Kuaför / Berber
Siteler Erkek Kuaförü,+905427748425,Kuaför / Berber
Berber Alper Erkek Kuaförü,+905347313568,Kuaför / Berber
kamuran erkek kuaförü,+905353524912,Kuaför / Berber
Selim Erkek Kuaförü,+905369665254,Kuaför / Berber
Berber Metin,+905060376060,Kuaför / Berber
Doğan Erkek Kuaförü Salih,+905337472058,Kuaför / Berber
Erkek Kuaförü by Sezgin hair stüdyo,+905322203459,Kuaför / Berber
ÜmitArslan ErkekBerberi,+905557524080,Kuaför / Berber
Yame kuaför,+905319345804,Kuaför / Berber
Serdar Şen,+905541275361,Kuaför / Berber
Ahmet Erkek Kuaförü,+902163710930,Kuaför / Berber
Emre Erkek Kuaförü,+905312871389,Kuaför / Berber
Kardeşler Erkek Kuaför,+905348484908,Kuaför / Berber
Simge Erkek Kuaförü,+905367227262,Kuaför / Berber
HD ERKEK KUAFÖRÜ,+905365518214,Kuaför / Berber
Sidar erkek kuaförü,+905374231389,Kuaför / Berber
Kardeşler Erkek Kuaförü,+905334633207,Kuaför / Berber
Aziz Erkek Kuaförü,+905426941353,Kuaför / Berber
Doğuş Erkek Kuaförü,+902163882212,Kuaför / Berber
CANISI ERKEK KUAFÖRÜ,+905396167952,Kuaför / Berber
Erkek Kuaförü Karizma By Murat Anataş,+905554081939,Kuaför / Berber
Sonkan Erkek Kuaförü,+905533596747,Kuaför / Berber
Özgür Erkek Kuaförü,+905333081071,Kuaför / Berber
ALİM ERKEK KUAFÖR SALONU,+905435170738,Kuaför / Berber
Emre Erkek Kuaförü,+905327398589,Kuaför / Berber
MAVİŞİM ERKEK KUAFÖR,+902163718272,Kuaför / Berber
Murat Erkek Kuaförü Murat Haçat,+905356632302,Kuaför / Berber
MARKA ERKEK KUAFÖRÜ,+905324685454,Kuaför / Berber
Arif Erkek Kuaförü,+905447862895,Kuaför / Berber
Maltepe İğneli Epilasyon - Ayla Avcı,+905303003905,Güzellik Salonu
Grace & Glow Lazer Epilasyon - Protez Tırnak - Zayıflama - Kalıcı Makyaj - Güzellik Salonu,+905383106779,Güzellik Salonu
DE-HA Beauty Güzellik Merkezi,+905425948300,Güzellik Salonu
Özlem YILDIRIM VIP,+905389127117,Güzellik Salonu
Özlemce Yaşamsal Destek,+905374384323,Güzellik Salonu
Gamze Karahan Beauty,+905074992087,Güzellik Salonu
Lunella Beauty Concept,+905425866665,Güzellik Salonu
BF Beauty Hause,+905416213649,Güzellik Salonu
Clinovaist Güzellik,+905422853833,Güzellik Salonu
Gamze Güzellik,+902163712216,Güzellik Salonu
Fidel Touch Studio,+905464779404,Güzellik Salonu
Candy Nail Art,+905333027276,Güzellik Salonu
Güzellik merkezi,+905414033007,Güzellik Salonu
Ecem Gürkan Beauty,+905424620523,Güzellik Salonu
House of Nails by Banu,+905439225696,Güzellik Salonu
Do Nail Studio,+905518320496,Güzellik Salonu
Theia Nail,+905378496887,Güzellik Salonu
ForNail Studio,+905384974174,Güzellik Salonu
Pinky nail bar,+905301352011,Güzellik Salonu
NERGİS PRO | Maltepe İpek Kirpik | Protez Tırnak | | Kalıcı Makyaj |Kaş Kirpik Laminasyonu |Cilt Bakımı,+905365776753,Güzellik Salonu
Elissa Beauty & Nail,+905547784454,Güzellik Salonu
ışıltı nail art,+905355665856,Güzellik Salonu
Beyza Beauty Bar - Nail Studio,+905435988098,Güzellik Salonu
Nail House By Ögedey,+905399472734,Güzellik Salonu
CANSU NAİL STUDİO,+905314339853,Güzellik Salonu
Divina Studio by Elif,+905354496083,Güzellik Salonu
CK Studio Cansu Kahraman,+905530899908,Güzellik Salonu
Oje’li Nail Bar,+905335634334,Güzellik Salonu
Aylosh Beauty,+905336867753,Güzellik Salonu
Ebru Uğur Beauty Designer,+905315741285,Güzellik Salonu
Zümra İnçlik Nail Studio,+905529321655,Güzellik Salonu
Nail by Isabel,+905333058757,Güzellik Salonu
Ojofe by Begüm Nail Studio,+905400221093,Güzellik Salonu
D&M Güzellik,+905324887897,Güzellik Salonu
Beren Baydar Beauty,+905011002749,Güzellik Salonu
Dlux By Türkan Demir,+905324892422,Güzellik Salonu
Lotus El & Ayak Nail SPA,+905516883890,Güzellik Salonu
Lima Güzellik Merkezi Maltepe,+902164597524,Güzellik Salonu
Nail Red Line Studio,+905074478130,Güzellik Salonu
Sevcan Akpulat Tırnak Stüdyosu,+905323771534,Güzellik Salonu
Tuse Kiraz Beauty -Cilt Bakımı Kalıcı Makyaj protez tırnak Manikür Pedikür Ağda,+905528575706,Güzellik Salonu
MEDİ Nail & Eyebrows Center,+902163701646,Güzellik Salonu
WomanArt Beauty & Nail Studio Özlem Erdoğan,+905428063022,Güzellik Salonu
Sudem Yolcu Nail Studio,+905309549960,Güzellik Salonu
Nuvo Beauty Bar,+905304999711,Güzellik Salonu
DRN Güzellik Salonu,+905331275594,Güzellik Salonu
Kuaför Resul,+905343303036,Kuaför / Berber
Sunay & Mine Kuaför,+905538686946,Kuaför / Berber
şükrü DEVECİ HAİR STUDİO,+905531624704,Kuaför / Berber
Dila bayan kuaförü,+905525544815,Kuaför / Berber
Aysun Kuaför Beauty - Kadın Çalışan ile Hizmet Vermektedir.,+905469793524,Güzellik Salonu
Savaş & Nilüfer Kuaför,+905059835460,Kuaför / Berber
Samet Demir Saç Baş Kuaför Salonu,+905331905702,Kuaför / Berber
ELİF FIRAT HAİR&NAİL DESIGN STUDIO,+905365151181,Güzellik Salonu
(Hair Dresser) NEW YOU Hair Studio,+902165102477,Kuaför / Berber
Saloon Lotus,+905526586738,Kuaför / Berber
Dilamed Bostancı,+905355417468,Kuaför / Berber
NORA KUAFÖR,+905306625432,Kuaför / Berber
Bayan Kuaförü Cengiz,+905319831964,Kuaför / Berber
İkizler Kuaför Ahmet&Nilgün,+905423353727,Kuaför / Berber
Ali Gür Bostancı,+905340863555,Kuaför / Berber
ASBERA TÜRBAN TASARIM,+905349664546,Kuaför / Berber
Aslı Başoğlu kuaför,+902163058448,Kuaför / Berber
Salon Bağdat Maltepe Düğün Kına Salonları,+905331310275,Kuaför / Berber
Asrın Kuaför,+902164472426,Kuaför / Berber
İlhan & Halis Orta,+902163672909,Kuaför / Berber
Salon İlker,+905444295791,Kuaför / Berber
Hoben Kuaför Turan Bıçak,+905355573253,Kuaför / Berber
Salon MAM Kuaför & Güzellik Salonu,+905547706353,Güzellik Salonu
River kuaför,+905396648988,Kuaför / Berber
Ayvaz Kurubal | Kuaför | Güzellik Salonları | Sahil Şubesi,+905322940466,Güzellik Salonu
Değişim bayan kuaförü,+905315841819,Kuaför / Berber
Si&Sa kuaför salonu,+905386716304,Kuaför / Berber
Mehmet Özen Saç Tasarım Bayan Kuaförü,+902167663038,Kuaför / Berber
Viva Kuaför,+902164418165,Kuaför / Berber
İkizler Kuaför Şenol çakır,+902163716783,Kuaför / Berber
Bi Kuaför By Mert ÖZTÜRK Hair&Beauty,+905306318496,Güzellik Salonu
SAÇA CAN KUAFÖR GÜZELLİK,+905075012233,Güzellik Salonu
Nazlı Bayan Kuaförü,+905551675056,Kuaför / Berber
Sunn Bayan Kuaförü,+905524171434,Kuaför / Berber
MakeupSongulSeker,+905330289529,Güzellik Salonu
ALMERA BAYAN KUAFÖRÜ,+905313766767,Kuaför / Berber
KUĞU GÖLÜ İSTANBUL,+902165492323,Kuaför / Berber
Kuafor&matmazel,+905510324020,Kuaför / Berber
Birsel Kuaför,+905334731741,Kuaför / Berber
Junto Wedding - Maltepe Düğün Salonu - İsteme - Söz - Nişan - Kına - Düğün - Sünnet - Beyaz Salon - Maltepe E5 Teras Kat,+905013458686,Kuaför / Berber
Royal Wedding Düğün Davet Balo,+905062934006,Kuaför / Berber
Reyhan kuaför,+905449061980,Kuaför / Berber
Bi Dünya Güzellik,+905525599707,Güzellik Salonu
Salon Grand Vizyon,+902163991070,Kuaför / Berber
ATMOSSPHAIR,+905010701997,Kuaför / Berber
Hairmasters,+905308697940,Kuaför / Berber
The Savage Hair Studio - Haircut - Hair color - Ombre - Balayage,+905378295968,Kuaför / Berber
Eras Salon,+905348987598,Kuaför / Berber
Saloon My First Maltepe,+905322771999,Kuaför / Berber
Salon Tanrıverdi Maltepe,+902164411551,Kuaför / Berber
Hangaar hair club Kuaför,+902163837494,Kuaför / Berber
Kerem Solmaz Hair Man Studio,+905050878073,Kuaför / Berber
Salon Ayfer,+902163521733,Güzellik Salonu
ESSE BEAUTY CENTER,+902163053773,Güzellik Salonu
By hüseyin Kılıç,+905456789797,Kuaför / Berber
Royal Class Düğün Davet Salonu,+905365806044,Kuaför / Berber
Candy Kids Çocuk Kuaförü,+902167717480,Kuaför / Berber
Salon Yeşilçam,+905340681111,Kuaför / Berber
Shaina Nail & Beauty,+905333011462,Güzellik Salonu
VİP İSTANBUL ÇENGELKÖY,+905312654234,Güzellik Salonu
Ayşe Çakır Beauty Center,+905435787855,Güzellik Salonu
Selin Beauty Center Acıbadem ( Şehnaz YILDIZ ),+902167845080,Güzellik Salonu
Kübra Umar Beauty,+905392650284,Güzellik Salonu
Ülkü Öztürk Beauty & Saç Tasarımı,+905077891753,Güzellik Salonu
Suzan Yılmaz Beauty,+905301124868,Güzellik Salonu
Esteemar Güzellik Merkezi,+902163400990,Güzellik Salonu
Gamze Serttaş Beauty&Hair,+905342005850,Güzellik Salonu
Tuana Beauty Center,+902165320204,Güzellik Salonu
MY CHOICE BEAUTY CENTER,+905013195657,Güzellik Salonu
Rabia Yılmaz Makeup Studio,+905319615431,Güzellik Salonu
Gül Beauty Center Üsküdar,+905421808254,Güzellik Salonu
Deniz Yıldırım Beauty,+905324468330,Güzellik Salonu
Hula Clinic,+905377794106,Güzellik Salonu
Banu Taşpınar Beauty,+905377880000,Güzellik Salonu
Elvan Kuaför Güzellik Salonu,+902163916986,Güzellik Salonu
Batallı Royal Estetisyenlik Ve Kalıcı Makyaj Kursu,+902163375505,Güzellik Salonu
Günel Beauty Aesthetic,+905525828383,Güzellik Salonu
Life Beauty Esthetic,+905431101934,Güzellik Salonu
KALICI MAKYAJ STÜDYO Gülşah karabulut,+905372730088,Güzellik Salonu
Bella Art Kuaför,+902166507071,Güzellik Salonu
Yaşar Akgün,+905075300730,Kuaför / Berber
FLZ COİFFEUR BEAUTY,+905364892571,Güzellik Salonu
ARYA BEKTAŞ MALTEPE,+905304540124,Güzellik Salonu
Hakan Bora Saç Tasarım,+902164578197,Kuaför / Berber
Ayşegül Saç Tasarım,+905376022795,Kuaför / Berber
Selma Saç Tasarım,+902164579443,Kuaför / Berber
Dide Saç Tasarım,+902164893540,Kuaför / Berber
Musa Direk Erkek Saç Tasarım,+905355414307,Kuaför / Berber
Erdinç Ferda Taş Kuaför,+902163703788,Kuaför / Berber
Uğur Kumru,+902163668806,Kuaför / Berber
Hair By Kutay Woman,+902163881028,Kuaför / Berber
Kuaför Caner,+902163881500,Kuaför / Berber
Nail House,+905373503715,Güzellik Salonu
Ceren Nail House,+905424315961,Güzellik Salonu
Dilek Koçan & Nail Stüdyo,+905313656794,Güzellik Salonu
Mia Nail Art Studio,+905330568920,Güzellik Salonu
SAKİNE ÇAMCI BEAUTY & NAIL & GÜZELLİK MERKEZİ,+905315833127,Güzellik Salonu
BE'Academy Maltepe,+902164881616,Güzellik Salonu
Leia Nail Studio,+905333525361,Güzellik Salonu
RUBA BEAUTY,+905358335425,Güzellik Salonu
CZ Beauty Center Saloon,+905458092728,Güzellik Salonu
Suzy Beauty Studio,+905306503404,Güzellik Salonu
Yasemin Ege Beauty,+905352067705,Güzellik Salonu
Eda Şimşek Beauty Studio,+905306536005,Güzellik Salonu
Duygu Gün Beauty,+905326209747,Güzellik Salonu
Angel Beauty Güzellik Merkezi,+905323900611,Güzellik Salonu
Ferli's Beauty,+905305130276,Güzellik Salonu
NUBA BEAUTY Güzellik Merkezi,+905384132434,Güzellik Salonu
CANAN KILINÇ BEAUTY LOUNGE,+905363988690,Güzellik Salonu
Aylin ipek beauty,+905524894680,Güzellik Salonu
ELENA beauty salon Maltepe,+905382510923,Güzellik Salonu
Glowhill Beauty,+905010850097,Güzellik Salonu
Nes Beauty Güzellik Bakım,+905356901583,Güzellik Salonu
İda Beauty Cevizli,+905059865520,Güzellik Salonu
Blooms Beauty,+905011212270,Güzellik Salonu
Dilber Beauty,+905387735319,Güzellik Salonu
Galeri MakeUp Beauty,+905356525112,Güzellik Salonu
Fılız Colak Beauty,+902169998901,Güzellik Salonu
Özge Öğer Beauty,+905349416992,Güzellik Salonu
PİNKY BEAUTY GÜZELLİK MERKEZİ,+905330796098,Güzellik Salonu
Peak beauty,+905469749111,Güzellik Salonu
Seda Bora Beauty,+905333807332,Güzellik Salonu
Nice Beauty Lounge,+905335984810,Güzellik Salonu
Meltem Temirhan Beauty,+905551816908,Güzellik Salonu
Dora's Ayak Bakım Merkezi,+905418309720,Güzellik Salonu
Beauty Rise Pendik,+905333672555,Güzellik Salonu
Estetik House Güzellik Merkezi Pendik,+905302386083,Güzellik Salonu
Beauty Zone,+905535273151,Güzellik Salonu
Ra Beauty Center,+905322649588,Güzellik Salonu
KUAFÖR ALI (Bella Bayan Kuaförü ),+902163904696,Kuaför / Berber
Aliş Bayan Kuaforu,+902164821372,Kuaför / Berber
LA VİTA BELLA LUXURY HAIR STUDIO KURTKÖY,+905519339910,Kuaför / Berber
Sevda Bayan Kuaförü,+905392736995,Güzellik Salonu
CSR Bayan kuaförü,+905435425676,Kuaför / Berber
salon d'or bayan kuaförü,+905352697565,Kuaför / Berber
MAGİC HAİR BAYAN KUAFÖRÜ AĞDA SALONU,+905334557703,Kuaför / Berber
Kurtköy Bayan Kuaför I Kurtköy Protez Tırnak I Kurtköy İpek Kirpik,+905452451527,Güzellik Salonu
3D Hair Club,+902163786069,Kuaför / Berber
Sesa Kuaför,+905342978649,Kuaför / Berber
Aura Studio Bay/Bayan Kuaförü,+905443755979,Kuaför / Berber
Bayan kuaför Sem Haır,+905449520391,Kuaför / Berber
Aslancoiffeur,+905427329835,Kuaför / Berber
SUNA BAYAN KUAFÖRÜ,+902163969817,Kuaför / Berber
HAMİ DUMAN -Hair Design-,+902166464686,Kuaför / Berber
Duru bayan kuaförü,+902164825392,Kuaför / Berber
Studio Tim Kuaför,+902166833838,Kuaför / Berber
Saloon On Hair,+905375804213,Kuaför / Berber
Sess Bayan Kuaförü,+905385479517,Kuaför / Berber
Sibel Bayan Kuaförü,+902163070095,Kuaför / Berber
Süheyla Bayan Kuaförü,+905075872920,Kuaför / Berber
Erhan&tayyar bayan kuaförü,+905323934020,Kuaför / Berber
Aliye bayan kuaför,+905315663797,Kuaför / Berber
Filiz bayan kuaför salonu,+905370208268,Kuaför / Berber
Uydukent Bayan Kuaförü,+902164821840,Kuaför / Berber
Altın Ayna Bayan Kuaförü,+905321795018,Kuaför / Berber
Meryem Bayan Kuaförü,+902163783104,Kuaför / Berber
LA FEMME kuaför ve Güzellik Salonu,+905326692588,Güzellik Salonu
Şevval Moda Evi & Bayan Kuaförü,+905368193327,Kuaför / Berber
Saloon albina bayan kuaförü,+905455481341,Kuaför / Berber
Star Bayan Kuaförü,+905351086375,Kuaför / Berber
Yakamoz Bayan Kuaförü,+902164829442,Kuaför / Berber
Saloon WAYMS Bay & Bayan Kuaförü,+902166299190,Kuaför / Berber
Studio Volumes Kuaför ve Güzellik Merkezi,+905012084048,Güzellik Salonu
Tuna bayan kuaförü,+905539209428,Kuaför / Berber
Zeynep / Kamil Kuaför,+902163750318,Kuaför / Berber
Woman Art Bayan Kuaförü,+902163547713,Kuaför / Berber
The wolf kuaför,+902163787770,Kuaför / Berber
Mor Kuaför Kurtköy,+905362042272,Kuaför / Berber
Salon Neşem Bayan Kuaförü & Güzellik Salonu,+905465606275,Güzellik Salonu
Kurtköy Sebile Savran Kuaför ve Güzellik Salonu,+905069864283,Güzellik Salonu
WooW Saç Tasarım,+905455650330,Kuaför / Berber
Saloon By Cadde,+902162510746,Kuaför / Berber
Mehmet Tatlı Kurtköy,+902166851055,Kuaför / Berber
Batuhan Eren Hair Studio Bayan Kuaförü Kurtköy,+905448960167,Kuaför / Berber
Nisa Bayan Kuaförü,+905321704768,Kuaför / Berber
Luiza Hair&Beauty Saloon,+905301765388,Güzellik Salonu
Komşum Bayan Kuaförü,+905548671154,Kuaför / Berber
Parıltı Bayan Kuaför,+902163909250,Kuaför / Berber
BONİTTA UNİSEX HAİR,+905384020978,Kuaför / Berber
Ezel Başaran Güzellik Merkezi,+905368263905,Güzellik Salonu
Deppoo Coiffeur,+902169092118,Kuaför / Berber
Asa Bayan Kuaför,+905452752210,Kuaför / Berber
kuaför yelizz,+905525950222,Kuaför / Berber
Berber Fatih Karakaş,+905388268163,Kuaför / Berber
byberber,+905366370450,Kuaför / Berber
Bytavaşhalkın berberi,+905013639163,Kuaför / Berber
Berber 777,+905073355139,Kuaför / Berber
Makas & Makas,+905442467770,Kuaför / Berber
Pusula Erkek Kuaförü,+905537123469,Kuaför / Berber
Kralların Berberi | Erkek Kuaförü | Erkek Berberi,+905468343446,Kuaför / Berber
MURAT BAŞ BARBERS CLUB,+905423513414,Kuaför / Berber
BURAK TAŞDEMİR ERKEK KUAFÖRÜ,+905418730803,Kuaför / Berber
Berber Kamil,+905552350184,Kuaför / Berber
Diamond Hairstyling,+905307728810,Kuaför / Berber
EEMS By Kuaför,+905364989646,Kuaför / Berber
MustafauzunbabaHairstudio,+905455202557,Kuaför / Berber
Kuaför İbrahim Yolcu Shaves Trims,+905324368009,Kuaför / Berber
Yavuz akman,+905071526996,Kuaför / Berber
Fikret gümüş erkek kuaförü,+905353228028,Kuaför / Berber
Pendik çarşı erkek kuaförü Mustafa Güner,+905398661379,Kuaför / Berber
Berberhan,+905362392259,Kuaför / Berber
BERBER ATÖLYESİ MUSTAFA YİĞİTOĞLU,+905368562241,Kuaför / Berber
Yılmaz Erkek Kuaförü,+905428968111,Kuaför / Berber
DOĞAN BY SALOON,+905364428361,Kuaför / Berber
CADDE ERKEK KUAFÖRÜ,+905325825349,Kuaför / Berber
ÖZMET BY SALOON,+905349506896,Kuaför / Berber
By SANTANA,+905372053200,Kuaför / Berber
MEHMET KAÇAR,+905423424963,Kuaför / Berber
SALOON YUSUF ÖRDÜ,+905304162672,Kuaför / Berber
MEÇ HAİR DESIGN ERKEK KUAFÖRÜ,+905412833858,Kuaför / Berber
İZZET MÜJDE HAİR STUDIO,+905433276950,Kuaför / Berber
Numan Sarıtaşlı Bay Kuaför,+905413477914,Kuaför / Berber
Salon AS BERBER,+905353721131,Kuaför / Berber
By Yavru kuaför,+905325011408,Kuaför / Berber
KRAL ERKEK KUAFÖRÜ,+905339532810,Kuaför / Berber
Bay Önder Erkek Kuaför,+902163789154,Kuaför / Berber
Salon Uysal,+905313201421,Kuaför / Berber
Ofdeniz Kuaför Atilla,+905373521607,Kuaför / Berber
BERBER MEHMET ÇYR,+905435253838,Kuaför / Berber
By-Gür Erkek Kuaförü,+905074311167,Kuaför / Berber
Ediz Unkan Bay Kuaför Salonu,+905316815157,Kuaför / Berber
Özan Hair Erkek Kuaförü,+905530596702,Kuaför / Berber
Kadir Korkmaz Saç Tasarım,+905444301992,Kuaför / Berber
Saloon Maral,+905366972155,Kuaför / Berber
Galip Arslan,+905313577571,Kuaför / Berber
Soner Erkek Kuaförü,+905386080025,Kuaför / Berber
GÜNAYDIN BARBER SALOON,+905366704229,Kuaför / Berber
twıns barber shop,+905523271125,Güzellik Salonu
Coşgun Erkek Kuaförü,+905377226789,Kuaför / Berber
Salon ŞM,+905369316841,Kuaför / Berber
BERBER ŞEN,+905346647161,Kuaför / Berber
KADİR ARSLAN BARBER,+905399256737,Kuaför / Berber
Salon Mikail,+905346984296,Kuaför / Berber
Aşkın korkmaz,+905314069555,Kuaför / Berber
Turkuaz Erkek Kuaförü,+905439195807,Kuaför / Berber
Hair Plus erkek kuaförü,+905058494747,Kuaför / Berber
SALON CANER C&R,+905312131293,Kuaför / Berber
Erkek Kuaförü Ahmet,+905354312970,Kuaför / Berber
THE BEST BARBER,+905411601763,Kuaför / Berber
Gözde Erkek Kuaförü,+905375938678,Kuaför / Berber
ELÎT ADAM KUAFOR,+905462888293,Kuaför / Berber
Kuaför Hakan Demirci,+905433917567,Kuaför / Berber
Berber shop B.Y saloon Zaza Murat taştan,+905354310561,Kuaför / Berber
Emre Erkek Kuaförü,+905343541606,Kuaför / Berber
BY UĞUR KÖSE,+905462690869,Kuaför / Berber
Salon Oktay Hair Designer,+905527143405,Kuaför / Berber
Salon İst,+905537561425,Kuaför / Berber
Ömer Saç Tasarım,+905449398126,Kuaför / Berber
Ayışığı Erkek Kuaförü(Erkeksen Gel ),+905525832925,Kuaför / Berber
Erkek Berberi | Devran Erkek Kuaförü,+905380459102,Kuaför / Berber
Ulubey kuaför salonu,+905418939188,Kuaför / Berber
Kuaför Ahmet&Ufuk,+905307835019,Kuaför / Berber
Hakan Dursun Erkek Kuaförü & Bakım merkezi,+905426840258,Kuaför / Berber
Köksal Erkek Kuaförü,+905333574609,Kuaför / Berber
Oğuzhan Kuaför,+905547887136,Kuaför / Berber
Erkek Kuaförü Yusuf,+905373574525,Kuaför / Berber
Erhan İpek Yenişehir,+905312399526,Kuaför / Berber
Erkek Berberi,+905392963880,Kuaför / Berber
Mehmet Demir Erkek Kuaförü ÇAMÇEŞME KAYNARCA,+905061983466,Kuaför / Berber
Adem durgun erkek kuaförü,+905392605150,Kuaför / Berber
Kafa atölyesi kuaför & güzellik & spa merkezi,+905428080407,Güzellik Salonu
By Sisa Erkek Kuaförü,+905340145021,Kuaför / Berber
Mamili Erkek Kuaförü,+905445471406,Kuaför / Berber
Askent Erkek Kuaförü,+905317033531,Kuaför / Berber
Bilal Bozkurt For Men,+905419021345,Kuaför / Berber
Formen Erkek Kuaförü,+905386309530,Kuaför / Berber
Cadde Erkek Kuaförü,+905376527354,Kuaför / Berber
BERATSEL ERKEK KUAFÖRÜ,+905465639552,Kuaför / Berber
YUSUF ÇAKICI ERKEK KUAFÖRÜ & BAKIM MERKEZİ,+905510730073,Kuaför / Berber
Meydan Erkek Kuaförü,+905073413821,Kuaför / Berber
ERKEK by Hamza akbaba,+905464036706,Kuaför / Berber
Beyazıt Erkek Kuaförü,+905536626653,Kuaför / Berber
Show Erkek Kuaförü,+902163909613,Kuaför / Berber
Modes Erkek Kuaförü,+905426403737,Kuaför / Berber
AYTEKİN AŞCI (SAMİ BAL),+905438137547,Kuaför / Berber
Doğan Erkek Kuaförü,+905326101479,Kuaför / Berber
Kardeşler Erkek Kuaförü,+902164914160,Kuaför / Berber
Salon Yıldırım Erkek Kuaförü,+905369794538,Kuaför / Berber
Berberistan Erkek Kuaförü Turgay,+902163925972,Kuaför / Berber
Erkek Kuaförü,+905342515456,Kuaför / Berber
Ayhan Erkek Kuaförü,+905322412246,Kuaför / Berber
Tugay Keskin Erkek kuaförü,+905321591628,Kuaför / Berber
Coşkun Erkek Kuaförü,+905354328273,Kuaför / Berber
Engin Erkek Kuaförü,+905387386888,Kuaför / Berber
Harun Erkek Kuaförü,+905352050612,Kuaför / Berber
Olimpiyat Kardeşler Erkek Kuaförü,+905358578207,Kuaför / Berber
Kent Erkek Kuaförü,+905312133326,Kuaför / Berber
Can's Erkek Kuaförü,+905316812483,Kuaför / Berber
Berberay Erkek Kuaförü,+905340875451,Kuaför / Berber
Salon Vedat gündüz erkek kuaförü,+905061469947,Kuaför / Berber
Stil Erkek Kuaförü,+905374218477,Kuaför / Berber
Cadde Erkek Kuaförü,+905468850964,Kuaför / Berber
Yaşar Erkek Kuaförü,+905367141829,Kuaför / Berber
Happy Life Beauty Center | MagShape & Lazer Epilasyon & Cilt Bakımı | Yenişehir / Kurtköy,+905356647409,Güzellik Salonu
CEYLAN YILDIZ BEAUTY,+905380472426,Güzellik Salonu
FA Güzellik Merkezi,+905322099890,Güzellik Salonu
Aura Beauty Pendik,+905515420805,Güzellik Salonu
NUR BEAUTY GÜZELLİK MERKEZİ,+905056142525,Güzellik Salonu
Şevin kılıç beauty,+905462702904,Güzellik Salonu
Gülay Doğan Güzellik Salonları,+905455964154,Güzellik Salonu
Eda's Beauty Boutique - Güzellik ve Cilt Bakım Merkezi,+905350523797,Güzellik Salonu
Güneş Demir Güzellik Merkezi,+905522527211,Güzellik Salonu
HÜLYA AKYOL GÜZELLİK SALONU,+905537880054,Güzellik Salonu
HELİN BEAUTY SALON,+905330569809,Güzellik Salonu
Dream MF Beauty,+905300976323,Güzellik Salonu
Este Juliet Beauty Pendik,+905422432344,Güzellik Salonu
Vision Of Rise,+905368296299,Güzellik Salonu
Aytaç Topal Beauty Studio,+905339175272,Güzellik Salonu
BEYZANUR KAYIŞ BEAUTY LOUNGE PENDİK,+905052965371,Güzellik Salonu
Selin Aktaş Beauty Center,+905521803725,Güzellik Salonu
Başkent Kozmetik,+902163745666,Güzellik Salonu
Mehtap Korkut Güzellik Salonu,+905052174400,Güzellik Salonu
Dilhanail Studio,+905309236599,Güzellik Salonu
İremsi Nail Art Studio & Protez Tırnak,+905369949034,Güzellik Salonu
Kurtköy Protez Tırnak,+905330275171,Güzellik Salonu
Yaz Nail Hause & Pendik Protez Tırnak,+905331462095,Güzellik Salonu
Tubi Nail Beauty Center,+905520035799,Güzellik Salonu
BK Nail Studio,+905434561148,Güzellik Salonu
Tu.naillounge,+905359315443,Güzellik Salonu
Pendik Jel Tırnak // Bee Nail Bar // Solaryum,+905306534520,Güzellik Salonu
Pendik Tırnak Kirpik by Kübra Binici,+905541188741,Güzellik Salonu
NailBySeyma,+905300753418,Güzellik Salonu
Estefoot Pendik Express Ayak ve El Bakımı,+905433620838,Güzellik Salonu
Aynura Nailss,+905438485033,Güzellik Salonu
MayaNails -Pendik,+905352448015,Güzellik Salonu
Pendik Güzellik Kursu - Protez Tırnak Kursu,+905076044532,Güzellik Salonu
Nail Art By İnci,+905078798345,Güzellik Salonu
NAILUXE,+905531139427,Güzellik Salonu
Cansu Üsmen Nail Studio,+905399603953,Güzellik Salonu
Cansu Uzun Nails& Beauty Bar,+905465337560,Güzellik Salonu
Bella Queen Nail Story,+905413680404,Güzellik Salonu
Aura Nail Bar,+905019541412,Güzellik Salonu
Es-Di Nail Bar,+905533200590,Güzellik Salonu
Betül Baş Beauty,+905013262373,Güzellik Salonu
Nailport,+905306671979,Güzellik Salonu
Derya Ateş Beauty Studio,+905544385158,Güzellik Salonu
Seher Bora Nail Studio,+905461987934,Güzellik Salonu
Nail Art Studio Güler Yıldız,+902163540060,Güzellik Salonu
Efsane & Ferzan Beauty,+905010843440,Güzellik Salonu
By Nurcan kaşTasarım KirpikDizayn güzellik bakım kalıcı makyaj protezTırnak Güzellik saloonbeauty,+905413295579,Güzellik Salonu
Paniz nail&beauty,+905528432213,Güzellik Salonu
Raksana Beauty Lounge Kurtköy,+905534885320,Güzellik Salonu
Pendik İpek Kirpik / Kirpik Lifting,+905336117126,Güzellik Salonu
Sevim Garip Pendik Protez Tırnak Güzellik Salonu,+905518470471,Güzellik Salonu
One Touch Beauty Pınar,+905333416712,Güzellik Salonu
Seliz Akademi,+905304831457,Güzellik Salonu
Sibel Ünal Beauty,+905011482828,Güzellik Salonu
KURTKÖY PROTEZ TIRNAK,+905333119688,Güzellik Salonu
Dilan Demirkaya Güzellik Merkezi,+905345877012,Güzellik Salonu
AYMİRA KOÇAKLI VIP PENDİK,+905322545797,Güzellik Salonu
Burcu Saraç Beauty,+905333819477,Güzellik Salonu
Saloon murat elif,+905317387025,Kuaför / Berber
EVA & LİNA KADIN KUAFÖRÜ,+905375078468,Kuaför / Berber
MEHTAP TAŞ BEAUTY STUDİO,+905533009919,Güzellik Salonu
Seda Sozak Makeup Studio Türban Tasarım,+905447280042,Güzellik Salonu
Happywoman,+905324600741,Kuaför / Berber
Umut Mengüverdi Hair Studio,+905367387917,Kuaför / Berber
Skart Hair bayan kuaförü,+905449941234,Kuaför / Berber
Salon Siyah İnci,+902163904390,Kuaför / Berber
Çağla Cebecioğlu,+905063659457,Kuaför / Berber
vfsaçtasarım,+902164913763,Kuaför / Berber
Masal beauty center,+905333056392,Güzellik Salonu
Salon İslim,+905333961136,Kuaför / Berber
Tiğğ Hair Studio,+905324995742,Kuaför / Berber
Salon semra,+905343516978,Kuaför / Berber
BAHAR BAYAN KUAFÖR SALONU,+905449003524,Kuaför / Berber
Saloon Özcan,+902163797853,Kuaför / Berber
ESSE Bayan Kuaförü Senat Balkan,+905443343267,Kuaför / Berber
PARLA KUAFÖR,+905516874084,Kuaför / Berber
THE BROS coiffure,+905312129336,Kuaför / Berber
SEDAT BAKIR BEAUTY COIFFEUR,+905340709261,Güzellik Salonu
Moda Kuaför Gelinlik ve Organizasyon,+905383224480,Kuaför / Berber
Deniz Bayan Kuaför,+905326235679,Kuaför / Berber
Capelli Design Studio,+905392135486,Kuaför / Berber
SALON FREE ÖZGÜR BAYTAR,+905389583404,Kuaför / Berber
Saloon Derya Çalık,+902164913837,Kuaför / Berber
MarkaVizyon kadın &erkek kuaförü,+902163786068,Kuaför / Berber
LOTUS COUFFER,+902164837975,Kuaför / Berber
The Maestro Hair,+905511001096,Kuaför / Berber
Muradiye Bayan Kuaforu,+905539562260,Kuaför / Berber
Kuaför Tarık,+905327183232,Kuaför / Berber
Ebru Tunç Kuaför,+902163906040,Kuaför / Berber
Saloon Gözde,+905342085225,Kuaför / Berber
Sema Bayan Kuaföru,+905312130767,Kuaför / Berber
saloon gardenia kurtköy,+905520259747,Kuaför / Berber
İpek Moda Aynur Aktuğ,+905457423454,Diğer (Sağlık & Bakım)
Saloon liya,+905344797548,Kuaför / Berber
Salon Işılay- Işılay Düğün Salonu Pendik,+902163543304,Kuaför / Berber
YENİ ÇIRAĞAN DÜĞÜN SALONU 2,+905353031578,Kuaför / Berber
NEVA Bayan kuaförü,+905309973440,Kuaför / Berber
SALON DAMLA,+905425463554,Kuaför / Berber
Kurtköy VIP Güzellik Merkezi,+905435708975,Güzellik Salonu
Melek Kurt Güzellik - Kurtköy Güzellik Merkezi - Lazer Epilasyon & Cilt Bakımı & Bölgesel İncelme,+905403930102,Güzellik Salonu
Arven Güzellik,+905444428970,Güzellik Salonu
Sevlife Güzellik,+905522785878,Güzellik Salonu
Kurtköy Güzellik Merkezi | Nesrin Aktaş,+905314369334,Güzellik Salonu
ESTEVELURE KURTKÖY GÜZELLİK MERKEZİ,+905537114777,Güzellik Salonu
PeliNart Güzellik,+905304663799,Güzellik Salonu
Neslim Gönül Kurtköy Güzellik Merkezi,+905536262307,Güzellik Salonu
REBIRTH OF SKIN,+905461264141,Güzellik Salonu
Suna Akdeniz Beauty,+905326176740,Güzellik Salonu
Salon Samet,+905350578974,Kuaför / Berber
REFRESH HAIR CENTER,+905548388893,Güzellik Salonu
Ercan Özoltu Hair Studio,+905374339846,Kuaför / Berber
SS KUAFÖR,+905379370905,Kuaför / Berber
BERBERİM TİMUR,+905333905066,Kuaför / Berber
Saç Kaynak Merkezi - Pendik,+905347730562,Kuaför / Berber
Kuaför Cihan Özarslan Hair Design,+905387275576,Kuaför / Berber
Salon By Metin,+905456168418,Kuaför / Berber
Salon Boğaç,+905376643052,Kuaför / Berber
SALON BERKAY,+905385450338,Kuaför / Berber
Salon Aybi,+905537394853,Kuaför / Berber
THE NEW YORKER,+905347300091,Kuaför / Berber
Kuaför Derviş,+905533587147,Kuaför / Berber
Mustafa koç Sac Tasarim,+905319525372,Kuaför / Berber
Mahmut Özgür Saçtasarım,+902163780305,Kuaför / Berber
Kadir yiğit kaynak merkezi,+905438039809,Kuaför / Berber
Kadir Alkan Hair Artist Kurtköy,+905335643429,Kuaför / Berber
Saloon LEYLA ACAR,+905340817287,Kuaför / Berber
Saloon trendy bay kuaför,+905378296140,Kuaför / Berber
İstanju,+905432463422,Kuaför / Berber
Asiye Saç Tasarım,+905335747480,Kuaför / Berber
EsteForm,+902164831313,Güzellik Salonu
Alev Ebru Beauty House,+902165111003,Güzellik Salonu
Beauty Boss Franchise Güzellik Merkezi,+902166521232,Güzellik Salonu
Ema Cosmotolog Pendik,+905347755909,Güzellik Salonu
Larmina Beauty,+905359258049,Güzellik Salonu
Gamze Tepe Beauty Designer,+905325961877,Güzellik Salonu
Medilya Estetik | Dolgu & Botoks - Dudak Dolgusu - Jawline - Mezoterapi & PRP - Sıvı Yüz Germe,+905386990997,Psikolog / Terapist
Em Kozmetik Medikal Kuaför,+905523567950,Kuaför / Berber
Kurtköy altın oran kaş tasarımı missdidy Beauty,+905521247849,Güzellik Salonu
Eda's Beauty Boutigue,+905332123715,Güzellik Salonu
Nazan Güzeĺlik Salonu,+905358434246,Güzellik Salonu
YAĞMUR BAYAN KUAFÖRÜ,+905462569020,Kuaför / Berber
Saçkaran Saç Tasarımı,+902125877779,Kuaför / Berber
Gökhan Şahin Saç Tasarım,+905439714718,Kuaför / Berber
Rose Candy Tuzla,+905449798030,Güzellik Salonu
Özeren Hair,+905525096034,Kuaför / Berber
Estemel Beauty,+905324538600,Güzellik Salonu
Çiğdem Gülbeyaz Beauty,+905441842857,Güzellik Salonu
Gönül Hair Studio,+905378767190,Kuaför / Berber
B&S Aura Kuaför & Beauty | Tuzla Bay & Bayan Kuaför,+905431201575,Güzellik Salonu
PERİ &HAİRBEAUTY,+905494933555,Güzellik Salonu
Kuaför Serkan,+905425347023,Kuaför / Berber
SALON RUMEYSA HAIR DESIGN,+902163956463,Kuaför / Berber
DİVA'S DEN BAYAN KUAFÖRÜ,+905518353317,Kuaför / Berber
Gülcan's bayan kuaforu,+905554742136,Kuaför / Berber
Fidan&Sibel Bayan kuaförü,+905314582981,Kuaför / Berber
Cadde Bayan Kuaförü,+905355706692,Kuaför / Berber
Ayşe Albayrak Kuaför ve Güzellik Salonu,+905436684413,Güzellik Salonu
Gülşah Kuaför,+902163931530,Kuaför / Berber
NURI SAC TASARIM VE BAKIM SALONU,+905442208874,Kuaför / Berber
"💇🏻 SALON 💅🏻 ""MERVE GÜNDÜZ""",+905319429416,Kuaför / Berber
Fatma Durmaz Güzellik Salonu,+905423222560,Güzellik Salonu
Moda bayan kuaförü (güngör kuaför),+905452134440,Kuaför / Berber
İsmail saç tasarım,+905532798265,Kuaför / Berber
Dilek Bayan Kuaförü,+905353510905,Kuaför / Berber
SALON GURKAN CAN,+905533582797,Kuaför / Berber
Erol yılmazturk DUNYA AVRUPA VE TÜRKIYE ŞAPIYONU EROL YILMAZTÜRK,+905438601177,Kuaför / Berber
SACH KUAFÖR AYDINLI,+905336047250,Kuaför / Berber
By Yunus Saloon,+905442723452,Kuaför / Berber
Nil Bayan Kuaförü,+905436876285,Kuaför / Berber
Kuaför Levent,+905444551110,Kuaför / Berber
Bay Soner,+905357885200,Kuaför / Berber
Lina Bayan Kuaförü,+905468641989,Kuaför / Berber
Moda Kuaför,+902166522527,Kuaför / Berber
BEST CUT KUAFÖR,+905366051864,Kuaför / Berber
Great Hair&Beauty,+905054986781,Güzellik Salonu
As İstanbul Saç Tasarım,+905358139182,Kuaför / Berber
Özlem Bilgin,+905422310328,Kuaför / Berber
Yakamoz Bayan Kuaförü,+902163924826,Kuaför / Berber
Receo Tozan KUAFÖR,+905334801401,Kuaför / Berber
Salon Faysal,+905079003317,Kuaför / Berber
Erkek Kuaför Ozan Akın,+905358933493,Kuaför / Berber
Keskin Makas,+905511124785,Kuaför / Berber
Kuaför Emrah,+905307129355,Kuaför / Berber
Onur Turan Erkek Kuaförü,+905323370709,Kuaför / Berber
Harun Han Erkek Kuaförü,+905437891881,Kuaför / Berber
Vip Salon Emrah Çakıcı,+905382315444,Kuaför / Berber
BERBER Feridun Yılmaz,+905336101070,Kuaför / Berber
Adnan Can Hair Saloon,+905387114202,Kuaför / Berber
İsmail Erkek Kuaförü,+905365981050,Kuaför / Berber
ADEM AKAR KUAFÖR,+905418170516,Kuaför / Berber
Berberim YUSUF,+905464565533,Kuaför / Berber
Berber Fatih,+905459042515,Kuaför / Berber
Berberim GÜNDAY,+905308273005,Kuaför / Berber
The Barber Shop,+905442403460,Kuaför / Berber
2M SALON BARBER CLUB,+905415716255,Kuaför / Berber
RECEP CEYLAN BARBER'S CLUB,+902165071718,Kuaför / Berber
Kadir Erkek Kuaförü,+905510135960,Kuaför / Berber
BAY Kuaför Mikail,+905304665007,Kuaför / Berber
İCEBERG KUAFÖR,+905461037373,Kuaför / Berber
Özer Erkek Kuaförü,+905325805719,Kuaför / Berber
ORENDA Erkek Bakim Salonu,+905529325921,Kuaför / Berber
Bay Model Erkek Kuaförü,+905356491297,Kuaför / Berber
Salon Ömer çirik,+905050550421,Kuaför / Berber
STAR MEN'S CLUP,+905455609536,Kuaför / Berber
BY SALOON YAVUZ ÇAKIR KUAFÖR,+905511747332,Kuaför / Berber
Emre İzbudak Hair Artist,+905054082925,Kuaför / Berber
Salon Doktor Muhammet,+905362640466,Kuaför / Berber
Recep Erkek Kuaförü,+905326621273,Kuaför / Berber
RAIN STUDİO,+905538768300,Kuaför / Berber
STUDİO TUZLA,+905309623441,Kuaför / Berber
Asil Erkek Kuaförü,+905308320157,Kuaför / Berber
HakanYalçınkaya | Beauty,+905396557180,Güzellik Salonu
Saloon Samet hairstudio,+905054269691,Kuaför / Berber
Salon Davut Usta,+905316003451,Kuaför / Berber
Furkan İlhan Erkek Kuaförü,+905534305363,Kuaför / Berber
Kuaför Furkan,+902163929891,Kuaför / Berber
Selim Tan Erkek Kuaförü,+905302468637,Kuaför / Berber
Serhat Saçıldı Hair Design,+905359261500,Kuaför / Berber
Değişim Erkek Kuaförü,+905332150182,Kuaför / Berber
Pınar Erkek Kuaförü,+905372691818,Kuaför / Berber
TANER ERKEK KUAFÖRÜ,+905350812512,Kuaför / Berber
Yılmaz Erkek Kuaförü,+905525552061,Kuaför / Berber
By saloon İbrahim Koçak erkek kuaförü,+905372589023,Kuaför / Berber
Uğur Erkek Kuaförü,+905366275952,Kuaför / Berber
BİRDAL HAIR DESIGN,+905414692515,Kuaför / Berber
ANATOLIAN HAIR STYLING Ş.Ş,+905444692934,Kuaför / Berber
Anıl Erkek Kuaförü,+905325226367,Kuaför / Berber
Aka Erkek Kuaförü,+905365693454,Kuaför / Berber
Sezgin ceylan erkek kuaförü,+905352506210,Kuaför / Berber
Favori Erkek Kuaförü,+905347184448,Kuaför / Berber
Moda erkek kuaförü tuzla,+905433138834,Kuaför / Berber
Sökel Erkek Kuaförü,+905362783205,Kuaför / Berber
Moda Prestij Erkek Kuaförü,+905358337127,Kuaför / Berber
Şeker Erkek Kuaförü,+905078623711,Kuaför / Berber
Çağın Erkek Kuaförü,+905461923455,Kuaför / Berber
Naturel Erkek Kuaförü & Saç Tasarım,+905332380487,Kuaför / Berber
Serhat Ferhat erkek kuaförü,+905373829324,Kuaför / Berber
Çağdaş Erkek Kuaförü,+905051615555,Kuaför / Berber
ZoraMedikal,+905447455000,Güzellik Salonu
Estetik Center - Estetik Plastik Cerrahi Kliniği,+902164474707,Güzellik Salonu
Güldane çiçek beauty,+905438366063,Güzellik Salonu
Deniz Özkan Beauty,+905392312686,Güzellik Salonu
Elif Studio Güzellik Salonu,+905310839882,Güzellik Salonu
Veine Beauty,+905336409373,Güzellik Salonu
Vanelia Beauty & Hair Studio,+905010762270,Güzellik Salonu
EDA YILAN GÜZELLİK SALONU,+905010806775,Güzellik Salonu
Gülten Aydın Güzellik Salonu,+905333344148,Güzellik Salonu
Ezgi Aydın Beauty Center,+905316362334,Güzellik Salonu
Bella Beauty Vip,+905306553645,Güzellik Salonu
Tuzla Masaj Spa Merkezi,+905055891515,Güzellik Salonu
Fedora Güzellik,+905013685541,Güzellik Salonu
MervEda Nail Studio Tuzla,+905521226260,Güzellik Salonu
Maria Nail Design Tuzla,+905315692623,Güzellik Salonu
Snob Nail Art & Protez Tırnak,+905318488388,Güzellik Salonu
Tuzla Protez Tirnak Duende,+905314201465,Güzellik Salonu
Ecren Nailart,+905302198271,Güzellik Salonu
Çigdem Kıyak Beauty Studio,+905520156570,Güzellik Salonu
Tuzla Evora protez tırnak ipek kirpik,+905010967853,Güzellik Salonu
LOJA HAIR & MAKEUP,+905396612057,Güzellik Salonu
The Fresh Look Hair Studio,+905016660678,Kuaför / Berber
Zena güzellik merkezi,+905438329202,Güzellik Salonu
ÜMMÜHAN ÖZKAN TÜRBAN & MAKYAJ,+905456915250,Güzellik Salonu
Hair Specialist Ayhan Serdaroğlu,+902165820666,Kuaför / Berber
PELİN ALEMİN COİFFEUR,+905306420138,Kuaför / Berber
Ess Beauty Tuzla,+905330933277,Güzellik Salonu
SALOON DIAMOND,+905530726403,Kuaför / Berber
Mirror Time,+905435439296,Kuaför / Berber
Tuzla Ayşen Türk El Ayak Sağlığı & Güzellik Merkezi,+905469103149,Güzellik Salonu
İBRAHİM GÜMÜŞ HAİR DOCTOR,+905398644999,Kuaför / Berber
TUZLA İÇMELER GÖKKUŞAĞI DÜĞÜN & DAVET SALONU,+905454993437,Kuaför / Berber
Yusuf & Zafer Hair Studio,+905462759998,Kuaför / Berber
Saloon Meç,+905424030766,Kuaför / Berber
Aydınlı Düğün Salonu,+902163934023,Kuaför / Berber
Salon Samba,+905312933133,Kuaför / Berber
Berr,+902166772050,Kuaför / Berber
Özperi Düğün Salonu,+902163932524,Kuaför / Berber
"METACRAFT - Lazer Sac Kesim, Abkant Büküm, Lazer Kaynak ve Gaz altı Kaynak",+905323554761,Güzellik Salonu
Trend Sac Tasarim,+905432424059,Kuaför / Berber
SERHATDNZ PLAZMA & LAZER KESİM & SİLİNDİR BÜKÜM,+905323112226,Güzellik Salonu
Nails by EVA,+905444697978,Güzellik Salonu
Melisa Küçüksıvacı Nail Bar,+905360335792,Güzellik Salonu
Başak Beauty Center,+905337881268,Güzellik Salonu
Öyküm Beauty Studio,+905010775660,Güzellik Salonu
Beauty by ÖZGE ESİN,+905303697958,Güzellik Salonu
Gazella Beauty Center,+905449813454,Güzellik Salonu
X Hair Club Bay&Bayan Güzellik Salonu,+905300384932,Güzellik Salonu
Opinia Beauty Güzellik Merkezi,+902167662676,Güzellik Salonu
Hera Güzellik Salonu,+905377857929,Güzellik Salonu
Merve Özer Akademi,+905313802001,Güzellik Salonu
Asya Güzellik Salonu,+902163290503,Güzellik Salonu
Hafsana Güzellik Merkezi,+905438812819,Güzellik Salonu
NEW BAYAN KUAFÖRÜ,+905421432675,Kuaför / Berber
Yılmaz Yıldırım Bay bayan kuaför,+902165408177,Kuaför / Berber
Estetik Bayan Kuaför Salonu,+902164128931,Güzellik Salonu
çilem bayan kuaförü,+902165261239,Güzellik Salonu
Doğa Bayan Kuaförü,+902163298687,Kuaför / Berber
Serengül Bayan Kuaförü,+902164614380,Kuaför / Berber
ZAHİDE BAYAN KUAFÖRÜ,+905530741560,Kuaför / Berber
Arzum Bayan Kuaförü,+902164666267,Kuaför / Berber
Ebrulim Bayan Kuaförü,+905387228202,Kuaför / Berber
Arzum Bayan kuaförü,+905527433105,Kuaför / Berber
Tual Bayan Kuaförü,+902165233966,Kuaför / Berber
OSMAN YILDIZCI COIFFUER,+902166508066,Güzellik Salonu
Bayan Kuaförü burhan,+905011288360,Kuaför / Berber
Yeliz Bayan Kuaförü,+902164201642,Kuaför / Berber
Sis Bayan Kuaförü,+902166100685,Kuaför / Berber
Kadınca Bayan kuaförü,+905302333406,Kuaför / Berber
KENT BAYAN KUAFÖR,+902165236415,Güzellik Salonu
Kuaforium,+902165057344,Kuaför / Berber
Dilamed Kuaför Ümraniye,+905398585237,Kuaför / Berber
Ayşem Kuaför,+902165211929,Kuaför / Berber
Bayan Kuaförü Güldalı,+902166120731,Kuaför / Berber
Black Queen Bayan Kuaförü,+905347348660,Kuaför / Berber
Rüzgargülü Bayan Kuaförü,+902166117597,Kuaför / Berber
NAZMİ ACAR BAYAN KUAFÖRÜ ve SAÇ TASARIM,+905353224488,Kuaför / Berber
Serpil Bayan Kuaförü,+902164435915,Kuaför / Berber
Gülenyüz bayan kuaförü,+905380387798,Kuaför / Berber
Kuzey Duman Hair | Kadın Kuaförü & Erkek Kuaförü,+905376074369,Kuaför / Berber
Moon Star Bayan Kuaförü,+902165404762,Kuaför / Berber
Nes Bayan Kuaförü,+902165059140,Kuaför / Berber
Emre Bayan Kuaför,+905331905634,Kuaför / Berber
Hanimeli Güzellik Salonu,+902165340819,Güzellik Salonu
Poyraz Bayan Kuaförü,+905072431941,Kuaför / Berber
Emre Şahin Bay Kuaför,+905353346714,Kuaför / Berber
Salon Cem Tangal,+905550015357,Kuaför / Berber
Serdar Bal Kuaför,+905389776257,Kuaför / Berber
SAMYELİ BAYAN KUAFÖRÜ ÇAKMAK,+905538729797,Kuaför / Berber
Tutku Bayan Kuaforu,+905532990525,Kuaför / Berber
Değişim Bayan Kuaförü,+902164154078,Güzellik Salonu
Mavi Makas,+905015666934,Kuaför / Berber
Naturel Bayan Kuaförü,+902164999888,Kuaför / Berber
Selami Fidan Mr & Mrs,+902165055747,Kuaför / Berber
Salon HC bay bayan kuaförü,+905427207457,Kuaför / Berber
Beyfendi Hair & Barber's Club Erkek Kuaförü,+905393100404,Kuaför / Berber
Ümraniye Erkek Berberi - Yılmaz Aloğlu,+905387987204,Kuaför / Berber
City Barber,+905326377484,Kuaför / Berber
Berber İsmet Atak Kuaförü,+905398224765,Kuaför / Berber
Berber ERTAN,+905334823222,Kuaför / Berber
Mister Cuts,+902165104335,Kuaför / Berber
Berber Emrullah,+905422303452,Kuaför / Berber
Emre Saç Sanat,+905438041907,Kuaför / Berber
Son Durak Erkek Kuaförü,+905432597005,Kuaför / Berber
ADEM ARAS BARBER SHOP,+905530216314,Kuaför / Berber
Salon GENTLEMAN,+905514522275,Kuaför / Berber
Berber Fatih,+905444718486,Kuaför / Berber
YAVUZ ÇETİN HAİR DESIGNER,+905364540714,Kuaför / Berber
Elmas Erkek Kuaförü,+902163357888,Kuaför / Berber
Kuaför Yılmaz-hairdesigner,+905415920400,Kuaför / Berber
PALAS BERBER,+905071749376,Kuaför / Berber
Uğur Bulut Erkek Kuaförü,+905365957753,Kuaför / Berber
Salon Dinç Erkek Kuaförü | Şerifali Erkek Kuaförü | Elalmış Caddesi Kuaför | Şerifali Kuaför,+905340319641,Kuaför / Berber
Berber Metin,+905373909733,Kuaför / Berber
Ören Berber,+905321368637,Kuaför / Berber
Kenan Erkek Kuaförü,+905068912630,Kuaför / Berber
Erkek Berberi,+905382960367,Kuaför / Berber
Oktay Erkek Kuaförü,+905333812717,Kuaför / Berber
MESUT BAYAR Berber,+905315088598,Kuaför / Berber
MEHMET AVCI HAİR ARTİST,+905326501547,Kuaför / Berber
Coskun Kuaför Salonu,+905324425050,Kuaför / Berber
BERBER GÖKHAN,+905076062305,Kuaför / Berber
Volkan Barber's Club,+905384002344,Kuaför / Berber
Bayraktar Erkek Kuaförü,+905337430005,Kuaför / Berber
Tukay Erkek Kuaförü,+905319792219,Kuaför / Berber
Eriş Erkek Kuaförü,+905423351291,Kuaför / Berber
Orhan bilgili berber,+905387973394,Kuaför / Berber
Kral Erkek Kuaförü,+905523308801,Kuaför / Berber
Sever Erkek Kuaförü,+905352119457,Kuaför / Berber
Asil Erkek kuaförü,+902165231490,Kuaför / Berber
Enes Polat Erkek Kuaförü,+905342642202,Kuaför / Berber
Berber Serdar,+905301536531,Kuaför / Berber
Ekol erkek kuaförü,+905537043604,Kuaför / Berber
MuratErkekKuaforu,+905325238715,Kuaför / Berber
Meroza Erkek Kuaförü,+905427223773,Kuaför / Berber
Hasan & Şenol Barber’s,+905312055288,Kuaför / Berber
Ardasa Erkek Kuaförü - Fatih,+905464293429,Kuaför / Berber
Kent Erkek Kuaförü,+905374360108,Kuaför / Berber
Saloon Mehmet Kuşçul,+905352131903,Kuaför / Berber
İstasyon Erkek Kuaförü,+905331530837,Kuaför / Berber
Can Erkek Kuaförü,+905366797500,Kuaför / Berber
MFA Erkek Kuaförü,+905347997528,Kuaför / Berber
Naturel Erkek Kuaförü,+905363535608,Kuaför / Berber
Aktaş Erkek Kuaförü,+905364523857,Kuaför / Berber
Berber Mehmet Çelik,+905355051537,Kuaför / Berber
Erkek koaförü,+905368414513,Kuaför / Berber
Hair Exen prive erkek bakım merkezi,+905336434257,Kuaför / Berber
Barber Şükrü,+905389374815,Kuaför / Berber
Bekaroğlu Erkek Kuaförü,+905466744391,Kuaför / Berber
Kardeşler Erkek Kuaförü,+905076805197,Kuaför / Berber
Berber Savaş - Savaş Gölal,+905446572820,Kuaför / Berber
Berber İdris Ercan,+905063254647,Kuaför / Berber
MUHARREM BİLEN HAIR ARTIST,+905387381528,Kuaför / Berber
Murat Erkek kuaförü 18,+905347661027,Kuaför / Berber
Koçak erkek kuaförü,+905362301931,Kuaför / Berber
CNGZ Erkek Kuaförü/Barber Shop,+905550340212,Kuaför / Berber
Berber Herif,+905327093168,Kuaför / Berber
Mehmet Hair Designer,+905303083131,Kuaför / Berber
BERBER ADEM,+905451215011,Kuaför / Berber
Şentürk Erkek Kuaförü,+905326747228,Kuaför / Berber
Kemal Erkek Kuaförü,+905446138259,Kuaför / Berber
Manolya Erkek Kuaförü,+902163280172,Kuaför / Berber
İstanbul'un en iyi berberi gökhan akansu tasarim erkek kuaförü,+905383040015,Kuaför / Berber
PAK-MEN KUAFÖR&BEAUTY,+905437249745,Güzellik Salonu
Gözde Erkek Kuaförü,+905331566062,Kuaför / Berber
BEKİR GENÇAL SAÇ TASARIM,+905349618564,Kuaför / Berber
Murat Erkek Kuaförü,+905372669306,Kuaför / Berber
NO66 erkek kuaförü,+905376982256,Kuaför / Berber
Salon Özer Erkek Kuaförü,+902165406488,Kuaför / Berber
Royal Erkek Kuaförü,+905382352399,Kuaför / Berber
Gürhan Erkek Kuaförü,+905454364344,Kuaför / Berber
Detay Erkek Kuaförü,+905076590336,Kuaför / Berber
Engin Aşık Erkek Kuaförü,+905531833387,Kuaför / Berber
Star Erkek Kuaförü,+905054274507,Kuaför / Berber
DAMAT Erkek Kuaförü,+905374825361,Kuaför / Berber
Hikmet Erkek Kuaförü,+905367336858,Kuaför / Berber
Salon Fırat Erkek Kuaförü,+905356269348,Kuaför / Berber
Erkek Kuaförü Abdullah,+905335006727,Kuaför / Berber
ÖZGEN ERKEK KUAFÖR,+905425423684,Kuaför / Berber
Fatih Kul Erkek Kuaförü,+905466202436,Kuaför / Berber
Özen Erkek Kuaförü,+905365801614,Kuaför / Berber
Oğuz Erkek Kuaförü,+905399450636,Kuaför / Berber
Kuaför Muhammet (‏حلاق رجالي ‏ونساء صالون نور الرحمن),+905385849944,Güzellik Salonu
Tuğba Karakuş Güzellik,+905393090190,Güzellik Salonu
ANGEL'S BEAUTY,+905454589845,Güzellik Salonu
White Beauty Ümraniye,+905061684797,Güzellik Salonu
Alexandrite Lazer Epilasyon Cihazı,+902165054006,Güzellik Salonu
Selin Alişir Güzellik ve Bakım Salonu,+905010485262,Güzellik Salonu
Senamoni Beauty By Gülşen Er,+905078685872,Güzellik Salonu
Uzm. Emel DEMİR İğneli Epilasyon Merkezi,+905321202160,Güzellik Salonu
Begonya Güzellik,+905414776328,Güzellik Salonu
Yağmur Aytekin Head Spa & Skincare,+905515173458,Güzellik Salonu
Piaderma Güzellik,+905527845514,Güzellik Salonu
GÜLHAN ÇELİK BEAUTY,+905524630485,Güzellik Salonu
Merihe Beauty,+905326994469,Güzellik Salonu
Sudem Beauty Clup,+905467690305,Güzellik Salonu
Beauty Boss Şerifali,+905068457065,Güzellik Salonu
Güneşim Güzellik Salonu,+902165948969,Güzellik Salonu
GÜLCAN COŞKUN BEAUTY,+905447668081,Güzellik Salonu
Songül Artuç Beauty,+905058861323,Güzellik Salonu
Ayfer Aydın Güzellik Merkezi,+905383687805,Güzellik Salonu
Dilek Şahin Beauty Turkey,+902165145800,Güzellik Salonu
GK Rose Moon Güzellik Salonu,+905305878220,Güzellik Salonu
İpekçe Güzellik,+905352999826,Güzellik Salonu
Bilge Ağış Kuaför& güzellik,+905304573376,Güzellik Salonu
Protez Tırnak - Jel Tırnak Ümraniye,+905431007242,Güzellik Salonu
NALİN GÜLTEN BEAUTY BAR,+905323945036,Güzellik Salonu
Elabeauty Ümraniye,+905060302317,Güzellik Salonu
Ticay Yılmaz Güzellik Salonu,+902163296353,Güzellik Salonu
Fatma Sümer Nail & Beauty,+905325986987,Güzellik Salonu
Tırnak perisi,+905380300656,Güzellik Salonu
Hayalbeauty,+905386119943,Güzellik Salonu
LİLA BEAUTY,+905319823789,Güzellik Salonu
Ala Beauté Club,+905330255366,Kuaför / Berber
Seva Kuaför,+905529482056,Kuaför / Berber
Mehmet Tatlı Finanskent,+902163052424,Kuaför / Berber
Smart Kuaför,+902164664060,Kuaför / Berber
Ayn-i Şah Studio bayan kuaförü,+905530832976,Kuaför / Berber
Aselya Bayan Kuaför,+905346050506,Kuaför / Berber
Samet Bağdat Kuaför,+905321712834,Kuaför / Berber
Yasemin Evis studio,+905309237695,Kuaför / Berber
Murat Tunçel Kuaför,+902169995969,Kuaför / Berber
NZ HAİR BEAUTY,+905336994352,Güzellik Salonu
KD SAÇ TASARIM SALONU,+905448749226,Kuaför / Berber
Coiffeur Nermin Aydın,+905369582403,Kuaför / Berber
Dilek Çınar Saç Türban Make up Beautiful Salon Stütyo,+905070274056,Kuaför / Berber
SİS Kuaför,+905352434002,Kuaför / Berber
Mr. Yaşar Kuaför,+905343582505,Kuaför / Berber
Emrah Yıldırım star sac tasarim,+902165058815,Kuaför / Berber
HD KUAFÖR,+905066970806,Kuaför / Berber
Magic station hair makeup,+902165340921,Güzellik Salonu
Salon ES Kuaför ve Güzellik Merkezi,+905304649599,Güzellik Salonu
Salon H&S,+902165051463,Kuaför / Berber
Canan Kuaför Salonu,+905534801116,Kuaför / Berber
Dilruba moda evi,+905313835253,Diğer (Sağlık & Bakım)
Kuaför Mehmet&Dilek,+902163284808,Kuaför / Berber
Point Plus,+905466893424,Kuaför / Berber
betül doğan studio,+905431577353,Kuaför / Berber
SAÇ KAYNAK MERKEZİ KUAFÖR ÖZCAN,+905398869110,Kuaför / Berber
Mek Hair Design Buyaka AVM,+902167718282,Kuaför / Berber
Özlem Kuaför,+905541533553,Kuaför / Berber
Elit saç tasarım,+905443353438,Kuaför / Berber
Luna Bayan Kuaförü,+902164125090,Kuaför / Berber
Aral Moda – Ümraniye Gelinlik & Abiye Mağazası,+905302232848,Diğer (Sağlık & Bakım)
MS Kuaför Murat,+902163284355,Kuaför / Berber
Pırlanta Moda Evi,+905464213395,Diğer (Sağlık & Bakım)
VADİ BAYAN KUAFÖRÜ,+905408815757,Kuaför / Berber
Yk Yaprak Karademir Nail Room Kuaför,+905365796017,Güzellik Salonu
Çınar bayan kuaförü,+905323323858,Kuaför / Berber
Ümraniye Cilt Bakım Merkezi - TUANNA,+905524673932,Güzellik Salonu
No:29 Hair Design,+902165947173,Kuaför / Berber
Rose Hair Spa,+905359407877,Güzellik Salonu
Salon Meltem Selçuk,+902165945616,Kuaför / Berber
Salon Gülen,+902162660313,Kuaför / Berber
Salon Siesta,+902165945134,Kuaför / Berber
Davut Kalkavan Hair Studio,+905339345153,Kuaför / Berber
Ghost Saç Kaynak Merkezi,+905426885857,Kuaför / Berber
Cessas Kuaför,+905337163878,Kuaför / Berber
Mez Saç tasarım,+905469463551,Kuaför / Berber
Salon Alâ HairMakeUp,+902166501907,Güzellik Salonu
İbrahim Hair Studio,+905313346101,Kuaför / Berber
HAKAN HAİR DESİNG,+905413830412,Kuaför / Berber
London Hair Expert Bayan Kuaför,+902166292028,Kuaför / Berber
Akgul Hair Care and Beauty,+44 7761 246003,Güzellik Salonu
Salon Karm,+905452739367,Kuaför / Berber
İnci Peruk,+905302522524,Kuaför / Berber
Volkan Kuaför,+905413495261,Kuaför / Berber
SUKARS GROW HAIR,+905397243188,Kuaför / Berber
Hair World Güzellik Salonu & Kuaför,+902165202145,Güzellik Salonu
Kuaför Ay,+905357419372,Kuaför / Berber
Ulaş Kuaför,+905346136254,Kuaför / Berber
Vadi Saç Tasarım,+902166122865,Kuaför / Berber
Furkan Saç Tasarım,+905344851436,Kuaför / Berber
Queen saç tasarım,+905443325541,Kuaför / Berber
Vedat Boz Saç Tasarım,+902165235095,Kuaför / Berber
Kuaför Recep Aktaş Saç Tasarım,+905530484067,Kuaför / Berber
Fabere Saç Tasarım,+905545020437,Kuaför / Berber
Neziha Kaya Türban Tasarım Makeup Studio,+905441879458,Güzellik Salonu
Ebru Öztel,+905424613278,Kuaför / Berber
Sezer koyun saç tasarım,+905346404725,Güzellik Salonu
Kuaförüm alis,+905455363476,Kuaför / Berber
Arı saç tasarım,+905389354487,Kuaför / Berber
Duygu Saç Tasarım,+905357280612,Kuaför / Berber
Sevil Ay Moda Tasarım & Bayan Kuaförü,+902165402240,Kuaför / Berber
Cansu Güzellik & Beauty,+905059169393,Güzellik Salonu
Saç Tasarim Tiraşcim Erkek Kuaföru,+905325875712,Kuaför / Berber
SH Saç Makyaj Tasarım Stüdyosu,+902164614868,Güzellik Salonu
Happy Mirror,+902166001818,Kuaför / Berber
By Saloon Erkam Saç Tasarım - Erkek Kuaförü,+905333167914,Kuaför / Berber
Oben Kuaför,+902163259784,Kuaför / Berber
ALTIN ORAN KAŞ TASARIM MERKEZİ,+905344626497,Güzellik Salonu
İlda saç tasarım manikür pedikür evi,+905399309028,Güzellik Salonu
Gülşah Çiçek Make Up Studio,+905013386329,Güzellik Salonu
Boss Kuaför,+905439153474,Güzellik Salonu
Arya Bektaş Ümraniye,+905446390918,Güzellik Salonu
HairCheff Bünyamin & Oğuz,+902164660610,Kuaför / Berber
İbrahim Yaşıt Haır Artıst (Erkek Kuaförü'Berber),+905347020749,Kuaför / Berber
Sultan Kuaför,+905074054246,Kuaför / Berber
Rıfat Akgül Saç Tasarım,+902163280031,Kuaför / Berber
Hola Nail Studio,+905306148368,Güzellik Salonu
GreenFoot Ayak Bakım,+905518350568,Kuaför / Berber
Anjela Nails Beauty,+905369743085,Güzellik Salonu
ÜLKÜ GÜVEN NAİL ART,+905388840334,Güzellik Salonu
Gulsaherbeauty,+905331604189,Güzellik Salonu
Sare Kayan Nail Studio,+905523022261,Güzellik Salonu
Elif Aygün Beauty,+905546742849,Güzellik Salonu
By reyhan coşkun beauty,+905332841124,Güzellik Salonu
FTM Beauty Studio,+905364026291,Güzellik Salonu
Gönül Kayar Beauty Studio,+902164618177,Güzellik Salonu
Vera Beauty,+905336135277,Güzellik Salonu
La’Yeva beauty studio,+905451083456,Güzellik Salonu
Gözde gülümsel beauty,+905372435382,Güzellik Salonu
Ümraniye Güzellik Uzmanlığı ve Estetisyenlik Kursu,+902122316586,Güzellik Salonu
Fumée beauté,+905449459555,Güzellik Salonu
Doğan Tarhan Kuaför Salonları,+902165109959,Kuaför / Berber
HairMirror Kuaför Nev Çarşı,+905557524601,Kuaför / Berber
Esteworld Beyaz Köşk | Medikal Estetik | Saç Ekimi | Plastik Cerrahi | Diş Estetiği,+902164744499,Diş Kliniği
Cindy Güzellik,+902165456920,Güzellik Salonu
Show Kuaför Selçuk,+902163434056,Kuaför / Berber
Caka Bayan Kuaförü,+905558803207,Güzellik Salonu
M&S Kuaför,+905300857534,Kuaför / Berber
IBRAHIM UYSAL BAYAN KUAFORU,+905438193529,Kuaför / Berber
Tuğba bayan kuaförü,+905348793123,Kuaför / Berber
İrem Bayan Kuaförü,+902166725560,Kuaför / Berber
Yiğit Bayan Kuaförü,+905372882507,Kuaför / Berber
Naturel Bayan Kuaförü,+902164818755,Kuaför / Berber
Hiva Bayan Kuaförü,+902163257227,Kuaför / Berber
Yüksel Bayan Kuaförü,+902163210066,Kuaför / Berber
Berfin Kuaför,+902163425007,Kuaför / Berber
Süreyya Bayan Kuaförü,+902164625286,Kuaför / Berber
Tugba Bal Bayan Kuaförü,+902164601071,Kuaför / Berber
AYDORA KUAFÖR,+905523445952,Kuaför / Berber
S&M Güzellik Salonu,+902165321702,Güzellik Salonu
HAIR KEEY BAYAN KUAFÖRÜ,+905325425339,Kuaför / Berber
MERT UTAN BAYAN KUAFÖRÜ,+905321756259,Kuaför / Berber
Işıltı Bayan Kuaförü,+902165323996,Kuaför / Berber
Bayan Kuaförü,+902165056265,Kuaför / Berber
LİBADİYE DEGİŞİM BAYAN KUAFÖRÜ,+905432700511,Güzellik Salonu
Destiny Kuaför,+905355502020,Kuaför / Berber
Karizma Bayan Kuaförü Nurcan,+902163181461,Kuaför / Berber
For Kids Hair - Emaar AVM,+902165101096,Kuaför / Berber
For Kids Hair - Akasya AVM,+902166293637,Kuaför / Berber
Yıldız Kuaför,+902164928854,Kuaför / Berber
Aşkın Kuaför,+902163085467,Kuaför / Berber
İLTER SAÇ TASARIM,+905424914884,Kuaför / Berber
Oğuz Yalçın kuaför&saç tasarım,+902163210030,Kuaför / Berber
Uğurlu Bayan Kuaförü,+902164126127,Kuaför / Berber
Delgiorno bayan kuaförü,+905532230319,Güzellik Salonu
Şafak Bayan Kuaförü,+905327728742,Kuaför / Berber
Kuaför Cabir,+902164747614,Kuaför / Berber
Mas Kuaför,+905326270282,Kuaför / Berber
Kuaför Candoğan,+902163271250,Kuaför / Berber
UĞUR UĞURLU BAY & BAYAN KUAFÖRÜ - HAIR DESIGN,+902166508881,Kuaför / Berber
Trio Kuaför - Akasya AVM,+902165104272,Güzellik Salonu
Platin Kuaför,+902163177052,Kuaför / Berber
Yakup Yıldırım Kuaför,+902163081309,Kuaför / Berber
Ali kervan bayan kuaförü,+905424654926,Kuaför / Berber
Yasin Erkek Kuaförü,+905349441413,Kuaför / Berber
Barber Shop,+905322853935,Kuaför / Berber
Barber Selçuk YAVUZ,+905438900311,Kuaför / Berber
Ercanberber,+905535955953,Kuaför / Berber
Stil Berber,+905424224988,Kuaför / Berber
BARBER SHOP,+902163184043,Kuaför / Berber
İzzet Aktan Hair Design,+905379165524,Kuaför / Berber
Erdem Yılmaz Erkek Kuaförü,+905078168097,Kuaför / Berber
Hair art by isa,+905413785261,Kuaför / Berber
The Barber,+905374946087,Kuaför / Berber
Sinan Erkek Kuaförü,+905533860000,Kuaför / Berber
Ayhan Erkek Kuaförü,+905327257927,Kuaför / Berber
Craft Erkek kuaförü Solarium,+902164957672,Kuaför / Berber
İmaj Erkek Kuaförü,+905462487359,Kuaför / Berber
Berber Azizim,+905542330968,Kuaför / Berber
Ayene Barber's,+902163912988,Kuaför / Berber
Stil Erkek Kuaförü,+905383068426,Kuaför / Berber
BARBAR H.D erkek kuaförü,+905427215355,Kuaför / Berber
Berber İsmet,+902163428678,Kuaför / Berber
Prestij Berber Shop,+905462951977,Kuaför / Berber
Erkek Kuaförü Adem Kesgin,+905435793721,Kuaför / Berber
By.Barışkaya,+905443249446,Kuaför / Berber
Erkek Kuaförü Muhammet Toprak,+905389789403,Kuaför / Berber
BERBER'M Hüseyin İLKER,+905346013399,Kuaför / Berber
BERBER ACIBADEM,+905327617083,Kuaför / Berber
Berber Mehmet-Yusuf,+905321361982,Kuaför / Berber
Akyüz Erkek Kuaförü,+905062923939,Kuaför / Berber
Nostalji Erkek Kuaför,+905372372679,Kuaför / Berber
020234,+905346986228,Kuaför / Berber
Salon Papyon Erkek Kuaförü,+905324001987,Kuaför / Berber
Özçelik Berber Salonu,+905345562727,Kuaför / Berber
Berber Club Hair designer,+905400562019,Kuaför / Berber
Enver Nerse Kuaför,+905383567180,Kuaför / Berber
The Barber's - Erkek Kuaför - Berber,+905398505314,Kuaför / Berber
Asım Azder Erkek Kuaförü,+905313030853,Kuaför / Berber
Tunay berber Acıbadem,+905380929129,Kuaför / Berber
Fulya Erkek Kuaförü,+905465894690,Kuaför / Berber
Cemil Erkek Kuaförü,+905467446552,Kuaför / Berber
Bay Kuaför,+905534844775,Kuaför / Berber
Orhan&Murat Berber,+905075167070,Kuaför / Berber
Salon Art'e Soner Şen Erkek Kuaförü,+905062625974,Kuaför / Berber
King Kuaför,+905304286502,Kuaför / Berber
Rıfat Berber,+905435001545,Kuaför / Berber
BERBER ŞAHİN,+905355928202,Kuaför / Berber
Tuba Abla Güvercin Çocuk Kuaförü,+905322013119,Kuaför / Berber
BerberEfecanBakar,+905398788290,Kuaför / Berber
Kılıç Erkek Kuaförü,+905543393435,Kuaför / Berber
Ersan Ünal Berber Dükkanı,+905428161189,Kuaför / Berber
Mustafa & Ertan Bay Kuaför,+902163271818,Kuaför / Berber
KENAN YILDIRIM ERKEK KUAFÖRÜ,+905343870808,Kuaför / Berber
Barber Fatih,+905316243216,Kuaför / Berber
GüVen Erkek KuaföRü,+902164923793,Kuaför / Berber
Coiffure Birol Ünlü,+905435439831,Kuaför / Berber
Kemal Erkek Kuaförü,+905336150266,Kuaför / Berber
Nilgün Berber,+905326569111,Kuaför / Berber
Kardeşler Erkek Kuaförü,+905357377568,Kuaför / Berber
Kuaför. Sinan Adem,+905353672014,Kuaför / Berber
Volkan Erkek Kuaförü,+905438126950,Kuaför / Berber
ÜSKÜDAR ERKEK KUAFÖRÜ,+905322063760,Kuaför / Berber
FATIH ERKEK KUAFÖRÜ ACIBADEM,+905332253190,Kuaför / Berber
Berber İstanbul,+905314909896,Kuaför / Berber
Menekşe Erkek Kuaför Salonu,+902163343976,Kuaför / Berber
Uğur Ölmez Erkek Berberi,+905302363588,Kuaför / Berber
Beyefendi Berber,+905313370253,Kuaför / Berber
Seyit Aksu Hair Design,+905358710686,Kuaför / Berber
Recep Ferah,+905323670953,Kuaför / Berber
Emir Erkek Kuaförü,+905383516006,Kuaför / Berber
Bay Kuaför Mustafa ve Seyit,+902165322366,Kuaför / Berber
As Erkek Kuaförü,+905523288525,Kuaför / Berber
Aytek Dede Barber Shop,+905426016999,Kuaför / Berber
Saloon Yağız Aydın,+905419189792,Kuaför / Berber
İki Berber,+905304171927,Kuaför / Berber
Korkmaz berber,+905326635760,Kuaför / Berber
Gül Erkek Kuaförü,+905369561926,Kuaför / Berber
Harun Erkek Kuaforu,+905345823489,Kuaför / Berber
GÖKSEL ERKEK KUAFÖRÜ,+905465103467,Kuaför / Berber
Molivs Erkek Kuaförü,+905552048588,Kuaför / Berber
KADİR ERKEK KUAFÖRÜ,+905301228437,Kuaför / Berber
Bello Erkek Kuaförü,+905412732353,Kuaför / Berber
EROL Erkek Kuaförü,+905367650241,Kuaför / Berber
Kardeşler Erkek Kuaförü,+902163100260,Kuaför / Berber
Başar Erkek Kuaförü,+905302254748,Kuaför / Berber
Mutlu Erkek Kuaför,+905557058538,Kuaför / Berber
Selam Erkek Kuaförü,+902168805040,Kuaför / Berber
Yıldızeli Erkek Kuaförü,+902164953634,Kuaför / Berber
ZAFER KÖSE ERKEK KUAFÖRÜ,+905326955948,Kuaför / Berber
Marmaray Erkek Kuaförü,+905445619053,Kuaför / Berber
Salon Yakamoz Erkek Kuaförü,+905323838116,Kuaför / Berber
BİG BOSS ERKEK KUAFÖRÜ,+905438509588,Kuaför / Berber
Hasan & Muharrem Erkek Kuaförü,+905375950969,Kuaför / Berber
DAMAT BEY ERKEK KUAFÖRÜ (İbrahim AKTAN),+905323169701,Kuaför / Berber
SALON SEZGİN ERKEK KUAFÖRÜ,+905382302098,Kuaför / Berber
Vizyon erkek kuaforu,+905541340930,Kuaför / Berber
Salon Mk Erkek Kuaförü,+905355574435,Kuaför / Berber
Çamlıca Erkek Kuaförü,+905337797595,Kuaför / Berber
Erkan Çoban Hair Design Erkek Kuaför,+905347999798,Kuaför / Berber
Tuana Erkek Kuaförü,+902165577457,Kuaför / Berber
Stil Erkek Kuaförü,+905384197976,Kuaför / Berber
Hayrullah Erkek Kuaförü & CİLT SAÇ BAKIM,+905325644477,Güzellik Salonu
K & H Erkek Kuaförü,+905353566112,Kuaför / Berber
Çağrı Erkek Kuaförü,+902164956932,Kuaför / Berber
Avşar Kardeşler Erkek Kuaförü,+905354637308,Kuaför / Berber
Erkek berberi,+905346643790,Kuaför / Berber
Levent Erkek Kuaförü,+905332563240,Kuaför / Berber
Güven Erkek Kuaförü,+905374496626,Kuaför / Berber
Ersin & Erdoğan Erkek Kuaförü,+905342341852,Kuaför / Berber
Bello erkek kuaförü,+908509399734,Kuaför / Berber
Hasan Erkek Kuaför,+905357703328,Kuaför / Berber
Kes Traşı Erkek Kuaförü,+905392999498,Kuaför / Berber
ERKEK KUAFÖRÜ MUSTAFA,+905336975785,Kuaför / Berber
Çağrı Erkek Kuaförü,+902163917257,Kuaför / Berber
Master Body & Mind | Güzellik Merkezi,+905331272017,Güzellik Salonu
PK Med Güzellik ve Bakım,+905422084878,Güzellik Salonu
Suna Dumankaya Çamlıca,+905339202488,Güzellik Salonu
D İ E S Çamlıca Beauty&Coiffeur,+905400013053,Güzellik Salonu
Lilla Skin Professionals,+905491642000,Güzellik Salonu
Beauty Concept by BT,+905011088400,Güzellik Salonu
Es Güzellik & Kişisel Bakım Salonu,+902162510893,Güzellik Salonu
MEKADERM,+905365702891,Güzellik Salonu
"Serap Çınar Acıbadem | Kaş Silme, Kaş Vitamini",+905071297022,Güzellik Salonu
Magic Lash Türkiye,+905431630170,Güzellik Salonu
ES Güzellik Spa,+902165192847,Güzellik Salonu
TUĞÇE FAZLIOĞLU NAIL & BEAUTY,+905530912112,Güzellik Salonu
Sun Vital Çengelköy,+902164225411,Kuaför / Berber
Sarya Güzellik Merkezi,+905446874002,Güzellik Salonu
Phibrows Demet Özdemir,+902165191181,Güzellik Salonu
E Medikal A.Ş.,+905061117714,Güzellik Salonu
MİCAKOZMETİK,+905536419646,Güzellik Salonu
Elloy Bay Bayan Güzellik Salonu,+905387397756,Güzellik Salonu
Flamingo Aesthetic & Healthcare Services,+905452604080,Güzellik Salonu
Sanem Elif Kuaför & Güzellik Merkezi,+902163182606,Güzellik Salonu
CİLT BAKIMI,+902166061123,Güzellik Salonu
J’adore Nail Beauty,+905013330124,Güzellik Salonu
Yasemin güzellik,+905346028292,Güzellik Salonu
Libadiye Güzellik Salonu,+902163295965,Güzellik Salonu
Bürümlü Beauty,+905444838390,Güzellik Salonu
Huzur Estetik İstanbul Lazer Epilasyon,+905050755979,Güzellik Salonu
Mustbeauty.emaar,+905528155132,Güzellik Salonu
Benefit Cosmetics,+902162757921,Güzellik Salonu
LUA BELLA GÜZELLİK & SOLARYUM,+905455803030,Güzellik Salonu
DUYGU ÖNAL GÜZELLİK MERKEZİ,+905447852645,Güzellik Salonu
Orcem Medikal,+902164613134,Güzellik Salonu
Estecool Üsküdar,+905330202427,Güzellik Salonu
İLU Nail Art Stüdyo,+905057738458,Güzellik Salonu
Brown Hair House,+905015510409,Kuaför / Berber
Glow Hair Emaar Avm,+902167553499,Kuaför / Berber
Hair Star's Coiffuer,+905461303431,Kuaför / Berber
Gökhan Topçu Hair Studio,+905521882030,Kuaför / Berber
Naıl Hair Standard,+908504800025,Güzellik Salonu
520 VIA STUDIO,+905534211561,Kuaför / Berber
Garage Hair Repair Studio Acıbadem,+905382074277,Kuaför / Berber
Emre Kara Hair Studio,+905355633558,Kuaför / Berber
Hair Master’s Acıbadem,+905301797445,Kuaför / Berber
Hair Designer Bay & Bayan Güzellik Salonu,+902163328283,Güzellik Salonu
YUNUS ÇİÇEK SAÇ&SANAT,+902163325321,Kuaför / Berber
Hello Beauty Kuaför,+905305162536,Güzellik Salonu
İZZ KUAFÖR BULGURLU,+902163285040,Kuaför / Berber
Atıl Akkaya Saç Tasarım,+902164862977,Kuaför / Berber
Ümit Özay Saç Tasarım,+902165457026,Kuaför / Berber
SALİH GÜNER SAÇ TASARIM,+902163297657,Kuaför / Berber
Fatih GÜLER Saç Tasarım,+905515231992,Kuaför / Berber
San Design Coiffour Emarr,+902163247034,Kuaför / Berber
Onur Kurt kuaför,+902163276198,Kuaför / Berber
F & M SAÇ TASARIM,+902163392514,Kuaför / Berber
Oya Ertan Güzellik & Saç Tasarım,+902163185133,Güzellik Salonu
Yd Saç Tasarım Merkezi,+902163919160,Kuaför / Berber
Ustam Saç Tasarım,+905541566722,Kuaför / Berber
FENICE - Nail Art - Acıbadem,+905313674640,Güzellik Salonu
Namira Luxe Nails,+905325762207,Güzellik Salonu
Sukhazon Nail Studio,+905458710445,Güzellik Salonu
Sisters’ Nail,+905468747837,Güzellik Salonu
ROSE Manikür Pedikür ve Güzellik Salonu,+905372472772,Güzellik Salonu
Nail Art studio bycidem.nailart.studio,+905521293808,Güzellik Salonu
Nail Studio Çengelköy,+905321380494,Güzellik Salonu
Gizem Güzel Nail & Beauty,+905452525834,Güzellik Salonu
Feyzanur Nail Art,+905347087814,Güzellik Salonu
Lady Beauty Nails,+905533331141,Güzellik Salonu
manikür pedikür evi,+902165329566,Kuaför / Berber
Berna nails,+905417100069,Güzellik Salonu
Saç Tiyatrosu,+902164747965,Kuaför / Berber
Dilan&İlknur Kuaför,+905359824564,Kuaför / Berber
Bolat Hair Studio kuaför,+905325087228,Kuaför / Berber
Flow kuaför,+905318655815,Kuaför / Berber
ES emrah&sultan,+905061089451,Kuaför / Berber
Muhammet Topal Kuaför,+902165570434,Kuaför / Berber
Rose Queen Gül ÇAKMAK,+902165041588,Kuaför / Berber
Villayuda Kuaför Bağlarbaşı,+905327130076,Kuaför / Berber
Nous kuaför,+905529450079,Kuaför / Berber
Yasemin Ayaz,+902164814341,Kuaför / Berber
Neşe Düğün Sarayı,+902164747771,Kuaför / Berber
Zahir Dağyeli,+905300846904,Kuaför / Berber
Gönül Dalgın,+905346038838,Kuaför / Berber
Adil ve Erdal Kuaför,+905324263278,Kuaför / Berber
Dilamed Sultanbeyli Gelin Hazırlık Merkezi,+905455070219,Kuaför / Berber
B&E güzellik salonu,+905524773418,Güzellik Salonu
Armonia Davet ÇAMLICA & PANORAMA,+905077511703,Kuaför / Berber
Elegant Kuaför Üsküdar (Bay-Bayan Kuaför),+905068316699,Kuaför / Berber
Revita Beauty Sancaktepe,+905016591047,Güzellik Salonu
Lucca Beauty Bar,+905330271434,Güzellik Salonu
Eva Nail Bar | Güzellik Salonu,+905059448738,Güzellik Salonu
Müge Nail Beauty Bar,+905531969043,Güzellik Salonu
Hülya Özkan Beauty House,+905421177292,Güzellik Salonu
Cocoje Beauty,+905308149084,Güzellik Salonu
Lotus Beauty,+905330211451,Güzellik Salonu
SEVGİ KAYA BEAUTY CENTER,+905070414085,Güzellik Salonu
BE'Academy Sancaktepe,+905547404178,Güzellik Salonu
Elif Bingöl Beauty,+905317298298,Güzellik Salonu
Ezgi Beauty Center,+905305401381,Güzellik Salonu
Burçin Aydınalp Beauty,+902167592024,Güzellik Salonu
Adel Beauty,+905317907704,Güzellik Salonu
Gonca Şahin Beauty,+905392198631,Güzellik Salonu
AYÇA COŞKUN BEAUTY,+905423852955,Güzellik Salonu
Esra düzenli bayan kuaförü,+905068508728,Kuaför / Berber
Nazar Bayan Kuaförü,+905384537972,Kuaför / Berber
M.R.S LONDON ÇAMSAN WORLD CLASS,+902165102763,Güzellik Salonu
İmaj Bayan Kuaför,+905398180128,Kuaför / Berber
CG Kadın Kuaförü,+905319613473,Kuaför / Berber
Filiz & Yeliz Güzellik Merkezi,+905555468193,Güzellik Salonu
FATMA AKKURT GÜZELLİK SALONU KUAFÖR,+905332670200,Güzellik Salonu
Mustafa Kaya Kuaför,+902163640368,Kuaför / Berber
Salon Şirin Onur Bayan Kuaförü,+902166217351,Kuaför / Berber
YASEMEN BAYAN KUAFÖRÜ,+905424631119,Kuaför / Berber
Saloon Green,+905397845476,Kuaför / Berber
Ora Anaslar Bayan Kuaförü,+902166209218,Kuaför / Berber
Arz Bay Bayan Kuaför Ve Güzellik Salonu,+905541804921,Güzellik Salonu
Ruj bayan kuaförü,+905455403008,Kuaför / Berber
Gökhan Gök Bay-Bayan Kuaför,+902166210666,Kuaför / Berber
Samandıra Hair World,+905385212221,Kuaför / Berber
Kuaför Ceylan,+905443243268,Kuaför / Berber
Gizem Ayata Kuaför Salonu,+905388840656,Kuaför / Berber
Destiny bayan kuaförü,+905347401426,Kuaför / Berber
Salon Ümit Keser 2 Bayan Kuaförü,+905301090150,Kuaför / Berber
Salon ibrahim Dağ,+905538131414,Kuaför / Berber
Saliha Bayan Kuaförü,+905333665274,Kuaför / Berber
The Daisy Coiffeur Bayan Kuaför,+905464827104,Kuaför / Berber
Şükran Bayan Kuaförü,+905366752221,Kuaför / Berber
İz bayan kuaförü,+905385028630,Güzellik Salonu
IŞIL KUAFÖR & GÜZELLİK MERKEZİ,+905389148913,Güzellik Salonu
Mystudiokuforr,+905336540128,Kuaför / Berber
MİMOZA bayan Kuaförü,+905436579585,Kuaför / Berber
Karizma Erkek Kuaförü,+905359237356,Kuaför / Berber
BERBER STÜDYO BY FUAT ERYILMAZ,+905458553460,Kuaför / Berber
Haluk Hair Design,+905347627870,Kuaför / Berber
Berber Fatih Karakaya,+905397281057,Kuaför / Berber
Metehan Arıcan Berber Salonu,+905374848248,Kuaför / Berber
Gökhan POLAT İmage Maker,+905336094107,Kuaför / Berber
Samet Kantar BarberShop,+905457603273,Kuaför / Berber
Musa sarısoy hair artist,+905349322902,Kuaför / Berber
Salon Alp Erkek Kuaförü,+905397731567,Kuaför / Berber
Best Erkek Kuaförü,+905342199546,Kuaför / Berber
Ömer Faruk Haır Artıst,+905454600220,Kuaför / Berber
İbrahim Taştaban Hair Studio,+905317428612,Kuaför / Berber
Mert Erkek Kuaförü,+905325150573,Kuaför / Berber
Erkek Kuaförü Salon Çaçan,+905449220719,Kuaför / Berber
Sultan 2 Erkek Kuaförü,+905334882485,Kuaför / Berber
Trio Barber Berber,+905522846426,Kuaför / Berber
SALON MEHMET GÜL,+905378425693,Kuaför / Berber
Berber Katip,+905343792361,Kuaför / Berber
Kuaför Orhan,+905411093473,Kuaför / Berber
İstanbul Erkek Kuaförü,+905325080467,Kuaför / Berber
Özgür ÖZTÜRK (Erkek kuaförü/Berber),+905522489191,Kuaför / Berber
SALOON YILMAZ,+905325131552,Kuaför / Berber
SALON ÖZKANLAR,+905389826529,Kuaför / Berber
Menderes Erkek Kuaförü,+905331427036,Kuaför / Berber
SERHAT ŞAHİN IMAGE MAKER (Erkek berberi),+905540116164,Kuaför / Berber
Saloon Levent Ülker,+905393975736,Kuaför / Berber
Kuaför Osman,+905384122852,Kuaför / Berber
LİON HAİR STUDİO,+905352219455,Kuaför / Berber
Kuaför Doğukan,+905359646233,Kuaför / Berber
M.Kurtini Erkek Kuaförü,+905359697415,Kuaför / Berber
Salon 58 Erkek Kuaförü,+905517033630,Kuaför / Berber
Yusuf Erkek Kuaförü,+905370320006,Kuaför / Berber
Kuaför Volkan,+905369887205,Kuaför / Berber
Efsane Erkek Kuaförü,+905337314337,Kuaför / Berber
Harbi Kuaför,+905072976942,Kuaför / Berber
kuaför murat,+905418188102,Kuaför / Berber
ATA KUAFÖR SAMANDIRA✂️✂️✂️✂️,+905376638405,Kuaför / Berber
Berberim,+905510766173,Kuaför / Berber
Salon ümit,+905389899292,Kuaför / Berber
Onur Erkek Kuaforu,+905383292256,Kuaför / Berber
Salon Çelik Erkek Kuaförü,+905352450456,Kuaför / Berber
AHMET ALBAYRAK ERKEK KUAFÖRÜ,+905550444391,Kuaför / Berber
JAP10 BARBER,+905348706018,Kuaför / Berber
Onur Bay Kuaför,+905380534503,Kuaför / Berber
Salon serkan,+905446129083,Kuaför / Berber
Ferat ileşmek erkek kuaförü,+905443419392,Kuaför / Berber
AR KUAFÖR,+905416699941,Kuaför / Berber
Mahir Erkek kuaförü,+905541669812,Kuaför / Berber
By Kuaförium,+905397148418,Kuaför / Berber
Kuaför Metin,+905376791595,Kuaför / Berber
Figaro Erkek Kuaförü,+905344201073,Kuaför / Berber
Güneş Erkek Kuaförü,+905378768962,Kuaför / Berber
Pektaş Erkek Kuaförü,+905465718620,Kuaför / Berber
KADİR DUMAN erkek kuaförü,+905511281540,Kuaför / Berber
Saloon Doğukan,+905392684745,Kuaför / Berber
Halil İbrahim Erkek Kuaförü,+905312734276,Kuaför / Berber
Stil Erkek Kuaförü,+905428164327,Kuaför / Berber
SALON ERGÜN ERKEK KUAFÖRÜ,+905352136897,Kuaför / Berber
EC BERBER SALONU,+905320632456,Kuaför / Berber
Stil Atölyesi By Yusuf Akkuş,+905453743787,Kuaför / Berber
By Deniz Erkek Kuaförü,+905417610882,Kuaför / Berber
Dağhan erkek kuaförü,+905340240076,Kuaför / Berber
M&İ HAİR STUDIO,+905550073037,Kuaför / Berber
Ozan Erkek Kuaförü,+905388124928,Kuaför / Berber
Yakup erkek kuaforu,+905458634434,Kuaför / Berber
Kuaför Faruk,+905063091831,Kuaför / Berber
Efsane Erkek Kuaförü,+905337720968,Kuaför / Berber
Çetin yıldırım bay erkek kuaförü,+905384538404,Kuaför / Berber
Ahmet Ata kuaför,+905524805958,Kuaför / Berber
Moda Erkek Kuaförü,+905308916325,Kuaför / Berber
Salon Arzum,+902166218350,Kuaför / Berber
Turgut 2 Erkek Kuaförü,+905314222435,Kuaför / Berber
Yağız Erkek Kuaförü,+905459273457,Kuaför / Berber
Oktay Erkek Kuaförü,+905462954161,Kuaför / Berber
MAHİRCAN BOY ERKEK KUAFÖRÜ,+905372334705,Kuaför / Berber
Serhat Erkek Kuaförü,+905548158765,Kuaför / Berber
Ercan Erkek Kuaförü,+905359367113,Kuaför / Berber
İzz Erkek Kuaförü,+902166212135,Kuaför / Berber
Paslı Makas Erkek Kuaförü,+905528725025,Kuaför / Berber
Umut erkek kuaförü,+905423632143,Kuaför / Berber
Erol Erkek Kuaförü,+905378466237,Kuaför / Berber
ESMA DEMİR GÜZELLİK SALONU,+905058528044,Güzellik Salonu
Demet Beauty,+905337732247,Güzellik Salonu
DENİZ AKSOY GÜZELLİK MERKEZİ,+905545443412,Güzellik Salonu
Perladerma Güzellik,+905323091688,Güzellik Salonu
Hair Roza Madenler Kuaför Lazer Epilasyon,+905012097009,Güzellik Salonu
Gül Aksu güzellik salonu,+905307456058,Güzellik Salonu
Luvienne Beauty&Spa,+905427335607,Güzellik Salonu
Naild Studio,+905464099016,Güzellik Salonu
Liudmila Nail Studio,+905312677773,Güzellik Salonu
"Esma Demir ipek kirpik,microblading kaş,protez tırnak,",+905558208517,Güzellik Salonu
Salon Nima,+905386345267,Kuaför / Berber
Salon Cihan Buga,+905356271640,Kuaför / Berber
Burcu Şahin Makeup Studio,+905331502477,Güzellik Salonu
Yalçın Hair Studio,+905350546860,Kuaför / Berber
MERT CAN KALKAN HAİR STUDİO,+905070206850,Kuaför / Berber
MEK 845,+905078450845,Kuaför / Berber
S&N Kuaför,+905428437841,Kuaför / Berber
Abdullah Karanfil Kuaför,+905352808673,Kuaför / Berber
Reyhan özkan beauty,+905520149887,Güzellik Salonu
Uim Kuaför Hair Desing Studyo,+905056308646,Kuaför / Berber
Salon Serkan Çelikkan,+905376990905,Kuaför / Berber
Salon Hazalca,+905337809423,Kuaför / Berber
SALON SEMAZEN SAMANDIRA,+905303881435,Kuaför / Berber
Necla Kamış Kuaför & Güzellik Salonu,+905468570302,Güzellik Salonu
Sevgi Tektaş Bayan Kuaför,+905315039288,Kuaför / Berber
𝙏𝙃𝙀 𝘾𝙊𝙄𝙁𝙁𝙀𝙐𝙍 𝘾𝙀𝙉𝙏𝙀𝙍 KURTKÖY,+902164875834,Kuaför / Berber
Eylül Bayan Kuaförü ve Gelinlik,+905318195662,Kuaför / Berber
Hilal Tamer Kuaför ve Güzellik Salonu,+905551807018,Güzellik Salonu
Fatoş Bayan Kuaförü,+905449651798,Kuaför / Berber
Emre Kulaber - Trend Hair Salon,+902164870065,Kuaför / Berber
Efe Erkek Kuaförü,+905301567073,Kuaför / Berber
Kuafor Erkan,+905399123465,Kuaför / Berber
Arzum Kuaför Haşim & Hasan,+905512241683,Kuaför / Berber
Cihan Dal Barber’s Club,+905465383276,Kuaför / Berber
Kuaför salonu M&T,+905374377856,Kuaför / Berber
Elif İmzaoğlu Kuaför Salonu,+905366427100,Kuaför / Berber
Saloon Ergül Tuncel bayan kuaförü,+905512377173,Kuaför / Berber
Nev's World Güzellik Merkezi,+905312108585,Güzellik Salonu
Yasemin Aydoğdu Değişim Beslenme Ve Güzellik Salonu,+905321679166,Diyetisyen
ŞENAY BABAYİGİT GÜZELLİK MERKEZİ,+905340503205,Güzellik Salonu
ReNiss Güzellik Merkezi,+905415922878,Güzellik Salonu
Dermasiya Güzellik Merkezi - 2 (Samandıra Şube),+902165614555,Güzellik Salonu
Baran Arslan Hair Design & Care Center,+905541812725,Kuaför / Berber
Ala Davet ve Düğün Salonu,+905327220883,Kuaför / Berber
Salon Ataoğlu,+905427960036,Kuaför / Berber
SALON ANADOLU,+905068561185,Kuaför / Berber
Hair salon Şükrü ünce,+905438230676,Kuaför / Berber
Salon Divan,+902163112530,Kuaför / Berber
Levent akıncı unisex hair design,+905316362538,Kuaför / Berber
HAİR DESİNG HÜSRYİN TEMUR,+905364847936,Kuaför / Berber
Öztürk Düğün Sarayı,+905392159314,Kuaför / Berber
Özyiğit Düğün Salonu,+905346221515,Kuaför / Berber
Ercan&ipekoğlu kuaför,+905384797826,Kuaför / Berber
Mustafa demirci hair artist,+905446112837,Kuaför / Berber
GENTLEMEN’S BARBER SHOP,+905333207834,Kuaför / Berber
Rahmi İpek Barbershop,+905317051541,Kuaför / Berber
Kizilgün Saç Tasarim,+905310834730,Kuaför / Berber
Fuatbüyük sactasarım,+905332294941,Kuaför / Berber
Yusuf-cut studio,+905524958612,Kuaför / Berber
Çalımlar erkek kuaför,+905313209110,Kuaför / Berber
Yılmaz erkek kuaförü,+905544658851,Kuaför / Berber
Seven Kardeşler,+905543934431,Kuaför / Berber
Enis GÜNEY Hair Studio,+905343644710,Kuaför / Berber
Saloon Özgür Berber,+905377834036,Kuaför / Berber
Uğur Berber Salonu,+905432861896,Kuaför / Berber
ÖRNEK BERBER,+905415671668,Kuaför / Berber
Adem Erkek Kuaförü,+905388392714,Kuaför / Berber
Model erkek kuaförü,+905071941062,Kuaför / Berber
Demirbağ Erkek Kuaförü,+905365292197,Kuaför / Berber
Saloon alican yılmaz,+905519001344,Kuaför / Berber
Kuaför Hüseyin,+905531131634,Kuaför / Berber
Salon Öz Erkek kuaförü,+905526499127,Kuaför / Berber
Ünlü Saç Tasarım,+905384540302,Kuaför / Berber
Özdemir Kuaför,+905365989008,Kuaför / Berber
Class erkek kuaför salonu,+905393218654,Kuaför / Berber
Efe bey hair desing,+905349391825,Kuaför / Berber
Fatih Erkek Kuaförü,+905340563580,Kuaför / Berber
MUSA ŞAHİN BAY KUAFÖR,+905510241657,Kuaför / Berber
Bulut Erkek Kuaförü,+905537973636,Kuaför / Berber
Berber Cu&Ma,+905360351942,Kuaför / Berber
Sezgin Korkmaz,+905350241534,Kuaför / Berber
Berber İbrahim,+905379799261,Kuaför / Berber
Serkan Kelen Hair Studio,+905337291256,Kuaför / Berber
NEW STYLE BARBER SHOP,+905399166454,Kuaför / Berber
SALON EMİR,+905057649785,Kuaför / Berber
Yasin Yaşar Erkek Kuaförü,+905394049299,Kuaför / Berber
Ağırkan Erkek Kuaförü,+905356438726,Kuaför / Berber
Çamlık Berber Salonu,+905379269995,Kuaför / Berber
Öztürk Erkek Kuaförü,+905365106731,Kuaför / Berber
Kuaför Fatih,+905353569302,Kuaför / Berber
Cihan İmaj Kuaförü,+905367302836,Kuaför / Berber
Salon Gümüş,+905356061442,Kuaför / Berber
Gümüş erkek kuaförü,+905356685148,Kuaför / Berber
Kuaför Ali AKGÜL,+905444195030,Kuaför / Berber
KARDEŞLER ERKEK KUAFÖRÜ,+905423345589,Kuaför / Berber
Hilal Erkek Kuaförü,+905378191809,Kuaför / Berber
Emre Akdeniz Kuaför,+905421939949,Kuaför / Berber
Sedat NAKAY HAIR DESIGN,+905396678978,Kuaför / Berber
Erdal Erkek Kuaförü,+905388533308,Kuaför / Berber
Kardeşler Erkek Kuaförü,+905302231699,Kuaför / Berber
Oğuz erkek berberi,+905528643637,Kuaför / Berber
SALON ÜNAL ERKEK KUAFÖRÜ,+905013722929,Güzellik Salonu
Moda Erkek Kuaförü,+905383823366,Kuaför / Berber
Saloon Akın,+905448736086,Kuaför / Berber
Ufuk Talha Utku haır desıgn,+905372565823,Kuaför / Berber
EMSE ERKEK KUAFÖRÜ,+905302426142,Kuaför / Berber
Moda Class Erkek Kuaförü,+905347925347,Kuaför / Berber
Murat Köseoğlu Hair Artist,+905360686335,Kuaför / Berber
Efe Erkek Kuaförü,+905394124502,Kuaför / Berber
Damatbey erkek kuaförü,+905353357236,Kuaför / Berber
Çalışkan Erkek Kuaförü,+905384970194,Kuaför / Berber
Özer Erkek Kuaförü,+905363538184,Kuaför / Berber
Can Erkek Kuaförü,+905467879030,Kuaför / Berber
Güven Erkek Kuaförü,+905386772976,Kuaför / Berber
Erdem Erkek Kuaförü,+905531685091,Kuaför / Berber
Lütfü Erkek Kuaförü,+905357810387,Kuaför / Berber
Salon Cadde Erkek Kuaförü,+905332633463,Kuaför / Berber
Huzur Erkek Kuaförü,+905542955241,Kuaför / Berber
Muhammet Erkek Kuaförü,+905396155130,Kuaför / Berber
Yıldırım Erkek Kuaförü,+905365515581,Kuaför / Berber
Suzan Kandemir Güzellik Salonu,+905340442638,Güzellik Salonu
Asl Serdoğan Güzellik Salonu,+905422692921,Güzellik Salonu
VIP barber,+905350420934,Kuaför / Berber
Sinan Barlas Saç Tasarım,+905541442756,Kuaför / Berber
Maya Hair Design Samandıra Şubesi,+905334925999,Güzellik Salonu
Adem dinçer saç tasarımı,+905394916525,Kuaför / Berber
She Nur Bayan Kuaförü ve Güzellik Merkezi,+905372191636,Güzellik Salonu
Songül Erdoğdu Güzellik & Kuaför Salonu,+905066406061,Güzellik Salonu
Bahar Nail Studio,+905366573780,Güzellik Salonu
AyShe Nail Spa Beauty,+905316295526,Güzellik Salonu
Nehir Derya,+902166224141,Kuaför / Berber
Rainbow Nail and Lash,+905464806104,Güzellik Salonu
Salon Hanedan,+905426295140,Kuaför / Berber
Salon Semazen Sultanbeyli,+905069091997,Kuaför / Berber
Salon Esra Yıldız,+902164967159,Kuaför / Berber
Salon Beyaz Köşk,+905327026504,Kuaför / Berber
Salon Elit,+902164192934,Kuaför / Berber
Salon Safir,+905427924849,Kuaför / Berber
Salon Bahadırlar,+905357272392,Kuaför / Berber
Salon Altın Köşk,+905522327129,Kuaför / Berber
Berkan Camadan Hair Designer,+905318655069,Kuaför / Berber
Salon salas,+905061550950,Kuaför / Berber
Salon Gölbaşı Düğün ve Davet Salonu,+905071525825,Kuaför / Berber
Elit Beşyıldız,+905352224458,Kuaför / Berber
SALON BEYAZ KÖŞK 1,+905327301533,Kuaför / Berber
"Salon 1001 Davet, Organizasyon ve Balo Salonları",+905445941001,Kuaför / Berber
Salon Aymeria,+902163931142,Kuaför / Berber
Alyans Düğün Salonu 3 sultanbeyli merkez şb,+902164197175,Kuaför / Berber
Dicle Demir Make Up Studio,+905448630276,Kuaför / Berber
Buse Bulut Makeup Studio,+905411626058,Güzellik Salonu
Tanura Merkez,+902163994134,Güzellik Salonu
Emre Ercan Saç Tasarım ve Protez Merkezi,+905358133167,Kuaför / Berber
Saloon kaan saç tasarım,+905380557219,Kuaför / Berber
Birkan İgan Saç Tasarım,+905303989604,Kuaför / Berber
OJEDİ NAİL BAR,+905337050436,Güzellik Salonu
İrem Yazıcıoğlu nail studio,+905419452910,Güzellik Salonu
