Isletme_Adi,Telefon,Sektor
UZMAN DİYETİSYEN EMİNENUR KULDAŞ SAĞLIKLI BESLENME VE YAŞAM MERKEZİ,+905368428959,Diyetisyen
Diyetisyen Esma Bulut,+905421351215,Diyetisyen
Diyetisyen Burcak Cubukcu,+905385101305,Diyetisyen
Diyetisyen Tutku Dilay Hayta Beslenme ve Diyet Danışmanlığı Merkezi - Göktürk Diyetisyen,+905072374030,Diyetisyen
Diyetisyen Ayşe Aydın,+905533132810,Diyetisyen
DİYETİSYEN İREM ÇOHADAR PİLATES STUDIO,+905362818088,Diyetisyen
Dr. Diyetisyen Müge Güzey Akansel Beslenme Danışmanlığı,+905325097690,Diyetisyen
Uzman Diyetisyen Aybüke Bayrak Gökrem,+905385496650,Diyetisyen
Diyetisyen Banu Doğanlar,+905372510383,Diyetisyen
Diyetisyen Azmi Yılmaz,+905468607723,Diyetisyen
"Uzman Diyetisyen Selvi Akman Bülbül Sürdürülebilir, Sağlıklı Beslenme Danışmanlığı",+905536464740,Diyetisyen
Uzman Diyetisyen Duygu Çetin Yeni Beslenme ve Diyet Danışmanlığı Merkezi,+905444111224,Diyetisyen
Diyetisyen Yunus Kapar,+905434291313,Diyetisyen
Uzman Diyetisyen Davut ŞEN,+905526934414,Diyetisyen
Diyetisyen Reyhan Nur Diyet Kliniği 2,+905309215086,Diyetisyen
Diyetisyen İrem EFE Beslenme ve Diyet Danışmanlığı,+905432856150,Diyetisyen
Diyetisyen amine ayşe aydın,+905556985313,Diyetisyen
Diyetisyen Rabia TANRIVERDİ GEYİK-SULTANGAZİ,+905397364940,Diyetisyen
Diyetisyen Beyza Karakurt,+902126493666,Diyetisyen
DİYETİSYEN ELİF IRMAK BESLENME VE DANIŞMANLIK MERKEZİ,+905355875940,Psikolog / Terapist
Vie Fit Pilates Studio ve Diyetisyen Hizmeti,+905332038651,Diyetisyen
"Fizyoterapist, Diyetisyen İsmail CERRAH",+905419703550,Psikolog / Terapist
Başakşehir Uzman Diyetisyen Rabia Aslan Turan,+905073390299,Diyetisyen
Uzman Diyetisyen Nursel Eroğlu,+905551566762,Diyetisyen
Uzman Diyetisyen Zeynep Yoldaş Seçkin,+905345209170,Diyetisyen
Diyetisyen Esranur Uzun Beslenme ve Diyet Danışmanlığı Merkezi,+905387230595,Diyetisyen
Diyetisyen Elif Derya Cinisli,+902124445544,Diyetisyen
Uzman Diyetisyen Nevin Tipi,+905438227843,Diyetisyen
Diyetisyen Dilara Karaca - Online Diyet Uzmanı,+905536694373,Diyetisyen
DİYETİSYEN ELİF EYÜPOĞLU,+905352518118,Diyetisyen
Diyetisyen Gülçin ışık,+905541613030,Diyetisyen
Uzman Diyetisyen Şükran Demir - Özel Sağlık Meslek Hizmet Birimi,+905308810660,Diyetisyen
Diyetisyen Meral Tansu Ayışık,+905063811888,Diyetisyen
Diyetisyen Mete ÖK İstanbul'da Online Beslenme Uzmanı,+905300428282,Diyetisyen
Diyetisyen Derya Akça,+905346342542,Diyetisyen
DİYETİSYEN ELİF ÖNER - İstanbul Diyet Kliniği,+905525681528,Diyetisyen
Uzman Diyetisyen Hazal Kaya,+905362136281,Diyetisyen
Diyetisyen Kübra Nur Kılıçer,+905340659797,Diyetisyen
Mesut Ertüzün Pt Studio,+905301593853,Diğer (Sağlık & Bakım)
Uzm. Diyetisyen Nuray Boral Özkurt,+905377165903,Diyetisyen
Dyt. Cansu Köstak,+905350388684,Diyetisyen
Diyetisyen Büşra Sungur Beslenme ve Diyet Danışmanlığı,+905550579676,Diyetisyen
Uzman Diyetisyen Miray Elmalı,+905540226040,Diyetisyen
Uzman Diyetisyen Eda Hatice Bolat,+905445057547,Diyetisyen
Sibel Baysal Beslenme Ve Danismanlik Merkezi,+905425443448,Psikolog / Terapist
Diyetisyen Ayşe Nur Ceyhan Beslenme ve Diyet Danışmanlık Merkezi,+905525644738,Psikolog / Terapist
Uzman Diyetisyen Esma Koç,+905323909702,Diyetisyen
Diyetisyen Buse Nur Ulusoy,+905310244000,Diyetisyen
"Diyetisyen Dr. Hande Seven Avuk- Bebek, Çocuk ve Ergen Beslenmesi",+905349602778,Diyetisyen
Diyetisyen Seren Mavzer,+905334091670,Diyetisyen
Diyetisyen Elif Bozyel,+905326861111,Diyetisyen
İstanbul Diyetisyen | Uzman Diyetisyen Tuğba Yaprak,+905078409714,Diyetisyen
Diyetisyen Nur Şahin Başakşehir Diyetisyen,+905427789601,Diyetisyen
Diyetisyen Beril Uzundere Beslenme ve Diyet Danışmanlık Merkezi,+905312764340,Psikolog / Terapist
Diyetisyen Zeliha Arslan Başaran,+905551899575,Diyetisyen
Doktor Diyetisyen Ezgi Sakar Beslenme ve Diyet Danışmanlık,+905359750095,Psikolog / Terapist
Diyetisyen Tuba Çengel Beslenme ve Diyet Danışmanlığı Merkezi,+905558806914,Diyetisyen
İstanbul Diyetisyen | Diyetisyen Yeliz Yılmaz,+905333634650,Diyetisyen
DİYETİSYEN AYSU YAĞCI - Sultangazi,+905320620318,Diyetisyen
Diyetisyen Asuman Demir Zaman,+905013028170,Diyetisyen
Diyetisyen Kübra Yıldız Beslenme Ve Diyet Danışmanlık Merkezi,+905378346445,Psikolog / Terapist
Diyetisyen Neslihan Albayrak,+905308624684,Diyetisyen
Diyetisyen Elif Aslan Beslenme Ve Diyet Danışmanlık Merkezi,+905309125359,Psikolog / Terapist
Diyetisyen Emine Genç Kırmaç,+902129126561,Diyetisyen
Diyetisyen Büşra Dinç,+905376697061,Diyetisyen
Diyetisyen Esma Nur Güzel,+905366733277,Diyetisyen
Diyetisyen Berfin Yeva Demirciyan - Yeva Living,+905073993320,Diyetisyen
Diyetisyen Alev Erkan Özdemir Beslenme ve Diyet Danışmanlığı,+905074390664,Diyetisyen
House Fit Clinic - Göktürk Şubesi,+905386991348,Kuaför / Berber
DİYETİSYEN Hatice Yıldırım,+905332737746,Diyetisyen
Happ,+902166064277,Diğer (Sağlık & Bakım)
Diyetisyen Ümran Ayvaz,+905059756818,Diyetisyen
Diyetisyen Ali Dereli,+902129702181,Diyetisyen
Diyetisyen Feyza Koçhan,+905369294727,Diyetisyen
Diyetisyen Tuba Aydın,+905347797944,Diyetisyen
Diyetisyen Betül Korkmaz,+905537023680,Diyetisyen
Diyetisyen Eylül Uzun,+905321372567,Diyetisyen
Diyetisyen Merve İlker,+902123226333,Diyetisyen
Diyetisyen Ayşegül ÇAY İNAN,+905451043982,Diyetisyen
Diyetisyen Ezgi Değirmenci,+902129126367,Diyetisyen
Sultangazi - Diyetisyen Fatmanur Demir,+905333097724,Diyetisyen
Uzman Diyetisyen Hilal Konak Beslenme ve Diyet Danışmanlığı Merkezi,+905331980245,Diyetisyen
Roof Wellness Studio,+905392076630,Pilates / Yoga
İstanbul Diyetisyen Gözde Özkan - Online Diyet,+905372388906,Diyetisyen
"Dyt. Fehime Arı, Diyetisyen",+905448608488,Diyetisyen
Clinic Medya,+905378577253,Güzellik Salonu
Diyetisyen Şeymanur Yıldız Özel Sağlık Meslek Hizmet Birimi,+905401090034,Diyetisyen
Diyetisyen Buket Akgül,+905536110882,Diyetisyen
Uzman Diyetisyen Ebru ÇAĞIL,+905061983333,Diyetisyen
Diyetisyen Betül Demir Beslenme ve Sağlıklı Yaşam Merkezi,+905321579895,Diyetisyen
Uzman Diyetisyen Nagihan ÖZKAL GÜNDOĞDU,+902125970830,Diyetisyen
Diyetisyen İrem Okay,+905333484736,Diyetisyen
Uzman Diyetisyen Fatma Kahraman Gök / Online Diyetisyen,+905557222907,Diyetisyen
Diyetisyen Tuba Turkut,+905379618862,Diyetisyen
Diyetisyen Rabia Aydın Beslenme ve Diyet Danışmanlık Merkezi,+905434524482,Psikolog / Terapist
GopDiyet Diyet ve Reformer Pilates Stüdyosu,+905448695000,Diyetisyen
Uzman Diyetisyen İlayda Umut Diyet Stüdyosu,+905416255958,Diyetisyen
Diyetisyen Bahar Yılmaz,+905075261075,Diyetisyen
Diyetisyen Zeynep Taşbaşı Deviren,+905442436613,Diyetisyen
Diyetisyen Aleyna Şahin Beslenme Eğitimi ve Andulasyon Terapi Merkezi,+905423219908,Psikolog / Terapist
Uzman Diyetisyen Ceren GAZİ,+908502888277,Diyetisyen
Dr. Dyt. Ezgi Sakar,+908508113553,Diyetisyen
Gaziosmanpaşa - Diyetisyen Hatice Üründü,+905011423337,Diyetisyen
Uzman Diyetisyen Sena GENÇ,+905384177724,Diyetisyen
Dyt. Ayça Güzel,+902125780953,Diyetisyen
BERADİYET BESLENME VE DİYET DANIŞMANLIK MERKEZİ,+905466796000,Psikolog / Terapist
Diyetisyen Aslı Ortakçı,+908508113904,Diyetisyen
NeşeliDiyet Sağlikli Beslenme Danışmanlıği Esin KARADAĞ,+905538205786,Diyetisyen
Diyetisyen Feyza SASA,+905462739238,Diyetisyen
A.K.A Diyet Beslenme Ve Diyet Danışmanlığı,+902125816731,Diyetisyen
Vega Diyet Pilates,+905321580377,Diyetisyen
Beslenme ve Diyet Uzmanı Yaren Gökmen Yaz,+905350418524,Diyetisyen
Dilay Pilates Salonu,+905367955387,Pilates / Yoga
Moonlight Pilates Studio Eyüpsultan,+905423237620,Pilates / Yoga
FizyoLua Pilates ve Fizyoterapi | Göktürk Pilates |,+905393916831,Psikolog / Terapist
Figo pilates,+905065062023,Pilates / Yoga
Nova Pilates Veysel Karani,+905444437176,Pilates / Yoga
bella pilates studio,+905369423936,Pilates / Yoga
D2S Pilates Studio Eyüpsultan,+905422053182,Pilates / Yoga
Hom Wellness Club Göktürk,+902123223363,Pilates / Yoga
Studio Pilates By Çağrı Genç,+905400164040,Pilates / Yoga
Fizyotime Pilates Yeşilpınar,+905059380199,Pilates / Yoga
Mat Life Pilates Studio,+905380441207,Pilates / Yoga
Soul Pilates Yeşilpınar,+905517151528,Pilates / Yoga
Pilates Salonu,+905345856815,Pilates / Yoga
Bloom Body Pilates Stüdyo,+905458777294,Pilates / Yoga
Pera Reformer Pilates,+905436096590,Pilates / Yoga
Re-Form Pilates,+905320570331,Pilates / Yoga
Alina Pilates,+905325184281,Pilates / Yoga
Shine Pilates Eyüpsultan,+905449203758,Pilates / Yoga
Reformer by Gymstop,+902129639060,Pilates / Yoga
SHE PİLATES GÖKTÜRK,+905443591150,Pilates / Yoga
Fizyohesna Sağlıklı Yaşam Merkezi,+905403089992,Diğer (Sağlık & Bakım)
Studio S-Fit,+905015536876,Kuaför / Berber
Bal Pilates,+905411091224,Pilates / Yoga
NOZ Göktürk,+905052962669,Pilates / Yoga
FYA Pilates & Yoga Studio,+905323890392,Pilates / Yoga
Pilates Baraka,+905394079090,Pilates / Yoga
Göktürk Pilates | Filiz Pilates | Eyüp Pilates | Kemerburgaz Pilates,+905319176830,Pilates / Yoga
Mayisel Five Pilates Studio,+905431269816,Pilates / Yoga
Wellness Pilates Merkezi,+905070207737,Pilates / Yoga
GYMSTOP Eyüp Park,+902125601113,Kuaför / Berber
Beam Pilates,+905367707696,Pilates / Yoga
Fitamine Göktürk,+905404052500,Kuaför / Berber
MACStudio Göktürk,+908505327000,Kuaför / Berber
Studio Triple,+902122396079,Kuaför / Berber
Upgrade Studio Kemerburgaz,+905335236233,Kuaför / Berber
Kolektif Fitness,+905352145353,Kuaför / Berber
Gymplus,+905537315161,Kuaför / Berber
Esperanza Sport Club,+905403608080,Kuaför / Berber
house of move yoga merkezi,+905324496500,Pilates / Yoga
Naz Beauty,+905459575999,Güzellik Salonu
Nureste Güzellik Fatih,+902124172017,Güzellik Salonu
"Alena Güzellik İstanbul – Kaş, Kirpik, G5 Masaj & Cilt Bakımı",+905353438265,Güzellik Salonu
DOLU DOLU GÜZELLİK SALONU | FATİH LAZER EPİLASYON | FATİH CİLT BAKIMI,+905389256602,Güzellik Salonu
As Güzellik Salonu,+902125342476,Güzellik Salonu
Aslı Güzellik (مركز أصالة للصحة والجمال),+905527418830,Güzellik Salonu
IFG İstanbul Fatih Güzellik Salonu,+905380201103,Güzellik Salonu
Mira Güzellik Merkezi Fatih,+905320631222,Güzellik Salonu
Euphoria Beauty Center,+905461612147,Güzellik Salonu
Asya Beauty Lazer Epilasyon Ve Estetik Çapa,+905536396772,Güzellik Salonu
Şule Duyan Beauty Clinic - Hydrafacial / Medical Aesthetic / Laser Hair Removal,+905309962282,Güzellik Salonu
KA BAYAN GÜZELLİK SALONU,+905369430832,Güzellik Salonu
Magic Hand Güzellik Merkezi - Coiffeur,+905422422748,Güzellik Salonu
Ecemed Fatih Güzellik Merkezi,+905444999739,Güzellik Salonu
Hülya Güzellik Salonu,+902126357453,Güzellik Salonu
Bedriye İpçi-Kadın Bakım Sanatı,+902126350502,Güzellik Salonu
Pelikan güzellik merkezi,+905324886467,Güzellik Salonu
Arden beauty,+902126353955,Güzellik Salonu
Hyam Beauty,+905411155567,Güzellik Salonu
Yeşim Demir Güzellik Salonu,+902125348697,Güzellik Salonu
Esma Sevgin Beauty Academy,+905307939059,Güzellik Salonu
Ladylegant Beauty Salon,+905375623448,Güzellik Salonu
Fgs güzellik salonu,+902126310035,Güzellik Salonu
Arya Beauty & Esthetic,+905491835004,Güzellik Salonu
Memories Beauty Center,+905466604333,Güzellik Salonu
ESTEJADE GÜZELLİK SALONU,+905418162008,Güzellik Salonu
By_ilaydabeauty,+905352908484,Güzellik Salonu
Burcu Güzellik Salonu,+905319615161,Güzellik Salonu
Mek Güzellik Salonu,+905321784266,Güzellik Salonu
Madam Dania | Güzellik Salonu | صالون مدام دانيه,+905555567688,Güzellik Salonu
Stil Kuaför ve Güzellik Salonu,+905327892445,Güzellik Salonu
Trend Bayan Kuaförü,+902125877615,Kuaför / Berber
Diva Kuaför,+902126315878,Kuaför / Berber
صالون زمرد,+905550370056,Güzellik Salonu
CYK Güzellik Salonu,+905411015020,Güzellik Salonu
Zaradis beauty findikzade,+905379456214,Diş Kliniği
Hayrunnisa Saç & Türban Tasarım,+902125319243,Kuaför / Berber
Bay Bayan Kuaförü,+905380133013,Kuaför / Berber
Kuaför Betül Çetin çapa,+902125861592,Kuaför / Berber
Milano Güzellik Salonu,+905301228802,Güzellik Salonu
HÜLYA KUAFÖR,+905411213442,Güzellik Salonu
Elif Kaçan Bayan Kuaförü,+905399622085,Kuaför / Berber
Edda kuaför,+905367290770,Kuaför / Berber
AŞKIN SAÇ TASARIM,+902125891013,Kuaför / Berber
Oscar Kuaför,+902125333311,Kuaför / Berber
Lounge Glory Bay Bayan Güzellik Salonu,+902125342333,Güzellik Salonu
Best man kuaför,+905319657973,Kuaför / Berber
SalooN DENİZ,+905543032193,Güzellik Salonu
Nirvana For Men,+905530858281,Kuaför / Berber
Salon İhsan,+905392697040,Kuaför / Berber
Sultan Erkek Kuaförü by Enes Hair Man Design Style Hairdresser,+905368865289,Kuaför / Berber
ESTEEUROPE,+902126350313,Güzellik Salonu
Shine Club Erkek Güzellik Merkezi,+905309219561,Güzellik Salonu
Hasan Kuaför,+902125238592,Güzellik Salonu
Kuaför Mansur,+905336228691,Kuaför / Berber
Sami güzellik salonu,+905353396885,Güzellik Salonu
Kuaför Ramazan Elaldı,+905353400743,Kuaför / Berber
ŞİMŞİR TARAK KUAFÖRÜ,+905446600161,Kuaför / Berber
صالون انس Anas Berberi,+905373340530,Kuaför / Berber
Hüsniye Estetik Epilasyon,+905337081552,Güzellik Salonu
Style İstanbul Kuaför,+902125148125,Kuaför / Berber
Paris Bayan Kuaförü Fatih/ Protez Tırnak / İpek kirpik / Saç Kaynak,+902125823676,Güzellik Salonu
Citrine Beauty Studio İstanbul,+902125308199,Güzellik Salonu
Ecemed Fındıkzade Güzellik Merkezi,+905444477765,Güzellik Salonu
A plus güzellik ve kuaför salonu,+905327643406,Güzellik Salonu
İnter Serkan Özkanlı,+905357422376,Kuaför / Berber
"GENÇLER COİFFEUR, MR_EROL 💇‍♀️",+905332359162,Kuaför / Berber
Lider Kuaför,+902125344391,Kuaför / Berber
Kuaför Ayşegül,+902126218527,Kuaför / Berber
Kenan Kuaför ve Güzellik Salonu (Bay/Bayan/Solarium),+902125328865,Güzellik Salonu
Fatih Erkek Kuaförü / Kıztaşı,+905355207850,Kuaför / Berber
Levent Eren Bayan Coiffeur,+905309539989,Kuaför / Berber
SALON İBRAHİM BAYAN KUAFÖRÜ WOMEN HAİRDRESSER,+905369587415,Kuaför / Berber
Kuaför Vahide-Zafer,+905388837246,Kuaför / Berber
Kuaför Fatih,+902125884351,Kuaför / Berber
"Nisanur Fatih Saç Türban Nisanur Kuaför | Gelin Başı | Profesyonel Gelin Kuaförü, Tesettürlü Gelin Başı",+902125319242,Kuaför / Berber
Zeki Kuaför,+905378446468,Kuaför / Berber
ATALAY Kuaförü | Atalay Dereçiçeği,+905359287242,Kuaför / Berber
Fatih Bayan Kuaförü,+902124251886,Kuaför / Berber
Battal Bayan Kuaförü,+902125324408,Kuaför / Berber
''MEF'' art design kuaför,+905397129020,Kuaför / Berber
SIRKECI BAYAN KUAFORU FANTASTlC,+905337254044,Kuaför / Berber
Fatih Kuaför,+902163160882,Kuaför / Berber
Kuaför Fatih & Selçuk,+905304929991,Kuaför / Berber
Talham Barber Shop,+905449780754,Kuaför / Berber
Kuaför fatih alımcı,+905349470019,Kuaför / Berber
VIP İstanbul Kuaför,+905423420101,Kuaför / Berber
Beauty Salons Women Hairdresser Salon Sevgi,+905344897403,Güzellik Salonu
Serap Kuaför,+905323476266,Kuaför / Berber
COIFFEUR KUAFÖR ozan aşın,+905358146488,Kuaför / Berber
San Kuaför Sultanahmet,+905532557309,Kuaför / Berber
Gloria Kuaför & Güzellik Merkezi By Ahmet Çelik,+905369508727,Güzellik Salonu
Ferdi keyvani,+905362350901,Kuaför / Berber
Monalisabaybayankuaforu,+905321637944,Kuaför / Berber
Kuaför Fatih,+905356832725,Kuaför / Berber
Salon Ibo Erkek Kuaförü İstanbul,+905372034080,Kuaför / Berber
Alper Damdelen Hairdresser Hair Extensions İstanbul,+905074500027,Kuaför / Berber
Mümtaz Men hair Dresser,+905354217381,Kuaför / Berber
Villa Por Kuaför Salonu,+905445326755,Kuaför / Berber
Yeliz Bayan Kuaförü,+905068902567,Kuaför / Berber
Unicorn Hair Design İstanbul,+905415011858,Kuaför / Berber
Salvador Dali Bay Bayan Kuaförü,+905323496076,Kuaför / Berber
Mehmet Emin TOKMAN Kuaför/Berber,+905376730648,Kuaför / Berber
Fatih Çapan Saç Tasarım,+902122740670,Kuaför / Berber
fatih ileri hair salon,+902122570909,Kuaför / Berber
Damat Erkek kuaförü,+905423791236,Kuaför / Berber
Barber Fatih Men's Hair Design,+905317678437,Kuaför / Berber
BARBERSHOP OZAN FRİSUER man and momen,+905465436044,Kuaför / Berber
Sanat Bayan Kuaförü,+902125850745,Kuaför / Berber
Kuaför Fatih,+905343818934,Kuaför / Berber
Fatih Kaya,+905352179828,Kuaför / Berber
Hülya Kuaför,+902125213030,Kuaför / Berber
Fatih Saç Tasarım,+902124424104,Kuaför / Berber
Mypassionkuafor,+905326768421,Kuaför / Berber
Coiffeur Ada,+902125302286,Kuaför / Berber
By Mehmet tutkum bayan kuaförü,+905353788801,Kuaför / Berber
Bay Kuaför Fatih,+905324413282,Kuaför / Berber
By Sami Kuaför,+902125868258,Kuaför / Berber
Paris Nova Beauty Center,+905365780362,Güzellik Salonu
Salon white/ Man Women Coiffeur / Hairdresser,+905448008262,Kuaför / Berber
Yakup ķuaför,+902125863914,Kuaför / Berber
Golden Fingers Saç Tasarım,+902125867404,Kuaför / Berber
fındıkzade kuaför,+905364239441,Kuaför / Berber
Fatih Özhan Hair Studio,+905468460201,Kuaför / Berber
ENJ Kuaför,+905378566931,Kuaför / Berber
Salon Emre barber shop,+905343297717,Kuaför / Berber
Değişim Kuaför,+905369780505,Kuaför / Berber
Marbella Kuaför,+902126332034,Güzellik Salonu
Moda erkek kuaför,+905353159252,Kuaför / Berber
Mr Doğan kuaför,+905357705614,Kuaför / Berber
FerA Beauty House,+905072278992,Güzellik Salonu
Kuaför GÖKSU,+905387002514,Kuaför / Berber
CHANEL BAYAN KUAFÖRÜ,+905352212836,Kuaför / Berber
Coiffeur Fatih,+905414002868,Kuaför / Berber
Kuaför Fatih,+905376891462,Kuaför / Berber
Fatih Kuaför erkek Salonu,+905462963179,Kuaför / Berber
Bahar Eyüp Bayan Kuaförü,+902126332414,Kuaför / Berber
FatihFerhat Kuaför,+902126786979,Kuaför / Berber
Kuaför Cevat,+902125344758,Kuaför / Berber
Ekip Bay Bayan Kuaförü,+902125223066,Kuaför / Berber
BARBER KLAS NEVZAT TAŞ,+905523993428,Kuaför / Berber
FASHİON İSTANBUL COİFFEUR,+905301517228,Kuaför / Berber
Kuaför Şükrü,+902125860034,Kuaför / Berber
Men Women Coiffeur,+905362130491,Kuaför / Berber
Nurcan Çakır Hair Studio,+905394732778,Kuaför / Berber
FATİH TUNÇEL KADIN KUAFÖRÜ,+905302383023,Kuaför / Berber
Man and Women Haırdresser,+905316140410,Kuaför / Berber
ZAZA HAIR DRESSER,+905491423421,Kuaför / Berber
Hair Design ( Man&Women),+905520052463,Kuaför / Berber
Sultanahmet Barber,+905396670802,Kuaför / Berber
Saloon-degrade,+905531699854,Kuaför / Berber
Formen Erkek Kuaförü,+905359533871,Kuaför / Berber
Vip Saloon /Kuaför/hairdresser/Fatih,+905060442623,Kuaför / Berber
Melike Saracer Coiffeur,+905319128623,Kuaför / Berber
"Galata No5 Beauty, Hairdresser & Cosmetic Store",+905398401120,Güzellik Salonu
Mir İstanbul Berber ve Kuaför Salonu Malzemeleri,+905327665557,Kuaför / Berber
Kuaför Musa,+905326105578,Kuaför / Berber
Adem Erkek Kuaförü Barber Shop,+905383701986,Kuaför / Berber
Epistore Men Erkek Güzellik Salonu,+905524666787,Güzellik Salonu
Derma Sağlık Estetik Merkezi,+902125319044,Güzellik Salonu
Haseki Estetik ve Güzellik Merkezi,+905053334093,Güzellik Salonu
Este Çapa,+905493242272,Güzellik Salonu
Estederma Beauty Studio,+905050260617,Güzellik Salonu
By Rahime Yıldırım Güzellik Salonu,+902125244536,Güzellik Salonu
Estetique İstanbul Klinik,+905513613434,Güzellik Salonu
AK GÜZELLİK MERKEZI,+905301481880,Güzellik Salonu
Barancan Vip Estetik ve Güzellik Merkezi,+902125293288,Güzellik Salonu
Sıla Premium Beauty&Cosmetic,+905069720800,Güzellik Salonu
Juve Beauty Center,+905416080049,Güzellik Salonu
Nilüfer Bakır Beauty Center,+905535134758,Güzellik Salonu
Als Selin kuaför ve Güzellik Salonu,+905319360393,Güzellik Salonu
Fatih Psikolog-Erguvan Psikoloji,+905511765285,Psikolog / Terapist
Fatih Psikolog- Amor Psikolojik Danışmanlık,+905465563963,Psikolog / Terapist
Fatih Psikolog / Uzman Psikolog Çiğdem Gezici,+905350576720,Psikolog / Terapist
BİLGE PSİKOLOJİ,+905051102553,Psikolog / Terapist
İstanbul Psikoloji,+902125311771,Psikolog / Terapist
Uzman Klinik Psikolog Sena Ceren Parmaksız,+905511765284,Psikolog / Terapist
Uzman Klinik Psikolog Betül Sena Parmaksız,+905070018776,Psikolog / Terapist
İyi Gün Rehberlik ve Psikolojik Danışma Merkezi,+905365291018,Psikolog / Terapist
Moleküler Psikoloji Eğitim ve Danışmanlık Fatih/Çapa,+905333203682,Psikolog / Terapist
Fatih Psikolog,+905307161230,Psikolog / Terapist
İstanbul Çocuk Ergen Psikoloğu,+905344711705,Psikolog / Terapist
"Uzm. Kln. Psk. Ayşe Nezahat Olgun, Olgun Psikoloji",+905324912779,Psikolog / Terapist
SEES Psikoloji,+905334158565,Psikolog / Terapist
Klinik Psikolog Dr.Fatih Dane,+905443740100,Psikolog / Terapist
Genç Psikoloji,+905325980832,Psikolog / Terapist
Uzm.Psikolog Tuğba Demiröz,+905053729319,Psikolog / Terapist
Psk. Gizem Şener Oflezer,+905066192210,Psikolog / Terapist
Psk. Nurcan Acat,+908508119059,Psikolog / Terapist
Long Danışmanlık,+905394821294,Psikolog / Terapist
Psk. Bayram Ayaz,+905528075699,Psikolog / Terapist
Uzm.Klinik Psikolog Ömer Demir,+905447754621,Psikolog / Terapist
"Psk. Eylül Baykara, Psikoloji",+908503338344,Psikolog / Terapist
İstanbul Psikolog Merkezi,+905340339370,Psikolog / Terapist
Uzman Klinik Psikolog Şeyma Ünal,+905411716100,Psikolog / Terapist
Paradoks Kişisel Gelişim Ve Eğitim Merkezi,+902126320834,Psikolog / Terapist
"Fatih Psikolog - Çocuk, Ergen, Yetişkin, Çift ve Aile Terapisi",+905350511780,Psikolog / Terapist
Dr. Saffet ABANOZ,+902125850670,Diğer (Sağlık & Bakım)
Uzm. Psk. Dan. Gönül Akın,+908504334146,Psikolog / Terapist
Psk. Zeynep Gence,+908504746296,Psikolog / Terapist
Klinik Psikolog Elif Nur Bostancı | Ümraniye Psikolog ÖSMHB,+905436481560,Psikolog / Terapist
Uzman Klinik Psikolog Berkay Ateş,+905316685064,Psikolog / Terapist
Psikolog Hatip Ekinci,+908508113834,Psikolog / Terapist
Novo Psikoloji - Psikolojik Danışmanlık ve Eğitim,+905335066269,Psikolog / Terapist
"Uzm. Kl. Psk. Gülbeyaz İnalı, Psikoloji",+905556985419,Psikolog / Terapist
Psikolog Ayfer Coşkun,+905384530761,Psikolog / Terapist
Psk. Dan. Zehra Gür,+908508116117,Psikolog / Terapist
Sina Clinic Psikolojik Danışmanlık Merkezi,+905308415313,Psikolog / Terapist
Uzman Klinik Psikolog Büşra Güzel,+905384778082,Psikolog / Terapist
Prof. Dr. Kayıhan Aydoymuş,+902126333233,Psikolog / Terapist
Psikolog Aleyna Güneri,+908508113481,Psikolog / Terapist
Arnavutköy Uzman Psikolog Yasemin Albaş,+902129126410,Psikolog / Terapist
"NİFA PSİKOLOJİ DANIŞMANLIK, DİL KONUŞMA VE EĞİTİM / FATİH PSİKOLOG / Uzm. Psk. Ümran Özkul",+902129163416,Psikolog / Terapist
Enneagram Eğitim ve Danışmanlık,+905435406443,Psikolog / Terapist
İstanbul Psikolog İrem Uzuncaova,+908504333995,Psikolog / Terapist
Beylikdüzü Uzman Klinik Psikolog Elif Demirci Çağlar,+905375628653,Psikolog / Terapist
Psikedu Psikoloji,+905543797641,Psikolog / Terapist
İstanbul Uzm. Kl. Psikolog Fahriye Nasirzade,+905365580580,Psikolog / Terapist
Uzman Fizyoterapist Öznur Çam,+905468748658,Psikolog / Terapist
İstanbul Psikolog - Uzm. Klnk Psikolog Ece Tınmazoğlu,+905324437341,Psikolog / Terapist
İyi Hisset Psikoloji,+908503026918,Psikolog / Terapist
Klinik Psikolog Ahmet Aytaş,+905454402621,Psikolog / Terapist
Güngören Merter Psikolog,+905453709880,Psikolog / Terapist
Kartela Psikoloji,+905012002510,Psikolog / Terapist
fatihdentclinic,+905070905872,Diş Kliniği
CeDent Ağız ve Diş Sağlığı Polikliniği | Fatih | 7/24 Açık,+902125304848,Diş Kliniği
Dent Akdeniz Şifa Ağız Ve Diş Sağlığı Polikliniği,+902126353560,Diş Kliniği
Dentaneva Ağız ve Diş Sağlığı Polikliniği Fatih,+905321760642,Diş Kliniği
Diş Hekimi Adnan Altundağ (ADA SMILE STUDIO),+905372385084,Diş Kliniği
Fatih Dent - Fatih ONUR,+902126320675,Diş Kliniği
Dental Clinic - Klinik 34 Ağız ve Diş Polikliniği,+905461491062,Diş Kliniği
Diş Hekimi Birol Şahin | Nöbetçi Diş Hekimi,+905326157769,Diş Kliniği
Özel Dentema Ağız Ve Diş Sağlığı Polikliniği,+902126357131,Diş Kliniği
Omer Istanbul Dental Clinic Turkey,+905528403434,Diş Kliniği
Diş hekimi Ahmed OSMAN/Dentist \طبيب الأسنان أحمد عثمان,+905454643417,Diş Kliniği
Diş Hekimi NUREDDIN ATAY,+902125236569,Diş Kliniği
Fetih Dent Ağız ve Diş Sağlığı Polikliniği,+905550550814,Diş Kliniği
Günaydın Ağız ve Diş Sağlığı Polikliniği,+905526612152,Diş Kliniği
Özel Çapa Ortodonti Diş Polikliniği,+902125872424,Diş Kliniği
Diş Hekimi Mustafa Avcı,+902125316360,Diş Kliniği
Özel Dent İst Ağız Ve Diş Sağlığı Poliklinik,+902125314206,Diş Kliniği
Diş Hekimi Volkan TURAN,+905302551595,Diş Kliniği
Diş Hekimi M.Fatih Kaya & Diş Hekimi Ömer Caner Kaya,+902125328065,Diş Kliniği
Özel Çapa Diş,+905558920285,Diş Kliniği
Periodent Dental Clinic,+905546858968,Diş Kliniği
DİŞ HEKİMİ GÜLDEN MUT,+902126218911,Diş Kliniği
Güneş Ağız Ve Diş Sağlığı Polikliniği,+905324666144,Diş Kliniği
Smile Design Istanbul,+905385970159,Diş Kliniği
RO Dental Clinic,+905421210347,Diş Kliniği
Orient Dental Clinic,+905075738275,Diş Kliniği
YAKUT ÖZEL AĞIZ VE DİŞ SAĞLIĞI POLİKİNLİĞİ,+905527772020,Diş Kliniği
DİŞ HEKİMİ BAHADIR BEYAZID ÖZBAY,+902125230803,Diş Kliniği
Özel diş hekimi,+905526866955,Diş Kliniği
Diş Hekimi Sabit Korkmazel,+902125857558,Diş Kliniği
Dişhekimi Dr. Nilgün Arat Cabıoğlu,+902125317224,Diş Kliniği
Diş Hekimi Müge Özarı,+902125292914,Diş Kliniği
LaVaneers,+905319508522,Diş Kliniği
Diş Hekimi İbrahim Hepdarcan,+902126333333,Diş Kliniği
Global White Clinic - Diş Hekimi Hüseyin Mustafa,+905055409603,Diş Kliniği
Dr. Hüseyin Özkan,+902125291520,Diş Kliniği
Diş Hekimi Adem Seven,+902125216935,Diş Kliniği
Diş Hekimi,+905302934058,Diş Kliniği
Dt. Muhammet Serif,+905323805496,Diş Kliniği
DİŞ HEKİMİ Sevgi YILDIZ,+902126327638,Diş Kliniği
Diş Hekimi Mehmet Öner,+902125855861,Diş Kliniği
Marvel Dental Clinic,+905541381443,Diş Kliniği
Diş Hekimi Ayhan Öztürk,+902125267172,Diş Kliniği
İstanbul İmplant Klinik,+902125860152,Diş Kliniği
Diş Hekimi Firuzan Çemberci,+905326244102,Diş Kliniği
FTIH MEDICAL CENTER / ISTANBUL,+905464222272,Diş Kliniği
Diş Hekimi Güneş Salih Yavuzcan,+902125185081,Diş Kliniği
Dr. Rifaat Hussein,+905528666669,Diş Kliniği
Monreve Dental Clinic,+905427473639,Diş Kliniği
ATAMER Ağız ve Diş Sağlığı Polikliniği,+905013245500,Diş Kliniği
Dr. Omar Bashar & Dr. Lina Obaid - Cosmetic and Implant Dentistry,+905063650756,Diş Kliniği
Dent Akdeniz Şifa Ağız Diş Sağlığı polikliniği,+905306377307,Diş Kliniği
Dr. Ghaith Kazkaz عيادة د.غيث كزكز,+905056001992,Diş Kliniği
Diş Hekimi Nurcan Kurucu,+902126215825,Diş Kliniği
Airbrush İstanbul Dövme Boyası ve dövme malzemeleri Toptan Satış,+905334568420,Dövme & Piercing
TATTOO RaW fatih aksaray,+905433343654,Dövme & Piercing
By.Sansar TATTOO & PİERCİNG,+905318861569,Dövme & Piercing
TATTOO Piercing/Fatih aksaray,+905078585334,Dövme & Piercing
TATTOO HARME YAKO,+905050070016,Dövme & Piercing
tattooramiz,+905074019694,Dövme & Piercing
Tattoo Istanbul Pro,+905317953085,Dövme & Piercing
Tattoo Art NOx,+905550624289,Dövme & Piercing
Tunart Tattoo & Aley Piercing,+905388341340,Dövme & Piercing
MEHMETT TATTOO STUDİO,+905541372619,Dövme & Piercing
Osiris Tattoo Studio,+905416956234,Dövme & Piercing
TATTOO PİERCİNG STUDİO,+905456032236,Dövme & Piercing
TURA TATTOO,+905379398574,Dövme & Piercing
Asmar For Tattoo Studio,+905397171340,Dövme & Piercing
Fatih Serdaroğlu Medikal Dövme & Saç Pigmentasyonu & Tattoo,+905339209926,Dövme & Piercing
Clamber Tattoo,+905309597595,Dövme & Piercing
Medusa Takı | Toptan Geçici Dövme | Yarı Kalıcı Dövme,+905531707131,Dövme & Piercing
RZ TATTOO,+905531426914,Dövme & Piercing
TattooMix,+905323200702,Dövme & Piercing
Chill Ink Tattoo Piercing,+905307297912,Dövme & Piercing
Kufki Tattoo,+905323717239,Dövme & Piercing
Rick Tattoo,+905446979375,Dövme & Piercing
Shadows Tattoo Piercing,+905323950463,Dövme & Piercing
Tatto İkarus Art Studio,+905336132945,Dövme & Piercing
TATTOO ÖZGÜR BAYRAKTAR Sultanbeyli Dövme Stüdyosu,+905340811989,Dövme & Piercing
Medcezir Tattoo,+905433991010,Dövme & Piercing
cazgır tattoo,+905386808163,Dövme & Piercing
Harmony Tattoo,+905535947509,Dövme & Piercing
PİERCİNG TAKIŞIK,+905302899343,Dövme & Piercing
Lukez Tattoo Piercing,+905331345747,Dövme & Piercing
Aytuğ Tattoo Caddebostan | Tattoo & Piercing,+905058765398,Dövme & Piercing
Grimm Tattoo Istanbul,+902122936142,Dövme & Piercing
Tattoo Ömür,+905359629883,Dövme & Piercing
Piercing,+905454935004,Dövme & Piercing
Beylikdüzü Dövme Stüdyosu | TattooTime Istanbul,+905325508212,Dövme & Piercing
AYTUĞ TATTOO TUZLA | Dövme & Piercing,+905011425398,Dövme & Piercing
İstanbul Tattoo İnk,+905011163334,Dövme & Piercing
TATTOO NIRVANA,+905350191853,Dövme & Piercing
SAKORA BARBER & TATTOO,+905352192432,Dövme & Piercing
Tattoo Pan and Piercing,+905388333511,Dövme & Piercing
Fudo Tattoo & Piercing Studio,+905393855577,Dövme & Piercing
Kadıköy Body Art | Dövme & Piercing Stüdyosu,+905306692580,Dövme & Piercing
Önder Sılver & Piercing,+902125114926,Dövme & Piercing
Bellum Tattoo & Piercing,+905330337000,Dövme & Piercing
Karmil Bijuteri,+902125194525,Dövme & Piercing
Dragọn Tattọọ,+902122927470,Dövme & Piercing
Tattoo Brothers Dövme & Piercing,+905323546726,Dövme & Piercing
Babylon Tattoo,+905346262398,Dövme & Piercing
GUJU Tattoo,+905326747412,Dövme & Piercing
Cleopatra INK Tattoo & Piercing Suadiye Studio,+905325290216,Dövme & Piercing
Dreamer Tattoo & Piercing,+905077398956,Dövme & Piercing
Redwolf Tattoo,+905055715829,Dövme & Piercing
Fm 46 Band Toptan Piercing,+905320616646,Dövme & Piercing
İnk Station Tattoo gallery •Tattoo & Piercing studio,+905321753134,Dövme & Piercing
Golden Arrow Tattoo Piercing Studio,+905324400885,Dövme & Piercing
Odabaşı Tattoo,+905343940071,Dövme & Piercing
GOLDEN ARROW TATTOO SUPPLY,+905411912035,Dövme & Piercing
Yakamoz Tattoo Ve Piercing,+905324155153,Dövme & Piercing
Throne Art Tattoo Factory,+905357643837,Dövme & Piercing
Paşa tattoo,+905355916606,Dövme & Piercing
Cleopatra INK Tattoo & Piercing Bahçeşehir Studio,+905068273434,Dövme & Piercing
Fine Line Tattoo Shop,+902122343449,Dövme & Piercing
pouya tattoo,+905399254045,Dövme & Piercing
Aytuğ Tattoo Beşiktaş | Tattoo & Piercing,+905067705398,Dövme & Piercing
Ruj Tattoo Nişantaşı,+905325957572,Dövme & Piercing
Tattoo Studio-Amazon Dövme,+905323868930,Dövme & Piercing
Coıffeur Tattoo Gültekin Serkan,+905384317357,Dövme & Piercing
penguin tattoo,+900212622646,Dövme & Piercing
Diyetisyen Nur Efşan Şentürk,+905535584069,Diyetisyen
Diyetisyen Nursemin Yitgin Sağlıklı Yaşam Merkezi,+905340789900,Diyetisyen
Diyetisyen Nurbahar Yıldız Beslenme Danışmanlığı | Fatih Diyetisyen,+905306380448,Diyetisyen
Diyetisyen Sümeyye Özer,+905338168310,Diyetisyen
Diyetisyen ZEYNEP ALTUNCU,+908504744794,Diyetisyen
Diyetisyen Latif Fatih Avcı,+905521225203,Diyetisyen
Beslenme danışmanı ( Fatih bölgesi),+905325552084,Diyetisyen
Diyetisyen Samed TAŞKIN Beslenme ve Diyet Danışmanlığı,+905541492990,Diyetisyen
Doktor Diyetisyen Ali Fatih Babal Beslenme ve Diyet Danışmanlığı,+905377224651,Diyetisyen
Terapista Sağlıklı Yaşam Merkezi,+905303425257,Psikolog / Terapist
AY BESLENME VE DİYET DANIŞMANLIĞI,+905069263717,Diyetisyen
Diyetisyen Simge ADIGÜZEL,+905457475502,Diyetisyen
DİYET-Î ÂLÂ BESLENME DANIŞMANLIK MERKEZİ / Uzman Diyetisyen Aleyna Nur Sağır,+905393322727,Psikolog / Terapist
Nutrition İstanbul,+905492220222,Diyetisyen
Uzman Diyetisyen Gamze Durman - Beylikdüzü Beykent,+905331534765,Diyetisyen
Diyetisyen Emre Uzun Bağdat Caddesi,+902163029508,Diyetisyen
Ebrulidiyet,+905426825259,Diyetisyen
Fındıkzade Beslenme ve Dinç Yaşam Kulübü,+905327134086,Diyetisyen
Diyetisyen F Merve Kalelioğlu Çiftci/Merve Diyet Beslenme Danışma Merkezi,+905339359014,Diyetisyen
Uzm. Diyetisyen Fatih Süleyman Kaya - Elazığ Diyetisyen,+905530213737,Diyetisyen
Florya Beslenme ve Diyet Danışmanlığı(Diyetisyen Gökhan ÇELİK),+905399829379,Diyetisyen
DİYETİSYEN ÖZGE TOY,+905536382691,Diyetisyen
Diyetisyen İrem Akdemir Beslenme Danışmanlık Merkezi,+905528090639,Psikolog / Terapist
Diyetisyen Kübra Yazıcı,+905397893551,Diyetisyen
Müjde Sağlıklı Yaşam Merkezi,+905335027030,Diyetisyen
AFdiet Clinic Online Diyet Merkezi,+905531738185,Diyetisyen
Beslenme ve Diyet Uzmanı Hale Taşgın,+908508118886,Diyetisyen
B-FİT ÇAPA KADINLARIN SPOR VE YAŞAM MERKEZİ,+905380408352,Kuaför / Berber
Diyetisyen Ezgi ER,+905307858365,Diyetisyen
Eat Clean Turkey Beslenme ve Danışmanlık,+905070161234,Psikolog / Terapist
Jaguar fitness,+905380277109,Kuaför / Berber
Fitslim Spor Merkezi/FINDIKZADE,+902125860109,Kuaför / Berber
Şahin Ergin,+905399403826,Kuaför / Berber
DİYETİSYEN ŞİRİN SEVAT,+905366283040,Diyetisyen
Diyetisyen Elif KIR GENÇ,+905059152501,Diyetisyen
Diyetisyen Aleyna Canbaz,+905524525917,Diyetisyen
Diyetisyen Fatma Hilal Boduroğlu,+905395474242,Diyetisyen
Ayvansaray Spor Merkezi,+902124531453,Kuaför / Berber
Çapa Pilates - NYM Pilates Studio,+905385162333,Pilates / Yoga
Glow pilates,+905333779751,Pilates / Yoga
Kadınlara Özel Reformer Pilates | Fatih,+905522453971,Pilates / Yoga
EleventyLife Pilates,+905347767842,Pilates / Yoga
MİFİT FATİH PİLATES,+905443403119,Pilates / Yoga
Nokta Pilates Studıo,+905350220112,Pilates / Yoga
River Pilates,+905345850867,Pilates / Yoga
Med Move GYM Fitness | Spor Salonu | Pilates,+908508026518,Psikolog / Terapist
Fitpower & Pilates,+902125856894,Pilates / Yoga
Miyav Pilates,+905414223944,Pilates / Yoga
R-Form Fitness Center,+902125305954,Kuaför / Berber
Balat Pilates Studio (Re.born Pilates Studio),+905452120169,Pilates / Yoga
Flamingo GYM Fındıkzade,+902126332366,Kuaför / Berber
MatGym & Pilates,+905347485858,Pilates / Yoga
Fizyoterapist Havva Nur Kandil Özel Sağlık Meslek Hizmet Birimi,+905521650625,Psikolog / Terapist
Atlas Spor Salonu,+905392342494,Kuaför / Berber
"Çapa Pilates-FizyoDemir-Fındıkzade,Pilates,Fizyo Terapist,Numaraları,İletişim,",+905379933818,Psikolog / Terapist
Proactivium Spor Salonu,+908508380848,Kuaför / Berber
FLY34 STUDIO,+905439475773,Kuaför / Berber
POWER GYM,+905352351253,Kuaför / Berber
Şevket Biçer Champion spor salonu Kocamustafapaşa,+902125880621,Kuaför / Berber
FIT'S CLUB PAŞA KADINLARA ÖZEL SPOR SALONU,+905441762894,Kuaför / Berber
YOGA ACADEMY FINDIKZADE,+905307812788,Pilates / Yoga
Pro Fizyoterapi Fizik Tedavi Fatih Çapa Topkapı Fizyoterapist Physical Therapy Physiotherapy Çapa Pilates,+902129091575,Psikolog / Terapist
Erlife Güzellik Salonu,+905456220034,Güzellik Salonu
Gaziosmanpaşa Estemol Güzellik Salonu,+905432150542,Güzellik Salonu
Esthetiqal Güzellik Merkezi,+905367777676,Güzellik Salonu
Özge Oğuz Beauty,+902124181072,Güzellik Salonu
Elita Life Güzellik Salonu Gaziosmanpaşa,+905526420293,Güzellik Salonu
Enza Güzellik Merkezi Gaziosmanpaşa,+905077053692,Güzellik Salonu
Sevda Eren Beauty Studio,+905521690202,Güzellik Salonu
Talento Güzellik,+905536409097,Güzellik Salonu
ERAY KUAFÖR VE GÜZELLİK SALONU,+902125647434,Güzellik Salonu
Tuğba Avcı Güzellik Merkezi,+905301846013,Güzellik Salonu
Arzu acar kuaför ve güzellik salonu,+902124181993,Güzellik Salonu
Epi-Mer Güzellik Salonu,+902126164935,Güzellik Salonu
Cemile Güzellik ve Makyaj Salonu,+905434956212,Güzellik Salonu
Serap Şahin Beauty Center,+905514187565,Güzellik Salonu
Este Keyff Güzellik,+905350408261,Güzellik Salonu
Miyo Life Güzellik Hizmetleri,+905523423353,Güzellik Salonu
HİCRAN GÜZELLİK,+905441404034,Güzellik Salonu
M3 Kuaför Ve Güzellik Salonu,+902126150565,Güzellik Salonu
Beautée Than More | Tem Avrupa,+905373687632,Güzellik Salonu
Pera Estetik I Cilt Bakımı I Saç Şekillendirme I Zayıflama I Bölgesel İncelme I Protez Tırnak I Manikür I Pedikür,+905558040262,Güzellik Salonu
ENA GÜZELLİK&KUAFÖR,+905396316187,Güzellik Salonu
Mia Güzellik Salonu,+905352764714,Güzellik Salonu
ERİZA GÜZELLİK SALONU,+905456188044,Güzellik Salonu
Sanem Gözde Beauty,+905369529999,Güzellik Salonu
ELSE GÜZELLİK & ESTETİK,+905318507081,Güzellik Salonu
Duru Güzellik Merkezi,+902126149906,Güzellik Salonu
C Plus Güzellik Salonu - Gaziosmanpaşa Protez Tırnak,+905537884708,Güzellik Salonu
Salon Losh Kuaför Güzellik,+905551454599,Güzellik Salonu
M2kuaför renklendirme ve mikro kaynak(Gaziosmanpaşa) Bayrampaşa,+902126491790,Kuaför / Berber
İKİBAY Saç Tasarım Atölyesi,+905382485763,Kuaför / Berber
Afet Rahmanova Güzellik Merkezi,+905438421918,Güzellik Salonu
Doğa Güzellik Salonu,+902126165404,Güzellik Salonu
Zeynep Güzellik Salonu,+902126180807,Güzellik Salonu
Esmyworld Güzellik Merkezi,+905385416441,Güzellik Salonu
Nois Nail Art - Protez Tırnak - Lazer Epilasyon - Cilt Bakımı - Kalıcı Oje - Microblading,+905308989558,Güzellik Salonu
Breeze Güzellik Merkezi,+902128039393,Güzellik Salonu
Kuaför Oytun ÇALLILAR,+905301525695,Kuaför / Berber
İstanbul Beauty By Sevilay Dursun,+902126184585,Güzellik Salonu
Gamzenur Protez Tırnak&Beauty,+905510051591,Güzellik Salonu
Aris İstanbul Estetik & Güzellik,+902125459293,Güzellik Salonu
Zeynep Aslan Kuaför ve Güzellik Salonu,+905333193489,Güzellik Salonu
Nurdan Şahin Saç Tasarım & Güzellik Salonu,+902126180183,Güzellik Salonu
NOIR KÜÇÜKKÖY,+905319890659,Kuaför / Berber
Legend Kuaför,+905369449648,Kuaför / Berber
Mor Life Güzellik Salonu,+902124795818,Güzellik Salonu
ÖZGÜ Güzellik Salonu,+902125380055,Güzellik Salonu
Merkez Kuaför,+905327908439,Kuaför / Berber
Lady Life Center,+905424304296,Güzellik Salonu
Daniela,+905382910440,Kuaför / Berber
FARUK SÖNMEZ Erkek Kuaförü,+902126492728,Kuaför / Berber
Beauty Check İstanbul,+905330527747,Güzellik Salonu
Salon Fethan Demirtaş Erkek Kuaförü,+905384474789,Kuaför / Berber
Daça Bayan Kuaförü,+902124795720,Kuaför / Berber
Podyum Güzellik & Solaryum Merkezi,+905446219932,Güzellik Salonu
Ünlü Eller Coiffeur,+905074063201,Kuaför / Berber
Evita Güzellik Merkezi,+902124798336,Güzellik Salonu
Ayten Velioğlu,+902126493327,Güzellik Salonu
Esthetiqal Güzellik Bayrampaşa,+905324908777,Güzellik Salonu
Jasmine Güzellik Küçükköy,+905376774646,Güzellik Salonu
HK Saç tasarım,+905522586161,Kuaför / Berber
Melike Adıgüzel Bayrampaşa,+905449339044,Güzellik Salonu
Chris Güzellik,+902124776666,Güzellik Salonu
Nevens beauty Güzellik,+905304987500,Güzellik Salonu
Caner Aras Saç Tasarım Uzmanlığı,+902126499799,Kuaför / Berber
Pınar Karahan Beauty,+905551454461,Güzellik Salonu
Altin Makas Bayan Güzellik Salonu,+902125387895,Güzellik Salonu
Çelenk Kuaför,+905398354245,Kuaför / Berber
İnsta kuaför,+905527847575,Kuaför / Berber
Kuaför İbrahim,+905316047020,Kuaför / Berber
ÖMER SÖKMEN HAİR DESİGNER,+905528672304,Kuaför / Berber
Kuaför Özkan Saç Tasarım ve Bakım Salonu,+905050282739,Kuaför / Berber
Esin kuaför,+905368549192,Kuaför / Berber
BEYZANUR ÖZEN NAİL STUDIO,+905541585134,Güzellik Salonu
Ck Kuaför cihan gaziosmanpaşa,+905433257297,Kuaför / Berber
HMAK GÜZELLİK MERKEZİ,+905545142727,Güzellik Salonu
Filiz Bayan Kuaförü,+902125369884,Kuaför / Berber
Salon Emir,+905326581284,Kuaför / Berber
Life Art Saç Tasarım Mehmet,+905359602222,Kuaför / Berber
Daça Bayan Kuaförü,+905319557050,Kuaför / Berber
Kadir coşkun hair& protez saç,+905334613792,Güzellik Salonu
AS HAIR HOUSE,+902126161669,Kuaför / Berber
Salon Cihan Kuaför Saç Kaynak Merkezi,+902124970198,Kuaför / Berber
Rk Bayan Kuaförü & Kemal Yıldız,+905308835670,Kuaför / Berber
MURAT ÇOLAK hair salon,+905345222112,Kuaför / Berber
Altıntaş bayan Kuaför,+905333847810,Kuaför / Berber
YK Hair Make-Up,+905345423877,Güzellik Salonu
Ekol Bayan Kuaförü,+905369638516,Kuaför / Berber
ESDORA KUAFÖR,+905334059952,Kuaför / Berber
Dilamed Gaziosmanpaşa,+905448146261,Kuaför / Berber
Naturel Saç Tasarim,+905468721626,Kuaför / Berber
Hakan Kuaför,+905354354004,Kuaför / Berber
Eser Kuaför,+905517452834,Kuaför / Berber
AMOREE BEAUTY,+902124170747,Güzellik Salonu
Çiğdem Kuaför,+902125817406,Kuaför / Berber
HAIR ART (Hair Art) erkek kuaförü murat polat,+905363045088,Kuaför / Berber
Alçko Kuaför,+902124181966,Kuaför / Berber
LİDER KUAFÖR,+905416176631,Kuaför / Berber
Nisa Bayan Kuaförü,+902128039715,Kuaför / Berber
Simay SARIKAYA Hair & Makeup Studio,+905366061108,Güzellik Salonu
Uğur bayan kuaförü,+902124790501,Kuaför / Berber
Venezia Okan Balkanlı Coiffeur Men & Women,+905385484480,Kuaför / Berber
Güneş Saç Kaynak,+905443610381,Kuaför / Berber
Red Hair,+902126184941,Kuaför / Berber
Adem Erkek Kuaförü,+905356257777,Kuaför / Berber
Saloon Tuğçe Bayan Kuaförü,+902126154725,Kuaför / Berber
Mass Kuaför Salih Kurt,+902125645434,Kuaför / Berber
C & C Erkek Kuaförü,+905312476295,Kuaför / Berber
SALON DENİZ BAYAN KUAFÖRÜ,+905300614699,Kuaför / Berber
Gül Kuaför,+902126189900,Kuaför / Berber
Seyhun Erkek Kuaförü,+905365506510,Kuaför / Berber
Kar Elmas Bayan Kuaförü,+905364397855,Kuaför / Berber
Kadınca Kuaför,+905324042564,Kuaför / Berber
DUYGU KUAFÖR,+905342229034,Kuaför / Berber
Ares Kuaför,+905374163575,Kuaför / Berber
FERHAT TAŞAN HAİR ARTİST,+905401573456,Kuaför / Berber
Salon Avrupa,+902124180608,Kuaför / Berber
Gm hair,+905384985400,Kuaför / Berber
Funda Coiffeur,+905442541553,Kuaför / Berber
Kuafor Mine,+905312265083,Güzellik Salonu
SAÇSANAT ERKEK SAÇ TASARIM,+905358151025,Kuaför / Berber
KARMEN KUAFÖR,+905364524455,Kuaför / Berber
Star bayan kuaförü,+905343305340,Kuaför / Berber
Burak Kuaför Küçükköy,+905374921437,Kuaför / Berber
Gazi Yetkin Kuaför Salonu,+905362625812,Kuaför / Berber
A Plus Bayan Kuaförü,+902125780371,Kuaför / Berber
HollyWood Bayan Kuaför,+905466909059,Kuaför / Berber
Nasip Kuaför Küçükköy,+905448839329,Kuaför / Berber
Mine Kuaför,+902125359373,Kuaför / Berber
kuaför ömer,+905079305668,Kuaför / Berber
Sönmez Bayan Kuaförü,+902125358232,Kuaför / Berber
MÇ Bayan Kuaförü,+902126498414,Kuaför / Berber
EWA SALON,+902126097101,Kuaför / Berber
salon mabella,+905434488948,Kuaför / Berber
Kuaför Elif,+905386111958,Kuaför / Berber
Kuaför Recep,+905367892115,Kuaför / Berber
Gözde Kuaförü,+905546382802,Kuaför / Berber
Viva 90 Bayan Kuaförü,+902125649635,Kuaför / Berber
Kuaför isa,+905543188484,Kuaför / Berber
Salon Tuğba,+905465090712,Kuaför / Berber
The Pet Kuaför Pet Shop (Gaziosmanpaşa),+905454716765,Kuaför / Berber
PERADERM GÜZELLİK,+905350276088,Güzellik Salonu
Estetik İncim Gaziosmanpaşa Ağız ve Diş Sağlığı Polikliniği-DT Engin ASLAN ve Ekibi,+905530527317,Diş Kliniği
Pınar Seda Sayan güzellik dünyası,+902126265626,Güzellik Salonu
Neva Klinik | Estetik Merkezi,+905306856112,Güzellik Salonu
Esteluxx Estetik Gaziosmanpaşa,+905540106156,Güzellik Salonu
VICTOR ESTETİK,+905414963605,Güzellik Salonu
H&H Solarium Güzellik Merkezi,+905306425544,Güzellik Salonu
Lena Estetik ve Güzellik Salonu,+905368166952,Güzellik Salonu
Op. Dr. Mehmet Solmaz,+905334642292,Güzellik Salonu
Qeen Lazer Estetik Guzellik Salonu,+905558017110,Güzellik Salonu
Estelance,+905451491824,Güzellik Salonu
Ebisah Güzellik Merkezi,+905309505046,Güzellik Salonu
Melis Reşitoğlu Beauty & Hair Gallery,+902125816454,Güzellik Salonu
Asya Nail Art & Beauty,+905426060961,Güzellik Salonu
Op.Dr.Mecd Atif Cezairlioğlu,+905303186724,Güzellik Salonu
Medroyal Estetik Fulya,+905424764656,Güzellik Salonu
Mehmet Ceber Clinic,+905467769042,Diğer (Sağlık & Bakım)
SELDA AYDIN BEAUTY CENTER,+905523066944,Güzellik Salonu
hayat clinic,+905551089000,Güzellik Salonu
Nazlı Akkaş Estetik ve Güzellik Merkezi,+905451771747,Güzellik Salonu
Lavia Güzellik Merkezi,+905462741304,Güzellik Salonu
Charm Nails Güzellik ve Bakım,+905536989181,Güzellik Salonu
Op. Dr. Paşa Dağıstanlı,+905010908605,Güzellik Salonu
Raksana Beauty,+905333033425,Güzellik Salonu
DENİZ GÜZELLİK MERKEZİ,+905523323499,Güzellik Salonu
Safir Estetik,+905530189978,Güzellik Salonu
British Aesthetic Clinic,+902124187468,Güzellik Salonu
Mani Nail Protez Tırnak / İstanbul nail extension,+905331201767,Güzellik Salonu
Medwyse,+905013527270,Güzellik Salonu
Need Estetik Clinic Health Tourism,+902127066005,Güzellik Salonu
"Estetik Tıp, Cerrahi ve Kozmetoloji Merkezi",+902126240005,Güzellik Salonu
Op. Dr. M. Mustafa Aydınol,+905447720772,Güzellik Salonu
Therapia Psikoloji Gaziosmanpaşa,+905415635975,Psikolog / Terapist
Empati Psikoloji I Gaziosmanpaşa -Bayrampaşa - Eyüp- Esenler Psikolog,+905528796171,Psikolog / Terapist
Defne Psikolojik Danışmanlık - Klinik Psikolog Buse Alamış Karlı,+905336939686,Psikolog / Terapist
Uzman Psikolog Özge Akçay - Persona Psikolojik Danışmanlık Merkezi,+905511864241,Psikolog / Terapist
Armoni Psikolojik Danışmanlık Merkezi - Uzman Klinik Psikolog Eda MALKAV,+905550990501,Psikolog / Terapist
Uzman Psikolog Nuray Şahin,+905437377725,Psikolog / Terapist
TeraHayat Danışmanlık,+905364462527,Psikolog / Terapist
Psikolog Sümeyye Ceylan Çeliktekin,+905059788850,Psikolog / Terapist
Klinik Psikolog Gülnur Sancak,+905512181582,Psikolog / Terapist
Uzman Psikolog Şeyma İZMİTLİ,+905054480012,Psikolog / Terapist
Psikolog Beyzanur Karaman,+905456095825,Psikolog / Terapist
Vagus Psikoloji / Uzman Klinik Psikolog İrem Merve Birdal Ok,+905521539595,Psikolog / Terapist
Klinik Psikolog FIRAT KOLYİĞİT,+905462817441,Psikolog / Terapist
Adel Danışmanlık,+905520014988,Psikolog / Terapist
Klinik Psikolog Ayşe Sena Sarıdoğan Öztürk,+908508113502,Psikolog / Terapist
Uzman Klinik Psikolog Büşra Sezgi AKIN,+905382628483,Psikolog / Terapist
Uzm. Klinik Psikolog Muhammed Usluca - İstanbul Psikolog,+905313024100,Psikolog / Terapist
Nefes Danışmanlık,+902125782010,Psikolog / Terapist
Gaziosmanpaşa Aile Danışmanlik ve Eğıtım Merkezi,+902124793519,Psikolog / Terapist
Monstera Psikoloji,+905403252020,Psikolog / Terapist
Psikolojik İyi Oluş Akademisi/Uzm.Klinik Psikolog Çiğdem YILDIZ,+905363993465,Psikolog / Terapist
Bir Aile Psikolojik Danışmanlık Merkezi,+902125381040,Psikolog / Terapist
Uzman Klinik Psikolog Esma Karakaş,+905382242105,Psikolog / Terapist
Uzman Psikolog Duygu Bakır,+905461151611,Psikolog / Terapist
Uzman Klinik Psikolog | Alen Rasinlic,+905451438535,Psikolog / Terapist
Klinik Psikolog İlyada İskenderoğlu - Özel Sağlık Meslek Hizmet Birimi,+905386619486,Psikolog / Terapist
Psikolog / Oyun Terapisti Sibel Acar,+905373911644,Psikolog / Terapist
Uzm. Kl. Psk. Esra Battal,+908508117857,Psikolog / Terapist
Gaziosmanpaşa Psikolog Uzman Psikolog Esra Kılınç Yıldırım,+905346829553,Psikolog / Terapist
Klinik Psikolog Tuba Senay Yazaroğlu Teker,+905415183989,Psikolog / Terapist
Psikolog Özkan Karakaş,+905528622335,Psikolog / Terapist
Psikolog Neslihan Öztürk,+905532028490,Psikolog / Terapist
Uzm. Dr. Burak Berber,+908508110558,Kuaför / Berber
Uzm.Psikolog Yadigar AKTAŞ KILIÇVURAN,+905357747934,Psikolog / Terapist
Psikolog Elifnur Çimen Güngör,+905451381410,Psikolog / Terapist
Rojda Gümüş,+908503330388,Psikolog / Terapist
Psikolog Lamia Topal & Lamia Danışmanlık,+905342393270,Psikolog / Terapist
Uzm. Psikolog Başak Kalkan Yamak,+905358262203,Psikolog / Terapist
"Çocuk ve Ergen Danışmanlığı, Yetişkin Danışmanlığı, Psikolog, MOXO Dikkat Testi, Uzman Psikolog Ayşegül CAN",+905347256831,Psikolog / Terapist
afk Eğitim ve Psikolojik Danışmanlık,+908508119063,Psikolog / Terapist
Psikolog Merve Güçlü,+902129126471,Psikolog / Terapist
Çocuk ve Genç Psikiyatristi Uzm. Dr. Hozan Saatçıoğlu,+905304767147,Psikolog / Terapist
Klinik Psikolog Okan Kurtuluş | İstanbul Psikolog,+905539095338,Psikolog / Terapist
İyiki Psikoloji - Gönül İNDİBAY,+905348337056,Psikolog / Terapist
Klinik Psikolog Süleyman Emin Derya,+905521886171,Psikolog / Terapist
Psk. Mustafa Vurer,+908508117739,Psikolog / Terapist
Küçükköy Ağız Ve Diş Sağlığı Polikliniği,+905340536700,Diş Kliniği
DENTORIA Ağız ve Diş Sağlığı Polikliniği,+902126145555,Diş Kliniği
Özel İstanbul Ağız Ve Diş Sağlığı Polikliniği,+902125641616,Diş Kliniği
Nöbetçi Dişçi Gaziosmanpaşa | Özbudent Ağız ve Diş Sağlığı Polikliniği,+902129098880,Diş Kliniği
Dentista Ağız ve Diş Sağlığı Polikliniği,+905530526648,Diş Kliniği
Özel Dental Center Ağız ve Diş Sağlığı Polikliniği,+902125336825,Diş Kliniği
Özel Gaziosmanpaşa Ağız ve Diş Sağlığı Polikliniği,+905498581000,Diş Kliniği
CLİNİC 500 - Diş Kliniği - Özel Ağız ve Diş Sağlığı Polikliniği,+905447903005,Diş Kliniği
AB Diş Ağız ve Diş Sağlığı Polikliniği,+902124177744,Diş Kliniği
DentX Küçükköy Ağız ve Diş Sağlığı Polikliniği,+902126505924,Diş Kliniği
Yıldıztabya Ağız ve Diş Sağlığı Polikliniği ( gaziosmanpaşa diş/ zirkonyum/ implant/ çocuk diş/lamine),+905014888080,Diş Kliniği
Gopdent Ağız Ve Diş Sağlığı Polikliniği,+902125816666,Diş Kliniği
Bilgün Ağız Ve Diş Sağlığı Polikliniği,+905530661399,Diş Kliniği
Diş Hekimi Hamza Keskin,+905533335530,Diş Kliniği
DEVRENT Ağız ve Diş Sağlığı Polikliniği,+902125641838,Diş Kliniği
Seçkin Ağız Ve Diş Sağlığı Polikliniği | Gaziosmanpaşa Diş Klinikleri,+902125785757,Diş Kliniği
Mavi Dent Ağız ve Diş Polikliniği,+902126176710,Diş Kliniği
KAR TANESİ AĞIZ VE DİŞ SAĞLIĞI POLİKLİNİĞİ,+905400603030,Diş Kliniği
Özel Ark Ağız ve Diş Sağlığı Polikliniği,+902126189791,Diş Kliniği
Diş Hekimi Türkan Uz,+902126156015,Diş Kliniği
Özel Sedef Ağız ve Diş Sağlığı Polikliniği,+905318527889,Diş Kliniği
3A Dental Klinik,+902124176845,Diş Kliniği
Özel Avrupa İnci Ağız ve Diş Sağlığı Polikliniği,+902124794500,Diş Kliniği
Diş hekimi Zeynep Nur Köprülü,+905308634330,Diş Kliniği
Mars Küçükköy ağız ve diş sağlığı polikliniğii,+902128038180,Diş Kliniği
ÖZEL NATURADENT AĞIZ VE DİŞ SAĞLIĞI POLİKLİNİĞİ,+902125359530,Diş Kliniği
Smart Smile Dent,+905465564829,Diş Kliniği
İnci Evim Ağız ve Diş Sağlığı Polikliniği,+905055844752,Diş Kliniği
ADEN AĞIZ VE DİŞ SAĞLIĞI MERKEZİ,+905309923144,Diş Kliniği
Özel Seyit Ağız ve Diş Sağlığı Polikliniği,+902124797976,Diş Kliniği
Özel Yıldıztabya Şenay Ağız ve Diş Sağlığı polikliniği,+902126148800,Diş Kliniği
Diş Hekimi Önder Çalışkan,+902126175151,Diş Kliniği
Özel Işıl Ağız ve Diş Sağlığı Polikliniği,+905301303505,Diş Kliniği
Diş Hekimi Özgül Deveci,+902126165841,Diş Kliniği
Diş Hekimi Kemal Ömür,+902126157776,Diş Kliniği
Dentista Kids Çocuk ve Dijital Ortodonti Diş Polikliniği,+905510102205,Diş Kliniği
İrem Erol Ağız ve Diş Sağlığı Polikliniği,+905317242259,Diş Kliniği
Diş Hekimi Tolga Şen,+905332532282,Diş Kliniği
Diş Hekimi Özlem Işıklı,+902124180603,Diş Kliniği
Göraldent Ağız ve Diş Sağlığı Beşyüzevler,+902126494215,Diş Kliniği
Elif Yılmaz Cinik Dental Clinic,+905332645510,Diş Kliniği
EMİN AĞIZ VE DİŞ SAĞLIĞI POLİKLİNİĞİ,+905543866596,Diş Kliniği
Dentapical Ağız ve Diş,+902126157015,Diş Kliniği
Dr. Ahmet Cem Gül,+902126507407,Diş Kliniği
Dişhekimi Haşim Erden,+902125376279,Diş Kliniği
ÖZEL ELİTAŞ AĞIZ VE DİŞ SAĞLIĞI POLİKLİNİĞİ,+905322235626,Diş Kliniği
Diş Hekimi Yüksel Üzel,+902125354660,Diş Kliniği
Citydent Istanbul Dental Clinic,+902122384672,Diş Kliniği
DİŞ HEKİMİ Suat ÇOLAK,+902125384614,Diş Kliniği
Özel Negün Ağız ve Diş Sağlığı Polikliniği,+905392397221,Diş Kliniği
Özel Çetin Altın ağız ve diş sağlığı,+902125635580,Diş Kliniği
Diş Hekimi Yağız Can Batuk,+905426105243,Diş Kliniği
Diş Hekimi Emrah Çuçanlar,+905354310910,Diş Kliniği
Diş Hekimi Sinan FIKRETOĞLU,+902125370500,Diş Kliniği
Diş Hekimi Dt.Meral Dayan Gayhan,+905333162736,Diş Kliniği
Özel Çetin Altın Ağız ve Diş Sağlığı Polikliğini,+902125635581,Diş Kliniği
Diş Hekimi Remziye Meriç,+902125818928,Diş Kliniği
Alve Dent Clinic,+905469123934,Diş Kliniği
Özel Dent Venera Ağız ve Diş Sağlığı Polikliniği,+905540146065,Diş Kliniği
Diş Hekimi Necmettin Çınar İMPLANT ÇEKİM KANAL,+905423941258,Diş Kliniği
Dt. Turan Bayat,+908508119064,Diş Kliniği
DiŞ HEKİMİ VİLDAN ARDA,+905387967199,Diş Kliniği
Diş Hekimi Hüsmen Ayan,+902126151618,Diş Kliniği
Diş Hekimi Murat Papak,+902125451188,Diş Kliniği
Diş Hekimi Özkan Bayar,+902126183652,Diş Kliniği
Diş Hekimi Nehire Rodoplu,+902124774282,Diş Kliniği
Fuego Tattoo Studio,+905306384089,Dövme & Piercing
Hasret Tattoo,+905316608638,Dövme & Piercing
Tattoo Piercing Dövme Sİlme Sütüdyosu,+905303971336,Dövme & Piercing
Bayrampaşa Eyüp Eyüpsultan,+905316945010,Dövme & Piercing
Art Work Tattoo & Pıercing Studio,+905377412716,Dövme & Piercing
Cat Tattoo Studio Gaziosmanpaşa,+905354334765,Dövme & Piercing
LONELİGHT STUDİO,+905337398244,Dövme & Piercing
HA ink Tattoo Studio,+905380133388,Dövme & Piercing
Ateşyakan Tattoo,+905355623555,Dövme & Piercing
Tattoosun Studio,+905369248789,Dövme & Piercing
Stone tattoo,+905369413970,Dövme & Piercing
YLD TATTOO STUDİO,+905344079503,Dövme & Piercing
Eddy_tattoo,+905316995064,Dövme & Piercing
Tattoo Piercing Dövme Stüdyosu Sultangazi,+905372782504,Dövme & Piercing
Hera İnk Tattoo & Hera Beauty,+905318952468,Dövme & Piercing
Sedat Demir Tattoo,+905010622424,Dövme & Piercing
Tattoo JV,+902125361659,Dövme & Piercing
Loca Pilates Studio,+905521035815,Pilates / Yoga
Shine Pilates Studio,+905529364118,Pilates / Yoga
Body Flex Pilates Studio,+905327310491,Pilates / Yoga
360Thera,+905424154461,Pilates / Yoga
ELPİ PİLATES,+905407710907,Pilates / Yoga
Ellavie Pilates Studio,+905078188851,Pilates / Yoga
3.14 Pilates By Burcu Erdoğan,+905439312756,Pilates / Yoga
Fitness Time Club,+902124153536,Kuaför / Berber
Sportss Life,+902124168590,Kuaför / Berber
Infinity GYM,+902126603248,Kuaför / Berber
"FİZYOSEN Manuel Terapi, Pilates, Fizyoterapi",+905432097011,Psikolog / Terapist
Şampiyon Spor Center,+902125470570,Kuaför / Berber
Euphoria Boss - Spor Salonu,+905356255060,Kuaför / Berber
GYMFIT OLIVIUM,+905314347361,Kuaför / Berber
Slim Ladies,+902126797946,Kuaför / Berber
Akyüz Spor Salonu,+905075850861,Kuaför / Berber
Bodyline Spor Salonu,+902125107280,Kuaför / Berber
Zeytinburnu Tatlı Spor Kulübü,+905372683578,Kuaför / Berber
Noma Healthness,+905335271937,Diğer (Sağlık & Bakım)
GKK Spor Kulübü,+905343425462,Kuaför / Berber
Zeytinburnu Fitpoint Spor merkezi,+905343939699,Kuaför / Berber
Cihan Spor Kulübü,+905556342375,Kuaför / Berber
FizyoVirtus,+905373893176,Psikolog / Terapist
Öyküm Kardaş Beauty&Body Center,+905348868032,Pilates / Yoga
Prime Fit Pilates Stüdyosu,+905318332167,Pilates / Yoga
İncirli - Prime Fitness,+902125575050,Kuaför / Berber
Fours Pilates Studio Bakırköy,+905534262815,Pilates / Yoga
Suzanne online ders,+905459578543,Pilates / Yoga
Fizyotime Pilates Gaziosmanpaşa,+905331435888,Pilates / Yoga
Unique Pilates Studio,+905344694365,Pilates / Yoga
Berfin Hükenek Pilates Stüdyosu,+905423024922,Pilates / Yoga
Meral Pilates Stüdyo,+905375006746,Pilates / Yoga
Selin Soytürk Pilates,+905367385307,Pilates / Yoga
Utopia Fitness Club Gaziosmanpaşa,+908503052829,Kuaför / Berber
Hilal Mercan Pilates,+905457864679,Pilates / Yoga
Zehra Aksoy Pilates Studio,+905520180071,Pilates / Yoga
Bi-pilates,+905523583030,Pilates / Yoga
Positive Pilates,+905072875936,Pilates / Yoga
PlayStüdyo Gaziosmanpaşa | Kadınlara Özel Spor Salonu,+902124325000,Kuaför / Berber
Via Fit Pilates Studio,+905458344437,Pilates / Yoga
Alev Spor Studio,+905308760481,Kuaför / Berber
Gaziosmanpaşa B-fit kadınların spor ve yaşam merkezi,+902124970234,Kuaför / Berber
Fitwomen Bayanlara Özel Spor ve Sağlıklı Yaşam Merkezi,+902126497397,Kuaför / Berber
Black Fit Sport Club,+905436627292,Kuaför / Berber
Bigbanggym Küçükköy Spor Salonu & Fitness,+905513859085,Kuaför / Berber
Change Tıme Fıtness,+902124970777,Kuaför / Berber
Z-FİT,+902126163497,Kuaför / Berber
Fit Station Küçükköy,+905515112528,Kuaför / Berber
Numberone 1 Sport Club,+902125355853,Kuaför / Berber
W.S.K.U. Spor Center,+905393976142,Kuaför / Berber
Fit Yoga (Sıcak/Hot Yoga) Stüdyosu,+905330167312,Pilates / Yoga
Fitwomen Bayanlara Özel Spor ve Sağlıklı Yaşam Merkezi,+905322165766,Kuaför / Berber
Number One Health Life,+902125366144,Kuaför / Berber
AYDIN SPOR KULÜBÜ,+902126170909,Kuaför / Berber
prenses bayan spor salonu,+902124861084,Kuaför / Berber
HK Fitness Muscle Boss,+905368567282,Kuaför / Berber
Salon Fahrettin Gökçen,+902125544096,Kuaför / Berber
Beren Sayan Güzellik Dünyası,+905356273367,Güzellik Salonu
Glow Face Güzellik Salonu,+905384781839,Güzellik Salonu
Ruken Ertaş Güzellik Salonu by RK Güzellik & Epilasyon - Güngören,+905011084636,Güzellik Salonu
Fidan Kılıç Güzellik salonu,+905424736732,Güzellik Salonu
Bluna güzellik salonu,+902126427764,Güzellik Salonu
SG Estetik,+905359225909,Güzellik Salonu
MERLİSA BEAUTY,+905540104104,Güzellik Salonu
Gold Güzellik salonu,+905455064707,Güzellik Salonu
Pınar Altındağ Beauty Center,+905303962992,Güzellik Salonu
Yüksel Tanşu,+902126438713,Kuaför / Berber
Venüs Kuaför & Güzellik Merkezi,+902126447592,Güzellik Salonu
Yaren Peker Beauty,+905315953744,Güzellik Salonu
Salon XL - Güngören Bayan Kuaförü,+905057595559,Kuaför / Berber
BİROL KLC BAY BAYAN GÜZELLİK SALONU,+905316122144,Güzellik Salonu
SALOON HAN-ZADE - Güngören,+905348838195,Güzellik Salonu
Estimam Güzellik Salonu,+902124621780,Güzellik Salonu
Bues beauty,+905427931812,Güzellik Salonu
Salon Ferdi & Enes,+902125070343,Kuaför / Berber
BLONDLAB hair studio,+902125059551,Kuaför / Berber
Sevim Güzellik Salonu,+905325529147,Güzellik Salonu
ENTAY BAYAN KUAFÖRÜ - MERTER,+902125578810,Güzellik Salonu
Sarp Saç Tasarım,+905437487277,Kuaför / Berber
Bayan Kuaför ve Güzellik Salonu,+905322957549,Güzellik Salonu
Nexus Estetik Polikliniği,+905372763989,Güzellik Salonu
Nev istanbul güzellik ve bakım Vip Güngören şubesi Lale BİRDAL,+905320139304,Güzellik Salonu
Yasemin & Eminenur Bayan Kuaförü,+905343133959,Güzellik Salonu
Yıldırım Kuaför,+902125756650,Kuaför / Berber
AHMET TUNCAY KAYA,+902125020284,Kuaför / Berber
Salon By Musa Kuaför,+905423731052,Kuaför / Berber
Hatice Kaşık Bayan Kuaförü ve Güzellik Salonu,+902125559369,Güzellik Salonu
Günay Kuaför ve Güzellik Salonu (Salon Günay),+905526969655,Güzellik Salonu
Canan ve Arslan güzellik merkezi,+905326279135,Güzellik Salonu
ALİ ERKAN CUT&COLOR,+905319429192,Kuaför / Berber
Belinay kuaför &güzellik,+905308833693,Güzellik Salonu
Duygu Es Beauty,+902125050085,Güzellik Salonu
Bella Bayan Kuaförü,+902126430210,Kuaför / Berber
Estecool Güngören,+905304037825,Güzellik Salonu
Yalçın Kuaför Salonu,+902124334253,Kuaför / Berber
R&T Kuaför,+905464383304,Kuaför / Berber
Saloon Vidos,+905368813441,Kuaför / Berber
SALON AYSUN BAYAN KUAFÖR & SAÇ TASARIM,+902125068289,Kuaför / Berber
Aylin Kuaför,+902125548872,Kuaför / Berber
AS Bayan Kuaförü,+905397692624,Kuaför / Berber
Salon Azize Hair Design,+902126443257,Kuaför / Berber
"Esthetic Clinicall Merkez - Güzellik Merkezi, Cilt Bakımı, Bölgesel İncelme",+905052521336,Güzellik Salonu
İxir Güzellik Salonu,+902125624191,Güzellik Salonu
Turkuaz Kuaför Salonu,+905331700903,Kuaför / Berber
Sezgin Kuaför,+905435018782,Kuaför / Berber
Kuaför Vildan,+902126106365,Kuaför / Berber
MAMİ ERKEK KUAFÖR SALONU,+905396104700,Kuaför / Berber
Melis Bayan Kuaförü,+902124828773,Kuaför / Berber
Fonte Extension Güzellik Merkezi,+905412844145,Güzellik Salonu
Naturel Erkek Kuaförü,+905362836515,Kuaför / Berber
Saloon Erdem,+905362858380,Kuaför / Berber
Güngören Kadir Kuaför,+905353449483,Kuaför / Berber
SametBudak_kuafor,+905412607627,Kuaför / Berber
Mehmet varol kuaför,+905305810965,Kuaför / Berber
Angel,+905352658898,Kuaför / Berber
Beril Güzellik Salonu,+905055963017,Güzellik Salonu
siyah inci barber shop güngören,+905316770001,Kuaför / Berber
Kuaför Yılmaz Şükran,+905359764653,Kuaför / Berber
Fit Station Güngören,+905335159080,Kuaför / Berber
Ruveyda Güzellik Salonu,+905368588473,Güzellik Salonu
Özel Öz Huzur Estetik Merkezi,+902126450347,Güzellik Salonu
Yıldızca Beauty - Güngören Güzellik Merkezi,+905324292180,Güzellik Salonu
Güngören Bayan Kuaförü,+905313325320,Kuaför / Berber
Mena Pilates,+905322251694,Pilates / Yoga
Studıo Love Pilates & Wellness,+905358175996,Pilates / Yoga
BeLine Pilates Studio,+905376982329,Pilates / Yoga
ALEYNA AYYILDIZ PİLATES,+905394968585,Pilates / Yoga
Aura Sports Club,+905318295111,Pilates / Yoga
Studio Yeniköy,+905010273709,Pilates / Yoga
Upsitemotion Sariyer Pilates Studio,+905342020775,Pilates / Yoga
Maslak Pilates,+905541913705,Pilates / Yoga
Fizyogülse-Pilates,+905468955786,Pilates / Yoga
Studio11 Pilates - Personal Training,+905067145844,Pilates / Yoga
FitlabGYM,+905524367960,Kuaför / Berber
Ay Pilates,+902122026561,Pilates / Yoga
Mora Pilates,+902122234441,Pilates / Yoga
TD Pilates,+905446214502,Pilates / Yoga
METpilates Stüdyo,+905307115689,Pilates / Yoga
BÜES Pilates Studio,+905541917281,Pilates / Yoga
The Cove Pilates,+902122771122,Pilates / Yoga
Dina Good Life Pilates Studio,+905339201418,Pilates / Yoga
MEC Pilates Studio,+905339729115,Pilates / Yoga
Studio Pilates Azra,+902122629832,Pilates / Yoga
Zed's Studio,+905380911320,Pilates / Yoga
Suzi 's Pilates Studio,+905382375795,Pilates / Yoga
Strong Spine Pilates Studio,+905539660160,Pilates / Yoga
Karma Yoga & Pilates Studio,+905312848185,Pilates / Yoga
Pilates Space,+902122624044,Pilates / Yoga
Villa Fit Plus,+905321612030,Kuaför / Berber
Pilates 360,+902123232344,Pilates / Yoga
Mu Pilates,+905322027998,Pilates / Yoga
UBA BOXİNG ACADEMY | Sarıyer Boks | Reformer Pilates | Kick Boks | Personal Trainer,+905541124953,Pilates / Yoga
Hermes Studio,+905424450000,Kuaför / Berber
"Stylelife Pilates, Hamak Yoga, 4DPro, Kuvvet / Zekeriyaköy / Ormanada",+902122015444,Pilates / Yoga
Torch Pilates & Personal Training Studio,+905302618607,Pilates / Yoga
Soul and Body Personal Training,+905495460365,Kuaför / Berber
Professional Pilates Studios,+902122773885,Pilates / Yoga
Atofit Spor Salonu,+905332044988,Kuaför / Berber
Jova Pilates Studio Zekeriyaköy,+905333693994,Pilates / Yoga
Reformfit Personal Training,+905332211503,Kuaför / Berber
Zt Spor Stüdyosu,+905352489225,Kuaför / Berber
Gym Station Pilates & Personal Training Studio,+905375500202,Pilates / Yoga
Studio 919,+905418828410,Kuaför / Berber
Back To Fit,+905316542515,Kuaför / Berber
Matchbox Fitness,+905326120511,Kuaför / Berber
Levent Reformer,+902122782025,Pilates / Yoga
Relife Sports Club,+905316166869,Kuaför / Berber
IPF Klinik Pilates Stüdyo İstinye,+902122781155,Pilates / Yoga
PlayStüdyo Levent | Kadınlara Özel Spor Salonu,+905398897529,Kuaför / Berber
Bfit,+902122236444,Kuaför / Berber
EnFit Pilates&Fitness,+905323401050,Pilates / Yoga
Max Challenge Fitness,+902122897953,Kuaför / Berber
KahramanFit,+905358868015,Kuaför / Berber
İTÜ Spor Salonu,+902122853408,Kuaför / Berber
Semahat Arsel Spor Salonu,+902123383055,Kuaför / Berber
Fight Park,+905373619867,Kuaför / Berber
THEPIT Maslak,+905334066030,Kuaför / Berber
Holi sports club,+905378553189,Kuaför / Berber
Stylelife Pilates-4.Levent Aletli Pilates Stüdyo,+902122645155,Pilates / Yoga
Fight Club Academy,+902123420073,Kuaför / Berber
BOB GYM Zekeriyaköy,+902122015344,Kuaför / Berber
Thor Gym Personal Training Studio,+905557527888,Kuaför / Berber
Stylelife Pilates Mecidiyeköy,+902122661347,Pilates / Yoga
SportsAndMore Personal Training Studio,+905325940984,Kuaför / Berber
Soft Fizyoterapi ve Sağlıklı Yaşam Merkezi,+905455547638,Psikolog / Terapist
Tips Pilates,+905422993488,Pilates / Yoga
The Gym Private - Tarabya,+902122622872,Kuaför / Berber
Aletya Yoga & Pilates Studio,+905332658905,Pilates / Yoga
sarıyer fitness bodybuilding,+905555984744,Kuaför / Berber
Bulls Gym Sarıyer,+905348202509,Kuaför / Berber
SarFit Poligon Spor Tesisleri,+902123384158,Kuaför / Berber
AURA PİLATES YENİKÖY,+902122232400,Pilates / Yoga
Ece Güven Fizyoterapi ve Egzersiz Danışma Merkezi,+905317358182,Psikolog / Terapist
Corezone Maslak Studio,+902128018502,Kuaför / Berber
endorfit by Seval,+905349119212,Kuaför / Berber
Sariyer Spor Kulübü Eyüp Odabaşı Yönetim Binası,+902122420927,Kuaför / Berber
SuperSlow Zone Zekeriyaköy,+902122029500,Kuaför / Berber
StudioCome2me,+905071485058,Kuaför / Berber
NOYA PİLATES,+905312598661,Pilates / Yoga
İbrahim Anli Fight Club Zekeriyaköy,+905398791994,Kuaför / Berber
Diamond bayan kuaförü,+905396056699,Kuaför / Berber
Nuray Bayan Kuaförü,+905358152188,Kuaför / Berber
Hasan Sönmez Hair Design & Beauty ELİTE,+905320647942,Güzellik Salonu
SALON MELEĞİM,+905531644306,Kuaför / Berber
Salon Nizam Bayan Kuaförü,+905316972226,Kuaför / Berber
Haydar Hızar Saç Tasarım,+902125055106,Kuaför / Berber
By Kadir Gülöz Bayan Kuaförü,+902125579438,Kuaför / Berber
My style kuafor,+902125542025,Kuaför / Berber
Rıdvan Özçelik Academi,+905465413034,Kuaför / Berber
Saloon As Magic,+902126441310,Kuaför / Berber
Mürsel Bayan Kuaförü,+905352449269,Kuaför / Berber
Kemal Bozz Kuaför,+905355243606,Kuaför / Berber
Ecrin Bayan Kuaförü,+902126420027,Kuaför / Berber
Emre Söyler hair master erkek kuaförü,+905309764029,Kuaför / Berber
Selçuk Hair Design Studio,+905415743758,Kuaför / Berber
Gülsevim Bayan Kuaförü,+902125530192,Kuaför / Berber
Rose Kuaför,+902125045630,Kuaför / Berber
Mini bayan kuaförü,+905426820892,Güzellik Salonu
Nispet Bayan Kuaförü,+905419710652,Kuaför / Berber
Kuaför Edip,+905453981030,Kuaför / Berber
Kuatek Penuar Berber Önlüğü Tekstili Ltd. Şti.,+905380964455,Kuaför / Berber
Pınar Bayan Kuaförü,+905316559508,Kuaför / Berber
Kılıç Saç Tasarım,+905448441466,Kuaför / Berber
Kuaför Ayhan & Celal,+902125577619,Kuaför / Berber
Salon İlhan Saç Tasarım,+905383008314,Kuaför / Berber
Saloon Anatolıa,+905377888362,Kuaför / Berber
Enes Erkek Kuaförü,+905316904946,Kuaför / Berber
Educ Salon,+905357330775,Kuaför / Berber
Emre Erkek Kuaförü,+905378847501,Kuaför / Berber
Berber İsmail,+905332113312,Kuaför / Berber
Kuaför Marjinal,+905077093830,Kuaför / Berber
Fatih Erkek Kuaförü,+905356089819,Kuaför / Berber
By Uras Erkek Kuaförü,+905315087583,Kuaför / Berber
KESTİR HAİR DESİGN,+905539040404,Kuaför / Berber
Cengiz Erkek Kuaförü,+905356878056,Kuaför / Berber
Sönmez Bayan Kuaförü,+905357450898,Kuaför / Berber
Recep Erkek Kuaförü,+905442422651,Kuaför / Berber
ENGİN ERKEK KUAFÖRÜ,+905333396925,Kuaför / Berber
Star Kuaför,+905068958201,Kuaför / Berber
Hanımeli Kuaför Salonu,+905436872779,Kuaför / Berber
Erkek Kuaförü Salon Q7,+905397638896,Kuaför / Berber
Kuaför Keoss,+905336493610,Kuaför / Berber
Salon Stil Erkek Kuaförü,+905335765278,Kuaför / Berber
Blue Moon Estetik ve Güzellik Merkezi,+902126772234,Güzellik Salonu
Lazeres Estetik ve Güzellik Merkezi,+905307863444,Güzellik Salonu
Galata HC Güzellik Salonu,+905422086387,Güzellik Salonu
Starliçe Güzellik Salonu,+902125086696,Güzellik Salonu
Mila Estetik,+905353449000,Güzellik Salonu
Kuantum sağlık ve güzellik,+905067640202,Güzellik Salonu
Sonay Öztan Gökhan,+905454507141,Diş Kliniği
Nexus güzellik merkezi haznedar,+902125047755,Güzellik Salonu
Saloon Hayal Kuaför Güzellik salonu,+902127277717,Güzellik Salonu
Annabella VİP Güzellik Salonu SİLİVRİ,+905013230404,Güzellik Salonu
Silivri Güzellik Alfa By Burcu,+905424825461,Güzellik Salonu
Beste Akkoç Güzellik Merkezi,+905011238730,Güzellik Salonu
Dilan Polat Silivri,+905307060259,Güzellik Salonu
Mina Aydın Güzellik Salonu,+905330533452,Güzellik Salonu
"Zeynep Yıldız Güzellik Salonu & Ağda, Cilt ve Tırnak Bakımı",+905417738189,Güzellik Salonu
Emel'ce Güzellik merkezi,+905384456738,Güzellik Salonu
Aysel Baydar Güzellik Salonu,+905331922037,Güzellik Salonu
Gülender Güzellik Salonu,+905338900544,Güzellik Salonu
Vip İstanbul güzellik merkezi,+902127273500,Güzellik Salonu
Rose Candy Silivri,+905307060269,Güzellik Salonu
Silivri Nebahat Aksakal Güzellik Merkezi,+905541662646,Güzellik Salonu
Has Güzellik Salonu,+905054510488,Güzellik Salonu
Güzelliğin Adresi,+905321355760,Güzellik Salonu
Senorita Silivri Şubesi,+902127285054,Güzellik Salonu
Özben Yavuz Güzellik Salonu,+902127280804,Güzellik Salonu
Zodyak Shine,+905551890384,Güzellik Salonu
Silivri beauty secret güzellik merkezi,+905447876903,Güzellik Salonu
Neslim Güngen Silivri,+905421480234,Güzellik Salonu
Lamia Turan Beauty,+905538112909,Güzellik Salonu
Vip İstanbul Güzellik Silivri,+905438992687,Güzellik Salonu
Senem Atakul GÜZELLİK & BAKIM,+905423493931,Güzellik Salonu
İNCİ GÜZELLİK MERKEZİ SİLİVRİ,+905352726929,Güzellik Salonu
Well Beauty Center,+905523331388,Güzellik Salonu
Ayten Yener Güzellik Salonu,+905452411408,Güzellik Salonu
Şevval Naz Güzellik Atölyesi,+905531716046,Güzellik Salonu
Bengü Güzellik & Akademi,+905374169393,Güzellik Salonu
Silivri Saç Kaynak Merkezi,+905383793700,Kuaför / Berber
Eylül yıldırım estetik,+902127273002,Güzellik Salonu
Nihal Nail Art & Beauty Silivri,+905077413238,Güzellik Salonu
Well Life Güzellik Merkezi,+905421380938,Güzellik Salonu
Oxalis güzellik merkezi,+905424034108,Güzellik Salonu
Tırnak Dünyası,+905367861030,Güzellik Salonu
Alminayla Makyaj&Güzellik,+905061180643,Güzellik Salonu
Hair Life Güzellik Salonu,+902127283993,Güzellik Salonu
Huriye Kıvılcım Kuaför ve Güzellik Salonu,+902127272008,Güzellik Salonu
Dorapella Güzellik Salonu,+905377150098,Güzellik Salonu
Sun House Solarium Silivri,+905454739258,Güzellik Salonu
Silivri Saç Kaynak Merkezi,+905428961156,Kuaför / Berber
Estetia Güzellik Salonu,+905533210842,Güzellik Salonu
Silivri Cadde Bayan Kuaför,+905373437618,Kuaför / Berber
Aysel Kuaför ve Güzellik Salonu,+902127278053,Güzellik Salonu
Esin Alaz Beauty Studio,+905435560936,Güzellik Salonu
Boutiq Spa & Masaj,+905400634000,Diğer (Sağlık & Bakım)
Silivri Melisa Kuaför Merkez,+902127289621,Kuaför / Berber
Duruderm Silivri Güzellik Merkezi,+905533936043,Güzellik Salonu
Silivri Eylemce Bayan Kuaför,+905541961756,Kuaför / Berber
ESTİLO KUAFÖR,+905443348279,Kuaför / Berber
Kuaför iskender,+905375633184,Güzellik Salonu
Silivri Almina Kuaför,+905072157924,Kuaför / Berber
Güney Bayan Kuaför ü Güzellik Salonu SİLİVRİ,+905435661987,Güzellik Salonu
Özlem ferah güzellik salonu,+905421688765,Güzellik Salonu
Eda Güzellik Salonu,+905393803536,Güzellik Salonu
Reyhan özaydın güzellik salonu silivri,+905536492532,Güzellik Salonu
Silivri Lazer Epilasyon,+905325481473,Güzellik Salonu
Cansın Kuaför,+902127285227,Kuaför / Berber
Venüs Bayan Kuaförü Silivri,+902127283760,Kuaför / Berber
Naz Kuaför,+902127288088,Güzellik Salonu
Elit Bayan Kuaförü,+902127284404,Güzellik Salonu
Alina Melek Beauty Salon,+905411853874,Güzellik Salonu
ESER KARAGÖZ Bayan Kuaförü,+905319133610,Kuaför / Berber
Silivri Protez Tırnak Deep Nail Studio,+905525101708,Güzellik Salonu
Ekol Bayan Kuaförü ve Güzellik Merkezi,+902128016142,Güzellik Salonu
GR KUAFÖR,+905453770292,Kuaför / Berber
Gülden Akar VIP,+905428037610,Güzellik Salonu
kuaför mehmet makas,+905445843458,Kuaför / Berber
Feride Kuaför Silivri,+905466755393,Kuaför / Berber
Uzm. Dr. Sibel Duysak | Klinik & Kozmetik Dermatoloji | Silivri,+905308695145,Diğer (Sağlık & Bakım)
Saloonerdinç,+902127271988,Kuaför / Berber
Huriye Kıvılcım Browvana Şubesi,+905393503719,Güzellik Salonu
Melek Yıldız Bayan Kuaförü,+905400083400,Kuaför / Berber
Op. Dr. Eser Ağar Muayenehanesi,+902127286361,Diğer (Sağlık & Bakım)
Academi-a Güzellik Merkezi,+905369946885,Güzellik Salonu
Stars Bayan Kuaförü Silivri,+905055363305,Kuaför / Berber
Nuray Erol Güzellik Salonu,+905344649414,Güzellik Salonu
VERA KUAFÖR,+905339694716,Kuaför / Berber
mukhaircenter saç simülasyon merkezi silivri,+905427434545,Kuaför / Berber
Eksa Kuaför,+902127278544,Güzellik Salonu
Dante Psikoloji,+905356757060,Psikolog / Terapist
Uzm. Klinik Psikolog Didem Koçoğlu,+905312810464,Psikolog / Terapist
MRA Psikoloji,+905312437828,Psikolog / Terapist
SOYDAN AKADEMİ (Ergoterapi Hareket eğitimi Dil ve konuşma terapisi ) / Güngören,+905306616201,Psikolog / Terapist
Psikolog,+905535007592,Psikolog / Terapist
Psikolog/Aile Danışmanı Mert Kılıç,+905348149796,Psikolog / Terapist
Çocuk ve Ergen Psikiyatristi Uzm. Dr. Sümeyra Güngören,+905066806590,Psikolog / Terapist
Psikoloji Bakırköy Danışmanlık Merkezi,+905321750454,Psikolog / Terapist
Psikolojik danışmanlık Diyar Durucan,+905444269921,Psikolog / Terapist
Klinik Psikolog Burak Can Göncü,+908504744692,Psikolog / Terapist
Nüha Psikoloji,+905465635460,Psikolog / Terapist
Psikolog Büşra Kulüp,+905438182048,Psikolog / Terapist
Çadem Psikoloji,+905453503400,Psikolog / Terapist
Uzman Psikolog Ozan Erdem Canak,+905300900639,Psikolog / Terapist
Doksan Psikoloji,+905302456990,Psikolog / Terapist
Klinik Psikolog Gamze Ozan,+905514377607,Psikolog / Terapist
ÇADEM Psikoloji,+905413423484,Psikolog / Terapist
Neurovia Nöropsikiyatri,+902126219090,Psikolog / Terapist
Uzman Klinik Psikolog Pınar Yıldırım - Bağdat Caddesi İstanbul Online Psikolog,+905433833612,Psikolog / Terapist
Klinik Psikolog Revşan Yağızer,+905531884744,Psikolog / Terapist
Uzm. Psk. Gamze Terzi,+908508117568,Psikolog / Terapist
Online Psikoterapi,+905368968046,Psikolog / Terapist
Uzm. Dr. Esra Atasoy Subaşı - Çocuk ve Ergen Psikiyatristi,+905441745515,Psikolog / Terapist
Çocuk Psikoloğu İstanbul,+905444400880,Psikolog / Terapist
Florya/Yeşilköy Psikolog Merkezi | Yetişkin ve Ergen Terapisi,+905514232610,Psikolog / Terapist
Psikolog Suzan Onur,+905359534155,Psikolog / Terapist
Klinik Psikolog Nur Güngör – Kurtköy / Pendik,+905317654666,Psikolog / Terapist
Avrupa Psikoloji,+905304200376,Psikolog / Terapist
Dr. Sultan Özcanlı Şahin,+902125025160,Diş Kliniği
Klinik Psikolog Bahar Kaya - Bakırköy Psikolog,+905359126745,Psikolog / Terapist
"Zeynep ÖNGÖREN, Klinik Psikolog ve Çocuk Gelişimi Uzmanı (çift yandal)",+905421541888,Psikolog / Terapist
"Kurtköy Psikolog | Umut Terapi Danışmanlık Merkezi | Çocuk, Aile ve Çift Terapisi",+905525563434,Psikolog / Terapist
Yüzleşme Danışmanlık,+905334880600,Psikolog / Terapist
Psikolog Mahmut Altındere,+905431263301,Psikolog / Terapist
Klinik Psikolog Şeyma Koçak,+905370571131,Psikolog / Terapist
Livora Coaching | Yaşam Koçu & Uzman Klinik Psikolog,+905541077305,Psikolog / Terapist
Anez Psikolojik Danışmanlık Merkezi,+905456189221,Psikolog / Terapist
Psikolojik Danışman Enbiya Memişoğlu - Bakırköy,+905374912261,Psikolog / Terapist
Prizma Psikoloji,+905011451404,Psikolog / Terapist
Uzman Psikolog Hatice ACAR,+905396044032,Psikolog / Terapist
Zeytinburnu Psikolog,+905432393440,Psikolog / Terapist
Klinik Psikolog Erva Dündar,+905325888590,Psikolog / Terapist
Uzman Klinik Psikolog Sinem Civa Akdaş,+905541649708,Psikolog / Terapist
Psikolojik Danışman Betül Özpamukcu,+905515734505,Psikolog / Terapist
Psikolog Muhammed Can Düşünür,+905418237442,Psikolog / Terapist
Ömer Yurtsever,+905416418441,Psikolog / Terapist
Divan Psikoloji Kids,+905323899740,Psikolog / Terapist
Uzm. Klinik Psikolog Esra Göksoy,+905303217648,Psikolog / Terapist
Uzman Klinik Psikolog Gökçe TOLUÇ,+908504304623,Psikolog / Terapist
Psikolog Merve Nur Taman,+908508118868,Psikolog / Terapist
Dahaiyiyim,+902129099964,Psikolog / Terapist
Klinik Psikolog Dilan Er,+905418114352,Psikolog / Terapist
Küre Psikoloji - Bakırköy,+905456724116,Psikolog / Terapist
Çadem Psikoloji,+902126980600,Psikolog / Terapist
MODA KUAFÖR,+905449269949,Kuaför / Berber
Gülhan Bayan kuaförü,+905366451703,Kuaför / Berber
Jaklin Bayan Kuaförü,+902127275717,Kuaför / Berber
Sunflower Bay&Bayan Kuaför/Berber,+905353559732,Kuaför / Berber
ZEHRA ÇİNTAY Bayan Kuaför,+905529170012,Kuaför / Berber
KEREM TANIŞ HAİR ARTİST ERKEK KUAFÖRÜ SİLİVRİ,+905449618479,Kuaför / Berber
Diva Bayan Kuaförü,+905426463815,Kuaför / Berber
Salon Trend Silivri,+905350153279,Kuaför / Berber
Defne Bayan Kuaför,+905342333995,Kuaför / Berber
Salon Oruç,+905345693336,Kuaför / Berber
Silivri Erkek Kuaförü,+905434191021,Kuaför / Berber
Rs Bayan Kuaförü,+905538465254,Kuaför / Berber
Halit,+905398498393,Kuaför / Berber
Iz Kuaför,+902127288003,Kuaför / Berber
İsmail Bayan Kuaförü,+905454079666,Kuaför / Berber
Gümüşyaka Birsen Saç Tasarım,+905443319981,Kuaför / Berber
Büşra & Bahar kuaför,+902127271730,Kuaför / Berber
CK BAYAN KUAFÖRÜ,+905462081848,Kuaför / Berber
SİLİVRİ BERBER --SALON ZAFER TOSUN--,+905379170922,Kuaför / Berber
By Özkan Erkek Kuaförü,+905377820945,Kuaför / Berber
Paris kuaför,+905511371828,Kuaför / Berber
EC BAYAN KUAFÖRÜ SİLİVRİ,+905343341555,Güzellik Salonu
KUAFÖR Elegance Silivri,+905326812016,Kuaför / Berber
Best Kuaför Salonu,+902127279739,Kuaför / Berber
M Pet Kuaför Silivri,+905458803566,Kuaför / Berber
YAKUP AKÇİN HAIR DESIGN,+905418731443,Kuaför / Berber
Salon Ozi,+905365176493,Kuaför / Berber
Berber Serkan,+905337194564,Kuaför / Berber
Yeliz Nalçakan Saç Kaynak Merkezi,+905426204498,Güzellik Salonu
Silivri Eksa Nuray kuaför,+905365106157,Kuaför / Berber
Rıdvan Cera Bayan Kuaförü,+902127270955,Kuaför / Berber
Hakan özmert hair studio,+905302639177,Kuaför / Berber
BK kuaför silivri,+905353531724,Kuaför / Berber
Silivri Kuaför A,+902127360150,Kuaför / Berber
KARDEŞLER KUAFÖR,+905370436010,Kuaför / Berber
GÖKÇEL ERKEK KUAFÖRÜ,+905398975778,Kuaför / Berber
M.TEKÇİ ERKEK KUAFÖRÜ VE BAKIM SALONU,+905305762170,Kuaför / Berber
KUAFÖR EVA,+905307050035,Kuaför / Berber
Serhat Serkan Erkek Kuaförü,+905454901054,Kuaför / Berber
İdris Erkek Kuaförü,+905348465590,Kuaför / Berber
KUAFÖR ÖZLEM UMUÇ,+905525927449,Kuaför / Berber
ERKEK KUAFÖRÜ HASAN,+902127274927,Kuaför / Berber
Salon Aşkın Aydin,+905427462113,Kuaför / Berber
Silivri Aydın Erkek kuaförü,+905346978858,Kuaför / Berber
C&K Erkek Kuafor,+905514082601,Kuaför / Berber
MUSA GÜNEŞ FOVARİ ERKEK KUAFÖRÜ,+905427870886,Kuaför / Berber
Moonlight salon,+905315016443,Güzellik Salonu
Salon Sanat Kuaför,+905307303429,Kuaför / Berber
Silivri Hayat erkek kuaförü,+905319129759,Kuaför / Berber
S & M Bayan Kuaförü,+905343657215,Kuaför / Berber
O7,+905435720170,Kuaför / Berber
Müzeyyen Pet Kuaför Coiffeur,+905339314429,Kuaför / Berber
Silivri Pet Kuaför - Pawty House,+905362532384,Kuaför / Berber
Diş Hekimi Fadıl Ilgın Aslı Ilgın,+902125563609,Diş Kliniği
Güngören Ağız Ve Diş Sağlığı Merkezi,+902125563636,Diş Kliniği
Özel Tekin ağız ve diş sağlığı polikliniği,+905337151520,Diş Kliniği
Özel Efe Ağız Ve Diş Sağlığı Polikliniği,+905537131934,Diş Kliniği
Arven Diş Ağız Ve Diş Sağlığı Polikliniği,+902125666671,Diş Kliniği
Denta Marmara Ağız ve Diş Sağlığı Polikliniği,+905441143030,Diş Kliniği
Özel Meltem Ağız ve Diş Sağlığı Polikliniği | Haznedar şubesi,+905337414241,Diş Kliniği
BVD Ağız ve Diş Sağlığı Polikliniği,+905016060123,Diş Kliniği
Özel Yılmazlar Ağız Ve Diş Sağlığı Polikliniği,+902125561517,Diş Kliniği
Dr Nalan ERDOĞAN AKDEMİR,+902126443501,Diş Kliniği
Özel Yılmazlar Ağız ve Diş Sağlığı Polikliniği,+905076996362,Diş Kliniği
Diş Hekimi Çağatay ve Yasemin Sözer,+905352783160,Diş Kliniği
Dr tekin diş kliniği,+905456337112,Diş Kliniği
Diş Hekimi Erhan Gürsoy,+902125061999,Diş Kliniği
Diş Hekimi Sebahattin Can,+902126426508,Diş Kliniği
Diş Hekimi Pelin Can,+902125628585,Diş Kliniği
Diş Hekimi Kadir Toktaş,+905537072225,Diş Kliniği
ESDENTA Diş Hekimi Ervin Umer ve Sevdiye Umer,+905301333486,Diş Kliniği
Diş Hekimi M. Tarkan Şahin,+902125399130,Diş Kliniği
Ayazma Ağız ve Diş Sağlığı Polikliniği | Esenler Diş Klinikleri | Yakındaki Diş Hekimi,+905313455141,Diş Kliniği
Özel Ümit Ağız ve Diş Sağlığı Polikliniği,+902124353327,Diş Kliniği
Diş Hekimi Ferhat Ramazani,+905313082545,Diş Kliniği
Dr. Bedir Bülent Ülgen,+905324022228,Diş Kliniği
Diş Hekimi Nida Öztürk,+902125564511,Diş Kliniği
Özel Enesdent Ağız ve Diş Sağlığı Polikliniği,+902125063288,Diş Kliniği
T.C. Sağlık Bakanlığı Esenler Bülent Doğanlar Ağız ve Diş Sağlığı Polikliniği,+902125087771,Diş Kliniği
Diş Hekimi Turgut Çatar,+905324682834,Diş Kliniği
Özel Meltem Ağız ve Diş Sağlığı Polikliniği | Bahçelievler Şubesi,+905327860222,Diş Kliniği
Alldent Ağız ve Diş Sağlığı Polikliniği Bahçelievler,+902126775647,Diş Kliniği
Diş Hekimi Gülbahar Karadağ,+902125574621,Diş Kliniği
Diş Hekimi Çiğdem Yaman,+902125531636,Diş Kliniği
Diş Hekimi Şeyda Ersoy,+902125559321,Diş Kliniği
Diş Hekimi Belgin Safran,+902125043737,Diş Kliniği
Bahçelievler Ağız ve Diş Sağlığı Merkezi,+902124415312,Diş Kliniği
Dr. Yılmaz Tanrıbuyurdu,+902126433101,Diş Kliniği
Loyalty Tattoo Piercing Studio,+905451387458,Dövme & Piercing
XL Tattoo Studio,+905307295101,Dövme & Piercing
ALLSTAR TATTOO,+905013383511,Dövme & Piercing
db Tattoo İnk Studio ( Dövmeci Doğan ),+905331623030,Dövme & Piercing
Proof İnks'z,+905053751492,Dövme & Piercing
İsmail inci tatto,+905520250571,Dövme & Piercing
Ağaçkakan Tattoo,+905331907391,Dövme & Piercing
INFINITY İnk Tattoo,+905340721446,Dövme & Piercing
Blvck Tattoosz,+905551949996,Dövme & Piercing
Çınar Tattoo,+905372631546,Dövme & Piercing
RS TATTOO,+905071294229,Dövme & Piercing
Merve Özkan Tattoo Piercing Studio,+905425778837,Dövme & Piercing
Tattoo Ünal Mestan Dövme,+905384383442,Dövme & Piercing
Ömür Tattoo,+905366049998,Dövme & Piercing
Erman Çakmak Tattoo Studıo,+905538502344,Dövme & Piercing
Tattoo Engin Akın,+905379503439,Dövme & Piercing
Raziel Tattoo,+905522553187,Dövme & Piercing
Tattooevcim,+905387316159,Dövme & Piercing
BATU TATTOO,+902125699448,Dövme & Piercing
Nova Ink Tattoo & Piercing Studio,+905358833089,Dövme & Piercing
EmreAkınTattoo,+905389519324,Dövme & Piercing
Papyon Tattoo studio,+905423620387,Dövme & Piercing
Infernus Tattoo Studio,+905075644055,Dövme & Piercing
"Ganja tattoo Sefaköy, Dövme ve Piercing Stüdyosu",+905304883493,Dövme & Piercing
Tattoo Time,+905330504460,Dövme & Piercing
Tattoo Studio Ertugrul Yılmaz,+905344023328,Dövme & Piercing
Cv Tattoo & Piercing,+905340107003,Dövme & Piercing
Satirus Tattoo Bakırköy,+905541218581,Dövme & Piercing
Alfa Tattoo Piercing,+905060230344,Dövme & Piercing
Cleopatra INK Tattoo & Piercing Bakırköy Studio,+905011351088,Dövme & Piercing
Vagon Art Tattoo - Piercing,+905332646021,Dövme & Piercing
Yer6 Tatto & esenler dövmeci,+905304064178,Dövme & Piercing
Güneşli The Woman Tattoo & Piercing,+905303033115,Dövme & Piercing
Efe Fuat Tattooz,+905314082925,Dövme & Piercing
Tattoo.byserkan,+905435471165,Dövme & Piercing
TATTOOCASA-Şirinevler,+905444266860,Dövme & Piercing
Magical Ink - Dövme ve Piercing Stüdyosu,+905313833493,Dövme & Piercing
Nur Şahinkaya Tattoo & Piercing,+905352252097,Dövme & Piercing
Pasaj Tattoo Piercing Salonu,+905076444660,Dövme & Piercing
Gozde Tattoo Piercing,+905455474762,Dövme & Piercing
95 tattoo,+905312535487,Dövme & Piercing
Tattoo Art. Timuçin Dövme Stüdyosu,+905340203838,Dövme & Piercing
Dynamic Tattoo - Sefaköy Dövme Ve Piercing Stüdyosu,+905423933405,Dövme & Piercing
Cizik Tattoo Studio,+905541254436,Dövme & Piercing
Kings Tattoo & Barber Shop,+905312904633,Dövme & Piercing
Korsan Tatto Studio,+905385864963,Dövme & Piercing
Nail&Tattoo Studio by TUNCA,+905454711243,Dövme & Piercing
Tattoo By Ulash,+905557295564,Dövme & Piercing
Şah Tattoo & Piercing,+905330539771,Dövme & Piercing
Forever Tattoo Piercing,+905359715855,Dövme & Piercing
PRİMATİVE İNK SEFAKÖY DÖVME STÜDYOSU,+905324900454,Dövme & Piercing
Magic Hand Dövme Stüdyosu Dövmeci Taner,+902125433049,Dövme & Piercing
Tattoo Master Bakırköy,+905416325790,Dövme & Piercing
inka tattoo piercing,+905325473745,Dövme & Piercing
No:9 Dövme Stüdyosu - Yenibosna,+905061115146,Dövme & Piercing
96 Tattoo Studio,+905462640830,Dövme & Piercing
GG Tattoo,+905530331903,Dövme & Piercing
Bosphorus Ink Tattoo and Piercing,+905451310734,Dövme & Piercing
Matmazel Tattoo Piercing,+905459495950,Dövme & Piercing
Lizbon Tattoo Bakırköy,+905353000855,Dövme & Piercing
"Goldenlines tattoo,Tattoo Sefaköy , Dövme ve Piercing Stüdyosu",+905422798865,Dövme & Piercing
tattoo,+905433830599,Dövme & Piercing
Run Rabbit Tattoo,+905336787488,Dövme & Piercing
Atelier Luna I Tattoo Studio,+905312031344,Dövme & Piercing
Deniz Yapar Tattoo,+905304142778,Dövme & Piercing
Tattoo Z,+905414698487,Dövme & Piercing
EkinoksTattoo,+905318945499,Dövme & Piercing
Pandora Tattoo Bakırköy,+905307110462,Dövme & Piercing
BLAC Tattoo & Piercing,+905350553226,Dövme & Piercing
DUMAN.INK TATTOO STUDIO,+905051109423,Dövme & Piercing
Aytuğ Tattoo Bakırköy | Tattoo & Piercing,+905466885398,Dövme & Piercing
y'İNKyang Tattoo Gallery,+905528746044,Dövme & Piercing
İstanbul Art Pit Tattoo,+905326235151,Dövme & Piercing
Artisan Tattoo Studio | Emrah Okuroğlu,+905530208581,Dövme & Piercing
zeytinburnu tattoo piercing,+905309595041,Dövme & Piercing
Bosphorus Ink Tattoo and Piercing Pendik,+905521840734,Dövme & Piercing
Bezo tattoo & piercing,+905300369140,Dövme & Piercing
Horoz Tattoo,+902126608882,Dövme & Piercing
MK Nail Studio / Esenler Protez Tırnak & Esenler Dövme,+905393247228,Dövme & Piercing
AmediX Tattoo,+905325144923,Dövme & Piercing
Utopia Tattoo Home,+905523045219,Dövme & Piercing
Karma Tattoo Ink,+905439436282,Dövme & Piercing
Redline Tattoo Bakırköy,+905011425545,Dövme & Piercing
Elite ST Tattoo Piercing,+905370501960,Dövme & Piercing
Goldshadow tattoo,+905356817045,Dövme & Piercing
TATTOO BY CENK,+905464357106,Dövme & Piercing
Diyetisyen Gülnur Kuran,+908508116870,Diyetisyen
Diyetisyen Ahsen İrem Kurtuluş - MediForm Beslenme ve Diyet Danışmanlık Merkezi,+905304264881,Psikolog / Terapist
Diyetisyen Sultan Çelik - Diyet ve Beslenme Uzmanı,+902125557965,Diyetisyen
Uzman Diyetisyen Nurcan Öztemir,+905462045226,Diyetisyen
Diyetisyen Bahtınur Yılmaz Gürel,+905319305561,Diyetisyen
Diyetisyen Dilan Aydoğan Yamak,+905422287148,Diyetisyen
Diyetisyen Hilal Genç,+905058540398,Diyetisyen
Uzman Diyetisyen Ümmühan Uçar,+905388153602,Diyetisyen
Uzman Diyetisyen Göksu Boz,+908504744611,Diyetisyen
Uzman Diyetisyen Müzda IRMAK-İstanbul,+905059995959,Diyetisyen
Misisistanbul Beauty,+905011213434,Güzellik Salonu
Eylül Yıldırım Güzellik Merkezi,+905324354457,Güzellik Salonu
Özel Silivri Ağız ve Diş Sağlığı Polikliniği,+905304346642,Diş Kliniği
Eflatun Pilates - Bayanlara özel pilates ve spor salonu / Güngören şubesi,+908503041082,Pilates / Yoga
Güngören Pilates Salonu - Bayanlara Özel Birebir Ders,+905335128003,Pilates / Yoga
STUDIO PUNTO PILATES,+905446230907,Pilates / Yoga
THE PİLATESİUM STUDIO - BETÜL KOCACIK,+905541348578,Pilates / Yoga
ZERO PİLATES STÜDYO,+905322449376,Pilates / Yoga
Merter pilates,+905354300597,Pilates / Yoga
Cleopatra Pilates,+905369340000,Pilates / Yoga
Slim Fitness Center - Güngören - Merter - Bahçelievler EMS | Fitness | Kilo Verme | Kardiyo | Kas Kütlesi | Özel Antreman,+902125577546,Kuaför / Berber
Que Fitness Club,+905458174692,Kuaför / Berber
PowerGym,+902125560021,Kuaför / Berber
SPARTA CLUB BAY-BAYAN SPOR SALONU,+905413380881,Kuaför / Berber
GYM ZONE CORNER,+902125040272,Kuaför / Berber
Masist Spor Salonu,+902124623064,Kuaför / Berber
A-Kar Spor Merkezi,+902124340055,Kuaför / Berber
Vitality Wellness Spa & Fitness Salonu,+905302561868,Psikolog / Terapist
Missfit Pilates Studio,+902126444022,Pilates / Yoga
ProFit Haznedar,+902125565059,Kuaför / Berber
Rox Fitness & Swimming pool,+905305471093,Kuaför / Berber
Thor Gym Fitness Center & Supplement Store,+905334373206,Kuaför / Berber
Swordfit Sports Club,+905054452865,Kuaför / Berber
Dynamic Pilates Bahçelievler,+905324375099,Pilates / Yoga
Elif Eken Marmara Psikolojik Danışmanlık Merkezi,+905443563543,Psikolog / Terapist
Klinik Psikolog Begüm Uçman Dönmez- silivri psikolog,+905350555687,Psikolog / Terapist
Silivri Psikolog Müge Adalı,+905434631880,Psikolog / Terapist
Silivri Çocuk Psikoloğu - Psikolog Zehra Yıldız,+905446274856,Psikolog / Terapist
Klinik Psikolog Eda DEMİRAY- Ren Psikoloji,+905422511232,Psikolog / Terapist
Silivri Junior Psychology,+905432148947,Psikolog / Terapist
Silivri Psikolog Dilruba TURAL,+905011404825,Psikolog / Terapist
Silivri Dem Psikolojik Danışmanlık Merkezi,+905459236500,Psikolog / Terapist
Çocuk Psikoloğu Tuana Yılmaz,+905434432511,Psikolog / Terapist
UZM. KLİN. PSK. EZGİ GÜNEŞ,+905416431127,Psikolog / Terapist
Dönüşüm Danışmanlık Merkezi,+905342154278,Psikolog / Terapist
Psikolog Derya Arslan,+908508115218,Psikolog / Terapist
Klinik Psikolog Sedanur Duran / Lotus Psikolojik Danışmanlık Merkezi,+905444779745,Psikolog / Terapist
Klinik Psikolog Münevver Büşra Nair,+905464301376,Psikolog / Terapist
Klinik Psikolog Gül Nihal Özçelik,+905347907673,Psikolog / Terapist
Uzm. Klinik Psikolog Melike ÖZTÜRK ÇAPKIN,+905302489120,Psikolog / Terapist
PİA TERAPİ,+902127289293,Psikolog / Terapist
Silivri Klinik Psikolog Buse Elibol,+905448628668,Psikolog / Terapist
Oyuncu Çocuk Psikoloji | Uzm. Psikolojik Danışman Zerrin Köse Can,+905431178141,Psikolog / Terapist
Silviri Psikolog Hilâl Yıldızlar,+905422569817,Psikolog / Terapist
Heppi,+905451082999,Psikolog / Terapist
Uzman Klinik Psikolog İzlem Seçil Sarı,+905347643545,Psikolog / Terapist
Atafizyo,+905325652942,Diğer (Sağlık & Bakım)
Nova danışmanlık merkezi,+905452415184,Psikolog / Terapist
Diş Hekimi Göknil Hande Uzun,+905421188127,Diş Kliniği
Klinik Psikolog Uzman Kaan Üçyıldız,+905421240635,Psikolog / Terapist
R'form Sağlıklı Yaşam ve Diyetisyen,+905366884830,Diyetisyen
Parlak Hayat Psikoloji - Klinik Psikolog Sümeyye Arslan,+905415533121,Psikolog / Terapist
Klinik Psikolog Başak Yavuzarslan,+905327878993,Psikolog / Terapist
Uzm. Klinik Psikolog Merve Keleş Ozgan,+905309305046,Psikolog / Terapist
Uzman Klinik Psikolog/ Aile Danışmanı Ve Çift Terapisti Esra Sayın,+905386503217,Psikolog / Terapist
"Bakırköy Psikolog-Psikolog RABİA ACAR-Bakırköy Psikolog Randevu,Aile ve Çift Terapisi,Yetişkin Psikolog,Bireysel Psikolog,",+905467303265,Psikolog / Terapist
DİYETİSYEN MERVE KÖKSAL,+905526386871,Diyetisyen
Uzman Diyetisyen Ahu Özvar Kuzu,+908504747915,Diyetisyen
DİŞ HEKİMİ HASAN BABAOĞLU,+905409672323,Diş Kliniği
Dental Implant Clinic A Plus,+902124000013,Diş Kliniği
Özel RUMELİ Ağız ve Diş Sağlığı Polikliniği,+905455709602,Diş Kliniği
Özel Hazal Ağız ve Diş Sağlığı Polikliniği,+905300535026,Diş Kliniği
Mustafa Kurtbeyoğlu Diş Kliniği,+905312325231,Diş Kliniği
Diş Hekimi Tuncay DÜNDAR,+905055455427,Diş Kliniği
Diş Hekimi Ertaç Örsmen,+902127318480,Diş Kliniği
Diş hekimi Sarp Fırat-Aydın -Ümit Çakmak,+905424192220,Diş Kliniği
DT.MURAT SARIKAYA DENTAL CLINIC,+905540189833,Diş Kliniği
Büyükçekmece ağız ve diş sağlığı merkezi Selimpaşa Diş Tedavi Ve Protez Merkezi,+902127318255,Diş Kliniği
Silivri Diş Hekimi Dr. Öğrt.üyesi Alpaslan Demireğen,+902127284369,Diş Kliniği
Dr. Atilla İşcan,+902127273846,Diş Kliniği
Dr. Başak Gökçe Tuncay,+902127285379,Diş Kliniği
Dişhekimi Osman Kekeç,+905527373161,Diş Kliniği
Diş Hekimi Ayla UFAK,+902127271296,Diş Kliniği
Dt. Yeşim Turan - Silivri Diş Doktoru,+905527327490,Diş Kliniği
Sercan Tattoo House,+905389415598,Dövme & Piercing
Silivri Keskin Tattoo & Piercing,+905550013162,Dövme & Piercing
silivri dövme stüdyosu,+905465921648,Dövme & Piercing
Berat Kaan Çakır Tattoo Studio,+905372202234,Dövme & Piercing
ALP TATTOO,+905332528616,Dövme & Piercing
CASPER TATTOO,+905318130097,Dövme & Piercing
Kaan Bozkurt Tattoo Studio,+905352110672,Dövme & Piercing
Yağmur İrem Beauty Studio,+905367613086,Güzellik Salonu
Medicamine Beauty,+905520000020,Güzellik Salonu
Beauty Date,+905397460361,Güzellik Salonu
Glam By Berfu,+905301391222,Güzellik Salonu
Sinem kuaför ve güzellik salonu,+905349406739,Güzellik Salonu
Pera Beauty Studio,+905327772880,Güzellik Salonu
salon sevim,+902129092585,Güzellik Salonu
Best Beauty Kuaför,+905079147360,Güzellik Salonu
Elis Kuaför ve Güzellik Salonu,+905468168726,Güzellik Salonu
Başak Kaya Beauty,+905322199769,Güzellik Salonu
Yasemin Taş Beauty Güzellik Salonu,+905303497611,Güzellik Salonu
Yasemin Güzellik & Kuaför Salonu | Kağıthane Güzellik Merkezi,+905053103023,Güzellik Salonu
G&Glife Güzellik,+905457857773,Güzellik Salonu
D'emel Beauty,+905413380592,Güzellik Salonu
Tülay Genç Güzellik Salonu,+905454405840,Güzellik Salonu
MHN GÜZELLİK & BAKIM HİZMETLERİ- GÜLTEPE / LEVENT,+905522841133,Güzellik Salonu
ÖZGE TEOMAN GÜZELLİK,+905458367366,Güzellik Salonu
Ayla Şeker Güzellik Salonu,+905469572594,Güzellik Salonu
Sayannova Güzellik Salonu 4. Levent,+902123246804,Güzellik Salonu
Burcu Özcan Güzellik Salonu,+902123250080,Güzellik Salonu
Nurdan Nazlı Güzellik Salonu,+905444500550,Güzellik Salonu
By Özlem Yılmaztürk Beauty Studio,+905077086656,Güzellik Salonu
Sibella Bayan Kuaförü,+905389840771,Kuaför / Berber
Sema Alpgan Beauty,+905079950010,Güzellik Salonu
Glow Up Beauty by İrem,+905402022424,Güzellik Salonu
The Beauty Pro,+905404825252,Güzellik Salonu
Sisters Guzellik Salonu,+905422718508,Güzellik Salonu
Yargıcı Kuaför ve Güzellik Salonu,+902123259912,Güzellik Salonu
Yeni Dünya Güzellik Salonu Kağıthane,+902122836505,Güzellik Salonu
Elif Subaşı GÜZELLİK SALONU,+905535915817,Güzellik Salonu
ECE GÜZELLİK SALONU,+905536475888,Güzellik Salonu
New Gold Diamond Güzellik Merkezi (Özel Poliklinik Üstü),+905424126350,Güzellik Salonu
Gülay yeşil hair and makeup studio,+905352350588,Güzellik Salonu
Rose Candy Güzellik Merkezi Kağıthane,+905317163444,Güzellik Salonu
ELİF&TUĞBA BAYAN KUAFÖRÜ,+905458061886,Kuaför / Berber
By Makass Erkek Kuaförü/Berberi & Solarium Salonu Hamidiye Kağıthane İstanbul,+905316586464,Kuaför / Berber
Sevim Alan Kağıthane,+905011257558,Güzellik Salonu
Engin Polat For Men Kağıthane,+905317413400,Güzellik Salonu
Salon İnci,+905305763628,Güzellik Salonu
SİBEL BALCI Kuaför \ Güzellik \ Bakım,+905305142939,Güzellik Salonu
Yazgülü Deniz Güzellik Merkezi,+905462495837,Güzellik Salonu
Den Estetik,+902122247912,Güzellik Salonu
Elit Kuaför,+905387024202,Kuaför / Berber
Aymira Koçaklı Kağıthane,+905010015088,Güzellik Salonu
Vision Kuaför,+902123259900,Kuaför / Berber
KUAFÖR YUSUF,+905525962064,Kuaför / Berber
Erdal Şahin,+902122240744,Kuaför / Berber
The Good Nail’s,+905421082724,Güzellik Salonu
Ali Naz,+902123217179,Kuaför / Berber
Sır Güzellik,+902122227816,Güzellik Salonu
Divinia Güzellik Merkezi - Mecidiyeköy,+902123566191,Güzellik Salonu
Selma Kuaför Ve Güzellik Salonu,+902122321960,Güzellik Salonu
Birdem Alkan Güzellik Merkezi,+905372072529,Güzellik Salonu
Özgül Volkan Kuaför,+905366972288,Güzellik Salonu
Dilek Kuaför,+905334765277,Kuaför / Berber
Ali bacak hair studio,+902128013577,Kuaför / Berber
Özlem güzellik salonu,+905412575808,Güzellik Salonu
Melisa Bayan Kuaförü Kağıthane,+902122949959,Kuaför / Berber
Yaşar Cevizli Kuaför Güzellik Solaryum,+902122803119,Güzellik Salonu
Memo Erkek Kuaförü,+905388440995,Kuaför / Berber
İdris Erkek kuaförü çeliktepe suadiye cadesi no5 kâğıthane istanbul,+905367003076,Kuaför / Berber
Elegance kuaför (Kağıthane),+902122945850,Kuaför / Berber
Gizem Kuaför,+902122838306,Kuaför / Berber
PUKKA GÜZELLİK,+905305549580,Güzellik Salonu
AHMET BÜLBÜL Coiffure,+905454035207,Kuaför / Berber
Alesta Pilates Studio Kağıthane,+905323405942,Pilates / Yoga
Mira Kuaför,+905422195400,Kuaför / Berber
Mine Birinci beauty,+902122123182,Güzellik Salonu
Yeni Genç Kuaför,+905322877084,Kuaför / Berber
Altın Makas Bayan Kuaförü,+902122780915,Kuaför / Berber
By Jeylo Beauty,+905527441836,Güzellik Salonu
Şekil Erkek Kuaförü,+905367091405,Kuaför / Berber
Visage Bay & Bayan Kuaför,+902124278230,Kuaför / Berber
Aysi Güzellik Kağıthane,+905302649787,Güzellik Salonu
No:28 kuaför,+902122218157,Kuaför / Berber
Bella Kuaför by halim,+905384286034,Kuaför / Berber
Mec Hair Design,+902122849133,Kuaför / Berber
SALON CAN AVCI,+905383406119,Kuaför / Berber
Sena Bayan Kuaförü,+905551759999,Kuaför / Berber
Glamour Kuaför,+905396021728,Kuaför / Berber
Model Bayan Kuaförü,+902122956155,Kuaför / Berber
BB Hair Studio Kuaför,+905365637864,Kuaför / Berber
Olivia Kuaför,+905380611487,Güzellik Salonu
Flower Kuaför,+905334396700,Kuaför / Berber
Kuaför Hatice ve güzellik salonu,+905367445734,Güzellik Salonu
FATİH BAŞDEMİR hair studio,+902122202099,Kuaför / Berber
Ekin Bayan Kuaförü,+905418022484,Kuaför / Berber
Anatolia Bayan Kuaförü,+905380946090,Kuaför / Berber
Emir Hair Styling - Kuaför,+905453088019,Kuaför / Berber
Proteam Kuaför,+905325039681,Kuaför / Berber
Bayan Kuaförü Murat/beril,+905321628002,Kuaför / Berber
Salon Global,+902122840643,Kuaför / Berber
Boutique Coiffeur Ve Güzellik,+902128062996,Güzellik Salonu
REMIND Hair Art,+902128432188,Kuaför / Berber
SALON EKİP Bayan Kuaforu,+902122958191,Kuaför / Berber
KEMAL YILDIZ SAÇ TASARIM FOR MAN,+905449267078,Kuaför / Berber
A Plus Kuaför-Seyrantepe,+902122836295,Kuaför / Berber
DK Bayan Kuaförü,+902123215837,Kuaför / Berber
Aşiyan Bayan Kuaförü,+905372269194,Kuaför / Berber
Ersin Kuaför,+905353979810,Kuaför / Berber
SALON BERENİZ BAYAN KUAFÖRÜ,+905396941299,Kuaför / Berber
Avşar kuaför SELÇUK AVŞAR,+902122834618,Kuaför / Berber
Muzaffer Uslu Kuaför,+902129161626,Kuaför / Berber
Neşe Bayan Kuaförü,+902122944818,Kuaför / Berber
Salon Selçuk & Gülşen,+902122213841,Kuaför / Berber
Salon İstanbul Saç Tasarım,+905071273131,Kuaför / Berber
Kuaför Sahra,+905325147874,Kuaför / Berber
Hatice Kuaför,+905058106294,Kuaför / Berber
Kuaför Eylül,+902122647915,Kuaför / Berber
Kuafor İbrahim Akkoç,+905358470711,Kuaför / Berber
Serdar Kuafor,+902122786660,Kuaför / Berber
KUAFÖR RK KORDON VADİSTANBUL,+905443404400,Diş Kliniği
Bayan Kuaförü Serkan Kılıç,+905355222950,Kuaför / Berber
Kuaför hikmet,+905333048024,Kuaför / Berber
DİVA KUAFÖR MK’s,+902122949345,Kuaför / Berber
Diva Kuaför Erhan Şafak,+902122949493,Kuaför / Berber
pelin kuaför,+905439704970,Kuaför / Berber
Star Bayan Kuaför,+905382472786,Kuaför / Berber
BAYBER Erkek kuaförü,+905453497996,Kuaför / Berber
Enes Cihad Gürbüz Hair Studio,+905374860931,Kuaför / Berber
VEGA PLUS & BAYAN KUAFÖRÜ,+905363039635,Kuaför / Berber
Dodo Kuaför Okmeydanı,+902123209037,Kuaför / Berber
Kuaför Vedat,+902122249400,Kuaför / Berber
Sarıoğlu Erkek Kuaförü,+905386709089,Kuaför / Berber
DAVUT KUAFÖR,+905362096364,Güzellik Salonu
Emine Kuaför,+905362381176,Kuaför / Berber
Melek kuaför Gültepe,+905050332960,Kuaför / Berber
Derya Kuaför,+902122944767,Kuaför / Berber
Mutlu Erkek Kuaförü,+902122700073,Kuaför / Berber
Nedim Kuaför,+905462245595,Kuaför / Berber
Senin Kuaför,+902122792940,Kuaför / Berber
Arzu Erkek Kuaför,+902122474012,Kuaför / Berber
Bozlak Erkek Kuaförü,+905444753004,Kuaför / Berber
Misi Beauty & Hair,+902123214771,Güzellik Salonu
Barış Hair Doctor,+905302234160,Kuaför / Berber
Güneş Ark Istanbul Make-up & Hair Studio,+905319187872,Güzellik Salonu
Kuaför Şevket,+905353138490,Kuaför / Berber
Bayan kuaför,+902122941211,Kuaför / Berber
Mek Hair,+905398216718,Kuaför / Berber
Türkmenler Erkek Kuaförü,+902122838576,Kuaför / Berber
ERİNAN ESTETİK ve DENT,+905308598744,Diş Kliniği
Özel Levent DNZ Polikliniği | Lazer Epilasyon | Medikal Estetik,+908504422369,Güzellik Salonu
SİA GÜZELLİK MERKEZİ SEVDA POLAT,+905527052157,Güzellik Salonu
Mediora Levent | Lazer Epilasyon & Estetik,+905317074525,Güzellik Salonu
Sıla Düzenli Beauty,+905387761758,Güzellik Salonu
Dr. Eren Ünal Muayenehanesi,+905431431000,Diğer (Sağlık & Bakım)
Rosinna,+905359334234,Güzellik Salonu
Merve Aratemur Beauty,+905526465817,Güzellik Salonu
MAK Beauty,+905531721599,Güzellik Salonu
CLİNİKOB GÜZELLİK MERKEZİ,+905538997607,Güzellik Salonu
Dr. Şule Şakrak Beauty Clinic /Sculptura / عيادة البوتوكس في اسطنبول/ Nucleofill/ SıvıYüzGerme/ MineralDolgu/ VeganDolgu,+905413703845,Güzellik Salonu
Gravity Clinic,+905447924666,Diş Kliniği
Op. Dr. Tamer Şakrak | Burun Estetiği | Göğüs Estetiği | Annelik Estetiği | Vaser Liposuction | Dolgu | Botoks,+905413783845,Güzellik Salonu
Estenox Clinic,+905336629000,Güzellik Salonu
Sun's Medikal Estetik Güzellik Solaryum,+902122836146,Güzellik Salonu
NFC ESTETİK,+905345604040,Güzellik Salonu
Reina Güzellik Solarıum - Levent,+905324495950,Güzellik Salonu
Özel ESTet Ağız ve Diş Sağlığı Polikliniği,+902122830156,Diş Kliniği
Gamze Beauty,+905535973888,Güzellik Salonu
Estetik Yapı,+902123214898,Güzellik Salonu
Nada GÖKALP Güzellik ve Estetik Merkezi,+905364022455,Güzellik Salonu
DR. Muhammet Enes Taşkın Clinic,+905349461973,Diğer (Sağlık & Bakım)
Meser Estetik,+905303454979,Güzellik Salonu
Dr. Jale Özdemir,+905373589023,Güzellik Salonu
AVİCENNA GÜLTEPE LAZER EPİLASYON BİRİMİ,+905522841140,Güzellik Salonu
Fırat Health Clinic,+905423045304,Güzellik Salonu
Kızlık Zarı Dikimi - Kürtaj - Vajina Daraltma - Genital Estetik - Genital Siğil Tedavisi,+902129635040,Güzellik Salonu
Aygül Güzellik Merkezi,+902125452020,Güzellik Salonu
Ersoy Medikal Estetik,+902122826878,Güzellik Salonu
Liva Care,+905453137732,Diğer (Sağlık & Bakım)
Melis Yayıl Beauty One,+905320683282,Güzellik Salonu
Ay Güzellik Merkezi,+905314626084,Güzellik Salonu
İlayda Beauty,+905337242309,Güzellik Salonu
Jawahair Clinic مركز جواهر,+905376615432,Kuaför / Berber
Mars Çağlayan (Kenan Gültekin Ağız ve Diş Sağlığı Polikliniği),+902122340525,Diş Kliniği
Well Off Grace Health Group,+905322299355,Diğer (Sağlık & Bakım)
Turk Estetic,+908503046000,Güzellik Salonu
Armağan Ağız ve Diş Sağlığı Polikliniği,+905444753232,Diş Kliniği
Crown Health Group,+905426498774,Güzellik Salonu
Diyetisyen Müge Bayat Sarıbaş - Beslenme ve Andulasyon Terapi Merkezi,+905452884410,Psikolog / Terapist
Silivri Diyetisyen Pelin BULGURCUOĞLU,+905427252703,Diyetisyen
Diyetisyen Tuğçem Baştarcan,+905375032224,Diyetisyen
Diyetisyen Özgenur Kurt - Beslenme ve Diyet Danışmanlığı,+908508116094,Diyetisyen
Uzman Diyetisyen Abbas Görkem Altınkök Sağlıklı Beslenme ve Diyet Danışmanlığı,+902127270207,Diyetisyen
Diyetisyen Melisa Demir,+908504749106,Diyetisyen
Şevval Koçdemir Beslenme Ve Diyet Danışmanlık Merkezi,+905079997605,Psikolog / Terapist
Diyetisyen İlksen Akdoğan İresar,+905445402484,Diyetisyen
Uzman Diyetisyen Melis Özkök Balcı,+905427278834,Diyetisyen
Diyetisyen Şevkiye Çavuşoğlu,+905011283887,Diyetisyen
Diyetisyen Firuze Usta,+905319175105,Diyetisyen
Aktif Yaşam Merkezi Silivri,+905395040351,Diyetisyen
YAREN YAVUZ BESLENME VE DİYET DANIŞMALIK MERKEZİ,+905380508293,Diyetisyen
Gökçe Gürsel Sürdürülebilir Beslenme Danışmanlığı,+905331608516,Diyetisyen
Diyetisyen Seda Nur Çıray,+905010367944,Diyetisyen
Diyetisyen Şevval Akbaşak,+905340417406,Diyetisyen
Ulya Psikoloji Merkezi,+905419115819,Psikolog / Terapist
Kağıthane Psikolog Beyza Büşra Erol,+905015717144,Psikolog / Terapist
Kağıthane Psikolog,+905326323117,Psikolog / Terapist
Klinik Psikolog Ceren Açıkgöz - CA Psikoloji Merkezi,+905320697007,Psikolog / Terapist
İstanbul Psikolog Onur CANSIZ - EMDR Terapisi - Çift Terapi - Evlilik Terapisi - Şema Terapisi- Çocuk Psikoloğu,+905530522098,Psikolog / Terapist
Edu Plus Psikolojik Danışmanlık,+905314647871,Psikolog / Terapist
Psikolog/Psychologist Muhammed Cihad Işık,+905319191789,Psikolog / Terapist
Psikolog Mina Kartal,+905304837075,Psikolog / Terapist
Psikolog Gülşah Yağar,+905342387881,Psikolog / Terapist
Işık Psikiyatri Kliniği,+905332804289,Psikolog / Terapist
Uzman Klinik Psikolog Selin Kaplan,+905530151540,Psikolog / Terapist
Psikolog Kamber Kaya,+905419095849,Psikolog / Terapist
Psikolog Betül KARA,+905453608026,Psikolog / Terapist
Piya Psikoloji,+905055223162,Psikolog / Terapist
Psikolog Ali Eren Yıldız,+905398600313,Psikolog / Terapist
Kağıthane Çocuk Psikoloğu,+905324597834,Psikolog / Terapist
Vadi İstanbul Psikolog Betül Bulut,+905078128159,Psikolog / Terapist
Psikolog Özlem KUMEK,+905347240445,Psikolog / Terapist
Psikolog Emel Buru,+905392005953,Psikolog / Terapist
Klinik Psikolog Hande Özkol,+905434540303,Psikolog / Terapist
Psikolog Seher Tamanlı,+905444805276,Psikolog / Terapist
Uzm. Kl. Psk. İlayda Kardelen Ersever,+905346033627,Psikolog / Terapist
Psikolog Hatice Küçükgüldal,+905379393388,Psikolog / Terapist
Psikolog Burcu Demirel,+905424950095,Psikolog / Terapist
Psikolog İklim Zeynep Kesgin,+905536780589,Psikolog / Terapist
Psikolog Serhat Çevik,+905533458355,Psikolog / Terapist
Uzm. Psk.Merve Uyar,+908504334276,Psikolog / Terapist
Psikolog Melike Kılıç,+905468742210,Psikolog / Terapist
Klinik Psikolog Mervenur Erdöl,+908504740399,Psikolog / Terapist
Aktif Psikoloji Akademisi,+905554602252,Psikolog / Terapist
Psikolog Umut Yıldız,+905392094106,Psikolog / Terapist
"Psikohelp- istanbul psikolog, türkiye, şişli psikolog, beşiktaş - Online psikolog, yüz yüze - online terapi",+905419638987,Psikolog / Terapist
Uzman Klinik Psikolog Nisa Nur Baykar,+905070479996,Psikolog / Terapist
Klinik Psk. İrem Erdinç,+905448822826,Diğer (Sağlık & Bakım)
Kağıthane - 4. Levent - Psikolog Cihat BÖLÜKBAŞI,+905523229111,Psikolog / Terapist
Psikolog Kerim Yeşim,+905531055407,Psikolog / Terapist
Klinik Psikolog Melisa Yener,+905455049360,Psikolog / Terapist
Psikolog Şulenur Özkan,+905363288611,Psikolog / Terapist
Psikolog Ali Türkden,+905393485266,Psikolog / Terapist
Fizyoterapist Zeynep Şit,+905324246260,Psikolog / Terapist
Beylikdüzü- Çocuk ve Yetişkin Psikolog/ Klinik Psk. Gamze Demir,+905316094918,Psikolog / Terapist
Psk. Selin Kalabaş,+905064699395,Psikolog / Terapist
Klinik Psikolog Mervenur Çelik,+905455113926,Psikolog / Terapist
Özge Özkalay- İstanbul Psikolog,+905300530881,Psikolog / Terapist
Yeşilay Danışmanlık Merkezi (YEDAM) İstanbul - Kağıthane,+902122470376,Psikolog / Terapist
Psikolog Harun Demir,+905413701912,Psikolog / Terapist
Terapist Psikolog Büşra Yurtsever,+905422733190,Psikolog / Terapist
Klinik Psikolog Cansu Varol | Şişli Psikolog | Beşiktaş Psikolog,+905304030590,Psikolog / Terapist
Delfi Psikoloji,+905354670577,Psikolog / Terapist
Fizyohaus Pilates Studio,+905339582862,Pilates / Yoga
Klinik Psikolog Halil İbrahim Yalçın,+905510058045,Psikolog / Terapist
Psikolog Cenk Özen,+908504742790,Psikolog / Terapist
Uzman Klinik Psikolog Merve Karagöz,+905523703167,Psikolog / Terapist
Psikolog Sevdegül Girgin,+905421753903,Psikolog / Terapist
Psikolog Adem Demirkan,+905536622112,Psikolog / Terapist
Dent Akpınar Ağız ve Diş Sağlığı Polikliniği,+902128235230,Diş Kliniği
Diş Levent Ağız Ve Diş Sağlığı Polikliniği,+902126162323,Diş Kliniği
Gürses Dental Kağıthane Ağız ve Diş Sağlığı Polikliniği,+905070214243,Diş Kliniği
Uzeldent Ağız ve Diş Sağlığı Polikliniği,+905322547735,Diş Kliniği
Dent 50 clinic,+905523956737,Diş Kliniği
Mars ağız ve diş sağlığı polikliniği,+902122948081,Diş Kliniği
Özel Dentafit Ağız ve Diş Sağlığı Polikliniği,+902128431305,Diş Kliniği
Özel Deniz Yiğit Ağız Ve Diş Sağlığı Polikliniği,+902122797907,Diş Kliniği
Özel Çağlayan Ağız Ve Diş Sağlığı Polikliniği | Kâğıthane Diş,+905527938490,Diş Kliniği
White Dent Ağız Ve Diş Sağlığı Polikliniği,+902122225500,Diş Kliniği
Özel DentaLoft Ağız ve Diş Sağlığı Polikliniği,+902125555638,Diş Kliniği
Gaia Dental Clinic,+905439169520,Diş Kliniği
Klinik 212 Ağız ve Diş Sağlığı Polikliniği,+905408120212,Diş Kliniği
Elma Ağız ve Diş Sağlığı Polikliniği (KAĞITHANE),+905308753711,Diş Kliniği
Heradent Ağız ve Diş Sağlığı Polikliniği,+905333005343,Diş Kliniği
Kağıthane Ortodontist Uzm. Dr. Çınar Gaffari,+905301588030,Diş Kliniği
Paldiş Ağız ve Diş Sağlığı Polikliniği,+905335620444,Diş Kliniği
Özel Yeditepe Ağız ve Diş Sağlığı Kliniği,+902122816287,Diş Kliniği
Özel Deltadiş Ağız ve Diş Sağlığı Polikliniği,+902128904040,Diş Kliniği
Dent Hekim Kağıthane,+902124054120,Diş Kliniği
ÖZEL GÜLTEPE AĞIZ VE DİŞ SAĞLIĞI POLİKLİNİĞİ,+902123249922,Diş Kliniği
Özel Livadent Ağız ve Diş Sağlığı Polikliniği,+902123241176,Diş Kliniği
Hospitaprime Clinic | Jaw Surgery | Zygomatic Implants | Veneers | Dental Clinic in Istanbul | Zaga Center Istanbul,+905418558995,Diş Kliniği
Tan Ağız ve Diş Sağlığı Kliniği,+902122943814,Diş Kliniği
Diş Hekimi Sema Demir Semerci,+902122951010,Diş Kliniği
"Oral Dent İstanbul İmplant, Zirkonyum, Porselen, Lamina Nöbetçi Diş Kliniği",+905324381303,Diş Kliniği
Özel Dent Araz Ağız ve Diş Sağlığı Polikliniği,+905526001255,Diş Kliniği
Prestij Ağız ve Diş Sağlığı Polikliniği,+905071909392,Diş Kliniği
ÖRNEK AĞIZ VE DİŞ SAĞLIĞI POLİKLİNİĞİ,+902122207172,Diş Kliniği
Spark Smile Ağız ve Diş Sağlığı Polikliniği,+905418285283,Diş Kliniği
Diş Hekimi Özlem Selçuk Kaya,+905441440050,Diş Kliniği
Diş Hekimi Şafak Kantekin,+905511583377,Diş Kliniği
Diş Hekimi Erdem Bulut Dur,+905462832444,Diş Kliniği
Diş Hekimi Gamze Coşar,+902122793639,Diş Kliniği
Dentaneva Dental Clinic,+902125852626,Diş Kliniği
Global Ağız Diş Sağlığı Global Group Clinic,+905492450040,Diş Kliniği
LİVORA AĞIZ VE DİŞ SAĞLIĞI,+905423959801,Diş Kliniği
DentaWista Clinic,+905070808888,Diş Kliniği
Porte Ağız ve Diş Sağlığı Polikliniği,+905312824648,Diş Kliniği
Diş Hekimi,+902123257239,Diş Kliniği
Clean Dent Ağız ve Diş Sağlığı Polikliniği,+905462770542,Diş Kliniği
Diş Hekimi Fatma Betül Ateş,+902123244995,Diş Kliniği
SENA AĞIZ VE DİŞ SAĞLIĞI POLİKLİNİĞİ,+902122831255,Diş Kliniği
Kağıthane Ortodonti Uzm Hatice Kübra Eren,+905400051110,Diş Kliniği
Diş Kemik Grefti Tedavisi Bonesmile Kemik Grefti Ameliyatı İstanbul,+905538810421,Diş Kliniği
AİLEM DENTAL Ağız ve Diş Sağlığı Polikliniği,+905323094353,Diş Kliniği
Özel Orka Ağız ve Diş Sağlığı Polikliniği,+905304693134,Diş Kliniği
Diş Hekimi Fatma Türel,+902122328196,Diş Kliniği
Dis Hekimi Halil Yağız Çavdar,+902122956637,Diş Kliniği
MarmaraSmile Dental Clinic - Hollywood Smile & Cosmetic Dentistry,+908508855455,Diş Kliniği
Diş Hekimi Hilal Ercan,+905452820223,Diş Kliniği
Inci Diş Clinic,+905447904166,Diş Kliniği
DİŞ HEKİMİ FATMA PEHLİVAN ÇAKMAKÇI,+902122830202,Diş Kliniği
Diş Hekimi Temel Yılmaz,+902123240037,Diş Kliniği
Diş Hekimi Ayhan Deniz,+902122245628,Diş Kliniği
Diş Hekimi Günay Baş,+902123256486,Diş Kliniği
Urban Dental Clinic - Maslak,+902122903290,Diş Kliniği
Dişkekimi Günay Uslu,+902122839332,Diş Kliniği
Levent Diş - Özel Levent Ağız Ve Diş Sağlığı Polikliniği,+902123259250,Diş Kliniği
Diş Hekimi,+902122303896,Diş Kliniği
"ALTAN KLİNİK | DİŞ HEKİMİ FİKRET ALTAN | İmplant, Zirkonyum, Gülüş Tasarımı, Diş Beyazlatma, Estetik Diş | Maslak İSTANBUL",+905423122441,Diş Kliniği
24 Saat Açık Dişçi İstanbul,+905398579202,Diş Kliniği
Diş Hekimi Mehmet Kahraman,+902122682939,Diş Kliniği
ÖZEL ADENT Ağız ve Diş Sağlığı,+905303157412,Diş Kliniği
Diş Hekimi Erol Uzun,+905322446476,Diş Kliniği
Özel Hp Ağız ve Diş Sağlığı Polikliniği,+902128779809,Diş Kliniği
Özel Şişli Alman Ağız ve Diş Sağlığı Polikliniği by Megadentist,+902122348090,Diş Kliniği
Diş Hekimi İsmail Çınar,+902122805417,Diş Kliniği
Vadident Ağız ve Diş Sağlığı Merkezi,+902128018267,Diş Kliniği
Diş Hekimi K. Ahmet Danıska,+902122683743,Diş Kliniği
Elithair | Dr. Balwi Hair Transplant Turkey,+905520003000,Kuaför / Berber
Dr. Hatice Kübra Bayrak Keçoğlu,+902122699994,Diş Kliniği
Dishekimi Kenan Gültekin,+905064574433,Diş Kliniği
HOUSEVET ® | Veteriner Polikliniği • 7/24 ACİL • Kağıthane •,+902122781100,Veteriner
Dr. Bülent Türkücü,+902123202353,Diğer (Sağlık & Bakım)
Diş Hekimi Hasan Türüdü,+902122791682,Diş Kliniği
Primaxa Clinic,+905550734000,Kuaför / Berber
Diş Hekimi Mükremin Emirhan Algül,+902122645458,Diş Kliniği
Diş Hekimi Semih Gürbüz,+902122696549,Diş Kliniği
Soho Dental Clinic – All on X & Dental Implant Center,+905434568080,Diş Kliniği
Dentlotus Ağız ve Diş Sağlığı Polikliniği | Sişli Diş,+905424640965,Diş Kliniği
Uzman Diş Hekimi Ata Nisa KANYILMAZ,+905058282216,Diş Kliniği
Alabasta Clinic,+905063145811,Diş Kliniği
CİVCİV TATTOO,+905414572311,Dövme & Piercing
İstanbul tattoo,+905335180400,Dövme & Piercing
UMUTKCTATS,+905372115168,Dövme & Piercing
Tattoo Park Studio,+905424590699,Dövme & Piercing
Parlayan Dövme Silme,+905441205461,Dövme & Piercing
Cleopatra INK Tattoo & Piercing Kanyon Studio,+905331541734,Dövme & Piercing
Studio Blackart Mecidiyeköy Tattoo Piercing Studio,+905067657658,Dövme & Piercing
B.BALANCE Pilates/Studio,+905376173988,Pilates / Yoga
Avangarde Pilates Salonu,+905335193974,Pilates / Yoga
PlayStüdyo Silivri | Kadınlara Özel Spor Salonu,+902125183949,Kuaför / Berber
Diyetisyen Kübra Doğan Beslenme ve Diyet Danışmanlığı,+905534302662,Diyetisyen
Diyetisyen Zeynep Genç,+908508117396,Diyetisyen
Diyetisyen Betül Aksoy,+905526055706,Diyetisyen
Diyetisyen Şevval Arslan Beslenme ve Danışmanlık Merkezi,+905411360280,Psikolog / Terapist
Uzman Diyetisyen Şeyma KILINÇ,+905448688083,Diyetisyen
Uzm Diyetisyen Ahmet Sessiz,+905424912625,Diyetisyen
Diyetisyen Elif Yıldız,+905382324017,Diyetisyen
Diyetisyen Aleyna Yılmaz Beslenme & Diyet Danışmanlığı Merkezi,+905539021288,Diyetisyen
Diyetisyen Gizem Akyüz,+905536826808,Diyetisyen
Diyetisyen Cansu Demirbağ Altun Beslenme Danışmanlığı,+905511636408,Diyetisyen
Diyetisyen Gaye Türemen,+905423926098,Diyetisyen
Diyetisyen Elif Akca,+905442771409,Diyetisyen
Diyetisyen İlkehan Ayşe Gümüş,+905060982734,Diyetisyen
Diyetisyen Yaşam Koçu Yeşim Özden,+902122783533,Diyetisyen
Dyt. Aydın Kırışık,+902122840708,Diyetisyen
Diyetisyen Nebahat Demirel,+905309441998,Diyetisyen
Fizyoterapist Kağıthane,+905383257187,Psikolog / Terapist
Diyetisyen Şeyma Ece Somun,+905548940958,Diyetisyen
Moonlight Pilates Studio Kağıthane,+905527328997,Pilates / Yoga
Sevindik Aktif Yaşam Merkezi (şişli_ maltepe,+905347638146,Diyetisyen
Uzman diyetisyen İbrahim Sami Turan (Diyetisyenist),+905465961010,Diyetisyen
Habit Sağlıklı Gıda,+902129003300,Diğer (Sağlık & Bakım)
Health Station Pilates,+905456766306,Pilates / Yoga
Halkalı Diyetisyen Gizem Çalışkan Akgül Beslenme ve Diyet Danışmanlığı Merkezi,+905348563421,Diyetisyen
Yıldız Beslenme Kulübü,+905453093594,Diyetisyen
Dyt. İkra ÖZCAN,+905435674169,Diyetisyen
Çeliktepe Evde Sağlıklı Yaşam Ve Fizik Tedavi Kliniği,+905524011099,Psikolog / Terapist
Sava Clinic,+905461004447,Diğer (Sağlık & Bakım)
Diyetisyen & Pilates Eğitmeni Merve Sinem Kaptan,+905356457542,Diyetisyen
Dr. Dyt. Gülen Ecem Kalkan,+905069981941,Diyetisyen
"Dyt. Yıldız Tilbe Topçuoğlu, Diyetisyen",+905300656762,Diyetisyen
Deniz Şafak,+905302380686,Diyetisyen
Diyetisyen Zehra Yazıcı,+905380205292,Diyetisyen
Diyetisyen Liva Yüksel,+905330304308,Diyetisyen
Pilates By Demet,+905428335772,Pilates / Yoga
Diyetisyen Hande Aras,+908504746121,Diyetisyen
Diyetisyen Güler Engin,+905442133717,Diyetisyen
Halkalı Atakent Diyetisyen Şeyda Tuğbay Diyet ve Beslenme Danışmanlığı,+905536370782,Diyetisyen
Maabella beauty,+905308895649,Güzellik Salonu
"His Beauty Sultangazi Lazer Epilasyon, Cilt Bakımı , Kalıcı Makyaj ve Güzellik Merkezi",+905357929736,Güzellik Salonu
Ezgi Aslan Güzellik Salonu,+905345493757,Güzellik Salonu
Ünlü Güzellik Salonu,+905058499260,Güzellik Salonu
Marjinal Güzellik Salonu,+905458351821,Güzellik Salonu
Epipia Güzellik Salonu – Sultangazi Lazer Epilasyon,+905550593034,Güzellik Salonu
Hayel Güzellik salonu,+905616116621,Güzellik Salonu
Chris Güzellik merkezi,+902124759961,Güzellik Salonu
Işık Koca Güzellik Merkezi,+905549575700,Güzellik Salonu
EGES GÜZELLİK SALONU,+905332122539,Güzellik Salonu
Sayannova Güzellik Salonu Sultangazi,+902125940204,Güzellik Salonu
Karen Güzellik Salonu,+905332532708,Güzellik Salonu
SİTRİN GÜZELLİK,+905453320161,Güzellik Salonu
Estepink Estetik ve Güzellik,+905314812526,Güzellik Salonu
Zehra çelik güzelik salonu,+905068155858,Güzellik Salonu
Duygu Savaş Güzellik Estetik,+905302328625,Güzellik Salonu
ALİN ARAS GÜZELLİK SALONU,+905415361152,Güzellik Salonu
Derya Durusu Güzellik Salonu,+905331301224,Güzellik Salonu
Estederm Beauty 2,+905415503208,Güzellik Salonu
LENA GÜZELLİK SALONU,+905309379352,Güzellik Salonu
Hatice Çelik Güzellik Salonu,+905467946513,Güzellik Salonu
Lidya Lina güzellik salonu,+905522910529,Güzellik Salonu
Rain's Güzellik & Estetik Merkezi,+905550903757,Güzellik Salonu
BERFİN TOPÇU GÜZELLİK SALONU,+905520197477,Güzellik Salonu
"Alebra Beauty - Lazer Epilasyon, Cilt Bakımı, Kirpik Lifting, Kalıcı Makyaj, Manikür Pedikür",+905337216271,Güzellik Salonu
NTC Güzellik Salonu,+905455178261,Güzellik Salonu
Glow up güzellik merkezi,+905520898168,Güzellik Salonu
Pure Beauty,+905524056252,Güzellik Salonu
sima istanbul güzellik merkezi,+905336214030,Güzellik Salonu
SEMT BAYAN KUAFÖRÜ,+902126190661,Kuaför / Berber
Thelorin woman & man hair beauty guzellik salonu,+905464707839,Güzellik Salonu
CANSIN Bayan kuaförü,+905334208370,Kuaför / Berber
SEDA GÜZELLİK SALONU ( HABiBLER ),+905457928886,Güzellik Salonu
Nis Kuaför,+902124757553,Kuaför / Berber
Şevin Bayan Kuaförü,+905340676804,Kuaför / Berber
Tuba Kaya Türban Tasarım & Kalıcı Makyaj,+905069066952,Güzellik Salonu
MT Bayan Kuaförü,+902125367844,Kuaför / Berber
Arsev Güzellik Salonu,+905316263234,Güzellik Salonu
Poz Güzellik Salonu,+905010110260,Güzellik Salonu
Real Face Güzellik Salonu,+905455343131,Güzellik Salonu
PINAR DOĞAN GÜZELLİK SALONU KUAFÖR,+905305676139,Güzellik Salonu
Elif Beauty Güzellik Merkezi,+905376457116,Güzellik Salonu
Porsor guzellik merkezi ve bayan kuaför salonu,+905319587325,Güzellik Salonu
Seher Ural Güzellik Salonu,+902126195619,Güzellik Salonu
Kuaför Sinan Köstekci,+905323501319,Kuaför / Berber
SİNEM DOĞAN GÜZELLİK SALONU,+905535962049,Güzellik Salonu
Cansu saç tasarım ve güzellik salonu,+905442493554,Güzellik Salonu
Naz güzellik sevgi özgül,+905534120185,Güzellik Salonu
Eda Güzellik Salonu,+905376542611,Güzellik Salonu
OLUŞUM PROTEZ SAÇ,+905541569937,Güzellik Salonu
Ada Güzellik Salonu,+905451504282,Güzellik Salonu
Salon Derya,+905376225554,Kuaför / Berber
NOLM SPA,+902127411400,Diğer (Sağlık & Bakım)
İstanbul Sultangazi - Moonlight Erkek Kuaförü,+905432684803,Kuaför / Berber
ŞÜKRAN HOLİSTİK GÜZELLİK MERKEZİ,+905303785297,Güzellik Salonu
Lady Nada Güzellik Merkezi,+905452791637,Güzellik Salonu
Kuaför AYŞE TEMUR,+905539493423,Kuaför / Berber
Liv Güzellik Salonu,+905322155497,Güzellik Salonu
SALON SİSTER'S,+905382869704,Kuaför / Berber
Fatoş Bayan Kuaförü,+905342560244,Kuaför / Berber
Pride Beauty Güzellik Salonu,+905467730309,Güzellik Salonu
"S C Bayan Kuaförü & Moda evi (Semra, Cemal)",+902125947594,Kuaför / Berber
VK KUAFÖR,+905301586005,Güzellik Salonu
Glamora güzellik salonu,+905416125597,Güzellik Salonu
Erkek Kuaförü Abdullah Kavalcı,+905539340010,Kuaför / Berber
SALON ZİYA,+905352110053,Kuaför / Berber
Sebahat dursun modaevi güzellik salonu,+905394980812,Güzellik Salonu
Emine Akyüz Güzellik Salonu,+905423265664,Güzellik Salonu
Yiğit Kuaför,+905382964398,Kuaför / Berber
Relax Spor Kulübü - Sultangazi,+905356920091,Kuaför / Berber
Mirabel Danışmanlık & Güzellik,+902126264400,Psikolog / Terapist
Flash Erkek Kuaförü,+905446471033,Kuaför / Berber
aras lazer,+902126196792,Güzellik Salonu
Kuaför Hasan Tilaver,+905317426190,Kuaför / Berber
Cansın Kuaför Ve Saç Tasarım Gazi mahallesi,+905545461378,Kuaför / Berber
Ada Kuaför,+902126062417,Kuaför / Berber
Ni Kuaför,+905360319870,Kuaför / Berber
kuaför elif güzellik salonu,+905418837151,Güzellik Salonu
Rojbin & Gülşah Kuaför & Güzellik Salonu,+905318942869,Güzellik Salonu
23 Pilates Studio,+905466867539,Pilates / Yoga
Studio 19 Pilates Kağıthane,+905334912386,Pilates / Yoga
Yolo Pilates Studio,+905373032096,Pilates / Yoga
YD Pilates Studio Kağıthane,+905411889020,Pilates / Yoga
Stay Fit Pilates Kağıthane,+905324064024,Pilates / Yoga
studio trio pilates,+905396758782,Pilates / Yoga
Büşra Doğan Pilates Studio,+905432527525,Pilates / Yoga
Cove Coffee&Pilates,+905362861419,Pilates / Yoga
Moonlight Pilates Studio Çağlayan,+905350831538,Pilates / Yoga
iD Pilates Stüdyo,+905319807689,Pilates / Yoga
Fizyo Nola Pilates,+905428458220,Pilates / Yoga
Mia Pilates Studio,+905316634275,Pilates / Yoga
İlker Can Fitness & Pilates Studio,+905539414633,Pilates / Yoga
Cansu Aydın Pilates Vadi İstanbul,+905325908225,Pilates / Yoga
Matias Pilates,+905324023991,Pilates / Yoga
ZEO PİLATES,+905524368606,Pilates / Yoga
Suna Pilates Stüdyo,+905443034087,Pilates / Yoga
Nena Pilates,+905300448006,Pilates / Yoga
Mir Pilates,+905385200417,Pilates / Yoga
Seyrantepe Spor Kulübü,+905363377195,Kuaför / Berber
Mavi Sports Fitness Club,+905545358989,Kuaför / Berber
gdfitbody,+905322880972,Kuaför / Berber
Yayla Fitness Club,+905301570889,Kuaför / Berber
TheSprinnt Levent,+905316618212,Kuaför / Berber
Survivor Fitness,+905382791988,Kuaför / Berber
The Peak Training,+905325914650,Kuaför / Berber
ARMY34 Personal Trainer - PT GYM FİTNESS,+902122828234,Kuaför / Berber
GYM BOX SPOR SALONU,+905353356356,Kuaför / Berber
Fizyo Corner Fizyoterapi ve Pilates,+905333258728,Psikolog / Terapist
Uniq Studio Vadi,+905558388113,Kuaför / Berber
EVREN FIGHT CLUB,+905321377539,Kuaför / Berber
KAYROTERAPİ OMURGA MERKEZİ-CHİROPRACTİC CENTER,+905412547505,Psikolog / Terapist
Abdullah Kaya Spor KulÜBÜ,+905364932123,Kuaför / Berber
Miel Spa Kordon İstanbul,+905302986608,Diğer (Sağlık & Bakım)
Star Gym,+902122699436,Kuaför / Berber
Start Spor Merkezi,+902122467270,Kuaför / Berber
Rocky Fitness Center & Protein Shop,+905449682328,Kuaför / Berber
Acrofit Sports Academy,+905373995396,Diğer (Sağlık & Bakım)
KILIÇ TAEKWONDO SPOR KÜLÜBÜ,+905434510526,Kuaför / Berber
İstanbul Pomem Parkur (Ankara Parkur ),+905452461453,Kuaför / Berber
Karataş Spor Merkezi,+902122110512,Kuaför / Berber
PlayStüdyo Çağlayan | Kadınlara Özel Spor Salonu,+902122218000,Kuaför / Berber
Senfit Pilates Kağıthane,+905068202626,Pilates / Yoga
pilatestudio33,+905378180877,Pilates / Yoga
Story Fit Pilates Stüdyosu,+905363960891,Pilates / Yoga
KAĞITHANE MOMENT EXERCISE PILATES & CORRECTIVE EXERCISE,+905465846579,Pilates / Yoga
SEYRANTEPE WELLNESSPORT FİTNESS PİLATES STUDİO,+905394530444,Pilates / Yoga
Vadi Wellness BootCamp Studio & SPA,+905322019324,Kuaför / Berber
Purify,+905321762746,Pilates / Yoga
Senfit Spor Salonu,+902122941193,Kuaför / Berber
Fitforce,+905437802402,Kuaför / Berber
SB GYM,+905304639470,Kuaför / Berber
Atilla Sümer Personal Training - Kağıthane Şubesi,+905528513070,Kuaför / Berber
MAT Sports Club Health & Life,+902123216062,Kuaför / Berber
Core & More Studio,+905356861565,Kuaför / Berber
B-fit 4 Levent,+905365634445,Kuaför / Berber
Link GYM Club,+902128122254,Kuaför / Berber
Workout GYM Çağlayan,+905313808192,Kuaför / Berber
FIT Sports,+905551709920,Kuaför / Berber
MOD Sports & Pool,+902128924434,Kuaför / Berber
Salon İstanbul,+905350556581,Kuaför / Berber
Kuaför FIRAT BOZKURT,+905078707203,Kuaför / Berber
B&Y HAIR STUDIO,+905366462413,Kuaför / Berber
Shine Beauty Bayan Kuaförü,+905421613994,Güzellik Salonu
SALON MELİKE,+905536437334,Kuaför / Berber
Gökçe Günbeyi Kuaför,+905453430861,Güzellik Salonu
METİN kuaför,+905335772435,Kuaför / Berber
İlknur Yüksel Kuaför,+905388187894,Kuaför / Berber
Büşra tosun bayan kuaförü,+905337626119,Kuaför / Berber
Yağmur Bayan Kuaförü - Hülya Domruk,+902126062393,Kuaför / Berber
NATUREL KUAFÖR,+905392380711,Kuaför / Berber
Burcu Bayan Kuaförü,+905447378347,Kuaför / Berber
KOZAN KUAFÖR,+905533273438,Kuaför / Berber
Espina Bayan Kuaförü,+905380581490,Kuaför / Berber
Oscar Kuaför,+905416504665,Kuaför / Berber
İmaj Bayan Kuaförü,+905334912223,Kuaför / Berber
TREND ERKEK KUAFÖRÜ,+905443308341,Kuaför / Berber
Zeynep bayan kuaförü,+902126198518,Kuaför / Berber
Dilek damla makeup coiffeur,+905446603906,Güzellik Salonu
Gün Işığı Bayan Kuaförü (Sebile Gün),+902125947540,Kuaför / Berber
Salon Makas,+905314214834,Kuaför / Berber
Salon Tutkum İstanbul,+905435123605,Kuaför / Berber
Kuaför vahap,+905324059969,Kuaför / Berber
Kemal Cekem Hair Artist,+905330913352,Kuaför / Berber
Yağmur Bayan Kuaförü,+905442620544,Kuaför / Berber
Salon Avrupa,+902124755766,Kuaför / Berber
Salon Selçuk,+905353143729,Kuaför / Berber
Bilal Erkek Kuaförü,+905459759925,Kuaför / Berber
Leyla Kuaför,+905553621323,Kuaför / Berber
Nişantaşı Bayan Kuaförü,+905394636433,Kuaför / Berber
ECRİN CLASS ERKEK KUAFÖRÜ,+905343755763,Kuaför / Berber
Fenomen Kuaför,+905367024628,Kuaför / Berber
C&C KUAFÖR,+905397664062,Kuaför / Berber
MEN'S WORLD İSTANBUL BERBER,+905395296939,Kuaför / Berber
Kadir Erkek Kuaför,+905448073422,Kuaför / Berber
Kuaför İbo,+905352041363,Kuaför / Berber
TEKBİR ERKEK KUAFÖRÜ,+905324964537,Kuaför / Berber
Bahattin Berber,+905306370474,Kuaför / Berber
Leyla bayan kuaförü,+905379427913,Kuaför / Berber
Bereket Kuaför Salonu,+905387940732,Kuaför / Berber
GOLD HAIR KUAFOR SALONU,+905050148457,Kuaför / Berber
İstanbul Gelinlik Abiye & Bayan Kuaför,+905075411444,Kuaför / Berber
İlyas Erkek Kuaförü,+905384023664,Kuaför / Berber
Kuaför ahmet,+905519594968,Kuaför / Berber
Kuaför Mehreb,+902123664748,Kuaför / Berber
Mert Erkek Kuaförü,+905350788634,Kuaför / Berber
Yakamoz Bayan Kuaförü,+902126197165,Kuaför / Berber
Yeliz Okatan Kuaför,+905397846771,Kuaför / Berber
Modern Erkek Kuaförü,+905395663236,Kuaför / Berber
Salon Erbay,+905375032661,Kuaför / Berber
Elizan Kuaför,+905419563955,Kuaför / Berber
Kuaför vedat,+905386808314,Kuaför / Berber
Aya Güzellik Salonu,+905538770030,Güzellik Salonu
724 Güzellik Merkezi,+905353234408,Güzellik Salonu
ALİZE GÜZELLİK MERKEZİ,+905536151447,Güzellik Salonu
İnnovation Küçükçekmece Güzellik Merkezi,+905421939492,Güzellik Salonu
Dilek Sarıçiçek Güzellik Merkezi,+905412949090,Güzellik Salonu
Ada guzellik salonu,+905395215704,Güzellik Salonu
DivaForm,+902125990032,Güzellik Salonu
THE 5 Beauty | Halkalı Atakent güzellik merkezi | Protez tırnak Nail art | İpek kirpik | Kaş | Cilt bakımı | Lazer epilasyon,+905524737275,Güzellik Salonu
Enza Güzellik Merkezi Küçükçekmece,+905465943416,Güzellik Salonu
İsmi Güzellik,+905302617640,Güzellik Salonu
Zehra & Beauty,+905469395228,Güzellik Salonu
Nazlı dağ beauty,+905354939877,Güzellik Salonu
THE BEAUTY ROOM Ç&O,+905464358818,Güzellik Salonu
Merve Sabah Beauty | Sefaköy Protez Tırnak | Lazer Epilasyon | Cilt Bakımı | Microblading | İpek Kirpik,+905334532019,Güzellik Salonu
ROSSO Sefaköy VİP Güzellik Merkezi,+905323065604,Güzellik Salonu
Sibel Beauty Center,+905538988939,Güzellik Salonu
My Angels Güzellik Salonu,+905418861018,Güzellik Salonu
Zeynep akduruk Beauty studio,+905418558939,Güzellik Salonu
B&B Güzellik Salonu,+905011012526,Güzellik Salonu
Küçükçekmece Esse Life,+905010660634,Güzellik Salonu
Lusiva Güzellik,+905427461142,Güzellik Salonu
FATMA ALBAYRAK GÜZELLİK MERKEZİ,+905323746025,Güzellik Salonu
Ebruli Beauty Center,+902126969227,Güzellik Salonu
Mislina Sefaköy Güzellik Salonu,+905424805461,Güzellik Salonu
BETÜL BİNGÖL GÜZELLİK SALONU HALKALI,+902127774440,Güzellik Salonu
Esra Gencer Beauty,+905400993449,Güzellik Salonu
Nil Güzellik Merkezi,+905075070407,Güzellik Salonu
Neşe Oymak - Sefaköy Protez Tırnak | Güzellik Merkezi | İpek Kirpik,+905334146393,Güzellik Salonu
Pelin Boyraz Beauty & Academy,+905411321222,Güzellik Salonu
Melike Adıgüzel Sefaköy Şubesi,+905459364909,Güzellik Salonu
Valermus Beauty & SPA,+905438420211,Güzellik Salonu
Büşra Bahadır Kuaför,+905376372409,Kuaför / Berber
Clinef Beauty Estetik Güzellik Salonu,+902125351356,Güzellik Salonu
Sonay Beauty Center,+905330366030,Güzellik Salonu
Elif Özkan Beauty,+905414873917,Güzellik Salonu
Mukka Beauty & HairMakeup,+905336714039,Güzellik Salonu
Derya Aslan Güzellik Salonu Halkalı,+905523342950,Güzellik Salonu
Pamuk Çiğdem Gürbüz Güzellik Salonu I Gelin Makyajı I Make up I Saç Tasarımı I Kına ve Nişan Hazırlıkları,+905325409645,Güzellik Salonu
Lavi Güzellik,+905421087058,Güzellik Salonu
Si Lamaze güzellik salonu,+905078046008,Güzellik Salonu
FG Beauty & Lazer | Halkalı Atakent,+905397949595,Güzellik Salonu
Deniz Bayraktar Beauty,+905071895050,Güzellik Salonu
One Nails & Lashes,+905421379620,Güzellik Salonu
Viva bayan kuaförü (sefaköy),+902125410343,Kuaför / Berber
Bella Beauty 19 Women & Men Güzellik Merkezi | Küçükçekmece ( Erkek Berberi & Bayan Kuaförü ),+905336163066,Güzellik Salonu
KubraYilmaz Beauty,+905303155194,Güzellik Salonu
EG& Beauty Güzellik Kuaför,+905522056062,Güzellik Salonu
Revilux Güzellik,+905010807645,Güzellik Salonu
SALOON EDA,+905436790437,Güzellik Salonu
Baha Güzellik Salonları Sefaköy Torkam,+905333193476,Güzellik Salonu
Dilek Durmuş Güzellik Merkezi,+905011121314,Güzellik Salonu
Locca Hair Studio cennet,+902125800508,Kuaför / Berber
Epila Güzellik Salonu,+902125413186,Güzellik Salonu
ŞENAY ÖNAL GÜZELLİK SALONU,+905302943477,Güzellik Salonu
Yıldız Güzellik,+905305693405,Güzellik Salonu
Cosmo Plus Güzellik Salonu,+905393360282,Güzellik Salonu
Shinest Estetik,+905073780303,Güzellik Salonu
Özel Neslim Güngen Polikliniği,+905320612922,Güzellik Salonu
Derma Point,+905415982829,Güzellik Salonu
Şevket Gürkan Kuaför,+902126985858,Kuaför / Berber
Salon Sibel,+905347898056,Güzellik Salonu
SARIYILDIZ BEAUTY CENTER,+905434502634,Güzellik Salonu
AYMİRA KOÇAKLI HALKALI,+905514711961,Güzellik Salonu
Bayan kuaförü,+902126964741,Kuaför / Berber
Salon Sevinç,+905319933697,Güzellik Salonu
GAMZE AĞDA&GÜZELLİK SALONU,+905356659466,Güzellik Salonu
Atelier PENA,+905313257514,Güzellik Salonu
AVRUPA SAÇ TASARIM VE GÜZELLİK SALONU,+905326732166,Güzellik Salonu
La Loca Güzellik Salonu,+905451021213,Güzellik Salonu
Pretty Women Kuaför,+905302415390,Güzellik Salonu
Vois Kuaför,+902124252176,Kuaför / Berber
ERDEM AKBOYUN BAYAN KUAFÖRÜ,+905350229763,Kuaför / Berber
Angel’s Güzellik Merkezi & Kuaför,+905323381016,Güzellik Salonu
Aşkın Ulusan kuaför,+905416194354,Kuaför / Berber
Salonist Bay - Bayan Kuaförü,+902125480478,Kuaför / Berber
Atakent Bayan Kuaförü,+905345994595,Kuaför / Berber
My.hairstudio Atakent Bayan Kuaförü,+905070343976,Kuaför / Berber
BOSS BAY BAYAN KUAFÖR ATAKENT,+905367946383,Güzellik Salonu
Salon Kırık Ayna,+902125808974,Kuaför / Berber
Murat Hair Studio,+905466132160,Kuaför / Berber
Salon Veysel bayan kuaförü,+905522728474,Kuaför / Berber
Eç Bayan Kuaförü Emrah Çalışkan,+902129997736,Kuaför / Berber
THE BLACK MOSS,+902126960350,Kuaför / Berber
kuaför sefer kayıp,+902125806240,Kuaför / Berber
HAIRSAN Kuaför,+905327101147,Kuaför / Berber
Hacer Ekinci bay Bayan Kuaför,+905444758451,Kuaför / Berber
Ozan İlhan Hair Stüdyo,+905310210112,Kuaför / Berber
Beyhan Kuaför / Sibeya Hairdesign,+905369247741,Kuaför / Berber
Özcan sancarbarlaz kuaför,+905436661227,Kuaför / Berber
Can Ceyhun Kuaför,+905350788931,Kuaför / Berber
Öznur kuaför & güzellik salonu,+905550793319,Güzellik Salonu
orhan soylu bay bayan kuaförü saç kaynak merkezi,+902124706022,Kuaför / Berber
CKN SAÇ TASARIM,+905494555013,Kuaför / Berber
EE Kuaför,+905411203673,Kuaför / Berber
Melisa bay & bayan kuaför Nail art,+905072978177,Güzellik Salonu
Burcu Bozkır Beauty,+902124244151,Güzellik Salonu
N&B SAÇ TASARIM,+905453802251,Kuaför / Berber
BEYHAN ÇALIŞKAN BAYAN KUAFÖRÜ,+905326571217,Kuaför / Berber
Arm Bayan Kuaförü,+905333595991,Kuaför / Berber
Tuen Kuaför & Güzellik - Halkalı,+905068275602,Güzellik Salonu
RAS KUAFÖR ATAKENT BAY BAYAN,+905404656534,Kuaför / Berber
Ahenk Kuaför Salonu,+905347210074,Kuaför / Berber
Dejavu Saloon Bayan Kuaförü,+905333873758,Kuaför / Berber
Newold Hair Design,+902125412400,Kuaför / Berber
Umut Oral Hair Studio,+905368198280,Kuaför / Berber
Esin Kuaför,+902125400254,Kuaför / Berber
ED BAYAN KUAFÖRÜ,+905419216262,Kuaför / Berber
Dilek Bayan Kuaförü,+902126985182,Kuaför / Berber
Saççım Yasemin,+902125988799,Kuaför / Berber
Salon Express Hair & Makeup,+902126963636,Güzellik Salonu
"Tara Academy kuaför, güzellik salonu (eğitim)",+905300811143,Güzellik Salonu
Grisa Güzellik Salonu,+902125921551,Güzellik Salonu
Bz Hair Dresser Bay Bayan Kuaförü ELİTE WORLD GRAND HOTEL BASIN EKSPRES,+905079486233,Kuaför / Berber
Ada Kuaför,+902124251528,Kuaför / Berber
BAHRİ TAŞDEMİR BARBER’S CLUB,+905454373914,Kuaför / Berber
Yasin Birtane Erkek Kuaför & Hair Stylist,+905432993439,Kuaför / Berber
Salon Süheyla Gelinlik Moda Evi ve Bayan Kuaförü,+905313859998,Kuaför / Berber
"Tayfun Aslan Hair Design - Berber, Erkek Kuaförü -",+905347183425,Kuaför / Berber
Hairport Kuaför,+902126979852,Kuaför / Berber
Ahmet AKSU - Bay & Bayan Kuaför,+902128138619,Kuaför / Berber
Bilgen Kuaför,+902125992809,Kuaför / Berber
Kuaför Taner,+905374240410,Kuaför / Berber
Kuaför Hayri Başar - Bay Bayan Kuaför,+902127779680,Kuaför / Berber
Bayan Kuaförü Erol,+902125403231,Kuaför / Berber
Salon Ferro,+905449709493,Güzellik Salonu
Avrupa konutları 4 kuaför salon ali çimen Bay bayan kuförü,+902128127707,Kuaför / Berber
EMAY KUAFÖR,+905075433275,Kuaför / Berber
İxir Bayan Kuaförü ve Güzellik Salonu,+905302278994,Güzellik Salonu
EFOR Erkek Kuaför & Solarıum Salonu,+902125995109,Kuaför / Berber
kibele kuaför,+902124260927,Kuaför / Berber
MARKAS ERKEK KUAFÖR,+902125416014,Kuaför / Berber
Efor Kuaför 2,+902125404121,Kuaför / Berber
Yüksel Bayan Kuaförü,+902126241998,Kuaför / Berber
Güven demir saç tasarım,+905387443247,Kuaför / Berber
Değisim Erkek Kuaförü,+905326951671,Kuaför / Berber
Salon Tria Kuaför Atakent Halkalı,+902128037584,Güzellik Salonu
By Özgen Bayan Kuaförü,+905349633691,Kuaför / Berber
Kuaför Şener,+902125415322,Kuaför / Berber
BY TOLU HAİR MAFİA,+905318612796,Kuaför / Berber
KUAFÖR OSMAN ÇENGEL,+905365526939,Kuaför / Berber
Kuaför Emre İşleyen,+905367117516,Kuaför / Berber
Recep Kuaför,+905344671895,Kuaför / Berber
Aymira Koçaklı Vip Kanarya Güzellik ve Kuaför Salonu,+905514900209,Güzellik Salonu
Mustafa aydın hair studio,+905308744005,Kuaför / Berber
Liz Bayan Kuaförü MERKEZ ŞUBE İNÖNÜ,+905312639675,Kuaför / Berber
Cadde 24 kuaför,+902128090443,Kuaför / Berber
Yasemin Kuaför,+902125807259,Kuaför / Berber
Cennet Pet Kuaför,+905369704000,Kuaför / Berber
Kuaför Selcan Tapari,+905467920405,Kuaför / Berber
Oskar Kuaför,+902125982717,Kuaför / Berber
Pati pet kuaförü,+905462193464,Kuaför / Berber
İstanbul Pet Kuaför ATAKENT PET KUAFÖR - İstanbul Anestezisiz Kedi Tıraşı - İstanbul Köpek Tıraşı,+905435795077,Kuaför / Berber
Saloon İstanbul,+905534485844,Kuaför / Berber
K&K Bayan Kuaförü,+905436002883,Kuaför / Berber
Mihriban Bayan Kuaförü,+902124258266,Kuaför / Berber
Bay Bora Erkek Kuaförü,+905372170536,Kuaför / Berber
Elif Yılmaz Ay Kuaför Salonu,+902126246678,Güzellik Salonu
Salon Deluxe Erkek kuaförü,+905547976008,Kuaför / Berber
Saloon King by murat erkek kuaförü,+905448483944,Kuaför / Berber
HAİR CLUB,+902125995721,Kuaför / Berber
Seon Erkek Kuaförü,+902124255575,Kuaför / Berber
Boss Erkek Kuaförü,+905434192220,Kuaför / Berber
LİFE KUAFÖR SOYAK-ATAKENT,+902126981123,Kuaför / Berber
Resul Tabu Erkek Kuaförü & Saç Atölyesi,+905359116681,Kuaför / Berber
Kuaför Selma,+905304906006,Kuaför / Berber
Arda Erkek Kuaförü,+905309585458,Kuaför / Berber
Ekip Bayan Kuaförü,+905342426882,Kuaför / Berber
Gökhan Erkek Kuaförü Sefaköy,+905316848876,Kuaför / Berber
Atakent kuaför,+905398942067,Kuaför / Berber
Deniz Kuaför,+905414233730,Kuaför / Berber
Özden Bayan Kuaförü,+905312313889,Kuaför / Berber
Estherian Clinic,+905441699000,Güzellik Salonu
Özgün Estetik | Halkalı Atakent Estetik ve Güzellik Merkezi | Medikal Estetik Merkezi,+905535163357,Güzellik Salonu
EP Health & Beauty,+905525078300,Güzellik Salonu
Nuremir Estetik & Güzellik Merkezi,+905526735773,Güzellik Salonu
Şeri Life Beauty Center Sefaköy - 2,+905053983430,Güzellik Salonu
Parle Beauty Atakent,+905326796252,Güzellik Salonu
İLKE ESTETİK,+905461425200,Güzellik Salonu
Pırlanta Güzellik Merkezi,+905422122549,Güzellik Salonu
PrimeAura Güzellik ve Spa Merkezi,+905309799424,Güzellik Salonu
Ciel Güzellik Salonu,+905446705617,Güzellik Salonu
Şeri Life Beauty Center Sefaköy,+905011023534,Güzellik Salonu
Pırlanta Güzellik Salonu İnönü,+905301225798,Güzellik Salonu
Neslim Güngen Florya Güzellik Merkezi,+905322438203,Güzellik Salonu
Lux Güzellik,+905322879843,Güzellik Salonu
M.Ç güzellik,+902124957270,Güzellik Salonu
Roys Plus Beauty,+905050373334,Güzellik Salonu
Lucita Güzellik,+905451366988,Güzellik Salonu
Gamze Taflan Beauty Palace,+905466471352,Güzellik Salonu
Rabia Dilber Güzellik Ve Estetik Merkezi,+905436932763,Güzellik Salonu
Promed Clinic,+905444165169,Güzellik Salonu
Beau&You,+905367727775,Güzellik Salonu
Nora Estetik ve Güzellik Merkezi,+902125400304,Güzellik Salonu
Narinay güzellik merkezi,+905012169040,Güzellik Salonu
Sultan Güzellik,+905461608540,Güzellik Salonu
Sue Güzellik,+905324599842,Güzellik Salonu
Dr. Tülay Kadıoğlu I Mezoterapi I Dudak Dolgusu I Burun Dolgusu I Botoks İstanbul,+905417203232,Psikolog / Terapist
Es Aesthetic Clinic,+905335191034,Güzellik Salonu
Laves Güzellik Salonu,+905309235043,Güzellik Salonu
Atakent Derma Güzellik Merkezi,+905073822726,Güzellik Salonu
Dr. Cengizhan Ekizceli,+905059529867,Güzellik Salonu
Mavya Güzellik merkezi,+905469783477,Güzellik Salonu
Burcu Aydın Beauty,+905389650512,Güzellik Salonu
Buse Topcuoglu Güzellik,+905373404337,Güzellik Salonu
Dr. Güven Çeçe Medikal Estetik,+905326881959,Güzellik Salonu
Elenora Güzellik Salonu,+905431780288,Güzellik Salonu
Özel A+ Plus Estetik Ağız ve Diş Sağlığı Polikliniği,+902126249171,Diş Kliniği
Charms Beauty - Botoks Dolgu Mezoterapi,+905314080250,Psikolog / Terapist
Miyo Life Sefaköy Güzellik Merkezi,+905526803353,Güzellik Salonu
Erva güzellik salonu sefaköy,+905468570020,Güzellik Salonu
Korulife Estetik,+905398400090,Güzellik Salonu
Argana Güzellik Merkezi,+905527711111,Güzellik Salonu
Berceste Estetik Ve Güzellik Merkezi,+905494007201,Güzellik Salonu
Sortie Güzellik Merkezi,+905421701170,Güzellik Salonu
Florya Estetik,+905411343502,Güzellik Salonu
Sefaköy Protez Tırnak - MRV BEAUTY,+905435273746,Güzellik Salonu
Dr. Murat Irmak,+905421883034,Diğer (Sağlık & Bakım)
Uzm. Dr. Arda Yapar,+908504748567,Güzellik Salonu
Lotus Estetik &Güzellik Merkezi,+902125982828,Güzellik Salonu
Elegancia Clinic,+905310846864,Kuaför / Berber
Berna Beauty Protez Tırnak,+905315165470,Güzellik Salonu
Halkalı Güzellik Merkezi,+902127064565,Güzellik Salonu
Minel Clinic,+905491492101,Güzellik Salonu
Emsal Doğan Halkalı,+905538094726,Güzellik Salonu
Gözde Estetik,+902128128088,Güzellik Salonu
Mabe CLINIC,+905333434034,Diğer (Sağlık & Bakım)
Hatice Yıldız Nail Studio,+905382439638,Güzellik Salonu
Nur Babayeva Güzellik,+905300688004,Güzellik Salonu
Elmira Güzellik Merkezi,+905395575005,Güzellik Salonu
Pink Nail Studio | Halkalı Atakent | Protez Tırnak ve İpek Kirpik,+905452558047,Güzellik Salonu
Halkalı Ayak Bakım Merkezi | Podoloji,+905011449912,Diğer (Sağlık & Bakım)
GAMZE GÜZELLİK MERKEZİ EGE YAKASI,+905520406664,Güzellik Salonu
Ozon Sağlık Ozon Tedavi Merkezi,+905326250710,Diğer (Sağlık & Bakım)
AS NAİLART STUDİO,+905322060223,Güzellik Salonu
Nimera Güzellik,+905461294020,Güzellik Salonu
Naturel Güzellik Merkezi,+905522786875,Güzellik Salonu
Lacasa H&B Güzellik ve Bakım Merkezi,+905491303455,Güzellik Salonu
DERMAWORLD GÜZELLİK MERKEZİ,+905312352586,Güzellik Salonu
Lenis Güzellik Estetik,+905307810434,Güzellik Salonu
Ayşe Estetik Güzellik,+905446767665,Güzellik Salonu
hairmapsclinic,+905393904225,Güzellik Salonu
İstanbul Polli Sultangazi Şubesi,+905436066808,Güzellik Salonu
Q LİFE ESTETİK VE GÜZELLİK,+905333732433,Güzellik Salonu
RK GÜZELLİK MERKEZİ,+905550755452,Güzellik Salonu
V estetik diş,+905528250596,Diş Kliniği
Psikolog Cihat Yetan,+905510031112,Psikolog / Terapist
Küçükçekmece Psikolog | Esra Kalincik,+905372362107,Psikolog / Terapist
Klinik Psikolog - Elif SAĞLAM,+905323720268,Psikolog / Terapist
Klinik Psikolog / Psikoterapist Samet ÇOBAN,+905387144116,Psikolog / Terapist
Moss Psikoloji Danışmanlık Merkezi,+905412477507,Psikolog / Terapist
Çapa Psikoloji,+905510839610,Psikolog / Terapist
Uzm. Klinik Psikolog Zeynep Feyza Uçan/Halkalı Psikolog,+905415328187,Psikolog / Terapist
Küçükçekmece Psikolog | Psikolog Berfin Yıldız,+905392713406,Psikolog / Terapist
Vita Akademi,+905354928130,Psikolog / Terapist
Uzm.Klinik Psikolog Baran KAYA | Halkalı Psikolog | Depresyon ve kaygı bozuklukları | Bireysel Psikoterapi | Atakent Psikolog,+905355163770,Psikolog / Terapist
Uzman Klinik Psikolog Rojin Yazıcıoğlu,+905433624532,Psikolog / Terapist
Halkalı Psikolog / Uzm. Psk. Kübra Demirci,+905372634154,Psikolog / Terapist
Uzm. Klinik Psikolog Elif Güşta AYDIN,+905303678753,Psikolog / Terapist
Uzman Psikolog Nagihan Ergün-İstanbul Psikolog,+905349265614,Psikolog / Terapist
Klinik Psikolog Rüya Dilara Yıldırım,+905336390095,Psikolog / Terapist
Uzm. Klinik Psikolog Özkan Yolasığmazoğlu,+905333915048,Psikolog / Terapist
Uzman Psikolojik Danışman Pınar Gülmüş Gürsu / Online Psikolojik Danışmanlık,+905059164035,Psikolog / Terapist
"Uzman Psikolog Gamze Köse (EMDR Terapisi, Çocuk - Ergen- Yetişkin- Çift Psikoloğu, wisc-4 zeka testi, moxo, Halkalı Psikolog",+905451237289,Psikolog / Terapist
Ayka Psikoloji Merkezi - Klinik Psikolog Aylin Kaşko,+905442583959,Psikolog / Terapist
Psikolog Nergis Efe | Aile Danışmanlığı ve Bütüncül Terapi Merkezi,+905393136747,Psikolog / Terapist
Psikolog Ezgi Bağcı,+905511973165,Psikolog / Terapist
Klinik Psikolog & EMDR ve Aile Terapisti Kübra AL,+905309763646,Psikolog / Terapist
Klinik Psikolog Tülay İrfanoglu,+905421188786,Psikolog / Terapist
Uzman Psikolojik Danışman Büşra Ayaydın,+905456756800,Psikolog / Terapist
Devin Psikoloji ve Eğitim,+905373779571,Psikolog / Terapist
Klinik Psikolog Senanur Çetinkaya Şenlik,+905312525346,Psikolog / Terapist
Klinik Psikolog Bilge Açıkgöz,+905327165477,Psikolog / Terapist
Klinik Psikolog Süleyman Akdemir,+905461213030,Psikolog / Terapist
Uzm.Klinik Psikolog Gül Billur Gençer Açıkel,+905317197377,Psikolog / Terapist
Bayrampaşa Psikolog - Yetişkin Ergen Çocuk Çift ve Aile Danışmanlığı,+905396129003,Psikolog / Terapist
Berrak psikoloji danışmanlık merkezi HALKALI,+905467913412,Psikolog / Terapist
Nesa Dil - Konuşma Danışmanlık Merkezi,+905444462641,Psikolog / Terapist
Uzm. Kl. Psk. Engin Deniz,+902129126469,Psikolog / Terapist
Psk. Cemile Özsoy,+908504744613,Psikolog / Terapist
Mor psikoloji,+905308574779,Psikolog / Terapist
Ateş Psikolojik Danışmanlık ve Yaşam Merkezi,+905403163434,Psikolog / Terapist
Uzm. Klinik Psikolog Berfin Cihan,+905447638829,Psikolog / Terapist
Uzman Psikolog Ahmet AL & EMDR - BDT - Aile ve İlişki Danışmanı,+905434493403,Psikolog / Terapist
Prof. Dr. Psk. Dan. Ragıp Özyürek,+908504334079,Psikolog / Terapist
Halkalı Psikolog / Psikolog Gamze Adsay,+905357333416,Psikolog / Terapist
"Klinik Psikolog Uğur Can Çelik , Bakırköy Psikolog, Bahçelievler Psikolog, Küçükçekmece Psikolog, Zeytinburnu Psikolog",+905461030115,Psikolog / Terapist
Çocuk Psikiyatri Uzmanı Dr. Şule Koçaş,+905461405002,Psikolog / Terapist
Klinik Psikolog Sergen Akbay,+905063222526,Psikolog / Terapist
Uzman Klinik Psikolog İlknur Çopuroğlu,+905394301300,Psikolog / Terapist
Klinik Psk.Tuğçe Zeybek,+905541965441,Psikolog / Terapist
"Uzm. Klinik Psikolog Işılay Sarvan , Psikenue, Beylikdüzü İstanbul",+905530091379,Psikolog / Terapist
Uzman Psikolog Neriman Zyulkyar Halim,+902127064080,Psikolog / Terapist
Psikolog Gizem Kirşan,+905558837636,Psikolog / Terapist
Uzman Psikolog Kübra ZENGİN,+905349587055,Psikolog / Terapist
Uzman Psikolog Pınar Topçu,+905389475363,Psikolog / Terapist
"Uzm. Kl. Psk. Beyza Bayram Eski, Psikoloji",+905372293760,Psikolog / Terapist
Uzm. Psk. Adem Güneşdoğdu,+902129126397,Psikolog / Terapist
Klinik Psikolog Büşra Aysan Özel Sağlık Hizmet Birimi,+905413930809,Psikolog / Terapist
Klinik Psikolog Aybige Üstüner,+908504745174,Psikolog / Terapist
Online Terapi | Uzman Klinik Psikolog Umut Yılmaz,+905064842116,Psikolog / Terapist
Psk. Rengin Erdal,+908504744162,Psikolog / Terapist
Monad Psikolojik Danışmanlık ve Eğitim Merkezi,+905528601921,Psikolog / Terapist
Uzm. Kl. Psk. Sena Güllük,+902125700610,Psikolog / Terapist
"Uzm. Kl. Psk. Esra Karakoyun Çalışkan, Psikoloji",+905546137133,Psikolog / Terapist
Face Psikoloji Klinik,+902129555590,Diğer (Sağlık & Bakım)
Uzman Psk. Sinem Yaprak,+905335270997,Psikolog / Terapist
Psikolog&Aile Danışmanı Ömür Nur Sonuşen Aykut,+905372721830,Psikolog / Terapist
Klinik Psikolog Melis Çekiç Güllüoğlu,+905354326953,Psikolog / Terapist
"Uzm. Dr. Özden Örs, Çocuk ve Ergen Psikiyatrisi",+905013303173,Psikolog / Terapist
Terapi Yaşam Özel Eğitim ve Rehabilitasyon Merkezi,+902124588787,Psikolog / Terapist
Uzman Klinik Psikolog Huriye Çevik,+905348203595,Psikolog / Terapist
Uzman Klinik Psikolog Eda Öztürk,+905525365446,Psikolog / Terapist
E&S Enneagram Psikoloji Danışmanlık,+905372129348,Psikolog / Terapist
Duygun Psikoloji,+905545181216,Psikolog / Terapist
atakent psikoloji nuray kanmaz,+905537069702,Psikolog / Terapist
Uzm. Dr. Handan KILINÇ - Çocuk Sağlığı ve Hastalıkları Uzmanı,+905448137722,Diğer (Sağlık & Bakım)
Uzm. Klinik Psk. Ali Özsoylu,+905419054933,Psikolog / Terapist
Sanem Akkurt,+905466585356,Psikolog / Terapist
Genç Bilge Eğitim & Danışmanlık,+905300660276,Psikolog / Terapist
Klinik Psikolog Raife Doğan Ercan Sultangazi,+905523166671,Psikolog / Terapist
Denge Psikolojik Yaşam Merkezi -Sultangazi Psikolog,+905358311471,Psikolog / Terapist
Hedef Yaşam Psikoloji Danışmanlık merkezi,+905331951776,Psikolog / Terapist
İyice Hisset Psikolojik Danışmanlık Merkezi,+905372662557,Psikolog / Terapist
İstanbul Aile Danışmanlık Ve Eğitim Merkezi,+902124593434,Psikolog / Terapist
Uzman Klinik Psikolog Esra Alpaydın,+905419302988,Psikolog / Terapist
Psikoterapist Samet Bayram,+905432854751,Psikolog / Terapist
Psikolog Vahide Asal,+905325940802,Psikolog / Terapist
Arnavutköy Klinik Psikolog Onur Elkin,+905533340373,Psikolog / Terapist
Uz. Psikolog Alanur Özalp,+902122920949,Psikolog / Terapist
Arnavutköy Psikolog Elif Nur Kıran,+905393897478,Psikolog / Terapist
Perseus Psikoloji Danışmanlık Merkezi,+905055331993,Psikolog / Terapist
Klinik Psikolog Tuğba PALA,+905553063037,Psikolog / Terapist
Cevher psikoloji / İstanbul Ofisi,+905077672810,Psikolog / Terapist
Bütüncül Psikoloji Danışmanlık Merkezi,+905522034308,Psikolog / Terapist
Özel Dükel Ağız Ve Diş Sağlığı Polikliniği,+902126508055,Diş Kliniği
Kanarya Ağız ve Diş Sağlığı Polikliniği,+905524489428,Diş Kliniği
Mehmet Salih Doğala - 7/24 Açık Diş Clinic (Küçükçekmece Nöbetçi Dişçi),+905374668494,Diş Kliniği
DentAslan ağız ve diş sağlığı polikliniği,+905331638495,Diş Kliniği
Klinik Artı Ağız ve Diş Sağlığı Polikliniği,+902125414541,Diş Kliniği
Neva Ağız ve Diş Sağlığı Polikliniği,+905525928850,Diş Kliniği
Özel Öztürk Klinik Ağız ve Diş Sağlığı Polikliniği,+905053400000,Diş Kliniği
Master Dent Clinic - Ağız ve Diş Sağlığı Polikliniği,+905059236112,Diş Kliniği
Dental Corner Ağız ve Diş Sağlığı Polikliniği Atakent,+905076449669,Diş Kliniği
Zirkondent Ağız ve Diş Sağlığı Polikliniği,+902124720080,Diş Kliniği
Dişhanı Ağız Ve Diş Sağlığı Polikliniği,+902125404240,Diş Kliniği
MİS KLİNİK,+902129220022,Diş Kliniği
Dentspace Ağız ve Diş Sağlığı Poliklinik IKüçükçekmece Dişçi |küçükçekmece diş kliniği,+902125806357,Diş Kliniği
"Dental Implants Turkey: Lema Clinic | All on Dental Clinic Istanbul Turkey​ | Best Hollywood Smile Reviews, Best Turkey Teeth",+905322336148,Diş Kliniği
Klinik Turkuaz Ağız ve Diş Sağlığı Polikliniği,+905374704343,Diş Kliniği
LİVDENT Ağız ve Diş Sağlığı Polikliniği,+902124957210,Diş Kliniği
Özel Natürel Ağız Ve Diş Sağlığı Polikliniği,+905304339897,Diş Kliniği
Diş 360 Ağız ve Diş Sağlığı Polikliniği,+902125480360,Diş Kliniği
"Ertendiş Ağız ve Diş Sağlığı Polikliniği - Halkalı, Küçükmece",+902124952020,Diş Kliniği
Skydent Ağız Ve Diş Sağlığı Merkezi,+902125400724,Diş Kliniği
Özel Dentaylin Ağız ve Diş Sağlığı Polikliniği,+905333173227,Diş Kliniği
Korudent Ağız ve Diş Sağlığı Polikliniği,+902125403434,Diş Kliniği
ACE Klinik Ağız ve Diş Sağlığı Polikliniği,+902127415110,Diş Kliniği
B.E.R.A. Ağız ve Diş Sağlığı Polikliniği,+905408747334,Diş Kliniği
Halkalı Kristaldiş Ağız ve Diş Sağlığı Polikliniği,+902129231347,Diş Kliniği
LAV DİŞ Ağız ve Diş Sağlığı Polikliniği,+905325432354,Diş Kliniği
Özel Baran Ağız ve Diş Sağlığı Polikliniği,+905471044747,Diş Kliniği
Diş Ve Diş Özel Ağız Ve Diş Sağlığı Polikliniği,+902126242473,Diş Kliniği
Yaprak Dent - Özel Yaprak Ağız ve Diş Sağlığı Polikliniği Atakent Halkalı,+902126959797,Diş Kliniği
A plus Estetik Beşyol Ağız ve Diş Sağlığı Polikliniği,+905469033627,Diş Kliniği
Diş Hekimi Vahide Başaran Köseoğlu,+902124243818,Diş Kliniği
Diş Hekimi Sertaç Kızılkaya İmplant ve Estetik Diş Kliniği İstanbul,+905493474347,Diş Kliniği
Özel Veteran Ağız ve Diş Sağlığı Polikliniği,+902128307061,Diş Kliniği
AFK Ağız ve Diş Sağlığı Polikliniği / Diş Kliniği,+902126986054,Diş Kliniği
Atasoy Ağız Ve Diş Sağlığı Polikliniği,+902125416509,Diş Kliniği
Özel Beyaz Diş Ağız ve Diş Sağlığı Polikliniği,+902128439995,Diş Kliniği
DentiZen Nahiddin Tumani Diş Kliniği,+905010910303,Diş Kliniği
Özel Cennet ağız ve diş sağlığı polikliniği,+902125804444,Diş Kliniği
Diş Hekimi Billur Bahçevan,+902125074961,Diş Kliniği
Diş Hekimi Osman Berat Hamurcu,+905057371360,Diş Kliniği
Dt. Ali Elmas,+902125487549,Diş Kliniği
T.C. Sağlık Bakanlığı Yeşilova Diş Tedavi ve Protez Merkezi,+902125920033,Diş Kliniği
Diş Hekimi Aytaç Hasan Mustafa,+902126010104,Diş Kliniği
Zeynebiye Ağız Ve Diş Sağlığı Polikliniği,+902124713198,Diş Kliniği
O Ağız ve Diş Sağlığı Polikliniği,+905537944344,Diş Kliniği
Diş Hekimi Suat Yılmaz,+902125920953,Diş Kliniği
Mavi Gülüş Ağız Ve Diş Sağlığı Polikliniği,+905319915466,Diş Kliniği
Zara Ağız ve Diş Sağlığı Polikliniği,+905346287089,Diş Kliniği
Hanege Dent | Dt Halil İbrahim Hanege | Küçükçekmece Dişçi,+905015615954,Diş Kliniği
Özel Guditem Diş Sağlığı Polikliniği,+902124257225,Diş Kliniği
BMC Ağız ve Diş Sağlığı Polikliniği,+905464133475,Diş Kliniği
Diş Hekimi Dt. Serap Bozteke,+905303924109,Diş Kliniği
Estherian Dental Clinic,+902129990960,Diş Kliniği
elit ağız ve diş sağlığı polikliniği sefaköy,+902126012203,Diş Kliniği
Denthall Ağız ve Diş Sağlığı Polikliniği,+902124710088,Diş Kliniği
Özel Halkalı Modern Diş Ağız ve Diş Sağlığı Polikliniği,+905434050693,Diş Kliniği
UD Ağız ve Diş Sağlığı Polikliniği,+905461325234,Diş Kliniği
Özel Like Smile Turkey Ağız Ve Diş Polikliniği,+905366440330,Diş Kliniği
5M dent özel Ağız ve diş Sağlığı Polikliniği,+905078079625,Diş Kliniği
DentRealist Ağız ve Diş Sağlığı Kliniği,+905411383867,Diş Kliniği
Diş Hekimi Şeyda Temizel (Özmen) diş hekimi Oğuz temizel,+902126960089,Diş Kliniği
Diş Hekimi Niyazi Doğancanlı,+902125998486,Diş Kliniği
Diş Hekimi Alperen Aydın,+905432121032,Diş Kliniği
Nefclinic,+905337394947,Diş Kliniği
Point Dental Clinic,+905334401091,Diş Kliniği
"Dt. Deniz Ayman, Diş Hekimi",+905526555951,Diş Kliniği
Predent Ağız Ve Diş Sağlığı Polikliniği,+902124241750,Diş Kliniği
Diş Hekimi Mustafa Koçak,+902125805325,Diş Kliniği
Diş Hekimi Ramazan Kılıç,+908504747746,Diş Kliniği
Merkez Polikliniği,+902125920356,Diş Kliniği
Çocuk Diş Hekimi Betül Güney,+905394340347,Diş Kliniği
Özel B.T Diş Ağız ve Diş Sağlığı Polikliniği,+905073055804,Diş Kliniği
Diş Hekimi Hasretnur Koca,+905301002498,Diş Kliniği
Hatice Özel Şevelli,+902126974725,Diş Kliniği
Dişhekimi Gökçen Kuruoğlu,+905305449865,Diş Kliniği
Estelion Medical Center,+905303091306,Diş Kliniği
Ortodonti Uzmanı Dr. Mert TOPBAŞI,+905526034030,Diş Kliniği
Cennet Diş Hekimi Yusuf YILMAZ Acil 7/24,+905346727623,Diş Kliniği
MYG Clinic,+905538894144,Diş Kliniği
Medico Clinic,+905526630630,Diş Kliniği
Diş Hekimi Murat Sahip,+905357386015,Diş Kliniği
Diş Hekimi Taner Çokbaş,+902124760707,Diş Kliniği
Diş Hekimleri C.C Ağız ve Diş Sağlığı Polikliniği,+905015763161,Diş Kliniği
Diş Hekimi Güler Gültekin - Diş Hekimi Utku Meriç Okçu Diş Muayenehanesi,+905445949681,Diş Kliniği
Dr. MAT Dental Clinic,+905348995085,Diş Kliniği
Recep Üstün,+902125941275,Diş Kliniği
Gazi Mahallesi Diş Hekimi Onur Kaya,+905324416098,Diş Kliniği
Diş Hekimi Arzu TEK,+905449702050,Diş Kliniği
Diş Hekimi Davut Şems,+905326652343,Diş Kliniği
Diş Hekimi Cavit Aydın,+902124753327,Diş Kliniği
Vetica Clinic,+905461075000,Diş Kliniği
Diş Hekimi Dr. Tanzer Husman,+902125942233,Diş Kliniği
Titanium Clinic Istanbul,+905387154211,Güzellik Salonu
ÖZEL FLY AĞIZ VE DİŞ SAĞLIĞI POLİKLİNİĞİ,+905548206515,Diş Kliniği
Diş Hekimi Hayriye Yıldıran,+902125942744,Diş Kliniği
Avrupa Sağlık Ağız Ve Diş Sağlığı Polikliniği,+902126403838,Diş Kliniği
Diş hekimi Şaban Yıldırım,+902124758613,Diş Kliniği
7/24 ACİL NÖBETÇİ PATİGAZİ VETERİNER KLİNİĞİ,+905451945702,Veteriner
Abdullah Hanefioğlu,+902124757774,Diş Kliniği
Türkiye Dental | Dental Implant | Hollywood Smile,+908503075307,Diş Kliniği
EDK Ağız ve Diş Sağlığı Polikliniği,+902128133949,Diş Kliniği
Esnan Ağız ve Diş Sağlığı Merkezi - Sultangazi Şubesi,+902126673535,Diş Kliniği
Sahra Dent Ağız ve Diş Sağlığı Polikliniği,+905551070060,Diş Kliniği
Hausdent Ağız ve Diş Sağlığı Polikliniği,+905548800599,Diş Kliniği
Özel Vetica Ağız ve Diş Sağlığı Polikliniği,+905318881333,Diş Kliniği
Tülmen Ağız ve Diş Sağlığı Polikliniği,+905013772562,Diş Kliniği
Özel 3B Dent Ağız ve Diş Sağlığı Polikliniği,+902127836312,Diş Kliniği
Cebeci Ağız ve Diş Sağlığı Polikliniği,+902124757580,Diş Kliniği
Sultangazi Mebadent Ağız ve Diş Sağlığı Polikliniği,+905064935963,Diş Kliniği
Özel 50. Yıl Ağız Ve Diş Sağlığı Polikliniği,+902126676281,Diş Kliniği
Mebadent Gazi Ağız ve Diş Sağlığı Polikliniği,+905050456600,Diş Kliniği
Üsküplü Dental Clinic Bayrampaşa,+905441354181,Diş Kliniği
Diş hekimi Muhammed Nur AYANOĞLU,+908508116651,Diş Kliniği
ÖZEL HABİBLER ALPHAN SAĞLIK,+905465644774,Diğer (Sağlık & Bakım)
Özel Dentinist Ağız Ve Diş Sağlığı Polikliniği,+902124764545,Diş Kliniği
Parıltı Ağız Ve Diş Sağlığı Polikliniği,+902126673232,Diş Kliniği
Sultangazi Diş Kliniği DentRoute - Ağız ve Diş Sağlığı Polikliniği,+902126673767,Diş Kliniği
Entegre Ağız ve Diş Sağlığı Polikliniği,+905014441010,Diş Kliniği
Diş hekimi Mehmet Türk muayenehanesi,+905073988082,Diş Kliniği
Ekşi Diş Klinik | Diş Hekimi Emre Ekşi | Diş Hekimi Simge Ekşi,+905541849377,Diş Kliniği
ÖZEL PİYA AĞIZ VE DİŞ SAĞLIĞI POLİKLİNİĞİ,+905427465600,Diş Kliniği
Diş Hekimi Mehmet Beyhan,+905076420012,Diş Kliniği
"Temadent Diş Kliniği, Gazi Mahallesi",+902126502255,Diş Kliniği
Özel Yeni Yaşam Ağız ve Diş Sağlığı Polikliniği,+905538417173,Diş Kliniği
Arslan tattoo,+905427483929,Dövme & Piercing
Gürkan Duman Tattoo Dövme & Piercing,+905531042722,Dövme & Piercing
Cennet Dövme Stüdyosu,+905323932114,Dövme & Piercing
Berkoink Tattoo,+905332561418,Dövme & Piercing
Ceku Tattoo,+905414524248,Dövme & Piercing
Pulse Tattoo,+905304773699,Dövme & Piercing
Raen Tattoo,+905364770034,Dövme & Piercing
RecNot Tattoo,+905442654119,Dövme & Piercing
Dövmeci,+905432311393,Dövme & Piercing
Neat Atelier,+905497703453,Dövme & Piercing
Tattoo Piercing kemal aslan,+905455699497,Dövme & Piercing
Black Tattoo,+905319870785,Dövme & Piercing
Ganja tattoo,+905300975083,Dövme & Piercing
Goldfinch Tattoo Studio,+905378368120,Dövme & Piercing
Tattoo Studio,+905433542284,Dövme & Piercing
Mast Tattoo Türkiye,+905421909182,Dövme & Piercing
Roger Tattoo,+905387798489,Dövme & Piercing
Tattoo Muzo,+905444752731,Dövme & Piercing
Noa Tattoo & Piercing Studio,+905330982348,Dövme & Piercing
Artelme tattoo and art studio (dövme),+905524712445,Dövme & Piercing
Tattoo incir,+905373839322,Dövme & Piercing
Noyanink Tattoo,+905325203476,Dövme & Piercing
Grim Ink Tattoo Studio,+905397302308,Dövme & Piercing
Berkan Tattoo,+905304340814,Dövme & Piercing
Borg Tatto Studio,+905300843909,Dövme & Piercing
Cherry Tattoo & Piercing Studio,+905523746014,Dövme & Piercing
Arsen Tattoo,+905357845366,Dövme & Piercing
BLACK OWL TATTOO,+905389792656,Dövme & Piercing
Rose Tattoo,+905316784734,Dövme & Piercing
ARAGON TATTOO PİERCİNG RESİM VE SANAT,+901638926950,Dövme & Piercing
Real Tattoo,+905412146864,Dövme & Piercing
Makara Tattoo,+905010078139,Dövme & Piercing
Oha Art Studio,+905461550062,Dövme & Piercing
ADE tattoo studio,+905304921082,Dövme & Piercing
Hammer Tattoo,+905417102424,Dövme & Piercing
Blackout tattoo studyo,+905322464486,Dövme & Piercing
Burn Ink Tattoo & Piercing,+905518481413,Dövme & Piercing
hs.tattoo.piercing,+905316659983,Dövme & Piercing
LAST ROMANCE TATTOO & PİERCİNG,+905455276919,Dövme & Piercing
Nyx Tattoo,+905520208227,Dövme & Piercing
Tattoo king,+905370534438,Dövme & Piercing
Realist Tattoo Pierceng Stüdio,+905443606627,Dövme & Piercing
Gazi mahallesi dövmeci aliyildirim,+905382609451,Dövme & Piercing
Tattoo Art Lalo,+905394041806,Dövme & Piercing
Black street tattoo stüdio,+905510191756,Dövme & Piercing
Beylikdüzü dövmeci R.I.P TATTOO PIERCING ARTCEM BEYLİKDÜZÜ,+905387471063,Dövme & Piercing
TATTOO HERA,+905388727813,Dövme & Piercing
S6. Tattoo,+905524548829,Dövme & Piercing
Uğur Polat Tattoo Studio,+905308955056,Dövme & Piercing
Janus Tattoo Beylikdüzü | Dövme Stüdyosu,+905417205113,Dövme & Piercing
Tattoo Home Seyhun Erden,+905385043149,Dövme & Piercing
Tattoo Houze,+905350572534,Dövme & Piercing
Uzman Diyetisyen Buse Akduman,+905538810111,Diyetisyen
Küçükçekmece Diyetisyen| Uzman Diyetisyen Büşra Saldıran,+905465564424,Diyetisyen
Diyetisyen Miray YAĞMUR Sağlıklı Yaşam & Beslenme Danışmanlığı,+905386169200,Diyetisyen
Uzman Diyetisyen Şevval Beyza Kulaksız Beslenme Danışmanlık Merkezi / Torkam Diyetisyen,+905350509702,Psikolog / Terapist
Halkalı Diyetisyen Özlem Guguk Alaca Sağlıklı Beslenme ve Diyet Danışmanlığı Merkezi,+905398440380,Diyetisyen
Diyetisyen Esin Aydın Çetinkaya Sağlıklı Beslenme ve Diyet Merkezi,+905072403746,Diyetisyen
Halkalı Diyetisyen Büşra Morkoç Sağlıklı Beslenme ve Diyet Danışmanlığı Merkezi,+905398546948,Diyetisyen
Diyetisyen Yeşim İşler - Torkam Diyetisyen - Sefaköy Diyetisyen,+905518319753,Diyetisyen
Diyetisyen Şevval Memiş Sağlıklı Beslenme ve Diyet Danışmanlığı - Küçükçekmece / Yenibosna / Bakırköy Diyetisyen,+905317458982,Diyetisyen
Akdeniz Diyet Beslenme Danışmanlığı Merkezi Dyt. Aslıhan ÜNAL,+905330296810,Diyetisyen
Uzman Diyetisyen Cansel Önbey Sağlıklı Yaşam ve Andulasyon Merkezi,+905318845482,Diyetisyen
Uzman Diyetisyen Batuhan CANARSLAN Sağlıklı Beslenme Ve Andülasyon Terapi Merkezi,+905326596050,Psikolog / Terapist
Diyetisyen Yusuf Gül- Beslenme ve Diyet Danışmanlığı Merkezi,+905433434938,Diyetisyen
Diyetisyen Edanur Teksöz,+908504748132,Diyetisyen
Sefaköy Diyetisyen Pelinsu Koza Beslenme Danışmanlığı - Andulasyon & Ems,+905342810656,Diyetisyen
Diyetisyen Yeşim Bildik,+905067350613,Diyetisyen
"Uzman Diyetisyen Tuğçe Çiçek, PNİ Terapisti, Fonksiyonel Tıp Diyetisyeni",+908504742313,Psikolog / Terapist
Diyetisyen Gizem Özölmez,+905315100480,Diyetisyen
Uzman Diyetisyen Melisa Usul Beslenme ve Diyet Danışmanlığı,+905308892367,Diyetisyen
Halkalı Uzman Diyetisyen Sevinç Yılmazer,+905379201876,Diyetisyen
Diyetisyen Aycan Düzgün Müdüroğlu,+905319554120,Diyetisyen
Diyetisyenin Mutfağı Atakent - Uzman Diyetisyen Gamze Karslı Eroğlu,+905300305353,Diyetisyen
Diyetisyen Şeyma Gülşen Oral Beslenme ve Diyet Danışmanlık Merkezi,+908504747366,Psikolog / Terapist
Diyetisyen Buse Sepin - Halkalı/Atakent,+905308707897,Diyetisyen
Halkalı Diyetisyen Ömer Mor,+905377626851,Diyetisyen
Diyetisyen Gaye Avikgül,+902124240115,Diyetisyen
Uzman Diyetisyen Ege Ramadanoğlu,+908504744725,Diyetisyen
Diyetisyen Deniz Odacılar Beslenme ve Diyet Danışmanlığı,+905442440218,Diyetisyen
HERBALİFE SEFAKÖY,+905368469705,Diyetisyen
Diyetisyen ve Beslenme Uzmanı Beril Selcen Yıldız,+905536195060,Diyetisyen
Uzm. Diyetisyen Serenay Yüksel,+905307292929,Diyetisyen
Diyetisyen Beyza Nur Alaca Aydın,+905451300840,Diyetisyen
Dyt. Miray Doğan,+908504749042,Diyetisyen
Diyetisyen Gamze Çakaloğlu,+905445172208,Diyetisyen
Halkalı Uzman Diyetisyen Pınar Akbudak,+905416342229,Diyetisyen
Diyetisyen Selin Söz,+905469034938,Diyetisyen
Herbalife Sefaköy Aktif Yaşam Merkezi,+905356859615,Diyetisyen
Diyetisyen Dilan Özarslan,+905455109553,Diyetisyen
Diyetisyen Esra Dandin,+905442079919,Diyetisyen
Emre Koyunlu Beslenme ve Diyet Danışma,+902125808175,Diyetisyen
Diyetisyen Elif Tükenmez Beslenme ve Diyet Danışmanlığı Merkezi-Klinik/Reformer Pilates,+905455446993,Diyetisyen
Diyetisyen Kardeşler,+905356029012,Diyetisyen
Diyetisyen Beyza Karkın Beslenme ve Diyet Danışmanlığı,+905521229968,Diyetisyen
FİZYO & NUTRİTİON,+905363655929,Psikolog / Terapist
Ataköy Diyetisyen Hacer Eksin,+908504742556,Diyetisyen
Diyetisyen Gökçe Kitiz,+908504742699,Diyetisyen
Zayıflama merkezi,+905365235995,Diyetisyen
Tuba Karabaş Beslenme ve Diyet Danışmanlık Merkezi,+908504744747,Psikolog / Terapist
Pilates Team Atakent,+905300231241,Pilates / Yoga
VK Pilates Studio,+905015425141,Pilates / Yoga
FlexForm Pilates Studio,+905458450210,Pilates / Yoga
Lotus Pilates Studio,+905380148347,Pilates / Yoga
Seven Pilates Studio,+905550793797,Pilates / Yoga
Pilatesra Pilates Salonu,+905368267442,Pilates / Yoga
NOVA PİLATES REFORMER STUDİO,+905538322304,Pilates / Yoga
Zeta Pilates,+905535580962,Pilates / Yoga
SEMA ÜNVER PİLATES STUDIO,+905414791664,Pilates / Yoga
Base Pilates,+905411816842,Pilates / Yoga
Muscle Club Pilates,+905451394035,Pilates / Yoga
Dengeli Nesiller Pilates,+905431630708,Pilates / Yoga
DİVAFORM PILATES,+905364511931,Pilates / Yoga
Dokuz Üç Çeyrek Pilates,+905421802726,Pilates / Yoga
Aydan Taş Pilates,+905548457929,Pilates / Yoga
Klinik Pilates Studyo,+905340622096,Pilates / Yoga
Core Aura Pilates,+905335112601,Pilates / Yoga
Juno Pilates Studyo,+905326590392,Pilates / Yoga
OKSİJEN PİLATES STÜDYOSU,+905459805525,Pilates / Yoga
Moon Pilates,+905422650930,Pilates / Yoga
Aylin pilates studyo,+905305836717,Pilates / Yoga
Forever Pilates,+905545991202,Pilates / Yoga
G&A Fizyo Pilates,+905385134293,Pilates / Yoga
Şeyda Kaya Pilates,+905551648420,Pilates / Yoga
LIFE LINE SPORTS CENTER,+902125404255,Kuaför / Berber
Fizmedterapi Klinik Pilates Medikal Spor,+902125988808,Psikolog / Terapist
Vlada Pilates Studio,+905428212535,Pilates / Yoga
Fizyobu Fizyoterapi ve Egzersiz Danışmanlık Merkezi,+905372656699,Psikolog / Terapist
Vina Pilates,+905330269400,Pilates / Yoga
Ata club house pilates,+905543829620,Pilates / Yoga
Lifetime Pilates,+905551922373,Pilates / Yoga
IF WELL PILATES,+905345528858,Pilates / Yoga
Fizyo-M Egzersiz Danışmanlık Merkezi,+905454439607,Psikolog / Terapist
Bia Life Studio,+905331447888,Pilates / Yoga
Kozovic Pilates,+905525323496,Pilates / Yoga
AND Pilates Studio,+905305208696,Pilates / Yoga
M.R.Pilates By Aynur,+905343545422,Pilates / Yoga
Iron Pilates,+905349713119,Pilates / Yoga
Stüdyo Reformer Pilates,+905309106368,Pilates / Yoga
INVICTUS Pilates & Sporcu Gelişim Merkezi,+905449143108,Pilates / Yoga
Bodyist Pilates ve Fizyoterapi Danışma Merkezi,+905449567079,Psikolog / Terapist
Sunrise Pilates Studio,+905077039257,Pilates / Yoga
Muscle Up Club,+902125999433,Kuaför / Berber
Art Fitness Halkalı,+902128717738,Kuaför / Berber
Atakent Hareket Atölyesi,+905374706334,Pilates / Yoga
PUMP HOUSE FITNESS,+905456768980,Kuaför / Berber
GRAB PILATES STUDIO,+902124728142,Pilates / Yoga
TheSprinnt Sefaköy,+905380303430,Kuaför / Berber
Think Fit Pilates,+905524691051,Pilates / Yoga
Fizyoterapist Burcu Zehra Sivri Al,+905065051995,Psikolog / Terapist
Peak&Deep Pilates Studio,+905444608189,Pilates / Yoga
Fitamine Küçükçekmece,+902124162222,Kuaför / Berber
Full FIT Spor Merkezi,+905536835683,Kuaför / Berber
Noxis GYM,+905314546397,Kuaför / Berber
Sprint Fitness -Solaryum,+905056464214,Kuaför / Berber
BLACKBOXGYM,+905334363462,Kuaför / Berber
Color Moon Pilates,+905309660480,Pilates / Yoga
BARS GYM Sports Club,+905525797102,Kuaför / Berber
Solar Fit,+905443427272,Kuaför / Berber
Pırlanta PLATES SALONU,+905013370231,Güzellik Salonu
Fizyolin Helin Çeçen,+905373567499,Pilates / Yoga
Rhegion Fight Club,+905444126944,Kuaför / Berber
BB EMS PİLATES,+905325607626,Pilates / Yoga
ŞanaStudioPilates,+905055832573,Pilates / Yoga
COREFİT ACADEMY,+905424952265,Kuaför / Berber
NOİ Kültür Pilates Stüdyo,+905448449440,Pilates / Yoga
Q GYM & SPA WELLNESS CLUB ATAKENT,+908503407496,Kuaför / Berber
JiBody,+905468642525,Kuaför / Berber
BONA FİDE FİZYOTERAPİ ve PILATES,+905343229651,Psikolog / Terapist
Fit Station Halkalı,+905543909079,Kuaför / Berber
Aslan Pt Studio,+905316910776,Diğer (Sağlık & Bakım)
Fitness Life,+902124700159,Kuaför / Berber
Myocard Personel Training Studio,+905522077176,Kuaför / Berber
FizyoSel Fizik Tedavi Ve Danışmanlık Merkezi,+905307415660,Psikolog / Terapist
SPORCITY FITNESS & SPA,+905334163036,Kuaför / Berber
Terapisen Sağlıklı Yaşam Merkezi,+905521672212,Psikolog / Terapist
Pro Gold Gym,+902124944543,Diğer (Sağlık & Bakım)
Theramila Fizyoterapi ve Danışmanlık Merkezi,+905446816052,Psikolog / Terapist
Yin Yang Sağlıklı Yaşam Merkezi,+905313939397,Diğer (Sağlık & Bakım)
Sushumna Yoga & Pilates & Bioenerji Merkezi,+905393264042,Pilates / Yoga
LIVWELL SAĞLIKLI YAŞAM MERKEZİ,+905438725128,Diğer (Sağlık & Bakım)
Aktif Spor Merkezi,+902125410200,Kuaför / Berber
ADALI SPOR KULÜBÜ,+905379726419,Kuaför / Berber
Lion fitness,+905525390276,Kuaför / Berber
FiZYODORA Fizyoterapi ve Danışmanlık Merkezi,+905457990091,Psikolog / Terapist
"Fizyoterapist Elif Oğuz | Halkalı Fizik Tedavi Merkezi, Reformer Pilates, Manuel Terapi",+905369984955,Psikolog / Terapist
Debut Fit Club,+902126972000,Kuaför / Berber
York Athletic Club,+905331234989,Kuaför / Berber
Gimnasio Fitness,+902126010031,Kuaför / Berber
Magia Sağlıklı Yaşam,+905426244298,Diğer (Sağlık & Bakım)
KÜÇÜKÇEKMECE GENÇLİK VE SPOR MÜDÜRLÜĞÜ HALKALI SPOR SALONU,+902126989544,Kuaför / Berber
Flextime pilates studio,+905416556262,Pilates / Yoga
liya pilates,+905050376048,Pilates / Yoga
B-fit Sultangazi Kadınların Spor ve Yaşam Merkezi,+902126682333,Kuaför / Berber
Steel Pilates Fizyoterapi danışmanlık merkezi,+905522112865,Psikolog / Terapist
Vita Form Pilates Studio,+905454997776,Pilates / Yoga
Always Fight Pilates/Kickboks Studio,+905374430286,Pilates / Yoga
Melisa Artıç Pilates Studio,+905318913137,Pilates / Yoga
Özge Gelir Pilates Stüdyo,+905375592405,Pilates / Yoga
Zems Training Studio,+905326699367,Kuaför / Berber
Sultangazi Pilates Salonu,+905333604543,Pilates / Yoga
Green Fit House,+902125941992,Kuaför / Berber
Fit Station Sultangazi,+905325129588,Kuaför / Berber
Relax GYM Woman,+905323797009,Kuaför / Berber
EVOFİT,+905350215318,Kuaför / Berber
Next Step Pilates,+905308811246,Pilates / Yoga
Natural Spor Salonu,+905335920110,Kuaför / Berber
Fizyo Harmony Egzersiz Danışmanlık Merkezi,+905316259918,Psikolog / Terapist
FizyoCadde Pilates ve Fizyoterapi Danışmanlık Merkezi,+905402613012,Psikolog / Terapist
FİZYOTERAPİST AYŞE NUR ERTÜRK ÖZEL SAĞLIK MESLEK HİZMET BİRİMİ,+905077800840,Psikolog / Terapist
Relax Gym Habipler - Habipler spor salonu,+905384131009,Kuaför / Berber
Power Life Fitness,+905468877295,Kuaför / Berber
Maxx Fitness,+905353283861,Kuaför / Berber
GYM HALL,+905318747024,Kuaför / Berber
Rahmi pusat spor kulübü,+905349330330,Kuaför / Berber
GLADİATOR FİTNESS,+905075318392,Kuaför / Berber
Enes Yayla Fight Club | Kickboks & Muaythai Sultangazi,+905520154042,Kuaför / Berber
Sultangazi hedef taekwondo spor kulubu (H.T.S.K),+905349294258,Kuaför / Berber
Beauty Art Güzellik,+905321583901,Güzellik Salonu
Natural Güzellik Salonu,+905321567037,Güzellik Salonu
Roos Davin Güzellik Salonu,+902122960058,Güzellik Salonu
La Ville Güzellik Salonu,+905528945550,Güzellik Salonu
Cherry Güzellik Merkezi | Cilt Bakımı | Epilasyon | Kalıcı Oje,+902122963436,Güzellik Salonu
Beauty Marina Estetik,+902122250905,Güzellik Salonu
BB Life Güzellik,+905521510880,Güzellik Salonu
SOMSA GÜZELLİK ( AĞDA/KAŞ DIZAYN )SALONU,+905335155819,Güzellik Salonu
Güzellik Care island İstanbul,+905322306068,Güzellik Salonu
Dream Moon Beauty - Güzellik Merkezi,+905382166085,Güzellik Salonu
Beauty Club İstanbul - Cilt Bakımı - Lazer Epilasyon- İğneli Epilasyon - Bölgesel Zayıflama ve Selülit,+905366118636,Güzellik Salonu
Sirius Estetik ve Güzellik Merkezi,+902122119913,Güzellik Salonu
Eli Beauty Güzellik Merkezi,+905374001457,Güzellik Salonu
Clinika Estetik ve Güzellik Merkezi,+902122244452,Güzellik Salonu
Belle femme istanbul,+905431820641,Güzellik Salonu
Ilyana Güzellik Merkezi,+905413410091,Güzellik Salonu
"Nişantaşı’nda kaliteli hizmet, hijyen ve profesyonellikle öne çıkan güzellik salonu: Leyla İnanır farkıyla.",+905525670000,Güzellik Salonu
Rose Moon Güzellik Merkezi,+905307700887,Güzellik Salonu
Lily's Beauty Studio Lilys | Güzellik Salonu | Bölgesel Zayıflama | Vücut Sıkılaştırma | Cilt Bakımı | Epilasyon,+905451024412,Güzellik Salonu
Gül Nihan Beauty Güzellik Merkezi,+905516424982,Güzellik Salonu
MOON QUEEN İSTANBUL,+905334218704,Güzellik Salonu
Neka Güzellik Salonu,+902122301320,Güzellik Salonu
Gürsema Güzellik Bakım,+905319498353,Güzellik Salonu
Aslıhan Özdemir - Nişantaşı - Microblading - Cilt Bakımı - İpek Kirpik - Protez Tırnak - Lazer Epilasyon - Şişli,+905536559587,Güzellik Salonu
ŞERİBAN YILDIZ GÜZELLİK VE BAKIM,+905363996966,Güzellik Salonu
Divine Beauty Salon,+905345670091,Güzellik Salonu
Nisa Güzellik Salonu,+905426221838,Güzellik Salonu
Elita Life Güzellik Salonu,+905443814828,Güzellik Salonu
ÖZLEM YILDIZ & GÜZELLİK,+905384690873,Güzellik Salonu
ALTINGüzellik,+905334154141,Güzellik Salonu
Arist Estetik-Lazer Epilasyon-Microblading Kıl Tekniği-Bbglow-İğneli Epilasyon,+905334626243,Güzellik Salonu
Citymed Güzellik Salonu & Cilt Bakım ve Epilasyon Merkezi,+905316297022,Güzellik Salonu
EsteticDerm Clinic Istanbul,+905384824585,Güzellik Salonu
Sevda Ergen Güzellik Salonu,+905367300666,Güzellik Salonu
Este Sea,+902122133306,Güzellik Salonu
Golden Bee Güzellik Merkezi,+905342049696,Güzellik Salonu
Aika Nail Hair Studio,+905325124788,Güzellik Salonu
EsteMagic Nişantaşı,+905373687629,Güzellik Salonu
Fatoş Eken Güzellik & Bakım,+905386497378,Güzellik Salonu
Yeşimin güzellik atölyesi,+905075370203,Güzellik Salonu
Derman Uysal Beauty,+905421128440,Güzellik Salonu
Heda Güzellik,+905063540275,Güzellik Salonu
Esteasil Estetik ve Güzellik Merkezi,+905537849943,Güzellik Salonu
Glory Güzellik Salonu - Nişantaşı Güzellik Merkezi,+905446196803,Güzellik Salonu
Lara Beauty Spa Salon şişli,+905011007171,Güzellik Salonu
Nazlı Manikür Pedikür Ağda Salonu,+905306772578,Güzellik Salonu
HAIR TOWER KUAFOR GÜZELLİK SALONU,+905554476640,Güzellik Salonu
Avrupa Güzellik Ve Estetik,+902122307374,Güzellik Salonu
Teke Güzellik Salonu,+902122253287,Güzellik Salonu
Relax Estetik ve Güzellik Merkezi,+902122300831,Güzellik Salonu
Zehra Nur Beauty - Nişantaşı Güzellik Merkezi,+905306804884,Güzellik Salonu
Daisy By Mine Kuaför ve Güzellik Salonu,+902122884201,Güzellik Salonu
Jansel Güzellik Salonu,+905527526735,Güzellik Salonu
Çiçek Karakoç Brows&Beauty Studıo,+905303004954,Güzellik Salonu
Therapure Güzellik ve Bakım,+902122311977,Güzellik Salonu
7 Bomonti Kuaför ve Güzellik Merkezi,+905304477277,Güzellik Salonu
nil'S Guzellik Salonu (Mecidiyeköy),+905057474497,Güzellik Salonu
Tilia Plus Güzellik Salonu Mecidiyeköy Lazer Epilasyon Bölgesel Zayıflama Cilt Bakımı,+905375950545,Güzellik Salonu
Emrah Yalçın Saç Tasarım & Güzellik Salonu,+902123560749,Güzellik Salonu
Metin Akay Emshape Şişli,+905367428551,Güzellik Salonu
Hülya Palaz Güzellik Salonu,+905013280329,Güzellik Salonu
Aytemer Şişli Masaj ve Güzellik Salonu,+905372750505,Güzellik Salonu
İpek Güzellik Salonu & Saç Tasarımı,+902122383787,Güzellik Salonu
Davinci Beauty Güzellik Salonu,+905441004016,Güzellik Salonu
CRASSULA GÜZELLIK SALONU,+905054989280,Güzellik Salonu
Berillife Güzellik Salonu,+902122171702,Güzellik Salonu
Este Rose Güzellik Merkezi,+902122966731,Güzellik Salonu
Enza Güzellik Merkezi Şişli,+905426560334,Güzellik Salonu
İmaj kuaför Salonu,+902122310980,Güzellik Salonu
Buse Genç Güzellik Stüdyosu Şişli,+905416343922,Güzellik Salonu
Medis Estetik ve Güzellik Merkezi,+902122881111,Diş Kliniği
Durubomonti,+902122314340,Güzellik Salonu
MERVE YILMAZ GÜZELLİK SALONU,+905376283121,Güzellik Salonu
Katanella Güzellik Salonu,+902122314775,Güzellik Salonu
Değişim Güzellik Nişantaşı,+902122913668,Güzellik Salonu
Özde Demirbilek Güzellik Salonu | Nişantaşı Epilasyon Merkezi | İğneli Epilasyon | Lazer Epilasyon |,+902122474532,Güzellik Salonu
Class-e Kuaför,+902122308409,Kuaför / Berber
Katerina Beauty Center Güzellik Salonu,+905527521311,Güzellik Salonu
B&B güzellik ve estetik,+905555660206,Güzellik Salonu
Dr.Lida Çiteli | Dolgu Botox | Baby Face Beauty | Lipoliz | Lazer Epilasyon | Cilt Bakımı,+902122333078,Güzellik Salonu
Işıltı Güzellik Salonu,+905319101854,Güzellik Salonu
AJasmin Beauty by Aliona Onofrei Güzellik Salonu,+905301861448,Güzellik Salonu
BROSS HAIR SALON,+902122335000,Kuaför / Berber
Vizyon Kuaför,+902122476715,Kuaför / Berber
Tırnak Vadi Nişantaşı,+905533290206,Güzellik Salonu
Novita Güzellik Salonu,+902122190400,Güzellik Salonu
7 Nişantaşı Kuaför Ve Güzellik Merkezi,+905379118397,Güzellik Salonu
NURİ YILDIZ HAİR STUDİO,+905327884742,Kuaför / Berber
Lilibeauty Güzellik Merkezi,+905300943515,Güzellik Salonu
Minalya Güzellik Gurusu Nişantaşı,+905332040187,Güzellik Salonu
Mirabel Estetik ve Güzellik Salonu,+905336109122,Güzellik Salonu
DEST HAIR BOMONTİ (berber),+905362585434,Kuaför / Berber
Epifirst - Nişantaşı İğneli Epilasyon,+905344107084,Güzellik Salonu
Nazmiş guzellik salonu,+905378943909,Güzellik Salonu
Infiniti güzellik salonu,+902122314767,Güzellik Salonu
DNage Güzellik Nişantaşı,+905320122058,Güzellik Salonu
AŞKIM KUAFÖR SALONU/ FATMA DÜZGÜN,+905522403762,Kuaför / Berber
Nigar Kuaför Ve Güzellik Salonu,+902122242411,Güzellik Salonu
Dodo Kuaför Halide Edip,+905303332488,Kuaför / Berber
İstClin Güzellik Salonu,+905425999596,Güzellik Salonu
Aylin Güzellik Salonu,+905443244152,Güzellik Salonu
MUA Güzellik Salonu,+905356990099,Güzellik Salonu
Yasemin Miras Beauty Salon - Şişli Lazer,+902122415550,Güzellik Salonu
Güldeniz Odabaş Güzellik Merkezi - Şişli,+905395760317,Güzellik Salonu
V-Line Estetik,+905459075092,Güzellik Salonu
Züleyha Ayata Güzellik Salonu Nişantaşı,+905313233102,Güzellik Salonu
Mila Ossiris Güzellik Salonu,+905375297004,Güzellik Salonu
Şiva kuaför,+905395844939,Kuaför / Berber
İrem Kavak Beauty | Güzellik Salonu,+905057653458,Güzellik Salonu
Nisa Melis Bayan Kuaförü & Güzellik Salonu,+902122105556,Güzellik Salonu
Bomonti KUAFÖR HASAN GÜNERİ,+902122339555,Kuaför / Berber
Selma Keleş Güzellik Salonu,+905301014150,Güzellik Salonu
AURA GÜZELLİK STUDIO,+905395882074,Güzellik Salonu
kuaforİST,+905325746904,Kuaför / Berber
Hakan kuaför,+902122190214,Kuaför / Berber
Kuaför Şişli,+902122336280,Kuaför / Berber
Osmanbey bayan kuaförü,+905323764934,Kuaför / Berber
Es bayan kuaförü şişli saç kaynak merkezi 400 m yakınında,+905069185875,Kuaför / Berber
AkınKuaför,+902122472384,Kuaför / Berber
34 HAIR PRO COIFFEUR&BEAUTY,+905302073426,Güzellik Salonu
Tunç Kuaför Bayan Kuaförü Gülbağ 24 saat açık şişli mecidiyeköy gece açık,+905312853443,Kuaför / Berber
Cemal Şahin Beauty Salon,+905326471250,Güzellik Salonu
Kuaför Necla Şişli (Hairdresser),+905362966790,Kuaför / Berber
Almila Çoşkun Kuaför,+905322630392,Kuaför / Berber
KUAFÖR MUHARREM (BAY/BAYAN) GÜZELLİK MERKEZİ,+905378237235,Güzellik Salonu
Legend Kuaför Şişi,+902122326138,Kuaför / Berber
KASSEL KUAFÖR HAİR EXTENSİONS İSTANBUL,+905356817009,Kuaför / Berber
Je t'aime bayan kuaförü,+905369730044,Kuaför / Berber
Şişli bayan kuaförü,+905078521475,Kuaför / Berber
La casa de Istanbul,+905392646574,Kuaför / Berber
İlkay boz hair studio,+905366557943,Kuaför / Berber
Hair Gangsta,+905435356672,Kuaför / Berber
Me & Med Kuaför Salonu,+902122212615,Kuaför / Berber
Kaizen Nişantaşı Hairdressing,+905333728635,Kuaför / Berber
Bross Kuaför Nişantaşı,+905374893250,Kuaför / Berber
ÖnerHairDesign,+902122135246,Kuaför / Berber
Saim Kuaför,+902122412974,Kuaför / Berber
Coıffure Artisan Nişantaşı,+905412692565,Kuaför / Berber
Hair Mess Pangaltı,+902122305574,Kuaför / Berber
Magic Hands,+902122195686,Kuaför / Berber
Salon RELAX,+905397305306,Kuaför / Berber
Icon Haır,+902122252566,Kuaför / Berber
D.or Hair Studio | Kuaför | Balyaj - Röfle - Ombre - Sombre - Brushlight - Fön - Kesim - Keratin,+905396396838,Kuaför / Berber
Salon AHMET ÖZKAN,+905316620642,Kuaför / Berber
BEST BAYAN KUAFÖRÜ,+905327633651,Kuaför / Berber
San Kuaför Nişantaşı,+905455544556,Kuaför / Berber
EVREN BİLİCİ GÜZELLİK & SOLARYUM MERKEZİ,+902122310971,Güzellik Salonu
Ema's Kuaför,+902122136379,Güzellik Salonu
Brush,+902122343736,Kuaför / Berber
SALİH BAYAN KUAFÖRÜ,+905362435294,Kuaför / Berber
HAŞİM TURGUT HAİR CUT-EN YAKIN KUAFÖR-ŞİŞLİ MECİDİYEKÖY,+905353525147,Kuaför / Berber
Arda Timur bayan kuaför hair profesyonel,+905553656184,Kuaför / Berber
آرایشگاه ایرانی,+905372902394,Kuaför / Berber
Trendy Coıffure,+902122467689,Kuaför / Berber
Fresh Coiffure Nisantaşı,+902122343332,Kuaför / Berber
A S Bayan Kuaförü,+902122341778,Kuaför / Berber
ALPATROS BARBERS,+905388117868,Kuaför / Berber
SHOW BAYAN KUAFÖR / MECİDİYEKÖY,+905305557641,Kuaför / Berber
Ümit & Güngör Kuaför Salonu,+902122474823,Kuaför / Berber
Rumeli Kuaför,+902123430204,Kuaför / Berber
SWell Hair Protez Saç ve Gerçek Saç Peruk Merkezi Şişli - Hair Replacement - Medical Wigs,+902122401080,Kuaför / Berber
Enakuaförşişli,+902122341319,Kuaför / Berber
permali salon,+902122171610,Kuaför / Berber
Kuaför Ali Durmuş,+902122349691,Kuaför / Berber
Kuaför Erdoğan,+902122257300,Kuaför / Berber
Vey's Güzellık Salonu,+902122310682,Güzellik Salonu
Salon Ahmet Barbers,+905418833120,Kuaför / Berber
The Most Nişantaşı,+902122244124,Kuaför / Berber
| YELİZ MERİÇ KUAFÖR VE GÜZELLİK,+902123474996,Güzellik Salonu
Essential Kuafor Şişli,+905415540460,Kuaför / Berber
BarbersTown Erkek Kuaförü Şişli Mecidiyeköy İstanbul,+908507035884,Kuaför / Berber
Kuaför Kokoş,+902122349921,Kuaför / Berber
SALON B&B Barbershop,+905362160596,Kuaför / Berber
The best kuaför nişantaşı by Mücahit Savuk,+905427726232,Kuaför / Berber
KUAFÖR AYHAN,+905323453387,Kuaför / Berber
Beba Kuaför,+905380807660,Kuaför / Berber
Tolga Atlı Hair Studio,+902126399393,Kuaför / Berber
Akın Akça Hair Atelier,+905378136904,Kuaför / Berber
Şişli Şaban Erkek Kuaförü,+905358808503,Kuaför / Berber
Impressive Hair Lounge | Nişantaşı Hair Studio,+905452171534,Kuaför / Berber
Lal Kuaför,+905356774436,Kuaför / Berber
Mirage Beauty Salon,+905466226202,Güzellik Salonu
Ersin Köse | Örgü Kaynak Needle Kaynak Hair Extension Afrika Örgüsü Afro Dalgası Box Braids,+905383605751,Kuaför / Berber
LOOK UP HAIR STUDIO & MAKEUP,+902122743494,Güzellik Salonu
SALON AYNA (Kadın Kuaför Salonu),+905326857804,Güzellik Salonu
MESUT GÜRDAL HAİR DESİGN,+902122961293,Kuaför / Berber
Salon B•R Barber,+905325819337,Kuaför / Berber
Art Kuaför,+905353605366,Kuaför / Berber
YUSUF BEYAZTAS HAIR SALON UNISEX,+905074707535,Kuaför / Berber
BONİTA KUAFÖR,+902122552500,Kuaför / Berber
Şükrü Biçeroğlu Kuaför | Şişli Halide Edip,+905359732002,Kuaför / Berber
studiomkkuaför,+905427770070,Kuaför / Berber
DMC Kuaför,+902123208880,Kuaför / Berber
Who Hair House,+905344802216,Kuaför / Berber
Skandal Hair Studio,+902122327765,Kuaför / Berber
Hakan Kuaför,+905356460118,Kuaför / Berber
Cesur Şahman Bayan Kuaförü,+902123470963,Kuaför / Berber
Box kuaför,+905317428742,Kuaför / Berber
Arzum Kuaför,+902122331956,Kuaför / Berber
Kemal Çağlı Kuaför,+905316729454,Kuaför / Berber
"Sabit Akkaya Hair Stylist, Fairmont Quasar",+905494247405,Kuaför / Berber
ÇAKMAK Erkek Kuaförü,+905496052014,Kuaför / Berber
Melisa Kuaför,+902122253311,Kuaför / Berber
Royal Kuafor ahmet sevinç,+905383750588,Kuaför / Berber
Next Coiffeur Nişantaşı,+905346344445,Kuaför / Berber
Salon Sema Kuaför,+902122105104,Güzellik Salonu
MY Kuaför,+902129692118,Kuaför / Berber
Şişli Erkek Kuaförü Salon Sanat,+902122309162,Kuaför / Berber
Coşkun Ayaksız Hair Palace Nişantaşı,+905310313673,Kuaför / Berber
Yaşar Ay Nişantaşı,+905316057385,Kuaför / Berber
Figaro Kuaför,+902122476977,Kuaför / Berber
Rupa İstanbul,+905344424255,Kuaför / Berber
Ese Kuaför,+902123432953,Kuaför / Berber
Margot Güzellik Merkezi,+905050773060,Güzellik Salonu
MABELLE GÜZELLİK SALONU,+905300500191,Güzellik Salonu
Axiss Güzellik Ve Bakım Salonu,+902122186418,Güzellik Salonu
First Lady Güzellik Merkezi,+902122182222,Güzellik Salonu
BECCA GÜZELLİK MERKEZİ,+905455420444,Güzellik Salonu
Güneş Beauty,+905011930591,Güzellik Salonu
Glam Beauty Studio,+905314801530,Güzellik Salonu
Tuğba Eker Beauty Studio,+905425925707,Güzellik Salonu
Nigar beauty center sariyer(güzellik salonu),+905537647878,Güzellik Salonu
Enjoy Güzellik,+905331452901,Güzellik Salonu
"Beauty Room Tarabya – Cilt Bakımı, Lazer Epilasyon & Bölgesel Zayıflama | Sarıyer",+905304981723,Güzellik Salonu
Mila Beauty,+905352865457,Güzellik Salonu
HaticeErgin Bay&bayan Güzellik Salonu,+908503080748,Güzellik Salonu
Berrin Erdem Güzellik & Akademi,+902122186470,Güzellik Salonu
Kuaför ve Güzellik Pınar Özbek Beauty,+902128921843,Güzellik Salonu
Elçin Yıldız,+905372299655,Güzellik Salonu
Mercan'S Kuaför ve Güzellik Salonu,+902122426913,Güzellik Salonu
Sarıyer Lazer Epilasyon | Epiland Lazer Epilasyon ve Güzellik Merkezi,+905335721768,Güzellik Salonu
Sedef Tuncer Beauty,+905333719656,Güzellik Salonu
Four Scissors Bay ve Bayan Güzellik Merkezi,+902122851991,Güzellik Salonu
Belizza Güzellik Salonu,+902122719863,Güzellik Salonu
Mask Güzellik Salonu,+902122713502,Güzellik Salonu
Sarıyer Kaş Tasarım,+905347139947,Kuaför / Berber
Damla Beauty Sarıyer,+905529465495,Güzellik Salonu
HENA GÜZELLİK MERKEZİ,+902122235959,Güzellik Salonu
DUE BEAUTY GÜZELLİK SALONU,+905421473739,Güzellik Salonu
LiLa’S Beauty,+905451377516,Güzellik Salonu
MBA Beauty,+905375231449,Güzellik Salonu
Zeynep Bağdatlı Güzellik Merkezi,+905337339230,Güzellik Salonu
Beauty bang,+905433176003,Güzellik Salonu
SEDA BEAUTY CENTER,+905421891453,Güzellik Salonu
Olcay Club Güzellik Estetik Saç Tasarım,+902122234798,Güzellik Salonu
Gamze Dinçol beauty,+905399475985,Güzellik Salonu
Alezda Beauty Center,+905518790001,Güzellik Salonu
HAIR PORT,+902125327678,Kuaför / Berber
MY CHOİCE Beauty Center VADİSTANBUL,+905557476747,Diş Kliniği
Salon Tarakçı,+902122186222,Kuaför / Berber
SEBA KUAFÖR- SARIYER ZEKERİYAKÖY,+902123410203,Kuaför / Berber
Ayşıl Kuaför & Solaryum Salonu,+902122714312,Kuaför / Berber
Hs Saloon kuaför,+902123423343,Kuaför / Berber
Berber SALİH,+905356591734,Kuaför / Berber
Ayhan Bozkurt,+905374609842,Kuaför / Berber
Naturel Güzellik Salonu,+902122026536,Güzellik Salonu
İmaj Kuaför,+905443517019,Kuaför / Berber
Samyeli Bayan Kuaförü,+902122715079,Kuaför / Berber
Divan Kuaför Alya Evleri,+902123412341,Kuaför / Berber
Şenol Kuaför Salonu,+905526742828,Kuaför / Berber
Divan Kuaför,+902123383035,Kuaför / Berber
M/Ş KUAFÖR,+905343538870,Kuaför / Berber
Armağan Meridyen Güzellik,+905324700984,Güzellik Salonu
Odessa Kuaför Sarıyer,+902123423585,Kuaför / Berber
Bej Hair Studio (Sarıyer),+902122716190,Kuaför / Berber
ROZIÉ Nail & Beauty,+905052098686,Güzellik Salonu
ŞAHİN KUAFÖR,+905462728728,Kuaför / Berber
Star Beauty,+905314039446,Güzellik Salonu
Kuaför Hair Planet,+902122232938,Güzellik Salonu
Salon Pasha,+902122712463,Kuaför / Berber
Odessa Kuaför ve Güzellik Merkezi,+902122990459,Güzellik Salonu
Gökmen Erkek Kuaförü,+902122184383,Kuaför / Berber
Komşu Kuaför,+902122421194,Kuaför / Berber
Kuaför Mesut,+902122429210,Kuaför / Berber
Kaşi hair repair studio,+905374551144,Kuaför / Berber
Kuaför Engin,+905325529181,Kuaför / Berber
Altın Tarak,+902122426027,Kuaför / Berber
Ness Hair Design,+902122186624,Kuaför / Berber
Pelinsu Bayan Kuaförü,+902122186909,Kuaför / Berber
Sindoma Kuaför,+902163235792,Güzellik Salonu
Hayat Kuaför,+902122422700,Kuaför / Berber
Paniz Beauty Studio | Maslak,+905394172929,Güzellik Salonu
Melike Nilgün Kuaför,+905316101370,Kuaför / Berber
Şenol Çamcı Hair Design,+905434933138,Kuaför / Berber
ZORBA ERKEK KUAFÖRÜ,+905358448989,Kuaför / Berber
Saloon Sach,+905395713424,Kuaför / Berber
Berçindar Erkek ve Çocuk Kuaförü,+902122715929,Kuaför / Berber
Nazlı Deniz ESTETİK,+905453356547,Güzellik Salonu
Salon Birgül,+902122186466,Kuaför / Berber
Kuaför Gökmen,+905447710943,Kuaför / Berber
ENİS KUAFÖR,+905378279525,Kuaför / Berber
Kuvars nail spa,+902123423175,Güzellik Salonu
Mask By Aysun Güngör,+905321517615,Güzellik Salonu
-Serpil Küçükelçi Kuaför Salonu,+902122996660,Kuaför / Berber
NA-ME KUAFÖR SALONU,+902122264044,Kuaför / Berber
M&K Kuaför Salonu,+902122777737,Kuaför / Berber
No40 Saç Güzellik,+902123424500,Güzellik Salonu
Metamorfoz Kuaför,+902122029341,Kuaför / Berber
Sarıyer Piercing,+905362601909,Dövme & Piercing
Health Eterna,+905365408102,Güzellik Salonu
Palmiye Kuaför,+902122713546,Kuaför / Berber
HDS Kuaför,+902122029889,Kuaför / Berber
Zekeriyaköy Kandilci Sokak No:30b Sarıyer/İstanbul,+902123421596,Kuaför / Berber
yelizcegüzelliksarıyer,+905392551911,Güzellik Salonu
Dr.Erkin Çekiçkıran Medikal Estetik Dolgu Botoks Dudak dolgusu Çene dolgusu Filler-Botox-Lips Filler-Aesthetic Doctor,+905545514331,Güzellik Salonu
Estetic Clinic,+905338134297,Güzellik Salonu
EstetikLand,+902122573434,Güzellik Salonu
"Op.Dr.Cihan Uçar Estetik Cerrahi Meme, Yüz ve Karın Estetiği",+902123470700,Güzellik Salonu
Mercy Estetik,+902122127078,Güzellik Salonu
Nefertiti Klinik,+905441053334,Güzellik Salonu
V Klinik - Medikal Estetik Kliniği,+905417600821,Güzellik Salonu
Green Güzellik,+905432151522,Güzellik Salonu
Babucçu Estetik Merkezi,+905492343443,Güzellik Salonu
Aesthetic Manager,+902122152278,Güzellik Salonu
Venice Clinic İstanbul,+905058098149,Güzellik Salonu
"Dr. Nedim Yıldız Clinic İstanbul (Botox, Dudak Dolgusu, Full Face, Jawline, Mezoterapi, Botoks, Çene Dolgusu, Işık Dolgusu)",+905453857212,Psikolog / Terapist
Real Estetik | Estetik Operasyonlar | Diş Estetiği | Saç Estetiği,+905439751255,Diş Kliniği
Marmara Estetik ve Güzellik Merkezi,+902122164666,Güzellik Salonu
Dermedikal | Şişli Dolgu | Botox | Yüz Gençleştirme | Medikal Estetik,+905334537888,Güzellik Salonu
MEHRY Estetik ve Güzellik Merkezi,+905447901090,Güzellik Salonu
Burcu Ürge Aesthetic,+905437170797,Güzellik Salonu
Laviva Güzellik Merkezi,+902122121296,Güzellik Salonu
Eticlinic Estetik ve Güzellik Merkezi,+905325418900,Güzellik Salonu
MediAvrupa Estetik / Burun Estetiği / Meme Estetiği / Popo Estetiği (BBL) /Liposuction/ Karın Germe/ MOMMY MAKEOVER/,+902129931436,Güzellik Salonu
Estevien Clinic Int.,+905333838866,Güzellik Salonu
Sema Estetik,+905302671851,Güzellik Salonu
Göz Altı Işık Dolgusu | Dudak Dolgusu | Botox Dermal Klinik | Uzm.Dr. Filiz Altıoğlu,+905051040801,Diğer (Sağlık & Bakım)
TAŞ Estetik Cerrahi Kliniği,+905434563693,Güzellik Salonu
Tact Clinic Estetik ve Güzellik Merkezi,+905523484808,Güzellik Salonu
İnnovation Mecidiyeköy Güzellik Merkezi,+905415439380,Güzellik Salonu
BBL Turkey | Rhinoplasty Istanbul | Mommy Make Over Turkey | Retouch Body Clinic,+905427385452,Güzellik Salonu
M.H Health,+905330553570,Güzellik Salonu
Este Lazer Epilasyon Merkezi,+905323721491,Güzellik Salonu
İstanbul Estetik ve Saç Merkezi / İstanbul Aesthetic and Hair Center,+905467223546,Güzellik Salonu
Estetikce,+905331414131,Güzellik Salonu
EsteMilano | Este Milano | Lazer Epilasyon | Soğuk Lipoliz | Cilt Bakımı | Kalıcı makyaj,+905522958085,Güzellik Salonu
Yes Klinik,+905514465366,Diğer (Sağlık & Bakım)
Hair Transplant - Holiday Estetic - Best Hair Transplantation İstanbul,+905421422921,Kuaför / Berber
Violet Estetik ve Saç Ekimi,+905372673747,Güzellik Salonu
Dr.Tamer Küçük Medikal Estetik Klinik,+905525190202,Güzellik Salonu
Klinik Bomonti Diş Kliniği-Şişli Estetik Diş Hekimi-Premium Dental Clinic Istanbul,+905387766446,Diş Kliniği
Mecidiyeköy Erkek Lazer Epilasyon,+905325728575,Güzellik Salonu
Marge Güzellik,+908502411010,Güzellik Salonu
Alya Güzellik Nail stüdyo,+902122912310,Güzellik Salonu
Op.Dr.Murat Koçyiğit Klinik,+905411422272,Diğer (Sağlık & Bakım)
Form Klinik Medikal Estetik - Sağlıklı Yaşam ve Güzellik Merkezi,+902122248684,Güzellik Salonu
SeldaHairCenter,+905535899189,Kuaför / Berber
Op. Dr. Alp Aslan Kliniği,+905336653501,Güzellik Salonu
BUZ LAZER KİANA GUZELLİK,+905530654261,Güzellik Salonu
SELİNAY GÜZELLİK,+905344763973,Güzellik Salonu
EWASEES EPİLATİON CENTER,+905333794507,Güzellik Salonu
Rejuvent Klinik - Medikal Estetik - Lazer Epilasyon,+905495608050,Güzellik Salonu
Elida Güzellik,+905053121314,Güzellik Salonu
Savran Klinik Estetik Merkezi | Karın Germe - Liposuction - Meme Büyütme,+905312986389,Güzellik Salonu
Estetica Istanbul,+902162125001,Güzellik Salonu
Este Cerrahi,+902124410808,Güzellik Salonu
Clinicland İstanbul,+905306658197,Güzellik Salonu
AhSeN Beauty,+905335023789,Güzellik Salonu
Ventus Güzellik Merkezi,+902122666661,Güzellik Salonu
Dermaist Clinic,+905325575789,Güzellik Salonu
Beautytime Güzellik Merkezi,+902122314858,Güzellik Salonu
Pia Beauty,+905555548440,Güzellik Salonu
Esaderm,+902122320583,Güzellik Salonu
Saç Nakil Merkezi - Saç Ekim Uzmanı Zeynep Günel,+905445815638,Güzellik Salonu
Eurest Estetik Cerrahi,+902123475554,Güzellik Salonu
Doku Clinic,+905551400404,Güzellik Salonu
Time Estetik,+905418062287,Güzellik Salonu
Dental Estetik,+905426693066,Diş Kliniği
EVA Beauty Center,+905369360420,Güzellik Salonu
NG Klinik,+905013291488,Güzellik Salonu
Dr. Muhammed Davud CLİNİC- İstanbul,+905454661000,Diğer (Sağlık & Bakım)
Hilal Estetik,+905321706852,Güzellik Salonu
Doctorium Clinic,+905431042523,Güzellik Salonu
Uzman Klinik Psikolog Ezgi Uygun Darama,+905321360394,Psikolog / Terapist
Şişli Klinik Psikolog Ercan Taş,+905057651797,Psikolog / Terapist
Uzman Klinik Psikolog Eyüp Durmaz Şişli Aile Terapi Nişantaşı Psikolog Nişantaşı Psikolog Önerisi Şişli Psikolog,+905444971764,Psikolog / Terapist
Modern Psikoloji Merkezi,+905462067484,Psikolog / Terapist
Nişantaşı Dünya Danışmanlık ve Psikoloji Merkezi | Nişantaşı Psikolog,+905318808448,Psikolog / Terapist
Selman Yetkin | klinik psikolog | şişli psikolog | nişantaşı psikolog,+905067890130,Psikolog / Terapist
İstanbul Şişli Klinik Psikolog Dolunay Zümrüt Çetin Bireysel Terapi İlişki Depresyon,+905425936758,Psikolog / Terapist
Psikolog Damla Akpınar - İstanbul Psikolog - Şişli / Levent EMDR,+905379271650,Psikolog / Terapist
Roots Psikoloji,+905421808195,Psikolog / Terapist
Uzman Klinik Psikolog İlknur Üner,+905453084600,Psikolog / Terapist
Psikolog Ümit KILIÇLIOĞLU,+905364816044,Psikolog / Terapist
İstanbul - Nişantaşı Psikolog - Dr. Klinik Psikolog Burak Okci,+905326166605,Psikolog / Terapist
Saya Psikolojik Danışmanlık ve Eğitim Merkezi,+905452724314,Psikolog / Terapist
Klinik Psikolog İbrahim Özcanlı,+905347290226,Psikolog / Terapist
Şişli Psikolog - Özne Terapi Aile Danışma Merkezi-Şişli Psikolog Randevu-Çocuk Psikolog-Biresyel Terapi-Yetişkin Psikolog,+905321362112,Psikolog / Terapist
Klinik Psikolog (Dr) Mehmet Başkak,+905428989602,Psikolog / Terapist
Şişli Uzman Klinik Psikolog Mustafa Özay,+905066119878,Psikolog / Terapist
Uzman Klinik Psikolog Burbuçe Ağdaş - Nişantaşı,+905545878678,Psikolog / Terapist
Şişli Psikolog/Uzman Klinik Psikolog Özge Şiran,+905066901106,Psikolog / Terapist
Klinik Psikolog Sedanur Güzelce | Şişli psikolog | Şişli çocuk psikoloğu | Psikolog Şişli,+905316055669,Psikolog / Terapist
Uzman Psikolojik Danışman & Psikolog Aydın Deniz Yüce,+905466337813,Psikolog / Terapist
Uzman Klinik Psikolog Özkan Yiğit | Bireysel Terapi ve Çift Terapisi,+905319377954,Psikolog / Terapist
Uzm Kl. Psk. Mesut Batur,+905413234723,Psikolog / Terapist
Rafi Balıkçı Danışmanlık,+905550803384,Psikolog / Terapist
Uzman Psikolog Figen Yurdakul,+905372219086,Psikolog / Terapist
Psikolog Sezgin Akkurt,+905364897179,Psikolog / Terapist
Uzman Klinik Psikolog Ecem Demirel,+905354671570,Psikolog / Terapist
Psikolog Merve Belikırık,+905074809985,Psikolog / Terapist
Bude Danışmanlık Merkezi,+902122962830,Psikolog / Terapist
Klinik Psikolog Erkam Ünal,+905537039796,Psikolog / Terapist
Psikolog Gizem PEKCAN,+905321727799,Psikolog / Terapist
Uzman Klinik Psikolog Merve Ekşi,+905301515730,Psikolog / Terapist
An Psikoloji,+905303994330,Psikolog / Terapist
PSiKOLiUM DANIŞMANLIK ve Koçluk Merkezi Nişantaşı Psikolog & Nişantaşı Pedagog,+905533152505,Psikolog / Terapist
"Psikolog Nuray Aydoğmuş | Nişantaşı, Şişli, Levent, Beşiktaş",+905465860706,Psikolog / Terapist
Şişli Psikoloji Psikoterapi Merkezi,+905306660400,Psikolog / Terapist
Mental Ofis / Paylaşımlı Psikolog Ofisi,+902122401908,Psikolog / Terapist
Mondo Psikoloji,+905300204274,Psikolog / Terapist
Uzman Klinik Psikolog Nursel Kaba,+905061312625,Psikolog / Terapist
Uzman Klinik Psikolog Büşra Akdemir,+905415051914,Psikolog / Terapist
Uzm.Klinik Psikolog Meltem Demir,+905432289099,Psikolog / Terapist
Uzm. Psk. Melis Çelik,+905301587997,Psikolog / Terapist
Psikolog Tuğçe Yılmaz,+905317948477,Psikolog / Terapist
Şişli Psikolog Betül KINA,+905367404004,Psikolog / Terapist
Nişantaşı Klinik Psikolog Burcu Koray Psikomood Terapi Merkezi,+905385445154,Psikolog / Terapist
Korto Danışmanlık - Nişantaşı,+902122470770,Psikolog / Terapist
MOLA PSİKOLOJİ DANIŞMANLIK SAN. VE TİC. LTD. ŞTİ.,+902122489790,Psikolog / Terapist
Psikolog Zeynep Dikdüş,+905445298441,Psikolog / Terapist
Uzm. Psk. Dan. Şuayip Kütük,+908508113155,Psikolog / Terapist
persona psikoloji,+905331564118,Psikolog / Terapist
Uzman Klinik Psikolog Hakan Akman,+905426970202,Psikolog / Terapist
Sentia Psikoloji,+905330247806,Psikolog / Terapist
Şişli Psikolog- Yetişkin Psikolojik Danışmanlık Elif Aydın,+905442504075,Psikolog / Terapist
Evo Psikoloji,+905326919298,Psikolog / Terapist
Nişantaşı Psikoloji,+902122324072,Psikolog / Terapist
Psikolog Muhammed ERGÜVAN,+905458047263,Psikolog / Terapist
Psikoloji Akademisi,+902123432575,Psikolog / Terapist
"Online Terapi| İstanbul Online Psikolog| Levent, Sarıyer, Nişantaşı |Turkish Online therapy |Türkische Online-Therapie |",+905523470020,Psikolog / Terapist
Süreç Psikoloji,+905066910345,Psikolog / Terapist
İstanbul Aile Terapisti,+905050961109,Psikolog / Terapist
Klinik Psikolog Yağız Karataşoğlu,+905524004637,Psikolog / Terapist
"Çift Terapisti & Klinik Psikolog Dr. Sevilay Abudaram | Şişli, Nişantaşı",+905322298477,Psikolog / Terapist
Psikolog Narek Karasu ( Şişli ),+905318941018,Psikolog / Terapist
"Klinik Psikolog Dr. Ercüment Doğan, Ph.D. - EMDR Avrupa Akredite Terapisti",+905325742578,Psikolog / Terapist
Uzman Psikolog Meleknur Alevcan I Nişantaşı,+908504740297,Psikolog / Terapist
Klinik Psikolog Dr. Çiğdem Koşe,+905386789077,Psikolog / Terapist
Uzman Klinik Psikolog Arzu Ünal,+908504740114,Psikolog / Terapist
Klinik Psikolog Cansu Sevimli,+905541199770,Psikolog / Terapist
Uzman Psikolog Deryal Yüksel,+905421707329,Psikolog / Terapist
İlişki Terapistim |Şişli Psikolog-Psikolog Randevu-Tavsiye Edilen Psikolog-Çift Psikolog,+905551573810,Psikolog / Terapist
Nişantaşı Uzman Psikolog Betül Aydınaydoğdu,+905343390430,Psikolog / Terapist
Suna BAYRAM,+902124874308,Psikolog / Terapist
Psikolog Öykü Turhan,+905065842245,Psikolog / Terapist
İstanbul Çocuk Psikiyatri Merkezi,+902122990023,Psikolog / Terapist
Dr. Mualla Oktay,+902122328907,Psikolog / Terapist
Klinik Psikolog Bengü Keskin Cottrell,+902122306460,Psikolog / Terapist
Nişantaşı Psikolog | Bimar Psikoloji,+905342410109,Psikolog / Terapist
Uzm. Psk. Melis TAŞ İstanbul Psikolog,+908504742718,Psikolog / Terapist
Klinik Psikolog Sümeyye Sürenoğlu Engin,+905075572232,Psikolog / Terapist
Diyetisyen Psikolog Betül Tamboğa,+905458528895,Psikolog / Terapist
Psikolog N. Elif Karatarla - Online Yüz Yüze Danışmanlık,+905313671999,Psikolog / Terapist
Smilegroup Diş Kliniği Şişli,+902122962374,Diş Kliniği
MebaDent Şişli Ağız Ve Diş Sağlığı Polikliniği,+905073186600,Diş Kliniği
Dentakay Dental Clinic,+905415008008,Diş Kliniği
Klinik İstanbul Ağız ve Diş Sağlığı Polikliniği,+905442162060,Diş Kliniği
Klinik No1 Ağız ve diş sağlığı polikliniği,+905525430001,Diş Kliniği
Klinik Postmodern,+905315515473,Diş Kliniği
Özel Güneydent Ağız ve Diş Sağlığı Polikliniği -Dt Zuhal Oygur | Dental Clinic Istanbul | Zirconium Veneers | Implant,+902122303347,Diş Kliniği
Acil diş klinik 7/24 Diş Hekimi Büşra Tekin,+905548919106,Diş Kliniği
The Dent Clinic | Diş Hekimi Utku Türkkölesi,+905448433368,Diş Kliniği
Diş Hekimi Kadir Emir Töyer | 24 SAAT AÇIK NÖBETÇİ DİŞ KLİNİĞİ,+905464637792,Diş Kliniği
Diş Hekimi Dilber Hacıoğlu,+905352003390,Diş Kliniği
Ender ILKER & Alper ILKER Nişantaşı - Uzman Diş hekimi & Estetik Diş Hekimi,+902122240000,Diş Kliniği
Dentacell Ağız Ve Diş Sağlığı Polikliniği,+902122884992,Diş Kliniği
Diş Hekimi Samed Çakıroğlu,+905331363895,Diş Kliniği
Laviva Clinic: Smile & Dental Trip in Istanbul,+905310249737,Diş Kliniği
Allianoi Ağız ve Diş Sağlığı Kliniği Nişantaşı,+902122333903,Diş Kliniği
Cadde Kurtuluş Ağız ve Diş Sağlığı Polikliniği,+905302772319,Diş Kliniği
Melodi Dental - Nişantaşı Ağız ve Diş Sağlığı Merkezi,+902122302333,Diş Kliniği
Cosmodent Ağız Ve Diş Sağlığı Kliniği,+902122911515,Diş Kliniği
Diş Hekimi Dr. Burcu Şahin,+905323945677,Diş Kliniği
Dr. Ahmet Zirek - Estetik Diş Kliniği (drzirek),+905059999724,Diş Kliniği
Özel Model Ağız ve Diş Sağlığı Kliniği,+905447668779,Diş Kliniği
Dentfix Dental Clinic in istanbul Turkey,+905304172338,Diş Kliniği
Apex Dental Clinic,+905057437271,Diş Kliniği
Hausdent Ağız ve Diş Sağlığı Polikliniği,+902122242210,Diş Kliniği
Klinik Nişantaşı,+905522473335,Diş Kliniği
Diş Kliniği - Dental Clinic,+905388859675,Diş Kliniği
CREADENTA AĞIZ ve DİŞ SAĞLIĞI POLİKLİNİĞİ,+905334295814,Diş Kliniği
DentNis Nişantaşı İmplant & Estetik Diş Kliniği - Estetik Diş Hekimi Dr. Abdulkadir Narin,+902122460903,Diş Kliniği
Nişantaşı İmplant Ve Estetik Diş Tedavi Merkezi,+905050228448,Diş Kliniği
Dr. Hakan Dönmez Diş Hekimliği ve Ortodonti Kliniği,+902122196361,Diş Kliniği
Özel Hekimoğlu ağız ve diş sağlığı polikliniği,+905324822245,Diş Kliniği
D&K BOMONTİ AĞIZ VE DİŞ SAĞLIĞI - Dr.Dt. Hakan KÜLAHCI / Dr.Dt. Merve DEMİR,+905449598806,Diş Kliniği
Bilen Clinic,+905422010530,Diş Kliniği
Parla Clinic Nişantaşı,+905527469799,Diş Kliniği
Nişantaşı İmplant Tedavisi - Utkan Clinic Aesthetic,+905303797209,Diş Kliniği
The Loft Clinic - Nişantaşı Diş Kliniği,+905411004243,Diş Kliniği
Dent Ni̇şantaşi Ağız ve Diş Sağlığı Polikliniği,+905303018006,Diş Kliniği
Style Dental Clinic,+905425305261,Diş Kliniği
Özel Harbiye Ağız ve Diş Sağlığı Polikliniği,+902122475825,Diş Kliniği
Dt. Can TOKMAN Diş Hekimi,+905325741999,Diş Kliniği
Klinika Diş Kliniği,+905327125156,Diş Kliniği
Şengel Klinik Bomonti,+905335674026,Diş Kliniği
Dr. Burak Büyüktürk- Dent B&B Diş Kliniği Nişantaşı Diş Estetik ve İmplant Merkezi,+902122303070,Diş Kliniği
Tanfer Klinik,+902122414463,Diş Kliniği
Dent Blue International Dental Clinic,+905339780463,Diş Kliniği
Clinic EGO,+908503074646,Diş Kliniği
Yıldız Titiz | Diş Hekimi,+905559737123,Diş Kliniği
Diş Hekimi Ali Furkan Metin | Nöbetçi Diş Kliniği,+905412501642,Diş Kliniği
Ayal Dental Clinic,+905453133380,Diş Kliniği
Diş Hekimi / Özgür Baydemir,+905423134693,Diş Kliniği
Dt Yeliz Sezer Diş Kliniği,+902122301009,Diş Kliniği
Dr. Cem Baysal | Dental Clinic Turkey | 33 Years Of Experience,+905322845431,Diş Kliniği
Diş Hekimi Deniz İkbal İlhan,+905324939691,Diş Kliniği
Wonders Dental Clinic,+905010075153,Diş Kliniği
Smile Design Dental Clinic / Dr. Barış Kurtuluş & Dr. Başak Kurtuluş Turanlı,+902129737743,Diş Kliniği
Çakır Klinik - Diş Hekimi Akın Çakır,+905469356296,Diş Kliniği
Dr.Dt.Arman Duraduryan,+905301324248,Diş Kliniği
Prof. Dr. Ömer Kutay İmplant & Estetik Diş Kliniği,+902122313292,Diş Kliniği
Mujde Ozgen Clinic,+905322299584,Diğer (Sağlık & Bakım)
Nish Art Dental Klinik,+905336808587,Diş Kliniği
Dr. Özgür Bultan,+902122349996,Diş Kliniği
DENTA LUMOS SMILE FACTORY,+905058977408,Diş Kliniği
NEW SMİLE DENT,+902122417080,Diş Kliniği
Dental Ezel | Premium Dental Clinic Istanbul,+905475500101,Diş Kliniği
Universal Dent Clinics,+902123434990,Diş Kliniği
Dentavenue Ağız ve Diş Sağlığı Polikliniği,+902122460043,Diş Kliniği
Gülşah Durmaz,+902122336388,Diş Kliniği
Nişantaşı Ortodonti ve Estetik Diş Hekimliği Kliniği,+902122406939,Diş Kliniği
Diş Hekimi Çağrı Altuntaş,+902129697630,Diş Kliniği
Centerdent Ortodonti ve Estetik Diş Polikliniği,+902125717070,Diş Kliniği
Uzm. Dr. Arten Dyrmishi Dental Clinic - Çene Cerrahisi Uzmani & Estetik Dis Hekimligi,+905066348122,Diş Kliniği
Katre Hair Studio,+902122993020,Kuaför / Berber
MODE KUAFÖR,+902122865999,Kuaför / Berber
ORHAN DEMİR HAIR SALON,+902122239529,Kuaför / Berber
Salon isstinye,+902122771890,Güzellik Salonu
Kuaför Aytun,+902122777774,Kuaför / Berber
ByHarunkuafor,+905326260008,Kuaför / Berber
SALON POİNT 33,+905375973141,Kuaför / Berber
Orhan Açıkgöz Hair Salon,+902122239959,Kuaför / Berber
Loft & For Your Beauty,+905322883734,Güzellik Salonu
Tarabya affectionhairsalon Kadın & Erkek Kuaförü,+902122995811,Kuaför / Berber
Hair World Nurettin Ataş,+902122712728,Kuaför / Berber
E&Y BAYAN KUAFÖRÜ GUZELLİK SALONU,+905415087858,Güzellik Salonu
4A Kuafor,+902122238499,Kuaför / Berber
Pınar Kuaför,+905355754111,Kuaför / Berber
Ekip Zekeriyaöy,+902122028989,Kuaför / Berber
Yalı Kuaför,+902122622309,Güzellik Salonu
MM BAHÇECİK TARABYA,+902123456310,Kuaför / Berber
MM Bahçecik - Zekeriyaköy,+905421000440,Kuaför / Berber
Semali Kuaför,+902122623792,Kuaför / Berber
MASLAK KUAFÖR N:O1 PLAZA,+905319840019,Kuaför / Berber
Mehmet Tatlı - 1453 Maslak,+902128017525,Kuaför / Berber
GÖKHAN AVCI HAIR STYLIST,+902122261798,Kuaför / Berber
Zek Kuaför,+902122027599,Kuaför / Berber
D&A HAİR STUDİO SARIYER,+905412499899,Kuaför / Berber
Eftelya Bayan Kuaförü,+902122185380,Kuaför / Berber
MEHMET TATLI KUAFÖR,+902123231708,Kuaför / Berber
Alev bayan kuaförü,+902122230264,Kuaför / Berber
Yeşim Kuaför,+902122898595,Kuaför / Berber
Zekeriyaköy Bayan Kuaförü,+905367171099,Kuaför / Berber
Fön Kuaför,+902122999777,Kuaför / Berber
Kuaför Oktay - Bekir,+905428431165,Kuaför / Berber
Sarıyer Pet kuafor,+905302532730,Kuaför / Berber
Berber Mehmet,+905346772987,Kuaför / Berber
Erkek Kuaförü Salon Erkan,+905425202365,Kuaför / Berber
Zek Kuaför,+902128301070,Kuaför / Berber
Saç tasarım Yasin,+905348156549,Kuaför / Berber
Kuaför neco,+905377061980,Kuaför / Berber
By kuş berber tarabya,+905327410669,Kuaför / Berber
Fenomen Erkek Kuaförü,+905398904369,Kuaför / Berber
Cengiz Çelikkaya,+902122186886,Kuaför / Berber
C. P. Kuaför ve Saç Kaynak Merkezi,+902122186211,Kuaför / Berber
Kuaför Bülent,+905368569767,Kuaför / Berber
Estetik Merkezi,+905424184808,Güzellik Salonu
Neşe Derici Estetik ve Bakım Merkezi,+905348824080,Güzellik Salonu
OLCAY Kozmetik Estetik Medikal,+902122235338,Güzellik Salonu
Novita Estetik Merkezi,+902122849703,Güzellik Salonu
Psikonesans,+905538628482,Psikolog / Terapist
Uzman Klinik Psikolog Esra Toprak - Sarıyer,+905447959694,Psikolog / Terapist
Uzman Klinik Psikolog Eda Yılmaz | Tarabya – Bireysel & Çift,+905301716892,Psikolog / Terapist
Sarıyer Psikolog,+905325580340,Psikolog / Terapist
Uzman Klinik Psikolog Bedriye Dayanç,+905523866827,Psikolog / Terapist
Lumi Psikoloji - Psikolog Ece Demirci,+905411414909,Psikolog / Terapist
Klinik Psikolog Elçin Akdeniz,+905416919190,Psikolog / Terapist
Uzman Klinik Psikolog: Hande Zeynep Savaş,+905398928900,Psikolog / Terapist
Verte Psikoloji,+905424955313,Psikolog / Terapist
"Uzm. Psk. İpek Yarbaşı Açıkalın, Psikoloji",+902122230669,Psikolog / Terapist
Uzman Klinik Psikolog Elif Çelik,+905301083223,Psikolog / Terapist
Ena Therapia Psikoterapi - Uzm.Klinik Psikolog Esin Nur Akyıldız,+902122792202,Psikolog / Terapist
Psikolog Selin Tunç,+908504743626,Psikolog / Terapist
Klinik Psikolog Karen Levi | Maslak,+905493659080,Psikolog / Terapist
Uzm. Klinik Psikolog Didem Çeçen,+905533772527,Psikolog / Terapist
Uzm. Kl. Psk. Çağlanur Nacaroğlu,+902129126496,Psikolog / Terapist
Mind+More,+905365142222,Psikolog / Terapist
Uzman Psikolog Aslı Karasaç,+905326904991,Psikolog / Terapist
Selma Öner Hemşirelik hizmeti(özel yeniköy sağlık kabini),+902122992061,Diğer (Sağlık & Bakım)
Uzm. Klinik psikolog Hande Uysal,+905379488194,Psikolog / Terapist
Psikolog Zeynep Eren,+905334708587,Psikolog / Terapist
Clinick Psikolojik Danışmanlık Merkezi,+905431571440,Psikolog / Terapist
Klinik Psikolog Çiğdem Yazıcı,+905310835003,Psikolog / Terapist
Derya Öztürk Danışmanlık Merkezi,+902122787148,Psikolog / Terapist
Mod Psikoloji,+905303905999,Psikolog / Terapist
Uzman Psikolog Gonca Ercegil,+905337710115,Psikolog / Terapist
Psikolog Melda Civelek,+905383288396,Psikolog / Terapist
Uzman Klinik Psikolog Tuğçe Peker,+905323833092,Psikolog / Terapist
İnci Özkoray Öğrenme Merkezi,+905321325920,Psikolog / Terapist
Psk.Alara Çağlar,+905301006550,Psikolog / Terapist
Kardy Letter Club,+905466415518,Psikolog / Terapist
Tattoo By Şafak,+905535815815,Dövme & Piercing
Bomonti Art Studio,+905433684338,Dövme & Piercing
Cest La Vie Tattoo & Piercing,+905526810227,Dövme & Piercing
LUMOS ART ATELİER TATTOO&PİERCİNG,+905063087815,Dövme & Piercing
Studio tattoo vera,+905304328994,Dövme & Piercing
DovmeciEmre Tattoo & Piercing Şişli,+905300438321,Dövme & Piercing
Tattoo Berz,+905538842826,Dövme & Piercing
BOO INK Tattoo Studio & Piercing Shop,+905356126420,Dövme & Piercing
Şişlide dövmeci mecidiyeköy dövmeci piercing,+905438066861,Dövme & Piercing
Huit Tattoo & Piercing Studio,+905342743909,Dövme & Piercing
Random Tattoo Osmanbey Şişli,+905312060310,Dövme & Piercing
Oktay Sümer Tattoo,+905400832003,Dövme & Piercing
Tattooworld,+905362234238,Dövme & Piercing
Magicline Dövme Stüdyo,+905349899008,Dövme & Piercing
Firatattoo Dövme Stüdyo,+905464016839,Dövme & Piercing
Şişli Dövmeci Tattoo Casper Profesyonel Stüdyo,+905072975737,Dövme & Piercing
DEEP MARK TATTOO,+905456633010,Dövme & Piercing
House of WAW | Tattoo & Piercing,+905451944141,Dövme & Piercing
Gökhan Arslan Tattoo & Piercing,+905364064903,Dövme & Piercing
Tattoom Art Gallery,+905325036662,Dövme & Piercing
BaharGo Tattoo & Piercing,+905360739985,Dövme & Piercing
Bavaria Ink İstanbul,+905518170334,Dövme & Piercing
Nişantaşı Tattoo Shop,+905380386568,Dövme & Piercing
407 Art Collection,+905497179761,Dövme & Piercing
INK UP TATTOO,+905318396697,Dövme & Piercing
Sullen İstanbul Dövme Stüdyosu,+905078107669,Dövme & Piercing
tattoo mayk murat,+905340103234,Dövme & Piercing
Yasin Demirci Dövme Stüdyosu,+905539836801,Dövme & Piercing
SOKAK TATTOO,+905353404971,Dövme & Piercing
Yasin Yener Tattoo Studio,+905413707742,Dövme & Piercing
Inklude Tattoo Studio,+905331386881,Dövme & Piercing
Cilek_tattoo,+905523972980,Dövme & Piercing
DOVMECIMERTPASA,+905366477978,Dövme & Piercing
Black INK Tattoo,+905411099417,Dövme & Piercing
Balon Circle,+902129932087,Dövme & Piercing
Golden Ink Studio | Tattoo & Piercing,+905343856909,Dövme & Piercing
Z&B TATTOO STUDIO,+905373838287,Dövme & Piercing
DovmeciBul,+902128033194,Dövme & Piercing
Tatt-Too Much Gallery,+905459664038,Dövme & Piercing
Kwantum Tattoo Gallery,+905370217707,Dövme & Piercing
Queen Ink Tattoo Studio,+905073406159,Dövme & Piercing
TATTOO AND BARBER SHOP,+905465919214,Dövme & Piercing
Doğanlar,+902122334169,Dövme & Piercing
HArt tattoo,+905527146666,Dövme & Piercing
TATTOOFF İSTANBUL DÖVME SİLME,+905325087011,Dövme & Piercing
Memories Tattoo Art,+905372745073,Dövme & Piercing
CRAFT INK TATTOO STUDIO,+905431931372,Dövme & Piercing
Fuadbayrakdar,+905455508550,Dövme & Piercing
Esen Kızıldağ Studio,+905349330725,Güzellik Salonu
Pembotattoo,+905358350955,Dövme & Piercing
Kaleloooo Tattoos,+905360228007,Dövme & Piercing
Saturn Tattoo,+905446958534,Dövme & Piercing
Ortaköy Tattoo Club,+905352311724,Dövme & Piercing
Goldtattoo,+905423666964,Dövme & Piercing
Mikaçu Tattoo,+905078274654,Dövme & Piercing
Deniz Tattooer,+905455466724,Dövme & Piercing
2nd Skin Tattoo & Piercing Turkey,+902122330011,Dövme & Piercing
mecidiyeköy.pilates stüdyo,+905058913030,Pilates / Yoga
Şişli Pilates Reformer Stüdyo( Em Sports ),+905314575693,Pilates / Yoga
Stylelife Şişli Pilates Merkezi,+902122661345,Pilates / Yoga
Mood Pilates,+905324184919,Pilates / Yoga
Moonlight Pilates Studio Mecidiyeköy,+905431720698,Pilates / Yoga
REFLEX GYM / Şişli,+905303293189,Pilates / Yoga
Moonlight Pilates Studio Osmanbey,+905394300698,Pilates / Yoga
Studio 8 Bomonti Pilates,+905459141828,Pilates / Yoga
Now pilates,+905359669665,Pilates / Yoga
Fizorya Reformer Pilates Stüdyo | Mecidiyeköy,+905079372434,Pilates / Yoga
TAPS Pilates Mecidiyeköy,+905427674806,Pilates / Yoga
Happy Athletic Pilates,+905325605826,Pilates / Yoga
FitUp Pilates - Aletli Pilates Salonu,+902122120016,Pilates / Yoga
Green Life Pilates,+905466460662,Pilates / Yoga
Vega Beam Pilates Nişantaşı,+905432613184,Pilates / Yoga
Pera Pilates,+905323082626,Pilates / Yoga
Fizyosel Pilates,+905336331664,Pilates / Yoga
Libra Pilates Studio,+905393315051,Pilates / Yoga
FizyoMarin | Aletli Pilates & Omurga Sağlığı,+905454254559,Pilates / Yoga
Alchemy Pilates,+905382464439,Pilates / Yoga
Monti Pilates & Pt Studio,+905441666671,Pilates / Yoga
CoreLab Pilates Studio,+902122740008,Pilates / Yoga
V'Seras Pilates Studio,+905350616428,Pilates / Yoga
Batı Pilates & PT Studio,+905462284526,Pilates / Yoga
Bounce Pilates,+905380927177,Pilates / Yoga
Pilates istanbul,+905050284737,Pilates / Yoga
Cadı Pilates Sağlıklı Yaşam Merkezi,+905366965343,Pilates / Yoga
The Pilates Club,+905455611676,Pilates / Yoga
Sirius Fonksiyonel & Pilates,+905309033818,Pilates / Yoga
Sprint Pilates - Mecidiyeköy Pilates,+902122750605,Pilates / Yoga
Technofit Fitness Pilates,+905312053888,Pilates / Yoga
PilaTwist Pilates Studio,+905312312975,Pilates / Yoga
Force Pilates,+905074243638,Pilates / Yoga
Chill Pilates Stüdyo & Akademi,+905523552033,Pilates / Yoga
Diya Pilates Studio,+905074488918,Pilates / Yoga
Hype Bomonti Studio,+905320578397,Kuaför / Berber
Burcus Pilates House,+905337455695,Pilates / Yoga
Levent Pilates İstanbul,+905534748433,Pilates / Yoga
Nişantaşı.fit Pilates Merkezi,+905444153556,Pilates / Yoga
Plus Fitness Club,+905326261631,Kuaför / Berber
Nişantaşı a² Pilates,+905461840241,Pilates / Yoga
Number One Bomonti Pilates & Atletik Performans,+905309077101,Pilates / Yoga
Melis Türkkan Fizyoterapi ve Pilates,+905352282206,Psikolog / Terapist
SkochFit Pilates | Mecidiyeköy,+905054179661,Pilates / Yoga
My way Pilates,+905468964686,Pilates / Yoga
Duru Pilates Studio,+905538720725,Pilates / Yoga
Fulya Semiha Genc Pilates Studio,+905325667714,Pilates / Yoga
Esta Pilates,+902125424245,Pilates / Yoga
SML Pilates Studio,+902122585864,Pilates / Yoga
Base Training Studio,+902122880110,Pilates / Yoga
BOMONTİ BALANCE STUDIO,+905305626722,Pilates / Yoga
Urban Health Pilates,+905339492724,Pilates / Yoga
Hub Pilates,+905439719440,Pilates / Yoga
Fit Fam Pilates Studio,+905456769799,Pilates / Yoga
Plus Nişantaşı,+905322572705,Pilates / Yoga
Talin'le Pilates,+905322834475,Pilates / Yoga
Life-İ Pilates,+905357734347,Pilates / Yoga
Çakra Pilates,+905443803037,Pilates / Yoga
S-Fit Training / Pilates Studio,+905336337130,Pilates / Yoga
Esta Pilates Mecidiyeköy,+905538124245,Pilates / Yoga
Maris Pilates Bomonti,+905387891801,Pilates / Yoga
Focus For Fit,+905313139326,Kuaför / Berber
Flora Fizyoterapi ve Pilates,+905421282682,Psikolog / Terapist
Monk Pilates,+905455579274,Pilates / Yoga
Then Pilates,+905333834751,Pilates / Yoga
Must Pilates Studio,+902122969569,Pilates / Yoga
Okan İşalan Pilates & Fitness Studio,+905331277480,Pilates / Yoga
Zero To Hero,+905400190358,Kuaför / Berber
TREND GYM,+905326813317,Kuaför / Berber
My Fitness Gym Club,+905363269943,Kuaför / Berber
Vigor Pilates Bomonti,+905370365157,Pilates / Yoga
Hayat Pilateste,+905467132101,Pilates / Yoga
Fitbreath yoga pilates,+905332901861,Pilates / Yoga
Ju Pilates Studio,+905414407038,Pilates / Yoga
Cookie Diet Pilates,+905540226362,Pilates / Yoga
Pole&Pilates Co.,+905421526448,Pilates / Yoga
Pilates & Move,+902122968096,Pilates / Yoga
Corex Bomonti Studio,+905321775770,Pilates / Yoga
Fulya Yoga Studio,+905065140800,Pilates / Yoga
Taxim Pilates Nişantaşı,+905528096801,Pilates / Yoga
Pinestudio,+905352276742,Diğer (Sağlık & Bakım)
Pilates & Reiki,+905325416794,Pilates / Yoga
Club Ortak,+905373530359,Kuaför / Berber
Phoenix Nişantası,+905355770736,Pilates / Yoga
ÇK Power House,+905367906219,Kuaför / Berber
Pilates Akademi Nişantaşı,+902122305868,Pilates / Yoga
Let 's Pilates Nisantasi,+905315179330,Pilates / Yoga
Pilates with Anet,+905302897554,Pilates / Yoga
B-Fit,+902122123566,Kuaför / Berber
zenobia pilates sağlıklı yaşam stüdyoları,+902122255253,Pilates / Yoga
HASAN YALNIZOĞLU SPOR KULÜBÜ,+905321787075,Kuaför / Berber
"Studyo Atlas GYROTONIC, GYROKINESIS, Pilates",+905063146313,Pilates / Yoga
UP4fit,+905411874348,Kuaför / Berber
be go studio,+902122345151,Pilates / Yoga
Mask Fitness,+905344178141,Kuaför / Berber
BOMONTİ MUSCLE FACTORY,+905326690492,Kuaför / Berber
Bunkai Health fitness,+902122911808,Kuaför / Berber
Beezone Studio,+905306129486,Kuaför / Berber
Fitintime,+902122321248,Kuaför / Berber
Gym & Tonic,+902122272785,Kuaför / Berber
Sarıyer Beyaz İnci Ağız ve Diş Sağlığı Polikliniği,+902122186555,Diş Kliniği
Bolat Klinik Ağız ve Diş Sağlığı Polikliniği,+905011429148,Diş Kliniği
Özel Tarabya Ağız ve Diş Sağlığı Polikliniği,+902122232346,Diş Kliniği
Dental Care Ağız ve Diş Sağlığı Polikliniği,+902122025055,Diş Kliniği
UGE Dent - Ağız ve Diş Sağlığı Polikliniği,+905304853033,Diş Kliniği
Dentvizyon Ağız ve Diş Sağlığı Polikliniği,+905422849966,Diş Kliniği
Dentavita Ağız ve Diş Sağlığı Poliklinigi - Dentavita Dental Clinic Turkey,+902122421224,Diş Kliniği
Özel Batıdenta Ağız Ve Diş Sağlığı Poliklinigi,+902122186868,Diş Kliniği
Dentshine Ağız Ve Diş Sağlığı Polikliniği,+902123424262,Diş Kliniği
Klinik Emirgan Ağız Ve Diş Sağlığı Polikliniği,+905318389232,Diş Kliniği
Kadraj Ağız ve Diş Sağlığı Polikliniği,+905334096982,Diş Kliniği
AcunalDent Ağız ve Diş Sağlığı Polikliniği,+902128923233,Diş Kliniği
Denthill Clinic Maslak,+902122607042,Diş Kliniği
HAB Dental Clinic Vadistanbul,+902128096290,Diş Kliniği
Clinique Dent Beaute | Gülüş Estetiği | Ortodonti | İmplant Tedavisi,+902122229393,Diş Kliniği
Sarıyer Ortodonti / Dijital Ortodonti / Invisalign / İstanbul,+902122717177,Diş Kliniği
Dr. Ferruh Şiğva,+902122182833,Diş Kliniği
Özel Stoma Ağız Ve Diş Sağlığı Polikinliği,+902122239569,Diş Kliniği
Trakyadent Maslak Ağız ve Diş Sağlığı Polikliniği,+902129126867,Diş Kliniği
Özel MY Zekeriyaköy Ağız Ve Diş Sağlığı Polikliniği,+902122026410,Diş Kliniği
MD Ağız ve Diş Sağlığı Polikliniği,+905455400520,Diş Kliniği
KLC KLİNİK,+905052526888,Diş Kliniği
DİŞ HEKİMİ İLHAN İSLER,+902122422204,Diş Kliniği
Diş Hekimi İlhami Ayber diş Kliniği,+902122623747,Diş Kliniği
Diş Hekimi Nurettin Ramazanoğlu,+902122025183,Diş Kliniği
Diş Hekimi Rasim ÖZKUL,+902122714618,Diş Kliniği
Bergedent Clinic Vadistanbul,+905394105555,Diş Kliniği
Diş Hekimi Eral Aydın,+902122420044,Diş Kliniği
İSTANBUL İMPLANT TEDAVİSİ | DR. DT. TOLGA GÜLÇİÇEK,+902164555000,Diş Kliniği
Diş Hekimi Oğuz Şengel,+905393566760,Diş Kliniği
Diş Hekimi M. Caner Turan,+902122998365,Diş Kliniği
Diş Hekimi Ayten Yıldırım,+902122420848,Diş Kliniği
Dr. Bilal Kapıyoldaş,+905367261366,Diş Kliniği
Ekiz Dental Clinic,+902128094747,Diş Kliniği
Aqua Dental Clinic,+902128302885,Diş Kliniği
Ömürtepe Diş Kliniği,+902122992199,Diş Kliniği
Esnan Dental Clinics in Turkey - Skyland,+902126995252,Diş Kliniği
Dişhekimi Ahmet Toprak,+905332380025,Diş Kliniği
Alar Dent - Oral and Dental Health Clinic,+905447413141,Diş Kliniği
Diş Hekimi Özay Mutlay,+905353845262,Diş Kliniği
Dr. Alpaslan Gökçe,+902122776081,Diş Kliniği
Beykoz Yalıdent Ağız ve Diş Sağlığı Polikliniği,+902169393033,Diş Kliniği
Deniz Yiğit Dental Clinic Zekeriyaköy,+902128435252,Diş Kliniği
KlinikEdenya,+905452459698,Diş Kliniği
CaduceusWorld,+905343070862,Güzellik Salonu
Neslim Güngen Zeytinburnu,+905394490101,Güzellik Salonu
Estestil Güzellik - Zeytinburnu Güzellik Merkezi,+905456461415,Güzellik Salonu
Larisa Beauty Studio,+905380656710,Güzellik Salonu
Merci Beauty Studio,+905421880694,Güzellik Salonu
Suna Luxury Beauty,+905451689209,Güzellik Salonu
Black Silver Güzellik - Zeytinburnu Güzellik Salonu,+905549127753,Güzellik Salonu
"Estera Zeytinburnu Güzellik, Lazer Epilasyon ve Cilt Bakımı",+905378117666,Güzellik Salonu
Lena Güzellik Salonu Ve Kuaför,+905462987300,Güzellik Salonu
MERLAY GÜZELLİK ZEYTİNBURNU,+905306622511,Güzellik Salonu
NESSA GÜZELLİK,+905335751873,Güzellik Salonu
Sevim Alan Zeytinburnu,+905528338744,Güzellik Salonu
SENORİTA GÜZELLİK SALONU MELİKE ÇALIŞ,+902125100203,Güzellik Salonu
Deniz Beauty Güzellik Salonu,+905365790271,Güzellik Salonu
Çağla Şahin Güzellik / Klinik,+905467475654,Güzellik Salonu
Glamour Güzellik,+902124154434,Güzellik Salonu
Sense Güzellik Lazer Epilasyon Cilt Bakımı Zeytinburnu,+905449458367,Güzellik Salonu
AYT BEAUTY NAIL,+905356287088,Güzellik Salonu
Adalı Güzellik Salonu,+905325825564,Güzellik Salonu
Elvin Güzellik Salonu,+902125105041,Güzellik Salonu
Waymn Güzellik Merkezi,+905334856963,Güzellik Salonu
SEÇKİN KİŞİSEL BAKIM MERKEZİ (MEN & WOMEN),+905317663767,Kuaför / Berber
Lucca Hair Studio,+905347363169,Kuaför / Berber
Salon ŞENAY Güzellik salonu,+905413498001,Güzellik Salonu
Seta Kuaför,+902128036880,Kuaför / Berber
Geçen Beauty - Güzellik Salonu,+905431911324,Güzellik Salonu
AİSE GÜZELLİK MERKEZİ,+905448941260,Güzellik Salonu
Ala Doğal Bakım ve Güzellik,+902125100602,Güzellik Salonu
Reda Bayan Kuaförü,+905546041685,Kuaför / Berber
Vien Güzellik Salonu,+905377901002,Güzellik Salonu
Nurcan Tural Güzellik,+905322907622,Güzellik Salonu
Akademi kuaför zeytinburnu,+902125581898,Kuaför / Berber
İnes Beauty Center,+905412774752,Güzellik Salonu
Kuaför Aliosman,+902126653029,Kuaför / Berber
Sami Köse Afrika Örgüsü Salon,+905537273061,Kuaför / Berber
Aslıhan Nail Studio,+905393175755,Güzellik Salonu
Saç Dünyasi,+902125460062,Kuaför / Berber
Visage Bay & Bayan Kuaför,+902125824543,Kuaför / Berber
CEVİZLİBAĞ TERCÜMAN DİENSİ KUAFÖR,+902124164513,Kuaför / Berber
Risus Bayan Kuaförü,+902126655802,Kuaför / Berber
İbrahim Kıralı Saç Tasarım,+902125462533,Kuaför / Berber
Cevizlibağ The Best Bay Bayan Kuaför,+905327181159,Kuaför / Berber
Elit Bayan Kuaförü,+902125109985,Kuaför / Berber
Salon Emel Erman,+902126652569,Kuaför / Berber
Helen Güzellik Salonu,+905304477300,Güzellik Salonu
Enes Vural By Kuaför & Güzellik Merkezi,+905380431766,Güzellik Salonu
Red Solaryum,+902125462741,Kuaför / Berber
Kuaför Vural,+902125101226,Kuaför / Berber
Melis Kuaför,+902127031254,Kuaför / Berber
Sevda Kuaför,+902126657938,Kuaför / Berber
KÜBRA GÜZELOĞLU BAY/BAYAN GÜZELLİK SALONU,+905317027961,Güzellik Salonu
Fatma Alp Bayan Kuaförü,+905392926308,Kuaför / Berber
Semra Kuaför,+905384384351,Kuaför / Berber
Firdevs Kuaför,+902125582898,Kuaför / Berber
Este Avva Saç Ekimi & Estetik Merkezi,+905332474232,Güzellik Salonu
Cem Bayan Kuaförü,+902125107718,Kuaför / Berber
Sky Coiffeur,+905324112315,Kuaför / Berber
Cevizlibağ No.6 Bay Bayan Kuaför,+905324053556,Kuaför / Berber
ZEYTİNBURNU LiVZA DİENSİ KUAFÖR 2,+902128033073,Güzellik Salonu
Asel Bayan Kuaför,+905431785109,Kuaför / Berber
Soft Bayan Kuaförü,+902125463834,Kuaför / Berber
Ba&Di Kuaför Saç Tasarım Salonu.,+905323652958,Kuaför / Berber
Hair Galery Kaynak Saç Merkezi,+905306654209,Kuaför / Berber
صالون تجميل مروة الخطيب | Marwa Alkhatib Beauty Salon.,+905375210024,Güzellik Salonu
Ayşe Doğan Kuaför,+905316316844,Kuaför / Berber
Salon Mahal,+905348290590,Kuaför / Berber
Salon Frekans,+905396277525,Kuaför / Berber
Tus Bay Bayan Kuaför Salonu,+902128099323,Kuaför / Berber
Makass Kuaför,+905327853666,Kuaför / Berber
RAS KUAFÖR FİŞEKHANE,+905469729665,Kuaför / Berber
Leyla Kuaför gelinlik.,+902124158011,Kuaför / Berber
Angel Kuaför Güzellik Salonu,+905399484819,Güzellik Salonu
MY Erkek Kuaförü,+905434613606,Kuaför / Berber
TUĞÇE TEMİZER MAKEUP & HAİR,+905334857696,Güzellik Salonu
Salon Pırıltı Bayan Kuaförü,+905340243353,Kuaför / Berber
Emrah kuaför,+905301620555,Kuaför / Berber
Green Hair,+905321514303,Kuaför / Berber
Salon Yıldızhan,+905346950142,Kuaför / Berber
Özlem Saç Tasarım,+905434081393,Kuaför / Berber
Gamze Elit Güzellik Salonu,+902126644145,Güzellik Salonu
Angel Beauty İstanbul,+905455370344,Güzellik Salonu
Yeloğlu Erkek Kuaförü | Zeytinburnu Kuaförü,+905541877134,Kuaför / Berber
Güneş Bayan Kuaförü,+905331330341,Kuaför / Berber
SAÇ SANATI KUAFÖR ZEYTİNBURNU/İSTANBUL,+905318685931,Kuaför / Berber
Zenginlerin Berberi V.I.P,+905356131353,Kuaför / Berber
NEXUS GÜZELLİK MERKEZİ,+902125100880,Güzellik Salonu
City Kuaför,+902126644655,Kuaför / Berber
Kuaför Yasin,+905399246349,Kuaför / Berber
Mehmet Kuaför Güzellik Salonu,+902126644517,Güzellik Salonu
Talha Vatansever Hair Studio,+905437307176,Kuaför / Berber
Saloon By Emrah,+905535702510,Kuaför / Berber
Engin Fidan Barber Shop,+905425455255,Kuaför / Berber
Elit Erkek Kuaförü,+905356735142,Kuaför / Berber
Feyzanur Bayan Kuaförü,+905536479993,Kuaför / Berber
İmaj Kuaför,+905353353416,Kuaför / Berber
Halis Bayan Kuaförü,+905073969677,Kuaför / Berber
Afghan Hair Fashion,+905522716666,Kuaför / Berber
İrem & Birsel Hair Make Up,+905458619035,Güzellik Salonu
Mounir istanbul,+905054195380,Kuaför / Berber
Barber Shop,+905057469545,Kuaför / Berber
Esthetic Hair Turkey,+905425687542,Kuaför / Berber
Milenyum Bayan Kuaförü,+902129315575,Güzellik Salonu
Orhun Kuaför,+905358323281,Kuaför / Berber
Fön Erkek Kuaförü,+905314549167,Kuaför / Berber
DİLEK KOÇYİĞİT KUAFÖR,+902125100850,Güzellik Salonu
İstanbul Erkek Kuaförü,+905531367645,Kuaför / Berber
Fatmauçar,+902126790266,Kuaför / Berber
Anımals world pet kuaför,+905332314850,Kuaför / Berber
Sümer Erkek Kuaförü,+905353553302,Kuaför / Berber
My Life Bayan Kuaförü,+902126647944,Kuaför / Berber
Zeytinburnu Pet Kuaförü - Pet Groomer - Makas Traşı,+905441556157,Kuaför / Berber
Saloon BT Bayan Kuaförü By Tolga,+905399750818,Kuaför / Berber
Nazlı Gürbüz Guzellik Salonu,+905427203213,Güzellik Salonu
KaracaM Kuaför & Güzellik Merkezi,+905057679781,Güzellik Salonu
Cem Estetik & Saç Ekim Merkezi,+905421005755,Güzellik Salonu
MCU Aesthetic Clinic - Op.Dr.Mehmet Can Ubur,+905331598555,Güzellik Salonu
Estemagic Güzellik ve Estetik Merkezi,+902125606035,Güzellik Salonu
Veluxe Vip Beauty,+905075330303,Güzellik Salonu
Bayındır Beauty,+905053323130,Güzellik Salonu
Suna Luxury Fişekhane,+905409941802,Güzellik Salonu
Aslı Tarcan Estetik Merkezi,+905494215050,Güzellik Salonu
Gamze Yavuz Beauty Fişekhane,+905556808989,Güzellik Salonu
Estetik Uzmanı,+905346797260,Güzellik Salonu
Ari Estetik,+902126799244,Güzellik Salonu
Good Look Clinic,+905491080800,Diğer (Sağlık & Bakım)
Nrd ixir güzellik ve kuaför salonu zeytinburnu,+905528017264,Güzellik Salonu
Uzm. Dr. Haydar Ersoy,+905322052620,Güzellik Salonu
Life Time Hair Transplant | Saç Ekim Merkezi,+905455410562,Kuaför / Berber
Tuğba Kayrun Beauty,+905315081734,Güzellik Salonu
Andro Expertise Erkek Sağlık & Estetik Merkezi,+905318888858,Güzellik Salonu
Medica Estetik / Bölgesel Zayıflama / Medikal Cilt Bakımı,+905059972299,Güzellik Salonu
Real Life Sultan Güzellik Merkezi,+902125106360,Güzellik Salonu
Well Way Clinic,+905535729530,Diğer (Sağlık & Bakım)
Sense of Esthetics,+905344653358,Diğer (Sağlık & Bakım)
ESTHETICANA - Exclusive Hair Transplant in Turkey,+905324125948,Kuaför / Berber
Uzm. Dr. Rüstem Albayrak - Medikal Estetik - Ozon Terapi-Dolgu-Botoks,+905307009277,Psikolog / Terapist
Lodi medical,+905061313605,Güzellik Salonu
RNR Clinic Turkey I Saç Ekimi ve Diş Tedavileri,+905311027825,Diş Kliniği
Merray Güzellik,+905550527411,Güzellik Salonu
EHT Clinic,+902128905054,Kuaför / Berber
Seren Klinik,+905323791795,Diş Kliniği
Özel Liva Polikliniği,+905323281195,Güzellik Salonu
Medista Healthcare,+905016300062,Diş Kliniği
Otrila kbb estetik ve sağlıklı yaşam merkezi,+902128018473,Güzellik Salonu
Bakırköy Güzellik Merkezi (Altın Beauty),+905550233159,Güzellik Salonu
Bakırköy Popüler Güzellik Merkezi,+905455917360,Güzellik Salonu
Derma Clean Güzellik,+905339573704,Güzellik Salonu
Beg Spa & Wellness,+902127352353,Diğer (Sağlık & Bakım)
Estelita Güzellik Merkezi,+905446165847,Güzellik Salonu
Beauty Hair Transplant in Turkey - Istanbul,+905455508555,Güzellik Salonu
Hair Centrum,+905355506555,Kuaför / Berber
Vogue Beauty Bakırköy,+905491042020,Güzellik Salonu
Özel Art Polikliniği,+902125712829,Güzellik Salonu
Klinik AURA - Ağız ve Diş Sağlığı Polikliniği AURA Diş Kliniği Clinic AURA,+905396591602,Diş Kliniği
"El İstanbul El Cerrahisi, Mikrocerrahi ve Rehabilitasyon Grubu",+905326997144,Diğer (Sağlık & Bakım)
Este Nivo,+905451491823,Güzellik Salonu
Psikolog Numan Dündü,+905461267090,Psikolog / Terapist
Uzman Klinik Psikolog Nurseli Aba,+905510412859,Psikolog / Terapist
Psikolog Buse Yıldırım,+905302460494,Psikolog / Terapist
Yeşilay Danışmanlık Merkezi (YEDAM) İstanbul - Zeytinburnu,+902126656704,Psikolog / Terapist
Klinik Psikolog Zeynep Bike Yediben,+905546773683,Psikolog / Terapist
Klinik Psikolog Gözde Silistireli,+905073083093,Psikolog / Terapist
Bakırköy Psikolog | Ataköy Psikolog | Norda Psikoloji | Yenibosna Psikolog | Florya Psikolog | Zeytinburnu Psikolog,+905468995655,Psikolog / Terapist
Zeytinburnu Mono Dil Konuşma ve Danışmanlık Merkezi,+905537026064,Psikolog / Terapist
Ömür Psikoloji,+905529300922,Psikolog / Terapist
Dr. Osman ABALI,+905543412901,Diğer (Sağlık & Bakım)
"Uzm. Psk. Naciye Tokaç, Psikoloji",+905306624324,Psikolog / Terapist
Psikomental Psikoloji Danışmanlık Merkezi,+905344588037,Psikolog / Terapist
Özel Sağlık Meslek Hizmet Birimi,+905454483134,Diğer (Sağlık & Bakım)
Bir Aile Psikoloji -Bakırköy Psikolog- Pedagog- Aile Terapisi,+905526763451,Psikolog / Terapist
Meryem Gül Eren,+902125702126,Psikolog / Terapist
Klinik Psikolog Gizem Dönmez,+908504741547,Psikolog / Terapist
Uzman Klinik Psikolog Esra Saraç,+905396998646,Psikolog / Terapist
Psikolog Duygu Tunalı Kavak,+905306634184,Psikolog / Terapist
Psikolog Kübra Ulutepe,+905535584473,Psikolog / Terapist
BULVARDİŞ Ağız ve Diş Sağlığı Polikliniği,+902124151577,Diş Kliniği
Zeytinburnu Ağız ve Diş Sağlığı Polikliniği,+902126653438,Diş Kliniği
Megadentist Ağız ve Diş Sağlığı Polikliniği,+905444152900,Diş Kliniği
Plaza Ağız ve Diş Sağlığı Polikliniği,+902126659535,Diş Kliniği
Özel Park Dental Ağız ve Diş Sağlığı Polikliniği,+905345980657,Diş Kliniği
Oriel Smile,+905550012000,Diş Kliniği
Özel Bahar Doğan Ağız ve Diş Sağlığı Polikliniği,+905321377711,Diş Kliniği
ÖZEL HAS AĞIZ VE DİŞ SAĞLIĞI POLİKLİNİĞİ,+902128125086,Diş Kliniği
Yedikule Ağız Ve Diş Sağlığı,+902126658248,Diş Kliniği
Yonca Ağız ve Diş Sağlığı Polikliniği,+905305125855,Diş Kliniği
Özel Zeytinburnu Dikilitaş Ağız ve Diş Sağlığı Polikliniği,+905308604734,Diş Kliniği
Özel Aksa Ağız Ve Diş Sağlığı Polikliniği,+902125470827,Diş Kliniği
ÖZEL FURLA AĞIZ VE DİŞ SAĞLIĞI POLİKLİNİĞİ,+902123026525,Diş Kliniği
Dişlife Ağız ve Diş Sağlığı Polikliniği,+902125476000,Diş Kliniği
HLC Ağız ve Diş Sağlığı Polikliniği,+905398783939,Diş Kliniği
Medipia Dent Cevizlibağ Diş Polikliniği,+905548993232,Diş Kliniği
Duygu Ağız ve Diş Sağlığı Polikliniği,+905452295658,Diş Kliniği
Özel Musa Özdemir Ağız ve Diş Sağlığı Polikliniği,+902125466854,Diş Kliniği
Turkey Dental İmplants Clinic İstanbul - Teeth İmplants | Turkey Dentist | Best Dentist in Turkey | Dental Clinic Turkey,+902125706168,Diş Kliniği
Maristan Ağız ve Diş Kliniği - Diş Hekimi İlyas OĞUR,+905372767355,Diş Kliniği
Tamkadro -Tam kadro ağız ve diş sağlığı polikliniği,+905054224934,Diş Kliniği
Esnan Ağız ve Diş Sağlığı Merkezi - Topkapı Şubesi,+902125583232,Diş Kliniği
2K Ağız ve Diş Sağlığı Polikliniği,+905074649311,Diş Kliniği
DIŞ HEKIMI YUNUS EMRE İMREN,+905538922290,Diş Kliniği
FeRa Clinic,+905367460100,Diş Kliniği
Mavidenta Clinic,+905449094999,Diş Kliniği
Ultima Clinics,+905336033333,Diş Kliniği
Özel Yeşiltepe Polikliniği,+902126793900,Diğer (Sağlık & Bakım)
ALTİS AĞİZ VE DİŞ SAĞLIĞI POLİKLİNİĞİ,+905534816216,Diş Kliniği
SİNA DENTAL CLİNİC,+905418020025,Diş Kliniği
Kaffaf Ağız ve Diş Sağlığı Polikliniği,+902125461781,Diş Kliniği
sevenbluedent (77 mavi dental clinic),+905058760014,Diş Kliniği
ZeyLux Dental Clinic,+905461422192,Diş Kliniği
Diş Hekimi Baran Orhan,+902125467703,Diş Kliniği
Diş Hekimi Ali Cevat Hekimoğlu,+905373443792,Diş Kliniği
Özel kırıkhanlı ağız ve diş sağlığı kliniği,+905356172472,Diş Kliniği
Turkion Clinic,+905514647785,Diş Kliniği
R Smile Dental Clinic,+902125544949,Diş Kliniği
Diş Hekimi Bahar Ayruk,+902124158067,Diş Kliniği
Holistic Smile Clinic,+905354755555,Diş Kliniği
Medipia Dental Clinic In Istanbul | Smile Dentist | Implants | Crowns | Hollywood Smile Design Teeth Turkey,+902129098822,Diş Kliniği
AĞIZ VE DİŞ SAĞLIĞI MERKEZİ,+905362281322,Diş Kliniği
Dental House İstanbul,+905444892023,Diş Kliniği
Diş Hekimi Ozan TATA,+902125105276,Diş Kliniği
Diş Hekimi Emre Ünlü,+905301161021,Diş Kliniği
Professional Clinic | عيادة بروفيشنال كلينك,+905446650399,Diş Kliniği
diş hekimi abbas koç,+902125823961,Diş Kliniği
Balıklı Diş Ağız ve Diş Sağlığı Polikliniği / İmplantoloji / Çocuk Diş Hekimliği,+905068771577,Diş Kliniği
hollywood clinic,+905343457777,Diş Kliniği
Four N Clinic,+905337023444,Diş Kliniği
Diş Hekimi Zeliha Batay,+902126657035,Diş Kliniği
SUREBEST CLINIC,+905464889834,Diş Kliniği
Vola Health Istanbul - Dental Clinic & Implants Cosmetics Dentistry,+905444749881,Diş Kliniği
We Can Clinic,+905057993499,Diş Kliniği
Dentique clinic,+905051959934,Diş Kliniği
Osman Genç Diş Hekimi,+902124159130,Diş Kliniği
Latif karaoğlu diş hekimi,+902125464565,Diş Kliniği
Türkiye Diş Klinik,+905537338412,Diş Kliniği
Diş Hekimi Melda Akpınar,+905322329784,Diş Kliniği
Dt. Filiz Dinçsoy EKŞİ – Diş Kliniği,+905019549091,Diş Kliniği
Başar VEKİL Diş Hekimi,+905380482546,Diş Kliniği
Cidago Veteriner Kliniği Zeytinburnu,+902126647155,Veteriner
Printemps clinic,+905421954097,Diş Kliniği
Aurora Turkey Clinic,+905441589731,Diş Kliniği
Asya Dental Clinic,+905419036183,Diş Kliniği
Mor Health Clinic,+905056303400,Diğer (Sağlık & Bakım)
Tattoo Tarabya,+905051241617,Dövme & Piercing
BKRC Tattoo Factory,+905558901859,Dövme & Piercing
CAN TATTOO HOMeSTUDYO,+905304424334,Dövme & Piercing
CROW TATTOO STUDIO,+902122186219,Dövme & Piercing
Hope tattoo,+905384129758,Dövme & Piercing
Dante İNK Dövme Stüdyosu,+905330123640,Dövme & Piercing
İSTİNYE TATTOO & PIERCING STUDIO,+905526338298,Dövme & Piercing
Freak Tattoo Studio,+902122511051,Dövme & Piercing
KÜBRA ÜNLÜ TATTOO STUDİO-Beşiktaş Dövmeci,+905454926388,Dövme & Piercing
Flash Tattoo Gallery,+905050095369,Dövme & Piercing
Nehir Çavuş Tattoo,+905056295136,Dövme & Piercing
Eagle Tattoo Theatre,+905325023206,Dövme & Piercing
tattoo Ünal mestan,+905313173442,Dövme & Piercing
Base Tattoo&Art Studio,+905344378105,Dövme & Piercing
7ink Tattoo/Piercing Studio,+905412980653,Dövme & Piercing
Tattoo Beykoz Piercing 7/24 açık,+905303606622,Dövme & Piercing
Hey joe Tattoo & Piercing Shop,+905542902577,Dövme & Piercing
Studio Solyt Tattoo & Art Space,+905327626670,Dövme & Piercing
Immortal Tattoo Studıo,+905385105890,Dövme & Piercing
KIZIL ODA TATTOO,+905312099333,Dövme & Piercing
Kaan Bahadır INK Dövme Stüdyosu & Piercing Tattoo Art Peak,+905349670408,Dövme & Piercing
KAPADOKYA TATTOO PİERCİNG,+905302891270,Dövme & Piercing
Black Diamond Tattoo & Piercing💎 Beykoz Kavacık,+905300607808,Dövme & Piercing
Drn Art Tattoo,+905331627145,Dövme & Piercing
vision tattoo studio,+905411159996,Dövme & Piercing
Tattoo Master Köşk,+905339745675,Dövme & Piercing
tolgakural.ink,+905555751675,Dövme & Piercing
Atolye X,+905434642284,Dövme & Piercing
Wood Tattoo Studio,+905398329707,Dövme & Piercing
Inkland Tattoo Studio Karaköy,+905537722890,Dövme & Piercing
Eternal Tattoo,+905394143484,Dövme & Piercing
Okan tattooer dövmeci,+905438227794,Dövme & Piercing
Beşiktaş Tattoo Shop,+905332612449,Dövme & Piercing
V Tattoo House Kavacık,+905512021166,Dövme & Piercing
Fery Pmu,+905357280188,Güzellik Salonu
Lava Tattoo Beşiktaş,+905416931396,Dövme & Piercing
Red Cat Tattoo Factory,+902122874535,Dövme & Piercing
OMO STUDIO,+905352188500,Dövme & Piercing
Linden Tattoo Beşiktaş,+905385503458,Dövme & Piercing
One Spray Tattoo,+905398293110,Dövme & Piercing
Monochrome tattoo studio,+905333532611,Dövme & Piercing
Derya Sezek Tattoo Art & Piercing,+905324019301,Dövme & Piercing
Eleven Tattoo Gallery | Tattoo & Piercing Studio,+905334411088,Dövme & Piercing
Tattoo Studio Aytuğ Özkuş,+905350646886,Dövme & Piercing
RREEDD Tattoo & Piercing,+905309594883,Dövme & Piercing
Getink Tattoo Studio,+905422409342,Dövme & Piercing
Şimşek Tattoo,+905335060052,Dövme & Piercing
Sez Tattoo Gallery,+905399891697,Dövme & Piercing
InkBlaze Tattoo Studio,+905412529334,Dövme & Piercing
Tubitattoo,+905342445095,Dövme & Piercing
Go Tattoo Project,+905011013020,Dövme & Piercing
34 inkTattoo ( dövme) & Piercing,+905354927168,Dövme & Piercing
Gloria's Country Ink Tattoo & Piercing Studio,+905327716479,Dövme & Piercing
Tattoo By Sino,+905306537165,Dövme & Piercing
Tattoo Zenith,+905305276900,Dövme & Piercing
Dövme Stüdyosu,+905350193399,Dövme & Piercing
Attractive tattoo ümraniye dövme stüdyosu,+905441513455,Dövme & Piercing
Beşiktaş dövme tattoo,+905426979683,Dövme & Piercing
Tan Tattoo Gallery,+905348580018,Dövme & Piercing
No15 TATTOO GALLERY DÖVME & PIERCING dövme stüdyosu,+905459613811,Dövme & Piercing
Brother's Tattoo Academy,+905441551416,Dövme & Piercing
Etiler tattoo,+905425029410,Dövme & Piercing
SEDA ÇAYHAN,+905307354522,Diğer (Sağlık & Bakım)
DİYETİSYEN NUR SERT,+902129126349,Diyetisyen
Diyetisyen Esra Ciritoğlu/Sağlıklı Yaşam Merkezi/Maslak Sarıyer Diyetisyen,+905467644042,Diyetisyen
Hazal Dogan Diet & Nutrition Co.,+905446900044,Diyetisyen
Diyetisyen Şima Yücel,+905348224506,Diyetisyen
Uzm. Dyt. Yasemin Cantimur,+905393817781,Diyetisyen
"Nida ACAR ""Beslenme ve Sağlıklı Yaşam Merkezi""",+902128905597,Diyetisyen
Diyet Fabrikası,+905433493808,Diyetisyen
Sağlıklı Yaşam Merkezi Nur evşan Coşkun,+905538089241,Diğer (Sağlık & Bakım)
Dyt. Kübra Taş,+908504743734,Diyetisyen
Healthique Beslenme Danışmanlığı ve Sağlıklı Yaşam Merkezi,+905435081618,Diyetisyen
Rays'up Nutrition & Studio,+905306478785,Diyetisyen
Diyetisyen Ayşe Tuğba Şengel,+905466556676,Diyetisyen
Diyetisyen Nazlı Meltem Küni,+905528792620,Diyetisyen
Dyt. Meltem Işık,+908504743732,Diyetisyen
Kami tattoo,+905543026562,Dövme & Piercing
Zelal tatto dövmeci,+905516433347,Dövme & Piercing
Mirce Piercing House,+905529276020,Dövme & Piercing
nopaintatto3d,+905314071672,Dövme & Piercing
Herbalife Zeytinburnu - Herbalife Zeytinburnu Beslenme Danışmanı,+905380652009,Diyetisyen
DİYETİSYEN AZİZE BALCI AKGÜL ( Özel Sağlık Meslek Hizmet Birimi),+905416873132,Diyetisyen
Diyetisyen Beyza Karaali,+905347215558,Diyetisyen
Liva Diyet,+905523125482,Diyetisyen
Diyetisyen Gülşen Çalışkan Bayatlı,+905558780612,Diyetisyen
Uzm. Klinik Psikolog ve Diyetisyen Şeyma Uzun,+905536382261,Psikolog / Terapist
Diyetisyen Bahadır Bilir,+905320620134,Diyetisyen
Fonksiyonel Tıp Diyetisyeni Nazeli Yardım,+905387838367,Diyetisyen
Diyetisyen Merve Sayın,+905340871032,Diyetisyen
Diyetisyen Beyza Coşkun,+908504740904,Diyetisyen
Diyetisyen Rumeysa Özkeskin Sağlıklı Yaşam Merkezi,+905515024410,Diyetisyen
Diyetisyen Aslı Yılmaz,+905468405829,Diyetisyen
Merter Diyetisyen Buket Dönmez,+905433316615,Diyetisyen
Diyetisyen Zeynep Avados Çay,+905345504388,Diyetisyen
Diyetisyen Gülümser Varişler,+902126656348,Diyetisyen
Diyetisyen Tuanna Üner – Fişekhane / Zeytinburnu,+905334881090,Diyetisyen
Diyetisyen Sefa Zeybel,+905373644503,Diyetisyen
Uzman Diyetisyen Özge Demirbaş - ONKOLOJİ DİYETİSYENİ - YENİBOSNA DİYETİSYEN,+905525083323,Diyetisyen
Uzman Diyetisyen Tamar Demirçi,+908504743138,Diyetisyen
Diyetisyen Esra Işıkdemir,+905426780057,Diyetisyen
Özel Sağlık Hizmet Birimi Diyetisyen Şeyma Nur Yazıcı,+905399270395,Diyetisyen
Sağlıkla Yaşam Programı - LKB Teknoloji Ltd. Şti.,+905451497300,Diğer (Sağlık & Bakım)
DİYETİSYEN SENANUR BAĞLI,+905071483206,Diyetisyen
DİYETİSYEN İREM DUMAN,+905061664125,Diyetisyen
"Uzman Diyetisyen Tuğçe Özge Özyön , Bakırköy Diyetisyen",+905551908060,Diyetisyen
Gizem Çelik Beslenme ve Diyet Danışmanlığı,+905075770347,Diyetisyen
Diyetisyen Yasemin Hüseyin,+905539033787,Diyetisyen
Diyetisyen Fatma Nur Güleç,+908504749174,Diyetisyen
Diyetisyen Sevil BAYKA,+905386788249,Diyetisyen
Diyetisyen Berat Demircigil,+905442095029,Diyetisyen
BEYLİKDÜZÜ DİYETİSYEN SELMİN KAYA FONKSİYONEL TIP,+905418828559,Diyetisyen
Beylikdüzü Diyetisyen | Nurseda Demir Sağlıklı Yaşam Merkezi,+905336181469,Diyetisyen
Diyetisyen Mervenur Özel Beslenme ve Diyet Danışmanlığı,+905383377212,Diyetisyen
Diyetisyen Duygu Doğan,+905458816681,Diyetisyen
Beylikdüzü Diyetisyen Özge Baştürk,+905414545724,Diyetisyen
Uzman Diyetisyen Nurhayat Göktepe,+905312391315,Diyetisyen
DİYETİSYEN NEVİN TÜRK SAĞLIKLI BESLENME VE DİYET MERKEZİ,+905558827026,Diyetisyen
Diyetisyen Serap ÖZÇAM,+905464401519,Diyetisyen
Diyetisyen Aysel Uluhatun,+908504747947,Diyetisyen
Bahçeşehir Diyetisyen Ezgi Çatar,+905466585058,Diyetisyen
Diyetisyen Necati Yeler,+905367009824,Diyetisyen
Beylikdüzü Diyetisyen Kübra Irmak,+905348963101,Diyetisyen
DİYETİSYEN GÖKÇE AKARMIŞ BESLENME &DİYET DANIŞMANLIK MERKEZİ,+905325191302,Psikolog / Terapist
Diyetisyen Gülcan Sefa/Beslenme ve diyet danışmanlığı,+905359140015,Diyetisyen
Büşra Çetiner Body & Beauty,+905321700363,Diyetisyen
Diyetisyen Şevval Dönmez,+905322273982,Diyetisyen
Beylikdüzü Diyetisyen Yazgı Murat Sağlıklı Beslenme ve Andülasyon Terapi,+905355074143,Psikolog / Terapist
Diyetisyen Şeyma Dinç,+908508116347,Diyetisyen
Diyetisyen Gülşen Lükel,+905322672896,Diyetisyen
Bahçeşehir Diyetisyen Dilay Şahin,+905343156583,Diyetisyen
Beylikdüzü Diyetisyen Seda Baskın Freeform Diyet Merkezi,+905466891297,Diyetisyen
Akdeniz Diyet Beslenme Danışmanlığı Merkezi Uzm. Dyt. Mehmet Mahmut ÜNAL,+905347965515,Diyetisyen
Beylikdüzü Diyetisyen Naz Kaynak Beslenme ve Diyet Danışmanlığı,+905362258686,Diyetisyen
Diyetisyen Gülfem Yedier Alicikoğlu | Bahçeşehir,+905378496694,Diyetisyen
Diyetisyen Elif Kırali,+905326692092,Diyetisyen
Diyetisyen Eda Nur Kırmızı,+905326979434,Diyetisyen
Bahçeşehir Diyetisyen M.Canan Özdemir,+905411941840,Diyetisyen
Diyetisyen Fulya Taşçı,+905323184464,Diyetisyen
Diyetisyen Nurseda Aysan Sevindik,+905324378917,Diyetisyen
Beslenme ve Diyet Uzmanı Diyetisyen Esra Balkan,+905412008686,Diyetisyen
Denge Diyetisyen Kliniği,+905364754812,Diyetisyen
Uzman Diyetisyen Melis Usta,+905397222020,Diyetisyen
DERYA GÜZEL ONLINE BESLENME VE DİYET DANIŞMANLIK MERKEZİ,+905301394608,Psikolog / Terapist
Diyetisyen Seren Budak,+905448054045,Diyetisyen
Diyetisyen Büşra Avşaroğlu Beslenme ve Sağlıklı Yaşam Merkezi,+905348408544,Diyetisyen
Diyetisyen Melek Çavuş,+905061284947,Diyetisyen
DİYETİSYEN MELİSA AYTEKİN,+905461660404,Diyetisyen
Serra Özkan Sezgisel Yeme Danışmanlığı,+905525179792,Diyetisyen
Nazlı ÇELİK Sağlıklı Beslenme ve Diyet Danışmanlığı Merkezi,+905548633758,Diyetisyen
Diyetisyen Gizem Gümüşhan,+908504747965,Diyetisyen
360° FIT ESENYURT,+905496301360,Diğer (Sağlık & Bakım)
Diyetisyen Orçun Ali Demir Bahçeşehir Şube - İştah Kapatma Terapisi,+905442324117,Psikolog / Terapist
N FITNESS CLUB,+905314074858,Kuaför / Berber
Bahçeşehir Diyet Merkezi,+905057988434,Diyetisyen
Fizyomedika- Uzm fizyoterapist Timur Eyup,+905453369939,Psikolog / Terapist
Aktay Fizyoterapi Merkezi,+905343009344,Psikolog / Terapist
Bahçeşehir Diyetisyen - Ayşe Cengiz Beslenme Akademisi,+902126699944,Diyetisyen
MEDİFİT DİYET VE SAĞLIKLI YAŞAM MERKEZİ /DİYETİSYEN ERKAN ULUDAĞ,+905318249388,Diyetisyen
Uzman Diyetisyen Şebnem Dicle,+905304166990,Diyetisyen
Diyetisyen Anıl Uluç,+905423923193,Diyetisyen
Fulya Şah Güzellik Merkezi,+905333973280,Güzellik Salonu
Diyetisyencim,+905510988585,Diyetisyen
Diyetisyen Buse Özdemir,+905392761296,Diyetisyen
Uzman Diyetisyen Muhammed Ali POLAT,+905373693676,Diyetisyen
Mina Güzellik Merkezi - Lazer Epilasyon - Cilt Bakım - İpek Kirpik,+905418253959,Güzellik Salonu
Hafize Topal Güzellik Salonu,+905326411920,Güzellik Salonu
Nova Güzellik Salonu,+905553716892,Güzellik Salonu
Bir Ömür Güzellik,+905313704715,Güzellik Salonu
Mehtap Akdağ Güzellik Salonu,+905327065570,Güzellik Salonu
Güzellik Salonu,+905494450684,Güzellik Salonu
SheMedworld Güzellik Merkezi Esenyurt,+902126894084,Güzellik Salonu
Salon mavera lazer epilasyon ve güzellik salonu,+905326846093,Güzellik Salonu
Ges Güzellik Epilasyon Esenyurt,+905422464437,Güzellik Salonu
Relax Güzellik Merkezi,+905057539312,Güzellik Salonu
Melek Nas Güzellik Merkezi,+905332097353,Güzellik Salonu
CEREN ÇAKIR GÜZELLİK SALONU,+905441423434,Güzellik Salonu
Esenyurt Güzellik Salonu,+905334605403,Güzellik Salonu
BEAUTYLAND by Güneş - Güzellik Salonu,+905379181676,Güzellik Salonu
Neu Güzellik Merkezi - Esenyurt,+905335606934,Güzellik Salonu
Vivi Güzellik,+902127412431,Güzellik Salonu
NURAY KAYA Nur'la güzellik,+905336320072,Güzellik Salonu
Esenyurt Güzellik merkezi Sema Bican,+905056618128,Güzellik Salonu
Esenyurt Protez Tırnak & Güzellik Salonu by HazalSarıtaç,+905384521488,Güzellik Salonu
My magic VİP güzellik merkezi,+905428150990,Güzellik Salonu
Massari Esthetic Güzellik Salonu | Protez Tırnak | İpek Kirpik | Hydrafacial Cilt Bakımı | Lazer Epilasyon |,+905300822747,Güzellik Salonu
Şeri Life Beauty Center Esenyurt,+905056883788,Güzellik Salonu
ESTE CORNER GÜZELLİK MERKEZİ & BAYAN KUAFÖRÜ,+905424951023,Güzellik Salonu
Clove Beauty Center,+905411584365,Güzellik Salonu
Gizem Deniz Beauty,+905324353305,Güzellik Salonu
Relax Lazer Epilasyon Esenyurt Şubesi,+902129248663,Güzellik Salonu
Glow Touch Beauty,+905437389725,Güzellik Salonu
GÜZELLİK SALONU BİNEFES,+905333470103,Güzellik Salonu
DENİZ GÜZELLİK SALONLARI VİP,+905366638834,Güzellik Salonu
Esenyurt Büşra Demirer kuaför güzellik salonu,+905344159378,Güzellik Salonu
EN LOTUS GÜZELLİK SALONU,+905422696561,Güzellik Salonu
Biblo Güzellik,+902125961417,Güzellik Salonu
Rüya Karasu Beauty Center,+905372420256,Güzellik Salonu
Elif Kahveci Beauty & Bayan Kuaförü Saç Tasarımı,+905538543068,Güzellik Salonu
Zümrüt Güzellik Esenyurt,+905434564449,Güzellik Salonu
Şasenem güzellik salonu,+902128522741,Güzellik Salonu
La novia güzellik,+905305995773,Güzellik Salonu
Sunay Hangül Kuaför ve güzellik salonu,+902126205729,Güzellik Salonu
Eylül Turan Güzellik Merkezi,+905539242368,Güzellik Salonu
Dogam Güzellik Kaş Tasarım Merkezi,+905528360505,Güzellik Salonu
Elegans Güzellik Salonu | Buz Lazer Epilasyon | Soprano Titanium | Cilt Bakımı | G5 Masajı,+905302033303,Güzellik Salonu
Esenyurt Protez Tırnak &İpek Kirpik Studio (Esya Güzellik Salonu),+905303486749,Güzellik Salonu
Aurayz hair beauty,+905015689073,Güzellik Salonu
Glamora Beauty,+905010533737,Güzellik Salonu
EStila Güzelik Salonu,+905071865608,Güzellik Salonu
City Clinic Esenyurt Lazer Epilasyon Bölgesel İncelme ve Cilt Bakım Merkezi,+905421007315,Güzellik Salonu
Sena Beauty Studio,+905321303875,Güzellik Salonu
Neslihan Geçmen Bay & Bayan Güzellik Salonu,+905538611361,Güzellik Salonu
Only Women Güzellik Salonu,+905334195748,Güzellik Salonu
Vip City Center Güzellik,+905540085350,Güzellik Salonu
BKM Güzellik Salonu,+905452526643,Güzellik Salonu
Mekselina Güzellik Salonu,+905399510277,Güzellik Salonu
By Sena Ay Afrika Örgüsü - Protez Tırnak Salon,+905302892879,Güzellik Salonu
Eleven Beauty Land,+905050506664,Güzellik Salonu
Meryem Kayıkcı Güzellik Salonu,+905386713873,Güzellik Salonu
Sude beauty güzellik salonu,+905520154227,Güzellik Salonu
Azra Güzellik Salonu,+905304071365,Güzellik Salonu
Birsen Güzellik salonu,+905355621696,Güzellik Salonu
Şam Güzellik salonu,+905396333607,Güzellik Salonu
Bella & Labella Güzellik Salonu,+905336263600,Güzellik Salonu
Yelsa Güzellik Salonu,+905307697019,Güzellik Salonu
Gökçe Güzellik bakım | Esenyurt Güzellik Salonu,+905304951088,Güzellik Salonu
EPİK KUAFÖR MERKEZ,+902128715131,Kuaför / Berber
MNF PLUS GÜZELLİK,+905050080104,Güzellik Salonu
Maral Güzellik Salonu,+905319441168,Güzellik Salonu
Luamed Beauty,+905422834219,Güzellik Salonu
Damla Kuaför & Güzellik & Gelinlik,+905395899666,Güzellik Salonu
Milen London Beauty,+905307229600,Güzellik Salonu
Esenyurt Masaj Salonu Mutlu Son,+905016051531,Güzellik Salonu
Güneş güzellik,+905073565088,Güzellik Salonu
Ece Guzellik Salonu,+905389288344,Güzellik Salonu
Evo Güzellik,+905394482434,Güzellik Salonu
Marry İstanbul güzellik ve bakım vip Esenyurt şubesi,+905335838404,Güzellik Salonu
Selin Gönültaş Studio,+905308841949,Güzellik Salonu
Pırlanta Vip Güzellik Salonu,+905389766413,Güzellik Salonu
Lavista Hair Studio by Bahadır Burak,+905348419544,Kuaför / Berber
Sudem güzellik salonu,+905398224858,Güzellik Salonu
The karadağ kuaför salonu,+905347782386,Kuaför / Berber
Timo güzellik salonu,+905540214014,Güzellik Salonu
Orkide Güzellik Salonu,+902128524717,Güzellik Salonu
Esenyurt Masaj Salonu - Esenyurt ę̴̨ş̨́ç̰̄ō̋ř̨̋ţ̨̨͠,+905015872558,Kuaför / Berber
Mia Bella Beauty Center & Esenyurt Güzellik Salonu,+905318577176,Güzellik Salonu
Derin Bozkurt Life Center,+905533338513,Güzellik Salonu
Pırlanta Güzellik Merkezi,+902124382425,Güzellik Salonu
Espina Kuaför Beylikdüzü,+905307722422,Kuaför / Berber
"Mavia Spa Wellness Center ( Masaj salonu , hamam ve spa merkezi )",+905411220076,Kuaför / Berber
Nabi Erdem Hair Studio,+902128536333,Kuaför / Berber
Hatice Efkan Make Up,+905319144488,Güzellik Salonu
Esenyurt Masaj Salonu (As),+905364144760,Kuaför / Berber
Taçmin Güzellik ve Kuaför Salonu,+905335400390,Güzellik Salonu
LORENZ SOLARYUM,+902128522885,Kuaför / Berber
Kuaför Yener Niler,+905384704646,Kuaför / Berber
Premium Spa Masaj - Beylikdüzü,+905065767678,Diğer (Sağlık & Bakım)
Frame Bayan Kuaförü,+902128534244,Kuaför / Berber
Elux Kuaför,+902128530058,Kuaför / Berber
mania Güzellik Salonu,+905315749499,Güzellik Salonu
Prive Spa & Masaj Salonu Esenyurt,+905319296248,Kuaför / Berber
Bgm Estetik Beylikdüzü,+902124013424,Güzellik Salonu
LİNA Kuaför ve Güzellik Salonu,+905331701687,Güzellik Salonu
Emsal Doğan Bahçeşehir,+902126080068,Güzellik Salonu
Fatma Hatay Estetik ve Güzellik Merkezi,+905422707414,Güzellik Salonu
San Kuaför Bahçeşehir,+905324192933,Kuaför / Berber
Tuncay Meric Bayan Kuaförü,+902126990137,Kuaför / Berber
MYHAIRSALON,+902125965858,Kuaför / Berber
4K HAİR BAYAN KUAFÖRÜ(esenyurt meydan),+905433589644,Kuaför / Berber
ESPİNA KUAFÖR ORİON(BULUT DURAĞI),+905330946883,Kuaför / Berber
SALON REPAİR BAYAN KUAFÖRÜ,+905303005530,Kuaför / Berber
Espina Kuaför Tabela,+905323902900,Kuaför / Berber
Liyana Kuaför ve Güzellik,+905449330023,Güzellik Salonu
Noar Hair Studio,+905385748771,Kuaför / Berber
Flora Bayan Kuaförü,+905455804093,Kuaför / Berber
Efsane Kuaför & güzellik,+902125905370,Güzellik Salonu
EPİK KUAFÖR,+902128521020,Kuaför / Berber
Yağmur Demir Bayan Kuaförü,+905427417162,Kuaför / Berber
Beren Bayan Kuaförü,+905356867684,Kuaför / Berber
Makeup bayan kuaförü esenyurt,+905348221167,Güzellik Salonu
MODERN KUAFÖR,+905465997540,Kuaför / Berber
Kampüs Bay & Bayan Kuaför,+905416640399,Kuaför / Berber
Salon Es bayan kuaförü,+905386247666,Kuaför / Berber
Kuaför Erol,+905323836127,Kuaför / Berber
AKAY KILINÇ ERKEK KUAFÖRÜ,+905312260023,Kuaför / Berber
Değişim Kuaför Beylikdüzü Delta Plaza,+905311024191,Kuaför / Berber
Mesut Ozan Kuaförü,+905303589055,Kuaför / Berber
Yiğit Yaman Kuaför,+905396695025,Kuaför / Berber
Salon Maxi,+905070048200,Kuaför / Berber
Kuaför Ali Esenyurt,+905352179567,Kuaför / Berber
MURAT KIRIMLI HAIR ARTIST,+905344313200,Kuaför / Berber
Mavi hair bayan kuaförü,+905397943934,Kuaför / Berber
Salon yesılkoy bayan kuaforu,+905397068468,Güzellik Salonu
CK KUAFÖR,+902127774545,Kuaför / Berber
Hakan Sasa Kuaför,+905554006863,Kuaför / Berber
Kuaför Okan,+905388735002,Kuaför / Berber
Salon Black Erkek Kuaförü,+905394025998,Kuaför / Berber
Özge Bayan Kuaförü,+905358733944,Kuaför / Berber
Le Makas Kuaför,+902128520222,Kuaför / Berber
Kuaför Gürhan bay,+905327415483,Kuaför / Berber
Papatyam Bayan Kuaförü,+905300684138,Kuaför / Berber
Özge Güven Beauty | Esenyurt Kıraç Kadın Kuaförü,+905327883824,Güzellik Salonu
Özgür Aras Formen Kuaför,+905416720451,Kuaför / Berber
Esenyurt Serhat Erkek Kuaförü,+905395940802,Kuaför / Berber
Beylikdüzü Esenyurt Kuaför Ergün Man Kuaför,+905456172579,Kuaför / Berber
Tarhan Kuaför,+905379135446,Kuaför / Berber
NUR Bayan Kuaförü KIRAÇ,+905388173553,Kuaför / Berber
Hitstil bay bayan kuaför,+905346881668,Kuaför / Berber
Tuana Bayan Kuaförü,+902126992883,Kuaför / Berber
Seda Kuaför,+902126728799,Kuaför / Berber
Salon Yeşilkōy 2 Bayan Kuaförü,+905388187732,Kuaför / Berber
Papatya bayan kuaförü,+905358208823,Kuaför / Berber
Es-Se Coiffeur,+902129313652,Kuaför / Berber
Hanımeli Kuaför Salonu Esenyurt,+905425545113,Kuaför / Berber
Berlin kuaför esenyurt saç kaynak merkezi,+905416227495,Kuaför / Berber
Yunus Karanfil Erkek Kuaförü,+905530846543,Kuaför / Berber
Kuaför erkekçe,+905397258828,Kuaför / Berber
Saloon Peker Erkek Kuaförü,+905397014510,Kuaför / Berber
Bay & Bayan Nlogo Kuaför,+905392249579,Kuaför / Berber
Güven Bayan Kuaförü,+905362665283,Kuaför / Berber
Remzi Erkek Kuaförü,+902128538118,Kuaför / Berber
Lady Kuaför Derya Tarim,+905332429711,Kuaför / Berber
Ercan Aydemir bayan kuaförü,+902128531321,Kuaför / Berber
Taner erkek kuaförü,+905316069050,Kuaför / Berber
Kuaför Serpil,+905397662345,Kuaför / Berber
Protez Tırnak & Bayan Kuaförü Ferit,+905385140204,Güzellik Salonu
Salon Tuğba - Esenyurt,+905435090712,Kuaför / Berber
NS Kuaför Saç ve Türban Tasarım,+905449781503,Kuaför / Berber
Hairport Kuaför,+905384498998,Kuaför / Berber
Duru Kuaför Güzellik Salonu,+902129249720,Güzellik Salonu
emrahair,+905466045152,Kuaför / Berber
Ümit Erkek Kuaförü,+905377356528,Kuaför / Berber
Emrah Ağgül Berber,+902126205049,Kuaför / Berber
Aslan kuaför,+905359428937,Kuaför / Berber
ESENYURT BERLİN KUAFÖR,+905448394689,Kuaför / Berber
Kuaför FEYZULLAH,+905514056222,Kuaför / Berber
Atala Erkek Kuaförü,+905520209798,Kuaför / Berber
Salon Moss Erkek kuaförü,+905372051197,Kuaför / Berber
KARAYEL ERKEK KUAFÖRÜ,+905346331918,Kuaför / Berber
Psikolog Atakan ŞAHİN,+905326629308,Psikolog / Terapist
Esenyurt Beylikdüzü Uzman Psikolog Saadet Erdoğan,+905384840866,Psikolog / Terapist
RUKEN PSİKOLOJİ,+905457853695,Psikolog / Terapist
Uzman Klinik Psikolog Melis Esmen,+905423128912,Psikolog / Terapist
Psikolog Kudret Öztürk,+905382052243,Psikolog / Terapist
Uzman psikolog Selman SONĞUR,+905312122212,Psikolog / Terapist
Terapim Psikoloji Danışmanlık,+905337498642,Psikolog / Terapist
Uzman Psikolog Öznur Karabaş,+905305628624,Psikolog / Terapist
Klinik Psikolog Ece Tilbe Aksu,+905523232233,Psikolog / Terapist
Klinik Psikolog Esma Nur Doğan,+905370503668,Psikolog / Terapist
Ferah Psikoloji,+905396041090,Psikolog / Terapist
Bahçeşehir Psikolog - Bozalp Psikoloji Psikoterapi ve Danışmanlık Merkezi,+905320683791,Psikolog / Terapist
Lotusta Psikoloji,+905524456887,Psikolog / Terapist
LOTUS PSİKOLOJİK DANIŞMANLIK MERKEZİ -UZMAN PSİKOLOG NURGÜL BAHADIR,+905424056887,Psikolog / Terapist
Uzman Klinik Psikolog Belgin ÇAMURCU KONUK,+908508117031,Psikolog / Terapist
Beylikdüzü Psikolog- Rüya Psikoloji- Psikolog Zeynep Özgan-Defne Baykal- Çocuk Aile ve Yetişkin Danışmanlığı,+905334064486,Psikolog / Terapist
Lavin Psikolojik Danışmanlık,+905455965246,Psikolog / Terapist
PSiKOLiUM Danışmanlık ve Koçluk Merkezi Beylikdüzü Psikolog & Beylikdüzü Pedagog,+902128720088,Psikolog / Terapist
Uzman Klinik Psikolog Zeynep Ak Eğilmez,+905053970969,Psikolog / Terapist
"Uzm. Kl. Psk. Melda Şentürk, Psikoloji",+905323551653,Psikolog / Terapist
İyimser Psikoloji,+905322047456,Psikolog / Terapist
"Klinik Psikolog Melisa Küpeli, Birey ve Çift Terapisti",+905343003314,Psikolog / Terapist
3-GEN PSİKOLOJİ DANIŞMANLIK MERKEZİ,+905318519719,Psikolog / Terapist
Çınar Psikolojik Danışmanlık Merkezi,+902128525377,Psikolog / Terapist
Beylikdüzü Klinik Psikolog Fulya Tepret,+905516893868,Psikolog / Terapist
"Klinik Psikolog Buse Yağmur, Psikoloji",+902129794000,Psikolog / Terapist
Psikolog Psikodestek Beylikdüzü Şubesi,+902128063482,Psikolog / Terapist
Mood Psikoloji Danışmanlık Merkezi,+905395657163,Psikolog / Terapist
Psikolog Zehra Marakoğlu Berk,+905069010911,Psikolog / Terapist
Uzman Klinik Psikolog Ecem Erdem,+905433840809,Psikolog / Terapist
"Uzm. Dr. Uğraş Erman Uzun, Psikiyatri",+905456233400,Psikolog / Terapist
Ars Psikoloji & Danışmanlık,+905455337098,Psikolog / Terapist
Korteks Psikolojik Danışmanlık Merkezi,+905357161571,Psikolog / Terapist
Tin Psikolojik Danışmanlık ve Eğitim Merkezi,+905452203022,Psikolog / Terapist
Klinik Psikolog Dr. Nurdan GÜNDOĞDU,+905335042373,Psikolog / Terapist
TERAPİEVİ - Ruh Sağlığı Rehberi,+905348197142,Psikolog / Terapist
Psikiyatrist Dr. Ebru TOPRAK,+905424537787,Psikolog / Terapist
Hakan Psikoterapi,+905065944775,Psikolog / Terapist
Yörünge Psikolojik Danışmanlık,+902163250469,Psikolog / Terapist
BNG PSİKOLOJİ,+905362078958,Psikolog / Terapist
Psk. Betül Bozoğlan,+908508118841,Psikolog / Terapist
"Psikolojik Danışman Aslı Salman Aile Çift Danışmanı- Çocuk Ergen Yetişkin danışmanlık, Oyun Danışmanlığı, Psikolog desteği",+905388463778,Psikolog / Terapist
SİNE PSİKOLOJİ- Uzm.Psk.Sinem ERUSTA-Beylikdüzü Psikolog,+905452125874,Psikolog / Terapist
Psikolog - Oyun Terapisti Beyza Güney,+905414327446,Psikolog / Terapist
Psikolog Dilek Sevil,+905057667834,Psikolog / Terapist
Psikolog Ceylan Özkan,+905384413848,Psikolog / Terapist
Psikolog Öykünaz Banaz,+908504747478,Psikolog / Terapist
Uzman Klinik Psikolog ELİF SEÇİLMİŞ,+908508112706,Psikolog / Terapist
REME Danışmanlık Dr. Abdulrezzak ÇİL,+905326255295,Psikolog / Terapist
Özel Sağlık Meslek Hizmet Birimi Klinik Psikolog S.Seda Sarıkartal,+905333551987,Psikolog / Terapist
Psikolog Aleyna Temtek,+905357797685,Psikolog / Terapist
Uzman Klinik Psikolog Deniz Çalı,+905325880693,Psikolog / Terapist
Psikodinamik Atölye,+905054954727,Psikolog / Terapist
"Beylikdüzü Çift Terapisti, Evlilik Terapisti, İlişki Terapisti - Serhat DAMAR",+905323221770,Psikolog / Terapist
Psikolog Emre Başak - Beylikdüzü Psikolog - Beylikdüzü Terapi,+905393998594,Psikolog / Terapist
İSDEM Psikoloji - İstanbul Danışmanlık ve Eğitim Merkezi,+905320508930,Psikolog / Terapist
"Uzm. Kl. Psk. Asiye Nur Nihan Yurdakul, Psikoloji",+905326691032,Psikolog / Terapist
"Uzman Klinik Psikolog Özlem Serpen, Psikoloji",+905327892680,Psikolog / Terapist
Psikolog Evin Ateş | Beylikdüzü Psikolog ve Aile Danışmanı,+905539282698,Psikolog / Terapist
Uzman Klinik Psikolog Gökçe Mamati,+905332215873,Psikolog / Terapist
Vajinismus Tedavisi,+905077012011,Psikolog / Terapist
Dr. Öğr. Üyesi Deniz YILDIZ,+905528228719,Psikolog / Terapist
Bağ Psikoloji Danışmanlık ve Eğitim Merkezi,+905455405676,Psikolog / Terapist
Estela Estetik ve Güzellik Esenyurt,+905451961355,Güzellik Salonu
Ahenk Güzellik ve Estetik Merkezi,+905428930075,Güzellik Salonu
Deniz Beauty Estetik & Güzellik,+905074434534,Güzellik Salonu
New İstanbul güzellik merkezi,+905325140628,Güzellik Salonu
Estelina Estetik Ve Güzellik Merkezi,+905529470651,Güzellik Salonu
Elitium Estetik ve Güzellik Merkezi,+905304746000,Güzellik Salonu
esthetion beauty,+905322069620,Güzellik Salonu
Çiğdem Koç Güzellik Salonu,+905322377590,Güzellik Salonu
Clean women beauty,+905549522368,Güzellik Salonu
Selenge Estetik,+905013218412,Güzellik Salonu
Lavinya Estetik ve Güzellik,+905451464747,Güzellik Salonu
Estething Esenyurt,+905531251502,Güzellik Salonu
EB Estetik Life Güzellik Merkezi,+905411401334,Güzellik Salonu
Pudra Epilasyon Studio,+905334513967,Güzellik Salonu
Asmin Güzellik Merkezi,+905423916521,Güzellik Salonu
BK GÜZELLİK MERKEZİ,+905526532113,Güzellik Salonu
Dilek Şendur Güzellik Stüdyosu,+905306267509,Güzellik Salonu
Sirius Güzellik Merkezi,+905385985231,Güzellik Salonu
Medicos Estetik,+905413955042,Güzellik Salonu
Likapa Güzellik,+905387029410,Güzellik Salonu
İlknur Altaş Güzellik Merkezi,+905455725456,Güzellik Salonu
Dr. Ergin HAZAN /Estetik ve Kozmetik Uygulamalar / Botoks / Yüz Dolgusu / Dudak dolgusu / Prp / Mezoterapi,+905011418489,Psikolog / Terapist
Esteticca Güzellik,+905550604460,Güzellik Salonu
Mustafa Akkoyun Erkek Kuaförü & Güzellik Salonları,+902128537172,Güzellik Salonu
Dermaten Medikal Estetik Merkezi,+905423376210,Güzellik Salonu
Ayşe Erge,+905336739288,Güzellik Salonu
Hili Clinic,+905540080500,Güzellik Salonu
Dilma Clinic,+905318614346,Diğer (Sağlık & Bakım)
Dr. Fatih Burak Medikal Estetik Akupunktur,+902128523886,Güzellik Salonu
Özel Estetik Form Dent Ağız & Diş Sağlığı Polikliniği,+905458755006,Diş Kliniği
Paye Güzellik Salonu,+905526852122,Güzellik Salonu
"La Perla | Beylikdüzü, Esenyurt Epilasyon ve Güzellik Merkezi",+905422845377,Güzellik Salonu
Atak Estetik Kozmetik ve Medikal Ürünleri,+905359747606,Güzellik Salonu
Este Verita Beylikdüzü Güzellik Merkezi,+905451417601,Güzellik Salonu
Healtouch Clinic,+905330740300,Güzellik Salonu
Beauty Palace Beylikdüzü,+905334092545,Güzellik Salonu
MES GÜZELLİK MERKEZİ,+905313680521,Güzellik Salonu
Life Line Aesthetic,+905418249930,Güzellik Salonu
Estelina Estetik Ve Güzellik Merkezi,+905443424422,Güzellik Salonu
...,+905416716061,Güzellik Salonu
SMR PERA GÜZELLİK,+905306653600,Güzellik Salonu
Elif İnceçelikli Beauty,+905305513700,Güzellik Salonu
"Cleniva Clinic - İstanbul Saç Ekimi, Estetik Cerrahi, Medical Estetik Merkezi",+905306670722,Güzellik Salonu
MY CHOİCE Beauty Center AKBATI,+905517437383,Güzellik Salonu
NOVVA SPA & GÜZELLİK,+905331273951,Güzellik Salonu
Selda Can Güzellik Salonu,+905334540884,Güzellik Salonu
Healdone,+902128850000,Diğer (Sağlık & Bakım)
Tuğba Bucak Beauty | Erkek & Kadın Güzellik Merkezi,+905462468781,Güzellik Salonu
Else Güzellik,+905310267617,Güzellik Salonu
Arman Beauty Güzelliğin Merkezi,+905539703428,Güzellik Salonu
BF Güzellik Merkezi,+905521571787,Güzellik Salonu
Özel Dermaled Polikliniği,+902126698259,Güzellik Salonu
Cadde Estetik & Güzellik,+902128766689,Güzellik Salonu
Meadiateam Güzellik Merkezi (Timo Beauty Istanbul),+905424030878,Güzellik Salonu
Aler Beauty Beylikdüzü,+905321797562,Güzellik Salonu
Dental Estetik Ağız Ve Diş Sağlığı Polikliniği,+902124232168,Diş Kliniği
Asel Güzellik ve Estetik Merkezi,+905380303977,Güzellik Salonu
Estelife Türkiye,+905322014306,Güzellik Salonu
Larisa Spa Center,+905326555823,Diğer (Sağlık & Bakım)
Tİ Estetik,+905466398033,Güzellik Salonu
Ruken Kaya Güzellik,+905394930327,Güzellik Salonu
Eylül Yıldırım Estetik,+905325555555,Güzellik Salonu
Giyes World Güzellik,+905414409294,Güzellik Salonu
Manikürist,+905065454120,Kuaför / Berber
Hair & Heal Saç Ekimi,+905325418636,Kuaför / Berber
Goldmedist,+905073127275,Diş Kliniği
İpek Beauty Center,+905376982636,Güzellik Salonu
Özel Fi̇li̇z Cli̇ni̇ca Dental (ADSP),+905334222976,Diş Kliniği
e-Diş Esenyurt Ağız ve Diş Sağlığı Polikliniği,+905528705718,Diş Kliniği
İşler Ağız ve Diş Sağlığı Polikliniği,+908508886368,Diş Kliniği
Dent Life Ağız ve Diş Sağlığı Polikliniği - Esenyurt,+902126896950,Diş Kliniği
Esendent Ağız Ve Diş Sağlığı Merkezi,+905465961056,Diş Kliniği
ENFAL Ağız ve Diş Sağlığı Polikliniği,+902125901020,Diş Kliniği
SM Dent Ağız ve Diş Sağlığı Polikliniği,+905340369445,Diş Kliniği
TOSUN AĞIZ VE DİŞ SAĞLIĞI POLİKLİNİĞİ,+905412605079,Diş Kliniği
Özel Kıraç Ağız ve Diş Sağlığı Polikliniği,+902126891117,Diş Kliniği
Dent Clinique Ağız ve Diş Sağlığı Polikliniği,+905013716890,Diş Kliniği
Esenyurt Nöbetçi Dişçi | İmplant | Zirkonum | Ortodonti| Simdent Ağız ve Diş Sağlığı Polikliniği | Acil Diş,+905424810181,Diş Kliniği
Nöbetçi Dişçi Esenyurt | Özel AL Dental Ağız ve Diş Sağlığı Polikliniği Esenyurt Şubesi,+902129931668,Diş Kliniği
DÜNYADİŞ Ağız ve Diş Sağlığı Polikliniği,+902126203444,Diş Kliniği
Karaca Ağız ve Diş Tedavisi Merkezi,+902128236466,Diş Kliniği
Dr.Dent A-TİPİ AĞIZ VE DİŞ SAĞLIĞI POLİKLİNİĞİ,+905317752373,Diş Kliniği
Özel Esenyurt Magma Ağız ve Diş Sağlığı Polikliniği,+905421051500,Diş Kliniği
Dişyeri Grup Innovia Ağız ve Diş Sağlığı Polikliniği,+905355651544,Diş Kliniği
Özbey Dent Ağız ve Diş Sağlığı Polikliniği,+902128771414,Diş Kliniği
Özel Şenyüz Ağız ve Diş Sağlığı Polikliniği,+905301099858,Diş Kliniği
Ra Klinik Ağız ve Diş Sağlığı Polikliniği,+905360329200,Diş Kliniği
Mehmet Eker Ağız ve Diş Sağlığı Polikliniği Esenyurt,+905421095912,Diş Kliniği
Özel Er Ağız ve Diş Sağlığı Polikliniği,+905443824407,Diş Kliniği
DENTTEK AĞIZ VE DİŞ SAĞLIĞI POLİKLİNİĞİ,+902128535341,Diş Kliniği
Alataş Ağız ve Diş Sağlığı Polikliniği,+905078301777,Diş Kliniği
Diş Hekimi Tuba Dağ,+905396571447,Diş Kliniği
Özel Klinik 10 Ağız ve Diş Sağlığı Polikliniği,+902128525282,Diş Kliniği
Özel Mehtap Çakır Gülmez Ağız Ve Diş Sağlığı Polikliniği,+902125969712,Diş Kliniği
ÖZEL Esen Elit Ağız ve Diş Sağlığı Polikliniği,+905330982951,Diş Kliniği
İnci Park Ağız ve Diş Sağlığı Polikliniği,+905394130100,Diş Kliniği
Alpat Ağız ve Diş Sağlığı Polikliniği,+902127586860,Diş Kliniği
Dent Estetica Diş Polikliniği,+902128525232,Diş Kliniği
Fame Clinic,+905525800900,Diş Kliniği
Diş Hekimi N. Ahmet BOZYİĞİT,+905348871435,Diş Kliniği
Diş hekimi Navdar KIRAN,+905334456534,Diş Kliniği
Özel Serkan Çağlıyan Ağız ve Diş Sağlığı Polikliniği,+902126903000,Diş Kliniği
Dişhekimi Tenzil ADSIZ ÖZMEN,+902125964400,Diş Kliniği
Aydın Ağız ve Diş Sağlığı Polikliniği,+902126726261,Diş Kliniği
Diş Hekimi Emircan Kartay,+905425130465,Diş Kliniği
Özel Defne Dent Ağız ve Diş Sağlığı Polikliniği,+902126207970,Diş Kliniği
Diş Hekimi Aleyna Kesme,+905432720945,Diş Kliniği
Diş Hekimi Devran Anıl Özcan,+902128436565,Diş Kliniği
İkon Ağız ve Diş Sağlığı Polikliniği Kıraç Şubesi,+905446946420,Diş Kliniği
Diş Hekimi Fatih Kıvrak,+905425569542,Diş Kliniği
Özel Klasdent Ağız ve Diş Sağlığı Polikliniği,+902126894553,Diş Kliniği
Diş Hekimi Mehmet Doğan,+902126999112,Diş Kliniği
Dentalyum Ağız Ve Diş Sağlığı,+902126050707,Diş Kliniği
Kristaldent Ağız Ve Diş Sağlığı Polikliniği,+902129396991,Diş Kliniği
FERAH DENT AĞIZ VE DİŞ SAĞLIĞI POLİKLİNİĞİ,+905528313133,Diş Kliniği
Özel Akadental Diş Polikliniği,+905308790678,Diş Kliniği
Anıl Geda Diş Kliniği,+902128775004,Diş Kliniği
Medihaus Ağız Ve Diş Sağlığı Polikliniği,+905393402004,Diş Kliniği
Esenyurt Ortodonti - Diş Teli - İmplant Tedavisi,+905448568116,Diş Kliniği
Diş Hekimi Bayram Şahin,+902124231808,Diş Kliniği
Smile İnternational,+902128090661,Diş Kliniği
Dental Implant Clinic,+902129551210,Diş Kliniği
Diş Hekimi K. Hakan Aydın,+905557227252,Diş Kliniği
İkon Ağız ve Diş Sağlığı Polikliniği Bahçeşehir Şubesi,+905446946440,Diş Kliniği
yeşilyurt bk ağız ve diş sağlığı polikliniği (Dental clinic),+905427928884,Diş Kliniği
Sante Clinic,+905459104403,Diş Kliniği
Diş Hekimi Arzu Bilge Şencan,+902125938568,Diş Kliniği
"Dt. Ömer Faruk Armağan, Diş Hekimi",+905071486424,Diş Kliniği
Diş Hekimi Ramazan İnkaya,+908504748130,Diş Kliniği
Batı Ortodonti Estetik Diş Kliniği Beylikdüzü,+902128713700,Diş Kliniği
Diş Hekimi Yunus Gök,+902123020485,Diş Kliniği
Dr. Cenk Kaan Karadağlıoğlu,+902128543233,Diş Kliniği
SSPA Bahçekent Ağız ve Diş Sağlığı Polikliniği,+905330736494,Diş Kliniği
Smile Generation Clinic,+905013444411,Diş Kliniği
Diş Hekimi Aysun Armağan - Diş Hekimi Ahmet Avad - Diş Hekimi Bünyamin Güney,+905067024218,Diş Kliniği
Diş hekimi İbrahim Alpaslan,+905011328878,Diş Kliniği
Diş Hekimi Mehmet TAŞ,+905435588519,Diş Kliniği
Eylem Doyar Berköz,+902126992425,Diş Kliniği
Golden Wolf Ink | Dövme ve Piercing,+908503070368,Dövme & Piercing
Riot Tattoo,+905386394831,Dövme & Piercing
Esenyurt Dövmeci,+905397260155,Dövme & Piercing
Esenyurt Dövmeci & Piercing Stüdyo,+905550570368,Dövme & Piercing
Tattoo LİVA Piercing,+905305889875,Dövme & Piercing
Asgard Tattoo & Piercing | Beylikdüzü | Esenyurt Dövme Stüdyosu,+905322475205,Dövme & Piercing
Esenyurt X Ray Tattoo,+905530490461,Dövme & Piercing
Beylikdüzü Dövme,+905455571110,Dövme & Piercing
Hugi Artistic Tattoo,+905326062886,Dövme & Piercing
Black Sails Tattoo,+905367202417,Dövme & Piercing
TATTOO SALON ALINA,+905360203446,Dövme & Piercing
esmix tattoo piercing,+905422451196,Dövme & Piercing
Koriko Ink Tattoo Studio,+905389751197,Dövme & Piercing
tattoo gökhannn,+905302056705,Dövme & Piercing
AEM TATTOO STUDIO,+905324566090,Dövme & Piercing
Toomi Tattoo,+905467107000,Dövme & Piercing
ALAS TATTOO,+905388296296,Dövme & Piercing
Tattoo Lost Beylikdüzü Dövme,+905373204104,Dövme & Piercing
Tattoo WIND (Home Studio Dövme),+905394320312,Dövme & Piercing
A1TATTOO.ISTANBUL,+905055625601,Dövme & Piercing
Ustadtattoo Kalıcı Dövme Kaş Kontür..,+905393245472,Dövme & Piercing
Legend tattooo,+905050965541,Dövme & Piercing
beataa tattoo shop,+905077491830,Dövme & Piercing
ÇAKIR Tattoo,+905053267536,Dövme & Piercing
Furkan TATTOO ART 34,+905458316149,Dövme & Piercing
ahuraink,+905364470488,Dövme & Piercing
BEGGAR DÖVME TATTOO beylikdüzü esenyurt başakşehir,+905354001186,Dövme & Piercing
Bosphorus Ink Bahçeşehir Tattoo & Piercing Studio,+905304850591,Dövme & Piercing
Bahçeşehir Soil Tattoo,+905079491496,Dövme & Piercing
Tattoo öcoo,+905355852442,Dövme & Piercing
Arsha tattoo,+905432240571,Dövme & Piercing
Joker Tattoo Beylikdüzü,+905547093827,Dövme & Piercing
Etik Tattoo,+902128539339,Dövme & Piercing
W Tattoo House,+905330790666,Dövme & Piercing
Kitty ink club,+905011124997,Dövme & Piercing
Bahçeşehir Piercing,+905362116176,Dövme & Piercing
"Sam,tattoo",+905397465611,Dövme & Piercing
tattoo,+905523192474,Dövme & Piercing
tattooland studio,+905462397071,Dövme & Piercing
Scream Tattoo Piercing,+905389602049,Dövme & Piercing
Penguen tattoo,+905353310335,Dövme & Piercing
Orginal tattoo,+905524889982,Dövme & Piercing
S & S TATTOO GALLERY | AVCILAR DÖVME | AVCILAR TATTOO | PİERCİNG,+905439761968,Dövme & Piercing
AGRESİF TATTOO,+905330259181,Dövme & Piercing
Ramiztattooofficall,+905395690395,Dövme & Piercing
Chucky Tattoo,+905383290072,Dövme & Piercing
TATTO MERT,+905394310840,Dövme & Piercing
Beylikdüzü Tattoo,+905307117910,Dövme & Piercing
Pandahita,+905510406485,Dövme & Piercing
Yiğitem Tattoo,+905068434101,Dövme & Piercing
Tattoo pixi,+905433771487,Dövme & Piercing
REDWOLF TATTO,+905317380432,Dövme & Piercing
Tattoo Tonic,+905456056355,Dövme & Piercing
Dövmeci avcılar (Pyramid Tattoo Piercing Stüdyo),+905432523124,Dövme & Piercing
"Tattoo Tamara Nişantaşı ,,Beykent”",+905308904979,Dövme & Piercing
Steel Art Tattoo & Piercing Studio,+905388193596,Dövme & Piercing
Klinik Tattoo Piecing Dövme Silme,+905354245222,Dövme & Piercing
Bahçeşehir Tattoo Royal,+905318152630,Dövme & Piercing
TT BEAUY AND TATTOO SALON,+905365630518,Dövme & Piercing
Beylikdüzü Selfmade Ink Tattoo,+905522831564,Dövme & Piercing
Tattoo Art,+905384781818,Dövme & Piercing
Valentino Tattoo Studio,+905451780053,Dövme & Piercing
Blacktattoohomeofis,+905309724261,Dövme & Piercing
tattoocu birol,+905398209983,Dövme & Piercing
ÖZEL DENTALDENTE AĞIZ VE DİŞ SAĞLIĞI POLİKLİNİĞİ GÖKTÜRK,+902123222400,Diş Kliniği
Özel Eyüp Sultan Ağız ve Diş Sağlığı Polikliniği,+902126146648,Diş Kliniği
Özel Dişediş Ağız ve Diş Sağlığı Polikliniği,+902124173451,Diş Kliniği
Özel Okutandiş Ağız Ve Diş Sağlığı Polikliniği,+902124172121,Diş Kliniği
Megadiş Ağız ve Diş Sağlığı Polikliniği,+902125452025,Diş Kliniği
Vefadent Eyüpsultan Ağız ve Diş Sağlığı Polikliniği,+902129162229,Diş Kliniği
İtcDent Ağız ve Diş Sağlığı Polikliniği,+905449286944,Diş Kliniği
Alfa Dental Ağız ve Diş Sağlığı Merkezi,+905524181088,Diş Kliniği
Özel Sina Ağız ve Diş Sağlığı Polikliniği,+905530046797,Diş Kliniği
Halil Uyar Ağız ve Diş Sağlığı Polikliniği,+902126266034,Diş Kliniği
İdea Dental Clinic | dental implant | hollywood smile | gülüş tasarımı | ortodonti diş tedavisi | diş estetiği beyazlatma,+902123025070,Diş Kliniği
ÖZEL Güldüren Ağız ve Diş Sağlığı Polikliniği,+905307160274,Diş Kliniği
Venüs Dental Klinik,+905079714236,Diş Kliniği
Tepedent Ağız Ve Diş Sağlığı Polikliniği,+902124273699,Diş Kliniği
HALİÇDENT Ağız ve Diş Sağlığı Polikliniği,+902126271027,Diş Kliniği
Özel Alibeyköy Diş Tasarım Ağız ve Diş Sağlığı Polikliniği,+902126252529,Diş Kliniği
Pasifik Kemerburgaz Ağız ve Diş Sağlığı Polikliniği,+905432217595,Diş Kliniği
DİŞ KLİNİĞİ DİŞ HEKİMİ Dt.DENİZCAN DEMİR,+905435622862,Diş Kliniği
BEA Ağız ve Diş Sağlığı Polikliniği,+905548700407,Diş Kliniği
DentX 5. Levent Ağız ve Diş Sağlığı Kliniği,+902129245927,Diş Kliniği
Özel Sahra Ağız ve Diş Sağlığı Polikliniği,+902125342834,Diş Kliniği
Göktürk DentistaGroup Ağız ve Diş Sağlığı Polikliniği,+905413275289,Diş Kliniği
Neon Klinik,+902126746366,Diş Kliniği
Ataman Diş Polikliniği - Kadri Ataman,+902125658686,Diş Kliniği
DentX Korupark Ağız ve Diş Sağlığı Polikliniği,+902127065924,Diş Kliniği
Dentifly Clinic,+905454469990,Diş Kliniği
Rami Diş Kliniği,+902125637614,Diş Kliniği
MHG Dental Klinik(Dt. Muhammed Hanifi Güllüce),+905074542548,Diş Kliniği
Özel Cosmodent Ağız Ve Diş Sağlığı Polikliniği,+902123224004,Diş Kliniği
Diş Hekimi Muhammed Arslan,+905077753977,Diş Kliniği
Diş Hekimi Deniz Boybeyi,+905424693368,Diş Kliniği
Prodent Ağız Ve Diş Sağlığı Kliniği Göktürk,+902123226999,Diş Kliniği
Dış Hekımı Tolga Karaköse,+902123223828,Diş Kliniği
32 Diş Ağız ve Diş Sağlığı Polikliniği,+902125353232,Diş Kliniği
Diş Hekimi Dilara Peker,+905428228107,Diş Kliniği
Göktürk Ortodonti,+902124183333,Diş Kliniği
"İmplant Tedavisi, Diş Hekimi | Dr.Melis Kaman Halıcı",+905316984859,Diş Kliniği
Uzman Psikolog Asya Kayaslan,+905332655509,Psikolog / Terapist
HALE PSİKOLOJİ DANIŞMANLIK VE EĞİTİM MERKEZİ,+905050187734,Psikolog / Terapist
Tabiat Psikoloji Danışmanlık Merkezi,+905380916508,Psikolog / Terapist
Uzman Klinik Psikolog Yağmur Sude Bankır,+905421599083,Psikolog / Terapist
ESADEM - Eyüpsultan Aile Danışmanlık ve Eğitim Merkezi,+902124401544,Psikolog / Terapist
SYK Psikoloji Akademia Terapi Merkezi,+905401230044,Psikolog / Terapist
Uzman Klinik Psikolog Ezgi Sarıdaş,+905445503484,Psikolog / Terapist
Göktürk Psikoloji Danışmanlık Merkezi,+905053880300,Psikolog / Terapist
Uzman Klinik Psikolog Hacer Bolat,+905551983348,Psikolog / Terapist
Psikolog Eyüp Durmaz- Aile çift ve cinsel terapist- Bakırköy psikoloji - Bakırköy psikolog önerisi - Bakırköy en iyi psikolog,+905434971764,Psikolog / Terapist
Psikolog İnci Peşkircioğlu,+905323002812,Psikolog / Terapist
Uzman Klinik Psikolog Sena Kelleci,+905334721398,Psikolog / Terapist
Uzman Klinik Psikolog Melis Göryakın,+905376727732,Psikolog / Terapist
Klinik Psikolog Derya Karakaş Menteşe (Özel Sağlık Meslek Hizmet Birimi),+905522511233,Psikolog / Terapist
PEDAGO ÇOCUK ve AİLE EĞİTİM ve PSİKOLOJİK DANIŞMANLIK,+905300112272,Psikolog / Terapist
Klinik Psikolog Faik Cem Koç,+905355002299,Psikolog / Terapist
Klinik Psikolog Murat Tatar,+905525452822,Psikolog / Terapist
Arnavutköy Psikolog - TALYAS,+905510056617,Psikolog / Terapist
Uzman Psikolojik Danışman Belin Güner Nas,+905323442521,Psikolog / Terapist
Klinik Psikolog Esra Erduran Duvarcı Özel Sağlık Meslek Hizmet Birimi,+902123227780,Psikolog / Terapist
"Arnavutköy, Pera Danışmanlık Merkezi, Psikolog Mehtap Güven",+905538302141,Psikolog / Terapist
Psikiyatrist Dr. Sibel Üner,+905452133100,Psikolog / Terapist
"Betül ÖZ ER - Uzman Klinik Psikolog, Oyun Terapisti",+905331967780,Psikolog / Terapist
Klinik Psikolog Merve Yaşar,+905384848563,Psikolog / Terapist
Wonder Psikoloji,+905549510707,Psikolog / Terapist
Minddist,+905335565055,Diş Kliniği
Psikolog Yaren Yeniceli,+902129126540,Psikolog / Terapist
YENİ NESİL PSİKOLOG Psikolojik Danışmanlık Merkezi Çekmeköy Ümraniye,+905077436212,Psikolog / Terapist
Uzman Psikolog Kübra ŞAHİN,+905366016640,Psikolog / Terapist
Terapial Psikoloji Uzman Psikolog Beste Ayangil,+908504740682,Psikolog / Terapist
Arnavutköy Psikolog Özlem Ziyaoğlu,+905515877575,Psikolog / Terapist
İstanbul Klinik Psikolog Binnur Adıgüzel,+908504745235,Psikolog / Terapist
Helen Psikoloji&Akademi,+905317426708,Psikolog / Terapist
May Psikoloji,+905317276014,Psikolog / Terapist
Zen Psikoloji Danışmanlık Merkezi,+905531255949,Psikolog / Terapist
İçebakış Psikoloji,+905545055155,Psikolog / Terapist
​ ​ 3 Oda Eğitim-Danışmanlık-Atölye,+905307063632,Psikolog / Terapist
Lena Psikoloji,+902124884205,Psikolog / Terapist
Psk. Rüya Burcu Üstüner,+905321317027,Psikolog / Terapist
Klinik Psikolog Nazlı Obut,+905321608626,Psikolog / Terapist
Ruffs Tattoo,+905364876858,Dövme & Piercing
MAVİ TATTOO,+905558679335,Dövme & Piercing
Tattoo Stüdyo Ozi & Protez Tırnak Stüdyosu,+905305600196,Dövme & Piercing
Kuzgun Tattoo,+905342003947,Dövme & Piercing
Vice tatto,+905421883405,Dövme & Piercing
By Oğuz Tattoo,+905356423802,Dövme & Piercing
Ink11 Art Studio,+905317456194,Dövme & Piercing
DOVENADAM TATTOO,+905444828866,Dövme & Piercing
Alien Ink Tattoo | Bağdat caddesi dövme | Suadiye dövme,+905537163873,Dövme & Piercing
Tattoo blackk,+905467424872,Dövme & Piercing
Mayda Tattoo - Piercing,+905326779029,Dövme & Piercing
AAE Design,+905431001700,Dövme & Piercing
Nirvana Tattoo,+905353274884,Dövme & Piercing
Ataşehir Tattoo Art,+905347779663,Dövme & Piercing
estepuur Güzellik merkezi,+905332359704,Güzellik Salonu
Ecesu Beauty Studio | Güzellik Salonu | Cilt Bakımı | Bölgesel İncelme | Lazer Epilasyon | Kirpik Lifting | Alibeyköy,+905065203822,Güzellik Salonu
SEDEF ERTÜRK GÜZELLİK MERKEZİ,+905322472109,Güzellik Salonu
Eva Beauty Center Güzellik ve Diyetisyenlik Hizmetleri,+905324295641,Diyetisyen
Lin Güzellik Merkezi / TÜLAY TEZEL,+902125352545,Güzellik Salonu
Alibeyköy Güzellik Salonu,+905079848111,Güzellik Salonu
Hülya Sonay Estetik ve Güzellik Merkezi,+905383993953,Güzellik Salonu
Dermavise Eyüp,+905334593642,Güzellik Salonu
Kendini Sev Güzellik,+905325537451,Güzellik Salonu
Cemile Bayram Saç Bakım ve Güzellik Merkezi,+902124270005,Güzellik Salonu
Zaradis Güzellik Salonu,+902125646563,Diş Kliniği
Arzu Dinçel Güzellik Salonu,+902125811221,Güzellik Salonu
Bendis Güzellik,+905324569888,Diş Kliniği
Nilüfer Beauty,+902126253766,Güzellik Salonu
Estemia,+905330632350,Güzellik Salonu
Venüs Poliklinik,+905309608805,Kuaför / Berber
LA MELLY GÜZELLİK MELİKE ÖZÇOBAN,+905540241184,Güzellik Salonu
Vitruvian Clinic - Center of Surgeons,+902129092724,Diğer (Sağlık & Bakım)
Hatice Tut Güzellik Salonu,+905536037400,Güzellik Salonu
A Plus İstanbul Estetik | Meme Büyütme | Meme Küçültme | Meme Dikleştirme | Anne Estetiği | BBL Popo Estetiği |,+905326459112,Güzellik Salonu
Fiz Beauty Loft,+905344215143,Güzellik Salonu
BİOTEK BEAUTYCENTER,+905306853304,Güzellik Salonu
Madam Estetik,+902126497133,Güzellik Salonu
En İstanbul Kuaför Ve Güzellik Merkezi,+905389394537,Güzellik Salonu
"Op. Dr. Burhanettin Şahin Estetik, Güzellik ve Kadın Sağlığı Kliniği",+905322507486,Güzellik Salonu
Medikal Estetik Tıp Doktoru Selen Hanife HACIÖMEROĞLU,+905055784444,Güzellik Salonu
"Dr. Öznur Göyce |SIVI yüz germe,Botoks,Dolgu, Mezoterapi,FDA onayli lazerler,Morpheus 8,cilt bakimi,bölgesel incelme",+905530476471,Psikolog / Terapist
Dr.Seher Arı - Dermatoloji Uzmanı - Botox - Dudak Dolgusu - Leke Tedavisi - Cilt Gençleştirme - Altın İğne - Kök Hücre,+905323420807,Güzellik Salonu
NESLİ BEAUTY,+905434263511,Güzellik Salonu
My Plus Beauty House Güzellik Salonu,+905327301451,Güzellik Salonu
Eyüp Protez Tırnak,+905335070137,Güzellik Salonu
Fatoş Beauty Güzellik ve Estetik,+905358513645,Güzellik Salonu
Es Stil Güzellik Salonu,+902126145082,Güzellik Salonu
Beyoutiful İstanbul,+902123225070,Güzellik Salonu
Uz Güzellik Salonu,+905372920108,Güzellik Salonu
Nu day spa,+905413603326,Güzellik Salonu
White Boom Beauty Center,+905332903939,Güzellik Salonu
Moderna Aesthetic group,+905525260181,Güzellik Salonu
EYÜP SULTAN DR.MEHMET HATEMİ SÜNNET,+905528480545,Diğer (Sağlık & Bakım)
Sule Hair Transplant: Hair Transplant Turkey,+905456743191,Kuaför / Berber
EstetXBODY Estetik ve Güzellik Merkezi,+902123228260,Güzellik Salonu
Comfort Zone Surgery İstanbul,+905339547006,Güzellik Salonu
Selda Aydın Beauty,+905521743034,Güzellik Salonu
GÖNÜLDEN GÜZELLİK,+905346928317,Güzellik Salonu
Berkay Tulpar Clinic | Saç Ekimi ve Estetik Kliniği | Hair Transplant Turkey Istanbul | Aesthetic Clinic | Berkay Tulpar,+902129093746,Güzellik Salonu
Hülya’ca Vux Kadın Kuaförü,+905466782656,Güzellik Salonu
Kırmızı oje kemerburgaz,+905320630191,Kuaför / Berber
Yasemin Şan Beauty Lounge,+905443323300,Güzellik Salonu
Mercem Güzellik Merkezi,+905345224147,Güzellik Salonu
Deniz Güzellik Salonu,+902125810717,Güzellik Salonu
Esmanur Estetik ve Güzellik Salonu,+902124970047,Güzellik Salonu
Neowist Surgery,+902129162320,Güzellik Salonu
Teo Clinic,+905384450394,Güzellik Salonu
ÇETİN TEKİN KUAFÖR,+905360333889,Kuaför / Berber
Eser Kuaför eyüp istanbul,+905368878559,Kuaför / Berber
Nazan Tayfur Kuaför | Eyüp,+905444481449,Kuaför / Berber
Nisa bayan kuaför,+905317047975,Güzellik Salonu
Gülten & Yeşim Bayan Kuaförü,+905445272761,Kuaför / Berber
SPACE KUAFÖR,+902123227291,Kuaför / Berber
HM HAİR STUDİO BAYAN KUAFÖRÜ & ERKEK KUAFÖRÜ,+905443892555,Kuaför / Berber
Kuaför Beyhan,+902126265829,Kuaför / Berber
SALON NUSE,+902126123435,Güzellik Salonu
Kaan Bayan Kuaförü/Hair designer,+905345651660,Kuaför / Berber
SALON SİEM,+905301740409,Kuaför / Berber
Saloon Business,+905366838050,Kuaför / Berber
Süheyla Bayan Kuaförü,+905058408284,Kuaför / Berber
LEYLA GERÇEK SAÇ TASARIM,+902126272702,Kuaför / Berber
Erhan uysal hair lounge,+905426394915,Kuaför / Berber
KLEIN HAIR STUDIO,+902123025234,Kuaför / Berber
Gökhan sarımaden bayan kuaförü,+905307760074,Kuaför / Berber
SALON FRESH,+905011043701,Kuaför / Berber
HAİR DİZAYN BAYAN KUAFÖRÜ,+905340684853,Kuaför / Berber
Saloonveysel bayan kuaförü,+905078799918,Kuaför / Berber
Sosyete bayan kuaförü,+902126252666,Kuaför / Berber
Dileğimsin kuaför,+905320523685,Kuaför / Berber
Ender Dahan Hair Design,+902128090134,Kuaför / Berber
Nazende bayan kuaförü,+905515873453,Kuaför / Berber
Meral Bayan Kuaförü,+902126278701,Kuaför / Berber
ALİ GÜR KUAFÖR GÖKTÜRK,+902123222890,Kuaför / Berber
Trio Kuaför Güzellik Salonu - Göktürk,+905424407560,Güzellik Salonu
Kaizen Hairdressing Göktürk,+902123226200,Kuaför / Berber
The haır loft kuaför,+905350563482,Kuaför / Berber
Fatih KURT Hair Artist,+905317770203,Kuaför / Berber
Hair Gloss,+902123603804,Kuaför / Berber
Grena Kuaför,+902128001810,Kuaför / Berber
By Veli Saç Tasarım,+905353910845,Güzellik Salonu
Mech Hair 5 Levent Kuaför,+902129790288,Kuaför / Berber
Recep Koşar Bayan Kuaförü,+905335181496,Kuaför / Berber
Berre Bayan Kuaförü,+902124184848,Kuaför / Berber
Sevda Yalçın Kuaför,+905369925034,Kuaför / Berber
Salon by Senem Özdemir Kuaför ve Kalıcı Makyaj,+905333794767,Güzellik Salonu
Esse Kuaför Göktürk,+902128129002,Kuaför / Berber
Ras Göktürk,+905335405123,Kuaför / Berber
Haşt Master,+905364612529,Kuaför / Berber
Stage,+905393226357,Kuaför / Berber
Elit Erkek kuaför,+905317341610,Kuaför / Berber
Müslüm Bilgel - Göktürk Kuaför,+902123224243,Kuaför / Berber
Kadir Alkan Hair Artist Göktürk,+905052864475,Kuaför / Berber
Mosra Hair Studio,+905349767353,Kuaför / Berber
Cemaslan Hairdesign,+902123223888,Kuaför / Berber
Rio,+902123228074,Kuaför / Berber
Vedat Şancı Kadın Kuaförü,+902125013102,Kuaför / Berber
Vamos Hair Salon,+902129992327,Kuaför / Berber
Gamze bayan kuaförü,+902126261016,Kuaför / Berber
Can Asrak X Oğuz Çetin,+905411906567,Kuaför / Berber
Salon Göktürk,+905376266508,Kuaför / Berber
The Fame coiffure,+905439674516,Kuaför / Berber
Lounge 777 Hair Repair Studio,+905317065500,Kuaför / Berber
Elisa Kuaför,+902126266723,Kuaför / Berber
Kuaför Metin,+905349256845,Kuaför / Berber
Magical Fingers,+905337932172,Kuaför / Berber
Before & After,+905347303272,Kuaför / Berber
GÖKHAN ASAN BERBER,+905302098909,Kuaför / Berber
Pasa yılmaz,+905074536394,Kuaför / Berber
Göktürk Tara Kuaför,+902123222548,Kuaför / Berber
Reti Mari Güzellik Salonu,+905533286319,Güzellik Salonu
Charm Beauty Göktürk,+905521807215,Güzellik Salonu
Cut Labs - Göktürk Barbershop,+902129510541,Kuaför / Berber
Ef Kuaför Hair Designer,+905334353965,Kuaför / Berber
The Gents Göktürk,+905386248188,Kuaför / Berber
Grena kuafor,+902123220100,Kuaför / Berber
Hair Factory,+902123222455,Kuaför / Berber
Chic & Shine Beauty Studio,+905458295989,Güzellik Salonu
Yıldız Bayan Kuaförü,+905345953624,Kuaför / Berber
Ebil,+902123223721,Kuaför / Berber
Mustafa Doğan kuaför,+902123225051,Kuaför / Berber
By Es Studio,+905384141686,Kuaför / Berber
Feride Doğan Hair & Beauty,+905323760410,Güzellik Salonu
KÜBRA COIFFEUR,+905373698069,Kuaför / Berber
337 Hair Studio,+905348369073,Kuaför / Berber
Paw Star Pet Kuaför,+905324140693,Kuaför / Berber
ANIL YALNIZ Barber's club,+902123226308,Kuaför / Berber
CERIN KUAFÖR,+905304055699,Kuaför / Berber
Bay Tuna Pet Kuaför,+905437154693,Kuaför / Berber
EFİLE HAİR DESİGN,+902126402497,Kuaför / Berber
Cuts Studio Berber,+905303176569,Kuaför / Berber
Petsbeautyshop,+905331341051,Güzellik Salonu
Mis Erkek Kuaförü,+905373940792,Kuaför / Berber
Göktürk Kuaför / HAİRCODE,+902123224149,Kuaför / Berber
Kuaför Ünal Delipoyraz,+902123223097,Kuaför / Berber
Kuaför Mehmet,+905358560320,Kuaför / Berber
Master Hair Desing,+902123220057,Kuaför / Berber
Mustafa Isik Barbershop,+905307224758,Kuaför / Berber
daisy's pet grooming,+905307671322,Kuaför / Berber
The Most Göktürk,+902123220032,Kuaför / Berber
The Tanning Shop,+902123226487,Kuaför / Berber
Eyüp Lazer Epilasyon Merkezi,+905423167061,Güzellik Salonu
Sezer Deniz Hair Studio,+905335067965,Güzellik Salonu
svetlana nail art istanbul - Studio S,+905335427422,Güzellik Salonu
Esse Man Göktürk,+905421108187,Kuaför / Berber
Bianca Güzellik Merkezi,+902123225455,Güzellik Salonu
CAZ KOZMETİK,+905418342861,Güzellik Salonu
No1 Göktürk,+902128301388,Kuaför / Berber
Müge Güzellik Salonu,+902123221668,Güzellik Salonu
Kırmızı oje göktürk,+905421224258,Güzellik Salonu
Podolog Nejla Çelik,+905303739439,Güzellik Salonu
Büşra Menge Beauty,+905309496421,Güzellik Salonu
Butterflytouch masaj salonu,+902123228231,Kuaför / Berber
Gecem Beauty & Haır,+902124279662,Güzellik Salonu
By Derya Arıcı Nail & Beauty Studio,+905075177605,Güzellik Salonu
Ronay Şevval Beauty Güzellik & Bakım,+905308570788,Güzellik Salonu
EPİ GÜZELLİK SALONU,+905385804343,Güzellik Salonu
Tırnak Artist Göktürk,+905317096156,Güzellik Salonu
tirnakku_gokturk,+905411009985,Güzellik Salonu
Maya&Viktoria Nailart ve Güzellik Merkezi Göktürk,+905322449632,Güzellik Salonu
GÖKTÜRK NAİLS PROTEZ TIRNAK,+905326760357,Güzellik Salonu
Genç kulis hair studio,+905337377733,Kuaför / Berber
BirBerber & Çocuk,+902123225048,Kuaför / Berber
Jadore Beauty,+905467116168,Güzellik Salonu
Pure Hair Studio,+905413181515,Kuaför / Berber
MUSS Kuaför Ve Güzellik Salonu,+902123228883,Güzellik Salonu
Es Diva Nail Art protez Tırnak,+905388508367,Güzellik Salonu
Kaizen Beautify,+905423226920,Güzellik Salonu
Esenyurt Denza Pilates,+905316717534,Pilates / Yoga
Leona pilates studio,+905541260626,Pilates / Yoga
Çi Studio - Pilates,+905061572571,Pilates / Yoga
EN Pilates Studio,+905364712899,Pilates / Yoga
Pink Pilates,+905304641081,Pilates / Yoga
Esenyurt Pilates Salonu Sağlıklı Yaşam Merkezi,+905519953034,Pilates / Yoga
Arcane Fitness Pilates Spor Salonu,+908503055908,Pilates / Yoga
My Concept Pilates,+905332549610,Pilates / Yoga
Anatomy Fitness 7/24,+905536360577,Kuaför / Berber
Ronika reformer pilates,+905349608006,Pilates / Yoga
Natali pilates,+905452312398,Pilates / Yoga
Refor.Med Pilates Studio,+905378881955,Pilates / Yoga
Pilates Performans,+905398193939,Pilates / Yoga
Akbulut Bayan Fitness,+905345529082,Kuaför / Berber
Anatomy Fitness Club,+905446652060,Kuaför / Berber
Esenyurt GOLD’s Fitness Salonu,+905070616805,Kuaför / Berber
WOOM FİTNESS (Esenyurt Fitness Salonu),+905327457463,Kuaför / Berber
ASI Gym Pilates Beylikdüzü - EZGİ BÜYÜKSOY,+905424191084,Pilates / Yoga
Mert Özcan Studio,+905393034058,Kuaför / Berber
ANYTIMELIFE FITNESS,+905323718159,Kuaför / Berber
AKBULUT FİTNESS SPOR SALONU,+905384292413,Kuaför / Berber
Valencia pilates beylikdüzü 4,+905321705873,Pilates / Yoga
FIT Team Fitness,+905321004350,Kuaför / Berber
MATCHLESS FİTNESS 7/24,+905398648414,Kuaför / Berber
Old School Fitness,+905312089608,Kuaför / Berber
B12 Fitness,+905360563412,Kuaför / Berber
şana reformer pilates,+905309605356,Pilates / Yoga
Fit Station Esenyurt Cumhuriyet,+905305857030,Kuaför / Berber
Agena Fitness Club,+905352925316,Kuaför / Berber
DAVİNCİ FİTNESS SPOR SALONU,+902129990828,Kuaför / Berber
Ural fitness gym,+905337699934,Kuaför / Berber
Esenyurt Flex spor salonu 1,+905301662136,Kuaför / Berber
Atak spor salonu Esenyurt,+905521799282,Kuaför / Berber
Fidan Pilates Stüdyo,+905365151414,Pilates / Yoga
PRO FİTNESS CLUB,+905346350255,Kuaför / Berber
VIP Woman Fitness – Kadınlara Özel Spor Salonu,+905514540011,Kuaför / Berber
HAN SPA FITNESS,+902128535252,Kuaför / Berber
Zeyhan Pilates Akros İstanbul,+905306648460,Pilates / Yoga
MACFit Akbatı,+902123970431,Kuaför / Berber
The GYM A+ Fitness & Spa,+902128523905,Kuaför / Berber
Esenyurt Spor Salonu (Olimpic spor center) GYM,+905443011792,Kuaför / Berber
Fc Fitness Club,+902128543853,Kuaför / Berber
zeus fitness club,+902126727298,Kuaför / Berber
PlayStüdyo Beylikdüzü | Kadınlara Özel Spor Salonu,+902125997529,Kuaför / Berber
RA Pilates,+902128137145,Pilates / Yoga
Erocağı Spor Kulübü,+905434923722,Kuaför / Berber
Mysport Big Brother's Esenyurt,+905559784751,Kuaför / Berber
Kamil Üci Spor KULÜBÜ,+905353315060,Kuaför / Berber
AKADEMİ FORM SPOR MERKEZİ,+905372587990,Kuaför / Berber
Sport Club NJoy,+902128537302,Kuaför / Berber
Gorilla Gym & Fitness,+905342176533,Kuaför / Berber
HERO FİTNESS GYM,+905362193462,Kuaför / Berber
"Qfit Spa & Fitness - Havuz, Hamam ve Sauna",+902128868494,Diğer (Sağlık & Bakım)
Run 4 Life Spor Salonu,+905304749865,Kuaför / Berber
Fit Boom Club İnnovia 2,+905337853869,Kuaför / Berber
Reform Pilates Beylikdüzü,+905332023211,Pilates / Yoga
PARADOKS SPOR KULÜBÜ,+905415349076,Kuaför / Berber
AKfit Gym Studio Fitness,+905544178543,Kuaför / Berber
ÖRNEK ALTIN YUMRUK SK,+905465607368,Kuaför / Berber
Yıldızlar spor kulübü,+905357607255,Kuaför / Berber
RIZA YETİŞKİN SPOR KULÜBÜ,+905384081660,Kuaför / Berber
MOOW SPOR MAĞAZA,+905326993244,Kuaför / Berber
Neva Fizyoterapi ve Danışmanlık,+905357325934,Psikolog / Terapist
Mesutla Değişim Spor Merkezi (Mobile Personal Trainer),+905315756214,Kuaför / Berber
Aktive clup,+905307127460,Diğer (Sağlık & Bakım)
Regnum Fitness Spor Salonu,+908508851771,Kuaför / Berber
Gözde Halı Saha Spor Tesisleri,+905380382020,Kuaför / Berber
Kangoo Club Bahçeşehir,+905323406151,Kuaför / Berber
Şehit M. Caner Mert Spor Salonu,+902126998630,Kuaför / Berber
Meg Pilates,+905354561951,Pilates / Yoga
pilates öyküm,+905514082600,Pilates / Yoga
Reborn Pilates Arnavutköy,+905465908916,Pilates / Yoga
Flex Fitness,+902125978855,Kuaför / Berber
Elif Şentürk Pilates,+905347719069,Pilates / Yoga
Zeynep Binici fizyoterapi & pilates,+905417688328,Psikolog / Terapist
Arnavutköy kickboks crossfit fitness spor salonu,+905432462524,Kuaför / Berber
Vefa Pilates & Cimnastik Salonu,+905334044334,Pilates / Yoga
Network Fitness,+905418243704,Kuaför / Berber
Öz My Life Sports Club,+905325766091,Kuaför / Berber
HADIMKÖY KOÇ GYM,+905387098500,Kuaför / Berber
Kong Gym Spor Salonu Arnavutköy,+905355151496,Kuaför / Berber
RONİN GYM,+905356371359,Kuaför / Berber
U2Pilates,+905054699133,Pilates / Yoga
FİZYO ARNAVUTKÖY FİZİK TEDAVİ ve YAŞAM MERKEZİ,+905376894095,Psikolog / Terapist
Premium GYM,+905323068609,Kuaför / Berber
EF PRIME GYM,+905436573817,Kuaför / Berber
Arnavutköy Danışmanlık - Hanife Alpaydın,+905317062774,Psikolog / Terapist
Arnavutköy Psikolog Sevda Bozdemir,+905524688442,Psikolog / Terapist
MAT Psikolojik Danışmanlık Arnavutköy,+905469114249,Psikolog / Terapist
Asel Psikolojik Danışmanlık ve Metafizik,+905323798565,Psikolog / Terapist
İBB Arnavutköy Pdm,+902124497533,Psikolog / Terapist
Arnavutköy Uzman Klinik Psikolog Yusuf Pamuk,+905369779143,Psikolog / Terapist
İstanbul Psikolog-Online Terapi ve Yetişkin Psikolog Uzm. Psk.Tuğçe Dönmezer,+908504743613,Psikolog / Terapist
Liya Psikoloji,+905398520443,Psikolog / Terapist
ecenurpekcetin,+905421078082,Psikolog / Terapist
Uzman Klinik Psikolog Yaren Firuze IŞIN,+905351023183,Psikolog / Terapist
SİNAN ASAN HAİR ARTİST & BARBER SHOP ARNAVUTKÖY / İSTANBUL,+905300663055,Kuaför / Berber
Arnavutköy MaxSis Güzellik Salonu,+905530723061,Güzellik Salonu
Bahar Koca Güzellik Merkezi Arnavutköy Şube- Arnavutköy Güzellik Merkezi,+905013761556,Güzellik Salonu
Aslı Dursun Arnavutköy Güzellik Merkezi,+905384029030,Güzellik Salonu
Melisa Durmaz Güzellik ve Bakım Salonu,+905406900777,Güzellik Salonu
BD GŪZELLİK BERİTAN DURSUN,+905334837225,Güzellik Salonu
Lovin Beauty Güzellik Salonu,+905456631399,Güzellik Salonu
Fatma Erdem episima güzellik,+905072273030,Güzellik Salonu
Selin Beauty Center Arnavutköy,+905375998449,Güzellik Salonu
PARİSTANBUL GÜZELLİK VE ESTETİK,+905468153437,Güzellik Salonu
Alvera Güzellik,+905526389156,Güzellik Salonu
Ayşegül Ergül Güzellik Merkezi Arnavutköy,+905370508828,Güzellik Salonu
Mislina Güzellik Salonları,+905427465434,Güzellik Salonu
Milana Güzellik Merkezi,+905439755976,Güzellik Salonu
Ecem Güzellik Salonu,+905332150805,Güzellik Salonu
Bg Güzelli̇k Salonu,+905053986099,Güzellik Salonu
Ceren Ateş Beauty VIP,+905340120490,Güzellik Salonu
Kübra Özgündüz Estetik Ve Güzellik Salonu,+905428258176,Güzellik Salonu
İsabella Güzellik Vip Salonu,+905353156840,Güzellik Salonu
Arnavutköy Güzellik Merkezi R.K-Arnavutköy Lazer Epilasyon-Arnavutköy Kalıcı Makyaj-Altın Oranda Kaş Alımı,+905302578687,Güzellik Salonu
DİLAN BEYAZYILDIZ GÜZELLİK SALONU,+905340737383,Güzellik Salonu
Canan Ateş Karakaya,+905339263863,Güzellik Salonu
Bahar Aydın Beauty,+905449147544,Güzellik Salonu
Esinci Kuaför Güzellik Salonu,+905453063018,Güzellik Salonu
PERA BAYAN KUAFÖRÜ - PERA GÜZELLİK SALONU,+905347452630,Güzellik Salonu
GÖKÇE AKIN BEAUTY&NAIL,+905301843410,Güzellik Salonu
Arnavutköy Lazer Epilasyon Candy Güzellik Merkezi,+905305538974,Güzellik Salonu
Kuaför DAYI,+905316398030,Kuaför / Berber
Günışığı Güzellik Salonu ve Bayan Kuaförü,+905538727874,Güzellik Salonu
Özge Yavaşça Kişisel Bakım Salonu,+905513848723,Güzellik Salonu
Estetik İncim Arnavutköy Ağız ve Diş Sağlığı Polikliniği,+902125972123,Diş Kliniği
Kuaför derya,+905358211258,Kuaför / Berber
Viproyal Beauty,+905369133696,Güzellik Salonu
Arnavutköy Protez Saç Merkezi,+905542760549,Güzellik Salonu
SILA&HAZAN BEAUTY-ARNAVUTKOY,+905432094822,Güzellik Salonu
Acar Kuaför Güzellik Arnavutköy,+905054463737,Güzellik Salonu
KUAFÖR 2007,+902125975344,Kuaför / Berber
AYES GÜZELLİK & ESTETİK,+905423899842,Güzellik Salonu
BARBER SHOP AYYILDIZ (image maker),+905384344463,Kuaför / Berber
Asr-ı Sultan Gelinlik & Kuaför,+902125979890,Kuaför / Berber
Kübra Bayan Kuaförü,+905356646880,Kuaför / Berber
Zümrü’dü Anka Güzellik Salonu,+905304255001,Güzellik Salonu
İkizler Kuaför Salonu ( Salı Pazarı ),+905385671989,Kuaför / Berber
Sera güzellik salonu,+905537192044,Güzellik Salonu
Nilsu Vural Nailart ve bakım,+905394399657,Güzellik Salonu
Kumru Güzellik Merkezi,+905350575830,Güzellik Salonu
SİNAN ASAN PREMİUM BERBER KUAFÖR ARNAVUTKÖY/İSTANBUL,+905323792855,Kuaför / Berber
Nurullah ŞAHİN - Hair Specialist / ARNAVUTKÖY MERKEZ - BERBER,+905322606374,Kuaför / Berber
Dönüşüm Bayan Kuaförü,+905425147918,Kuaför / Berber
As Kuaför,+905363088725,Kuaför / Berber
KUAFÖR OKAN SİVRİ,+905385962628,Kuaför / Berber
Arnavutköy Kilo Kontrol ve Cilt Bakım Merkezi,+905369407852,Güzellik Salonu
Miray Bayan Kuaförü Arnavutköy Kadın Kuaförü,+905427416507,Kuaför / Berber
İZ GÜZELLİK SALONU ÖZLEM REMZİYE ULUKAYA,+905316784039,Güzellik Salonu
Belinay Kuaför,+902125973435,Kuaför / Berber
💈🇹🇷 EMEK ERKEK KUAFÖR 🇹🇷💈,+905356090567,Kuaför / Berber
HOLLY GÜZELLİK ARNAVUTKÖY,+905431073716,Güzellik Salonu
YILDIZ MODA & KUAFÖR,+905309365313,Kuaför / Berber
Kuaför imera,+905396669953,Kuaför / Berber
Milano Kuaför Zinciri,+905327868296,Kuaför / Berber
AY BAYAN KUAFÖRÜ,+905389647206,Kuaför / Berber
Tulay Gümüş Bayan Kuaförü,+905442281880,Kuaför / Berber
Ayaz Erkek Kuaför by Rahman AŞIR,+905342095238,Kuaför / Berber
Kısmet Kuaför,+905357674815,Kuaför / Berber
EMRE YILDIRIM HAIR STUDIO,+905360619044,Kuaför / Berber
Ayşegül bayan kuaförü,+905306474885,Kuaför / Berber
Kuafor mistik,+905335087026,Kuaför / Berber
The New Coiffeur,+905449281477,Kuaför / Berber
Salon Tıraşizm,+905366432816,Kuaför / Berber
Parisli Cemil Kuaför,+902124654531,Kuaför / Berber
Tura KUAFÖR,+905305511610,Kuaför / Berber
HAIR ARTİST FIRAT PINAR,+905539363712,Kuaför / Berber
Berber Saloon Vural,+905388180960,Kuaför / Berber
STİL HAIR DESIGN . ERKEK KUAFÖR,+905432656774,Kuaför / Berber
Ezgi Kuafor,+905421977174,Kuaför / Berber
MARJİNAL KUAFÖR,+902127714800,Kuaför / Berber
Emrullah Şentürk Hair Stylist & Barber Shop,+905558938025,Kuaför / Berber
NERMİN BAYAN KUAFÖRÜ ( hair design),+905466770850,Kuaför / Berber
Salon BY ÜMİT,+905537287004,Kuaför / Berber
Eisen hair stüdio,+905510663974,Kuaför / Berber
Çakır erkek kuaför,+905344832882,Kuaför / Berber
SARIKAYA HAİR ARTİST,+905376865534,Kuaför / Berber
Mami Erkek Kuaförü - Arnavutköy Berber,+905330581696,Kuaför / Berber
MASS BAYAN KUAFÖRÜ,+905347205538,Güzellik Salonu
Coiffeur Sinan (Kuaför Sinan),+905455453858,Kuaför / Berber
Sema Bayan Kuaförü,+905350740806,Kuaför / Berber
Yasin Özdemir Hair Artist,+905394378752,Kuaför / Berber
HANE BAYAN KUAFÖRÜ,+905369132534,Kuaför / Berber
Favori Erkek Kuaförü Nuh Türk,+905374415940,Kuaför / Berber
Sarı Erkek Kuaförü / Hair Designer,+905360661139,Kuaför / Berber
Burak Turan Hair Artist,+905314358558,Kuaför / Berber
Yasin Bozdaş Hair design,+905464253171,Kuaför / Berber
Furkan Çelik Hair Artist,+905313159836,Kuaför / Berber
EMRE GÜNDÜZ HAİR DESİGNER /ARNAVUTKÖY BERBER,+905445965234,Kuaför / Berber
Kuaför Şule,+905342032576,Kuaför / Berber
Sanat Erkek Kuaförü,+905300295739,Kuaför / Berber
EMBİYA ERKEK KUAFÖRÜ,+905353006678,Kuaför / Berber
Kuaför Sami,+905367075917,Kuaför / Berber
Cadde Erkek Kuaförü,+905434149674,Kuaför / Berber
Kuaför ADEM,+905317023034,Kuaför / Berber
İsa Yıldırım Hair Master,+905464389162,Kuaför / Berber
Salon BY Ümit,+905332614122,Kuaför / Berber
AY BAYAN KUAFÖRÜ MERKEZ,+905326510631,Kuaför / Berber
Bilal Erkek Kuaförü Arnavutköy,+905316892412,Kuaför / Berber
Tual Kadın Kuaförü,+905524581299,Kuaför / Berber
Bolluca Belinay Kuaför,+905526723844,Güzellik Salonu
blue night erkek kuaförü,+905349183652,Kuaför / Berber
RESUL BERBER,+905326663368,Kuaför / Berber
Erol erkek kuaförü,+905530925293,Kuaför / Berber
Erkek Kuaförü Resul,+905435702313,Kuaför / Berber
Serhat Erkek Kuaförü - Arnavutköy Kuaför,+905455494399,Kuaför / Berber
Gülnisa,+905530931208,Kuaför / Berber
Your style ıs my style,+905394511782,Kuaför / Berber
DOĞAN ERKEK KUAFÖRÜ,+905389467828,Kuaför / Berber
ELİT ERKEK KUAFÖRÜ,+905383773134,Kuaför / Berber
Taş makas erkek kuaförü,+905377229657,Kuaför / Berber
Tekin Erkek Kuaför,+905393443140,Kuaför / Berber
Umut Erkek Kuaförü,+905359794621,Kuaför / Berber
BAYBER FERO ERKEK KUAFÖRÜ,+905388683857,Kuaför / Berber
Kuaför Tülay,+905436655351,Kuaför / Berber
ALİCO ERKEK KUAFÖRÜ,+905422232510,Kuaför / Berber
Kuaför Muharrem,+905384649701,Kuaför / Berber
ORHAN ERKEK KUAFÖRÜ,+905352100549,Kuaför / Berber
Elis Bayan kuaför,+905464637264,Kuaför / Berber
Volkan Kuaför,+902125970126,Kuaför / Berber
Claris Estetik Ve Güzellik,+902125979795,Güzellik Salonu
Damlabuluthairtrans Saç Ekim Kliniği,+905446132686,Kuaför / Berber
Pınar Kaya Beauty,+905336370484,Güzellik Salonu
Majeste Estetik & Güzellik Merkezi,+905320561758,Güzellik Salonu
TATTOO VURAL,+905070942984,Dövme & Piercing
Nida Tattoo (Dövme Sanatları),+905010702561,Dövme & Piercing
Plutos Tattoo & Piercing Studio,+905310863726,Dövme & Piercing
Mia Tattoo Studio,+905364710017,Dövme & Piercing
BROTHERS TATTO,+905438785334,Dövme & Piercing
Yiğit Dövme,+902125497595,Dövme & Piercing
Bahçeşehir Esse Vip Güzellik Merkezi,+905056103463,Güzellik Salonu
SERHAT URAL TATTOO STUDIO,+905431072203,Dövme & Piercing
Dövhas Çelik Dövme San. ve Tic. A.Ş,+902126910454,Dövme & Piercing
Angel Tattoo Piercing Studio Avcılar,+905359342624,Dövme & Piercing
Eco Tattoo Master,+905522340004,Dövme & Piercing
Bilge Tattoo & Piercing,+905059579185,Dövme & Piercing
AysegulAlkanMakeUpStudio,+905307303182,Güzellik Salonu
Exit Tattoo Dövme & Piercing Stüdyosu,+905375535494,Dövme & Piercing
Cloud Tattoo Piercing,+905355712576,Dövme & Piercing
Anatolia Tattoo Erdoğan Çavdar,+905352332378,Dövme & Piercing
SAMCRO TATTOO,+905520696033,Dövme & Piercing
Başakşehir Estetik ve Güzellik Merkezi,+905415461445,Güzellik Salonu
Uzm. Dr. Erol Özan | Estetik ve Klinik Dermatoloji,+905300439545,Güzellik Salonu
Dream Tattoo Dreamcatcher Tattoo ＆ Piercing Kadikoy İstanbul,+905359419939,Dövme & Piercing
Matkap Tattoo,+902165419452,Dövme & Piercing
Yarım Elma Dövme Piercing,+905423242341,Dövme & Piercing
Piramitbodyart,+905425430582,Dövme & Piercing
Neslim Güngen Avcılar,+905322903915,Güzellik Salonu
Ahenk Güzellik Avcılar,+902126942304,Güzellik Salonu
Aysel Baran Güzellik Salonu,+902125095684,Güzellik Salonu
Belladerm Güzellik |Avcılar Profesyonel Lazer Epilasyon & Güzellik Salonu,+902126760627,Güzellik Salonu
Emine Candan Güzellik Salonu | Lazer Epilasyon | Cilt Bakımı | Kaş-Kirpik Laminasyon | Saç terapisi,+905011376345,Psikolog / Terapist
Mehtap Koç Beauty Center,+905468273010,Güzellik Salonu
Lidya Hair & Beauty Studio,+905300214660,Güzellik Salonu
Seul Güzellik,+905316610939,Güzellik Salonu
Senorita Avcılar,+905426889181,Güzellik Salonu
Miss Diamond German Beauty,+905542911111,Güzellik Salonu
Avcılar Hena Güzellik Salonu - Lazer Epilasyon - Cilt Bakımı – G5 Masajı Bölgesel İncelme,+905338177557,Güzellik Salonu
Dört Mevsim Güzellik Salonu,+905446504015,Güzellik Salonu
Feride Alptekin Güzellik Merkezi,+905330914808,Güzellik Salonu
Helinist Güzellik Salonu - Avcılar Güzellik Merkezi,+905521560303,Güzellik Salonu
Zin Güzellik Merkezi - Avcılar Güzellik Merkezi,+905427454777,Güzellik Salonu
Zarinna Güzellik Merkezi,+905425917360,Güzellik Salonu
Ems Plus Güzellik Salonu,+905535737269,Güzellik Salonu
Eftelya Bayan Kuaforu,+902124239423,Kuaför / Berber
Nuvica Beauty Güzellik Salonu,+905016408634,Güzellik Salonu
Kübra Güler Güzellik Salonu,+905326472656,Güzellik Salonu
SEVİNÇ TAŞ GÜZELLİK SALONU,+905345830324,Güzellik Salonu
O’lá Nail & Beauty,+905307477617,Güzellik Salonu
Senurel Vip Güzellik,+905425405934,Güzellik Salonu
Ersoy Güzellik Merkezi & NailArt,+905056819811,Güzellik Salonu
Avcılar Protez Tırnak,+905449227688,Güzellik Salonu
Avcılar Lazer Epilasyon,+905332216676,Güzellik Salonu
Esin Güzellik Salonu,+905427433746,Güzellik Salonu
MABEYN BEAUTY STUDİO,+905427658267,Güzellik Salonu
Engin Yüncü ışıltı güzellik salonu,+905462332363,Güzellik Salonu
NESRİN YILDIZ GÜZELLİK & BAKIM,+905337270003,Güzellik Salonu
Gamze sarıkaya güzellik merkezi,+905326915819,Güzellik Salonu
Sinem Ülgen Güzellik Salonu Avcılar,+902125910001,Güzellik Salonu
mk.bayankuaforu,+905348582646,Kuaför / Berber
Naturel Estetik,+902125904442,Güzellik Salonu
Yıldız Güzellik ve Spa Merkezi,+905301524030,Güzellik Salonu
Tuana beauty,+905382429496,Güzellik Salonu
The Moon Kuaför,+902128122391,Kuaför / Berber
HERA ESTETİK MEDİKAL,+905445401609,Güzellik Salonu
STANPOLİ Güzellik Salonu,+905324072825,Güzellik Salonu
Bizim Güzellik Salonu,+902128015667,Güzellik Salonu
İrem KUAFÖR,+902125938636,Güzellik Salonu
BRİTANYA GÜZELLİK MERKEZİ,+905522104313,Güzellik Salonu
Serpil Teke Afro & Saç Akademi,+905330432011,Kuaför / Berber
Avcılar Masaj Salonu Mutlu Son,+905364290430,Güzellik Salonu
KAPKARA SOLARIUM AVCILAR SOLARYUM,+902125939334,Kuaför / Berber
Anıl Erdoğmuş Hair Beauty,+902125091013,Güzellik Salonu
Mirabella güzellik Salonu,+905331418592,Güzellik Salonu
DİDEM ŞAHİN AKADEMİ GÜZELLİK MERKEZİ & BAYAN KUAFÖRÜ & DİYETİSYEN & GÜZELLİK UZMANI AVCILAR,+902126909683,Diyetisyen
Hakan Açıkel Güzellik Salonu,+905415138417,Güzellik Salonu
Serkan Özcan Hair Club / Avcılar Kuaför,+902126760630,Kuaför / Berber
Elif Güzellik Merkezi,+905346240627,Güzellik Salonu
MSC KUAFÖR & GÜZELLİK SALONU,+902125090400,Güzellik Salonu
Servet&Eser kuaför ve güzellik salonu,+902126760777,Güzellik Salonu
Müge Ertan Vip Studio,+905336818217,Kuaför / Berber
ASYA GÜZELLİK MERKEZİ,+905523662270,Güzellik Salonu
Purple Güzellik Salonu(Aynur&Şeyma),+905307332096,Güzellik Salonu
Avcılar Masaj Salonu,+905398722465,Kuaför / Berber
Gençler Erkek Kuaför Salonu,+905305658702,Kuaför / Berber
Namık Kayapınar Hairdresser,+902126956896,Kuaför / Berber
Aysima Lazer Epilasyon Güzellik Merkezi,+902126906016,Güzellik Salonu
Hair Mafia avcılar,+905314747575,Kuaför / Berber
Mass Bayan Kuaförü Ağda Salonu METİN TUNC,+902125090077,Kuaför / Berber
Salih Kuaför,+902126949907,Güzellik Salonu
Parla Güzellik Merkezi,+905461267076,Güzellik Salonu
Kader Deniz Güzellik Merkezi,+905526191308,Güzellik Salonu
Uz Guzellik Salonu,+905376557076,Güzellik Salonu
Mali Kuaför - Pelikan,+902126202686,Kuaför / Berber
Naz Kuaför & Güzellik Salonu,+905068479658,Güzellik Salonu
SUCCESS GÜZELLİK MERKEZİ,+902126953749,Güzellik Salonu
NG Bayan Kuaförü,+902124281828,Kuaför / Berber
X GLAMOUR BAYAN KUAFÖRÜ,+905331659500,Kuaför / Berber
BLACK ERKEK KUAFÖRÜ AVCILAR,+905304597373,Kuaför / Berber
The Equal Hair Design,+902124288868,Kuaför / Berber
Avcılar THE BEST ERKEK KUAFÖRÜ,+905322061716,Kuaför / Berber
Değişim Kuaför Özcan-Yadigar,+902125912229,Kuaför / Berber
Epilas Beauty Güzellik Salonu,+905372746503,Güzellik Salonu
Tülin KURTKAN HAIR & MAKE UP,+905395595860,Kuaför / Berber
LUYA GÜZELLİK SALONU,+905317958973,Güzellik Salonu
Avcılar ağda salonu (mabeyn ),+905373219874,Güzellik Salonu
Asil güzellik salonu,+905308972983,Güzellik Salonu
Dekatria Güzellik Merkezi,+905059762213,Güzellik Salonu
SALON DORA BAYAN KUAFÖRÜ,+902125908032,Kuaför / Berber
Burcu Kurtay Güzellik Salonu,+905448022000,Güzellik Salonu
Sahra Güzellik Salonu,+902125094449,Güzellik Salonu
Avcılar Lazer Epilasyon Bölgesel İncelme Cilt Bakımı Güzellik Salonu,+905425427419,Güzellik Salonu
Avcılar Protez Tırnak - Avcılar İpek Kirpik İpek Güzellik Salonu,+905339738127,Güzellik Salonu
Güzellik Salonu Kuaför Selahattin,+905321701737,Güzellik Salonu
Dizayn Güzellik Salonu,+902124212771,Güzellik Salonu
Avcılar Protez Tırnak By Gülşah Akgüneş,+905540117495,Güzellik Salonu
Espina Bayan Kuaförü,+902125932256,Kuaför / Berber
Avcılar.ist NER Olimpos Toptan Kuaför Malzemeleri,+902125093028,Kuaför / Berber
Miray Kuaför,+905324989227,Kuaför / Berber
Kosta Rika Avcılar Güzellik Salonu,+905537590813,Güzellik Salonu
NEW TREND GÜZELLİK SALONU,+905382562903,Güzellik Salonu
ZERRİN'LE GÜZELLİK,+905308401614,Güzellik Salonu
Mevsim Beauty Club,+905323991366,Güzellik Salonu
SALON AURA GÜZELLİK VE BAYAN KUAFÖRÜ,+905461592035,Güzellik Salonu
Emre Ekinci Kuaför,+902125936266,Kuaför / Berber
Hakan ve Yalçın Kuaför,+902126945458,Kuaför / Berber
ND Bayan Kuaför - @Hair & Makeup,+902125902626,Güzellik Salonu
Özgür Çiftegöz Hair & Make Up - Avcılar Kadın ve Erkek Kuaförü Avcılar Güzellik Merkezi,+905320125332,Güzellik Salonu
Bayan Kuaförü Yılmaz,+905454369506,Kuaför / Berber
Kuaför MetiN,+905384943738,Kuaför / Berber
Çağla Kuaför,+905453057516,Kuaför / Berber
Zerrin Bayan Kuaförü,+905355665542,Kuaför / Berber
Selçuk Bayan Kuaför,+905546193624,Kuaför / Berber
SALON İSTANBUL CLASS (saç renklendirme ve bakım merkezi),+905457745996,Güzellik Salonu
Ramazan Mehmet aktacı hair design,+905306508075,Kuaför / Berber
Kardelen Kuaför,+905050143434,Kuaför / Berber
Avcılar kuaför,+902125901733,Kuaför / Berber
"Onur OKSUZ Hair Design Salon (Berber,Kuaför)",+902124220505,Kuaför / Berber
Can Yeni Hair Studio,+902125919102,Kuaför / Berber
ünlü saç tasarım merkezi,+902126952029,Güzellik Salonu
Kerim Toprak HAİR ARTİST,+905395806378,Kuaför / Berber
Saloon Vefa,+905352642756,Kuaför / Berber
Fendy Hair & Makeup Kuaför,+902126952461,Güzellik Salonu
Gözde Kuaför,+902126904227,Kuaför / Berber
Tunca Topaç Hairdresser,+902126943211,Kuaför / Berber
Vİ BAYAN KUAFÖRÜ,+905350111473,Kuaför / Berber
Kuaför Soner,+905447690369,Kuaför / Berber
Kuaför Hayri,+902126945374,Kuaför / Berber
Nez bayan kuaförü,+905366286974,Kuaför / Berber
Hikmet & Gül Kuaför,+902125098999,Kuaför / Berber
Ece Kuaför,+902124280525,Kuaför / Berber
Hakan Engin,+905373373877,Kuaför / Berber
HAİRPORT SADİM KURTULUŞ bayan kuaför salonu,+905534942784,Kuaför / Berber
Özmen Erkek Kuaförü,+905362343986,Kuaför / Berber
Espina Kuaför,+902124230743,Kuaför / Berber
Kuaför Salih,+905065732151,Kuaför / Berber
Kuaför Taner Akıncı,+902125901905,Kuaför / Berber
Furkan Sanır Hair Make Up,+905448413244,Kuaför / Berber
Salon Era,+905354912442,Kuaför / Berber
Hair boss barbers,+905386281841,Kuaför / Berber
Kuaför İlhanlar,+902125903346,Kuaför / Berber
DECA HAİR DESİGN,+905063442761,Kuaför / Berber
SALON GÖKAY ERKEK KUAFÖRÜ,+905356228390,Kuaför / Berber
Yakup Korkmaz Hair Studio Avcılar Berber,+905069664998,Kuaför / Berber
Avcılar Erkek Kuaförü,+905358885983,Kuaför / Berber
Bayan Kuaförü Kader Balin,+905443414930,Kuaför / Berber
Bayan Kuaförü Kübra Akkaya,+905359813668,Kuaför / Berber
Aysima Kuaför,+902125918197,Kuaför / Berber
Emrah Erkan Kuaför,+902126696954,Kuaför / Berber
Özen 6 Erkek Kuaförü,+905348477812,Kuaför / Berber
Kafa Berber Avcılar Merkez,+902129659396,Kuaför / Berber
KUAFÖR KAAN ZOROĞLU,+905323274324,Kuaför / Berber
THE BLONDE Hair Studio ( Umut Laçın ),+902127778859,Kuaför / Berber
Telli Bayan Kuaförü,+905074276438,Kuaför / Berber
Diva Bayan Kuaförü,+902124286717,Kuaför / Berber
Biriz Kuaför,+902126760479,Kuaför / Berber
Samet Ali Kuaför,+905347617871,Kuaför / Berber
"Mass bayan kuaförü ağda salonu,merkez mahallesi marmara caddesi coşkunlar pasajı no32",+905363047655,Kuaför / Berber
Nilay bayan kuaför,+905370507984,Kuaför / Berber
Asil Kuaför,+905334307085,Kuaför / Berber
Bayan Kuaförü Salon Kaçamak,+905427196822,Kuaför / Berber
Mustafa & Vural Kuaför,+902129796480,Kuaför / Berber
Berceste Kuaför Salonu Kemal Çetinkaya,+905337373974,Kuaför / Berber
kuaför kenan,+905456646329,Kuaför / Berber
İsmail Bay Kuaför,+905368349687,Kuaför / Berber
MEN Hair Coiffeur,+902128062653,Kuaför / Berber
İbrahim Erkek Kuaförü,+905355551611,Kuaför / Berber
Nikki Bayan Kuaförü,+905536832883,Kuaför / Berber
Ekselans Erkek Kuaförü,+905379924881,Kuaför / Berber
SALON ALİ,+905335440481,Kuaför / Berber
S&S Bayan Kuaförü,+902124280962,Kuaför / Berber
Murat Erkek Kuaförü,+905316872860,Kuaför / Berber
"Sabit Akkaya Hair Stylist, JW Marriott",+905549574504,Kuaför / Berber
BY SAFİR BEAUTY | Lazer Epilasyon & Estetik,+905467869618,Güzellik Salonu
Huzur Clinica Ayak-Cilt-Lazer Epilasyon Bakım Salonu,+905364341899,Güzellik Salonu
Nilüfer Demir Güzellik Salonları,+905405493434,Güzellik Salonu
Rabia Güzel Beauty Center,+905079373701,Güzellik Salonu
Leda Estetik,+905539076722,Güzellik Salonu
Sibel Kırbaş Avcılar I Bölgesel İncelme I Zayıflama I Cilt Bakımı I Epilasyon,+905518230224,Güzellik Salonu
Clinic Saha,+905412075160,Güzellik Salonu
NOX GÜZELLİK SALONU,+905067188080,Güzellik Salonu
VİVİANA ESTETİK VE GÜZELLİK MERKEZİ,+905416051011,Güzellik Salonu
𝙉𝙞𝙡𝙖𝙮 𝙂𝙤̈𝙠𝙩𝙖𝙨̧ 𝙂𝙪̈𝙯𝙚𝙡𝙡𝙞𝙠,+905478170767,Güzellik Salonu
Kybele Yaşam Merkezi,+902125919400,Güzellik Salonu
Rosse Estetik ve Güzellik Merkezi,+905538288453,Güzellik Salonu
Buse Güven Avcılar Güzellik Merkezi,+902126766060,Güzellik Salonu
Esteboss Clinic,+905312662677,Güzellik Salonu
Loft Kaş Ekimi İstanbul - Loft eyebrow Transplant,+908502412410,Güzellik Salonu
HairextreM & Haydar Aslan Saç Ekimi,+905073413688,Kuaför / Berber
Derya nail art beauty,+905301541670,Güzellik Salonu
Rebe Medikal Estetik ve Kozmetik,+905051531092,Güzellik Salonu
Selmirayavuzergüzellikbakım,+905325863816,Güzellik Salonu
alya beauty center,+905366432195,Güzellik Salonu
N'ALA BEAUTY SALOON,+905540048844,Güzellik Salonu
By Tuğçe Akman Güzellik Merkezi,+905338972137,Güzellik Salonu
Dr.Yakup Uçar - Medikal Estetik Bahçeşehir,+905327902454,Güzellik Salonu
Kuğu Nail Art,+905467992506,Güzellik Salonu
Avcılar Protez Tırnak BY Ferah,+905400250797,Güzellik Salonu
Cerrahi Grup Avcılar Ağız ve Diş Sağlığı Polikliniği,+905324493368,Diş Kliniği
Uzm. Kl. Psk. Merve Usta,+905327279388,Psikolog / Terapist
Klinik Psikolog Ezgi Albaş Gürkan,+905531806799,Psikolog / Terapist
Uzman Psikolog Havva Tecer,+905551580334,Psikolog / Terapist
Psikolog Nazlı Melek AKÇA,+905557522985,Psikolog / Terapist
İBB Avcılar Psikolojik Danışmanlık Merkezi,+902124498157,Psikolog / Terapist
Else Psikoloji Eğitim ve Danışmanlık Merkezi,+905447723849,Psikolog / Terapist
Klinik Psikolog Hande Tümsa,+905337924211,Psikolog / Terapist
Leda Psikoloji - Bahçeşehir Psikolog,+905309935332,Psikolog / Terapist
Klinik Psikolog Pınar Aydoğan Çiftegöz,+905354094704,Psikolog / Terapist
Beylikdüzü Psikolog / Psikolog Fethi Can Bozkaplan,+905464617506,Psikolog / Terapist
Klinik Psikolog Mesut Kaya,+905342975938,Psikolog / Terapist
Psikolog Kudret Atik,+905303423793,Psikolog / Terapist
Humanİst Psikolojik Danışmanlık,+905073488200,Psikolog / Terapist
Kadim Psikoloji,+905057161004,Psikolog / Terapist
Klinik Psikolog Süreyya Karaşin,+905356164797,Psikolog / Terapist
Psikolog Ebranur Özcan,+908508113592,Psikolog / Terapist
Yeşilay Danışmanlık Merkezi (YEDAM) İstanbul-Avcılar,+902126947675,Psikolog / Terapist
Psk. Gizem Yılmaz,+908504748463,Psikolog / Terapist
Uzm. Diyetisyen İkra İrem Medenioğlu - Uzm. Klinik Psikolog Büşra Medenioğlu,+905530927959,Psikolog / Terapist
Psk. Buse Demirhan,+908508116083,Psikolog / Terapist
Bahçeşehir Psikolog - Go Psikoloji,+905542744634,Psikolog / Terapist
Psikolog Çiğdem Çalışkan,+905378380485,Psikolog / Terapist
Klinik Psikolog & Psikoterapist Hayal Hamza,+905050555383,Psikolog / Terapist
BlauTerapi,+905345191029,Psikolog / Terapist
Sina Health Studio Psikolojik Danışmanlık ve Holistik Şifa Merkezi,+905326937073,Psikolog / Terapist
Özel Sağlık Hizmet Birimi Uzman Ergoterapist Sedanur Özdemir,+905434271503,Psikolog / Terapist
Materyal,+905300000000,Psikolog / Terapist
Psikolog Dilan Alhas,+905331484481,Psikolog / Terapist
Elif Üstünbaş Yaşam Koçluğu ve Danışmanlık Merkezi,+905544055783,Psikolog / Terapist
Психолог Татьяна Карасёва Ментальная экология,+905385811380,Psikolog / Terapist
İstanbul'UM Psikolojik Danışmanlık Merkezi,+905434661560,Psikolog / Terapist
Klinik Psikolog Tuğba Özdemir Kızılay,+905418492639,Psikolog / Terapist
"Uzm. Dr. Hanife Yılmaz Çengel Muayenehanesi, Psikiyatri",+905436888041,Psikolog / Terapist
Uzman Klinik Psikolog Seda Esmeroğlu,+905306086725,Psikolog / Terapist
Klinik Psikolog İrem Toprakseven,+905058501021,Psikolog / Terapist
"Klinik Psikolog Eylül Ağgül | Oyun Terapisi, Bilişsel Davranıçı Ergen&Yetişkin Terapisi",+905343680379,Psikolog / Terapist
Uzman Diyetisyen Melike Çetintaş,+905380254040,Diyetisyen
Serap Aydın Psikolojik Danışmanlık Merkezi,+905454228676,Psikolog / Terapist
Maxxdent Ağız Ve Diş Sağlığı Polikliniği (Avcılar Diş),+902125096290,Diş Kliniği
T.C. Sağlık Bakanlığı Avcılar Ağız ve Diş Sağlığı Merkezi,+902124200832,Diş Kliniği
DentSay İstanbul Ağız ve Diş Sağlığı Polikliniği,+905312992090,Diş Kliniği
Seçkin Diş Ağız ve Diş Sağlığı Polikliniği,+902126255555,Diş Kliniği
DENTİPOL AĞIZ VE DİŞ SAĞLIĞI POLİKLİNİĞİ,+902126901151,Diş Kliniği
"Özel Dore Avcılar Ortodonti, İmplant ve Ağız Diş Sağlığı Polikliniği",+905512614212,Diş Kliniği
Mega Avcılar Marmara Ağız Ve Diş Sağlığı Polikliniği,+905526970303,Diş Kliniği
Kardent Ağız ve Diş Sağlığı Ltd. Şti.,+902124231029,Diş Kliniği
Özel 34 Ağız ve Diş Sağlığı Polikliniği | Avcılar Diş Hekimi | Diş Polikliniği | İmplant Tedavisi | Zirkonyum Kaplama,+905337310334,Diş Kliniği
Grön Dent Ağız Ve Diş Sağlığı Polikliniği,+902125901030,Diş Kliniği
İMAJ Ağız ve Diş Sağlığı Polikliniği,+905309984536,Diş Kliniği
Özel Modern Ağız ve Diş Sağlığı Polikliniği (Şükrübey Şubesi),+902126953366,Diş Kliniği
Özel Modern Ağız ve Diş Sağlığı Polikliniği (Avcılar Şubesi),+905330935575,Diş Kliniği
Özel Budak diş ağız ve diş sağlığı polikliniği Avcılar,+905528861066,Diş Kliniği
Ay Işığı Ağız ve Diş Sağlığı Polikliniği,+902128033939,Diş Kliniği
Özel Avcılar Avrasya Ağız ve Diş Sağlığı Polikliniği,+908502599000,Diş Kliniği
Ecs Ağız ve Diş Sağlığı Polikliniği,+905380588091,Diş Kliniği
Özel Ber Ağız ve Diş Sağlığı Polikliniği,+905331443818,Diş Kliniği
Diş hekimi Alpay Coşkun,+905073780289,Diş Kliniği
ÖZEL UFUK KAHYA AĞIZ VE DİŞ SAĞLIĞI POLİKLİNİĞİ,+902126763981,Diş Kliniği
Özel Firuzköy Ağız ve Diş Sağlığı Polikliniği,+905306380121,Diş Kliniği
DT. TOLGA DİKİCİ,+902126941694,Diş Kliniği
Özel Klinik Loca Ağız ve Diş Sağlığı Polikliniği,+905403214040,Diş Kliniği
Diş Hekimi Deniz Akın Dental clinic | Dentist l Avcilar l,+905465191109,Diş Kliniği
Kadir Kurt Ağız ve Diş Sağlığı Polikliniği,+905304809025,Diş Kliniği
Diş Hekimi Hande Kahya ağız ve diş sağlığı polikliniği,+902124200210,Diş Kliniği
Gelişim Avrupa Ağız ve Diş Sağlığı Polikliniği,+905435408191,Diş Kliniği
Diş Hekimi Özcan Laçin,+902126959500,Diş Kliniği
ÖZEL DENTALES AĞIZ VE DİŞ SAĞLIĞI POLİKLİNİĞİ,+902124285577,Diş Kliniği
Özel Begonvil Ağız ve Diş Sağlığı Polikliniği,+902124211910,Diş Kliniği
Sone Ağız ve Diş Sağlığı Polikliniği,+905010725044,Diş Kliniği
Özel Altıgen Diş Ağız ve Diş Sağlığı Polikliniği,+902128126156,Diş Kliniği
Vitalia Clinic Istanbul,+905496547701,Diğer (Sağlık & Bakım)
Balkan Ağız Ve Diş Sağlığı Polikliniği,+902124233280,Diş Kliniği
Nirvana Dent,+902126944044,Diş Kliniği
Diş Hekimi Kadir Süzer,+902126944151,Diş Kliniği
Esentürk Ağız ve Diş Sağlığı Polikliniği,+905010149393,Diş Kliniği
EBRULİ AĞIZ VE DİŞ SAĞLIĞI HİZMETLERİ TİCARET LİMİTED ŞİRKETİ,+902128096280,Diş Kliniği
Dr. Can Erdem Akkaya,+902125901614,Diş Kliniği
Dt.Halide Çilo Dental Clinic,+902125912190,Diş Kliniği
Diş Hekimi Hasan Yılmaz,+902125904642,Diş Kliniği
Surgery Group Dental Clinic-Avcılar,+905383713368,Diş Kliniği
Diş Hekimi Eliz Engin,+902125097347,Diş Kliniği
IMPLANT INSTITUTE AĞIZ VE DİŞ SAĞLIĞI POLİKLİNİĞİ,+905538808215,Diş Kliniği
Diş hekimi Serkan koç muayenehanesi,+902124230992,Diş Kliniği
DİŞ HEKİMİ VASFİYE ŞAHİN,+902126952661,Diş Kliniği
Diş Hekimi Neşe Öztütüncü,+902125935484,Diş Kliniği
İNOVASYON AĞIZ VE DİŞ SAĞLIĞI POLİKLİNİĞİ,+905333757723,Diş Kliniği
Triadentist Ağız Diş Sağlığı Kliniği,+902126944216,Diş Kliniği
Bein Clinic,+905013500050,Diş Kliniği
BAL CLINICS Aesthetic Dentistry & Orthodontics ( Dt.Ercan BAL &Dr. Aylin BAL),+905455838391,Diş Kliniği
Diş Hekimi Ömer Riyadoğlu - طبيب اسنان - عيادة اسنان - Dentist,+905344500251,Diş Kliniği
Europe Dental Clinics Istanbul,+905076172932,Diş Kliniği
Di̇ş Protez Laboratuari,+905326656835,Diş Kliniği
Dişhekimi Nalan Öztürk,+905436851622,Diş Kliniği
BEST CLINIC ISTANBUL,+905431574540,Güzellik Salonu
Diş Hekimi Yavuz Selim Bilgiç,+902124222220,Diş Kliniği
Diş Hekimi Salih Karaoğlu,+902126959080,Diş Kliniği
Me Smiles Ağız ve Diş Sağlığı,+905523331403,Diş Kliniği
2B Dental Clinic,+905332662744,Diş Kliniği
Diş Hekimi Mehmet cemal sürmen,+902125099271,Diş Kliniği
Lima Veteriner Kliniği,+905417333435,Veteriner
Fizyomia Fizik Tedavi Merkezi İstanbul Avcılar - Uzman Fizyoterapist Selin Şensoy,+905411098842,Psikolog / Terapist
Diş Hekimi Sabriye Sever Akçarlı,+902124210160,Diş Kliniği
"Doktor Velit Çelebi Muayenehanesi , Hacamat , Sülük , Ozon , Serum , Kan alma hizmetleri",+905529515556,Diğer (Sağlık & Bakım)
Medcare Beauty Clinic,+905011036429,Güzellik Salonu
Diş Hekimi Serap Vural,+902126957848,Diş Kliniği
Medicus Veritas Veteriner Kliniği,+902126940008,Veteriner
WHM CLINIC,+905441600160,Güzellik Salonu
Hangar Dövme Stüdyosu - Beylikdüzü,+905398801127,Dövme & Piercing
Odysseia Tattoo,+905312469444,Dövme & Piercing
UKV TATTOO,+905376602371,Dövme & Piercing
Purple Ink Tattoo & Piercing,+905541822840,Dövme & Piercing
KİRPİ TATTOO,+905452018080,Dövme & Piercing
Avcılar Dövme Eğitimi,+905322583769,Dövme & Piercing
Rh+ Tattoo & Piercing,+905376021737,Dövme & Piercing
Wound Band Tattoo Burak erdoğan,+905439450055,Dövme & Piercing
tatto smilee by bilgin,+905320549726,Diş Kliniği
Bydovmeci,+905373755570,Dövme & Piercing
Ahsapyakma Tattoo,+905322741640,Dövme & Piercing
Tattoo kotan,+905304251534,Dövme & Piercing
Piercingtr,+905069138889,Dövme & Piercing
E2 Studio Tattoo & Piercing,+905393666626,Dövme & Piercing
Burn Tattoo ART,+905382056379,Dövme & Piercing
Beylikdüzü Dövme Tattoo Sanat Evi,+905369580585,Dövme & Piercing
Savor Tattoo,+905335923438,Dövme & Piercing
Vincent Tattoo Stüdyo,+905359233620,Dövme & Piercing
Tattoo Ve Kalıcı Makyaj Uzmanı Onur Atmaca,+905354882885,Dövme & Piercing
Emirfidantattoo,+905376326308,Dövme & Piercing
Cleopatra INK Tattoo & Piercing Beylikdüzü,+905307006434,Dövme & Piercing
H2o TATTOO,+905448240711,Dövme & Piercing
Dragonfly Tattoo Studio,+905334990971,Dövme & Piercing
Escape Tattoo Studio (Dövme Stüdyosu),+905314065480,Dövme & Piercing
Dem Ink Tattoo,+905431856606,Dövme & Piercing
old rose tattoo,+905304158631,Dövme & Piercing
Okami Tattoo Studio,+905061228226,Dövme & Piercing
Poison Tattoo,+905322584017,Dövme & Piercing
Avcı Tattoo,+905439162523,Dövme & Piercing
Ercan Temur İnternational Tattoo,+905322181777,Dövme & Piercing
BAYKUŞ DÖVME,+905345511887,Dövme & Piercing
Rad Tattoo Studio,+905469303089,Dövme & Piercing
Ayhan Erkin Tattoo & Piercing Stüdyosu,+905367257026,Dövme & Piercing
Corridor Tattoo,+905453991302,Dövme & Piercing
inKedible TATTOO,+905304218892,Dövme & Piercing
Ispartakule Atakan özdemir tattoo stüdio,+905331653881,Dövme & Piercing
Sılver Tattoo,+905077850163,Dövme & Piercing
İnkshahin,+905432628660,Dövme & Piercing
SAN DÖVME STÜDYOSU,+905551730216,Dövme & Piercing
Tattoo by Mete,+905362747634,Dövme & Piercing
FT Tattoo,+905308773454,Dövme & Piercing
timtattooart,+905312037220,Dövme & Piercing
Anday Tattoo Studio,+905559661489,Dövme & Piercing
Diyetisyen Meltem Aydın,+905372887718,Diyetisyen
Diyetisyen Gizem Eti Beslenme ve Diyet Danışmanlığı,+905358318688,Diyetisyen
DİYETİSYEN DUYGU SOYLU BESLENME VE DİYET DANIŞMANLIĞI,+905395560534,Diyetisyen
DİYETİSYEN Sakine Kulaksız,+905346969014,Diyetisyen
Diyetisyen Cennet Filik,+908508116435,Diyetisyen
Diyetisyen Nilay Köç Beslenme ve Diyet Danışmanlığı,+905060435456,Diyetisyen
Uzm. Diyetisyen Gizem Yaman Sağlıklı Beslenme ve Diyet Merkezi,+905398683310,Diyetisyen
Diyetisyen Sena Yaran Özdemir | Kişiye Özel Beslenme ve Diyet Danışmanlığı,+905451539146,Diyetisyen
Diyetisyen Nurten Önre,+905520165699,Diyetisyen
Liva Diet (Diyetisyen Elif Tükenmez & Diyetisyen Günay Kocakaplan),+905326524417,Diyetisyen
Diyetisyen Esra Aytaş,+905334943076,Diyetisyen
Diyetisyen Damla Yaren Tacar - Beslenme ve Diyet Merkezi,+905307678697,Diyetisyen
Diyetisyen Mihriban Akdağ Beslenme Ve Diyet Danışmanlık Merkezi Avcılar,+905079675409,Psikolog / Terapist
Diyetisyen GÜL Seda Tanrıverdi,+905528133618,Diyetisyen
MyFit Aktif Yaşam Merkezi,+905356589528,Diyetisyen
Beauty&Slim Beslenme ve Diyet Merkezi,+905338100383,Diyetisyen
Denge Beslenme Ve Danışmanlık Merkezi,+905547205732,Psikolog / Terapist
Diyetisyen Kübra Aydın Başaran,+905469575509,Diyetisyen
Nurşah Özet Beslenme ve Diyet Danışmanlığı,+905551889600,Diyetisyen
M Form Diyet ve Pilates Merkezi,+905323437401,Diyetisyen
Gülsipan Yaşar,+905069622341,Diyetisyen
Diyetisyen Damla Arslan,+905399431052,Diyetisyen
Diyetisyen Buket Mutioğlu,+905416128538,Diyetisyen
Diyetisyen Zeynep Yaren Kaya,+908504747735,Diyetisyen
Diyetisyen Çağlanur Korkmaz,+905539794348,Diyetisyen
FLEX GYM,+902125092000,Kuaför / Berber
The Pilates Studio,+905326772007,Pilates / Yoga
Atlantis Studio Pilates - Fitness - EMS,+905548463454,Pilates / Yoga
Ems Avcılar Pilates Fitwin Studio,+905458674932,Pilates / Yoga
Studio Therapy Sport Club,+905314985404,Pilates / Yoga
Be Strong Fit Club,+905418722126,Kuaför / Berber
Ays pilates studio,+905071356871,Pilates / Yoga
NK Pilates Studio,+905444063721,Pilates / Yoga
Vi FizyoPilates,+905309375001,Psikolog / Terapist
Gülşah Doğan pilates studio,+905422429595,Pilates / Yoga
Marin Fit Pilates,+905050585676,Pilates / Yoga
BERFİN KARA PİLATES,+905392963575,Pilates / Yoga
Beyond Pilates Studio® By Hatice Bayraktar,+905075162619,Pilates / Yoga
SPORIUM SPORTS AVCILAR,+902126949800,Kuaför / Berber
Fit Lady Seda Arıoğlu,+905366642681,Pilates / Yoga
Pilates by Şafak,+902126951870,Pilates / Yoga
Online Pilates Atölyesi,+905529339937,Pilates / Yoga
Real Şampiyon Spor Salonu,+902125931617,Kuaför / Berber
Mustafa Akansel Spor Kulübü,+902125903141,Kuaför / Berber
GYM LABS,+905352000921,Kuaför / Berber
Elite Spor Gym,+902125917336,Kuaför / Berber
KAM FİT GYM,+905423934023,Kuaför / Berber
HULK GYM,+905451210404,Kuaför / Berber
Çi Gym - Fitness & Fight Club,+905377041336,Kuaför / Berber
214 Forces Gym,+905421120214,Kuaför / Berber
She Hulk (Kadınlara Özel Spor Salonu),+905431640404,Kuaför / Berber
"GO PİLATES CENTER by ""Gülşah ÖZER""",+908503053465,Pilates / Yoga
ORHAN DOĞAN SPOR KULÜBÜ,+902125909902,Kuaför / Berber
Voit Fitness,+902124200009,Kuaför / Berber
OXİON FİTNESS,+905400090404,Kuaför / Berber
More Gym Spor Salonu – Avcılar,+905074769147,Kuaför / Berber
Tunçel Spor Kulübü,+902125907226,Kuaför / Berber
Regeneration GYM,+905335018564,Kuaför / Berber
Liva Spor Kulübü,+905071230022,Kuaför / Berber
Swan Dive Pilates,+905458121696,Pilates / Yoga
Avcılar Kadıköy Boks Spor Kulübü,+905418595884,Kuaför / Berber
PlayBox Avcılar / Kadınlara Özel Spor Salonu,+905513414959,Kuaför / Berber
SEFA DOSEM SPOR KULÜPLERİ Fitness&Wellness&Karate-do&Kıckbox,+902124236512,Kuaför / Berber
Be. Pilates & Yoga,+905382604776,Pilates / Yoga
KANDEMİR FİTNESS,+905469322125,Kuaför / Berber
Akbulut Gençlik Spor Merkezi,+905443375858,Kuaför / Berber
Space Gym,+902125915167,Kuaför / Berber
The GYM A+ Fitness & Spa Bahçeşehir / Ispartakule - Ağaoğlu,+902124050002,Kuaför / Berber
İkiz Efsane Spor Kulübü,+905362643212,Kuaför / Berber
STONECOLD GYM,+908503468862,Kuaför / Berber
Zin Fit Pilates Stüdyo - Avcılar,+905377363712,Pilates / Yoga
Her Gun Spor,+905528078890,Kuaför / Berber
ŞAH MAT SPOR KÜLÜBÜ,+905307665390,Kuaför / Berber
Bahar Acar Güzellik Salonu,+902129550606,Güzellik Salonu
ZEYN güzellik salonu,+905451830202,Güzellik Salonu
ZEHRA ÜNSAL GÜZELLİK SALONU,+905458930520,Güzellik Salonu
Estesline Güzellik Salonu Bağcılar,+905324501131,Güzellik Salonu
Özüm Güzellik Salonu,+905386986158,Güzellik Salonu
Volans Güzellik Salonu,+905545055656,Güzellik Salonu
ALTINTAŞ GÜZELLİK SALONU,+905300236132,Güzellik Salonu
Figen Yıdırım Güzellik Salonu,+905557644562,Güzellik Salonu
Türkan Güven Güzellik Salonu,+905451971015,Güzellik Salonu
SEVİM ALAN BAĞCILAR,+905300877021,Güzellik Salonu
ANKA GÜZELLİK SALONU,+905398117427,Güzellik Salonu
Eslina Estetik & Güzellik Merkezi,+902128230888,Güzellik Salonu
Fatma Yılmaz Beauty Vip,+902124331261,Güzellik Salonu
TYANA GÜZELLİK BAĞCILAR,+905052498101,Güzellik Salonu
EsteMuka Güzellik Salonu VIP,+905426107725,Güzellik Salonu
İNCİ GÜZELLİK MERKEZİ,+905533327640,Güzellik Salonu
Elit Derma Clinic,+905073536383,Güzellik Salonu
Nuray Yıldız Mahmutbey,+905427601500,Güzellik Salonu
Neu Güzellik Merkezi - Bağcılar,+905339682633,Güzellik Salonu
Saadet_i âla estetik güzellik,+905464162727,Güzellik Salonu
Aris Ezgi Doğan Güneşli VIP Güzellik Merkezi,+905321377804,Güzellik Salonu
Dessa Güzellik,+905303630165,Güzellik Salonu
Salon ON Saç Dizayn,+902125152829,Kuaför / Berber
V&P GÜZELLİK / BAKIM,+905303711434,Güzellik Salonu
Duru Estetik ve Güzellik Merkezi,+905524501034,Güzellik Salonu
ŞÜKRAN YILMAZ GÜZELLİK SALONU,+905339385134,Güzellik Salonu
Ogün ÖZGÜR Güzellik Salonu,+905054714997,Güzellik Salonu
DENİZ SARYA güzellik,+902125640965,Güzellik Salonu
Güzellik merkezi,+905462088816,Güzellik Salonu
BURCU ŞANLI bayan Kuaför Güzellik Salonu Güneşli deki Kuaförler Gelin Başı Saç Röfle Türban Omre Keratin Ağda Makyaj Güneşli,+905367087505,Güzellik Salonu
Starmed Güzellik Salonu,+902126341018,Güzellik Salonu
Nazire Cengiz Bakım Salonu,+905303947659,Güzellik Salonu
SALON ES KUAFÖR VE GÜZELLİK SALONU,+902124892660,Güzellik Salonu
Reina Güzellik Güneşli,+905528508582,Güzellik Salonu
Özlem'de Beauty - Güzellik Salonu,+905548294030,Güzellik Salonu
Yasemin Pala Kuaför & Güzellik Salonu,+905383099338,Güzellik Salonu
Es&AS Güzellik Salonu,+905326218539,Güzellik Salonu
Merhaba Güzellik,+905073383880,Güzellik Salonu
Su Bayan Güzellik,+905378474759,Güzellik Salonu
Erol Bulut Kuaför ve Güzellik Salonu (Güneşli),+905066720016,Güzellik Salonu
Honey İksir Güzellik Salonu,+902126343463,Güzellik Salonu
Kuaför Salih Karabulut,+905495495318,Kuaför / Berber
Sultan Güzellik Salonu,+902124464241,Güzellik Salonu
Fatih Demiröz Hair Designer Erkek Kuaförü Bağcılar İstanbul,+905423620236,Kuaför / Berber
Mehmet bahçecik Bay Bayan Kuaför.,+905528496240,Kuaför / Berber
Alev Kuaför,+902126570889,Kuaför / Berber
Eminem Güzellik Salonu,+905374308921,Güzellik Salonu
Salon Maviş Kuaför,+905304496413,Kuaför / Berber
Miranda Güzellik,+905392028855,Güzellik Salonu
Salon Buğra,+905462500005,Kuaför / Berber
Ss Clinic Bağcılar,+905445053760,Güzellik Salonu
Dora Spa Masaj Salonu Bağcılar | Spa Merkezi,+905385674450,Kuaför / Berber
Şeyla Bayan Kuaförü,+902124745236,Kuaför / Berber
pati kuaför kapında,+905308325871,Kuaför / Berber
Mustafa Uğraşkan Barber’S Club Erkek Kuaförü Bağcılar İstanbul,+905525071919,Kuaför / Berber
Anemor güzelik salonu,+905538396356,Güzellik Salonu
ONUR EKER BAYAN KUAFÖR SALONU,+905055992298,Kuaför / Berber
SalonCeyhun,+902125502857,Kuaför / Berber
Hairway Women's and Men's Hairdresser Barber Shop - Bay Bayan Vıp Kuaför Salonu,+905398220866,Kuaför / Berber
Salon Elmas KİRAZLI,+905326493610,Kuaför / Berber
CANFER GÖRMÜŞ HAİR ARTİST ERKEK KUAFÖRÜ BAĞCILAR İSTANBUL,+905305919353,Kuaför / Berber
By Aycha Men&Women Hair Design,+902128019387,Kuaför / Berber
Tuba Kuaför,+905462050401,Kuaför / Berber
DİLAN KORKMAZ KUAFÖR & GÜZELLİK MERKEZİ,+905555443744,Güzellik Salonu
A&A Ekol Bay Bayan Kuaförü ve Güzellik Merkezi,+905538968757,Güzellik Salonu
KARAVAN BERBER,+905383606200,Kuaför / Berber
Serenity Güzellik Bağcılar,+902124366996,Güzellik Salonu
Batçı - Kuaför ve Uygulama Merkezi,+905302413474,Kuaför / Berber
Özlem Saç ve Tasarım,+905070578674,Kuaför / Berber
Semra Kışla Kuaför Salonu,+905526113419,Kuaför / Berber
Perihan Gelinlik ve Güzellik Salonu,+902124294961,Güzellik Salonu
Burcu Bayan Kuaförü & Güzellik Salonu,+902126516077,Güzellik Salonu
Sabahnur Bayan Kuaförü,+902124465789,Kuaför / Berber
Saloon Özgür Erkek Kuaförü,+905445333016,Kuaför / Berber
Barber cutx,+905462629634,Kuaför / Berber
Elif Taş Güzellik,+905467268219,Güzellik Salonu
İkon Spa & Masaj Salonu Bağcılar,+905514834598,Kuaför / Berber
Ada Güzellik Salonu,+902122401923,Güzellik Salonu
Tuğba Güzellik Salonu Kuaför,+902126467070,Güzellik Salonu
Gökhan ERKEK KUAFÖRÜ,+905556106172,Kuaför / Berber
MUSTAFA UĞUR HAİRSTYLİST,+905453009850,Kuaför / Berber
Şaheste İLÇİN,+905320677856,Kuaför / Berber
Semih Kuaför,+905387605997,Kuaför / Berber
Efendy Erkek Kuaförü,+905379137924,Kuaför / Berber
DRAİN BAYAN KUAFÖRÜ SAÇ TASARIM MERKEZİ,+902124347663,Kuaför / Berber
CERENİL Beauty,+902126308888,Güzellik Salonu
Zeyden bayan kuafor,+905523449140,Kuaför / Berber
EMRE ARSLAN KUAFÖR,+905466375544,Kuaför / Berber
Secret Art Bayan Kuaförü,+902126519757,Kuaför / Berber
Ebru bayan kuaförü güzellik salonu,+905326584796,Güzellik Salonu
SABRİYE & UĞUR. BAYAN KUAFÖRÜ. (. SABRİYE & UĞUR ),+905357447291,Kuaför / Berber
Kos Bayan Kuaförü,+902126020503,Kuaför / Berber
Emel Bayan Kuaförü,+905076283389,Kuaför / Berber
Emre üstün kuaför,+905356211092,Kuaför / Berber
Almila Bayan Kuaförü,+902124624786,Güzellik Salonu
Zin Bayan Kuaförü,+902125505762,Kuaför / Berber
Senkoop Bayan Kuaförü,+905555206071,Kuaför / Berber
Engin Kuaför,+902126472068,Kuaför / Berber
Efsane Bayan Kuaförü,+902124622229,Kuaför / Berber
TUEN KUAFÖR VE SAÇ TASARIM MERKEZİ - GÜNEŞLİ,+902124013472,Kuaför / Berber
Kuaför İmaj,+902124615672,Kuaför / Berber
Kuaför Aşkın,+905362164641,Kuaför / Berber
Kuaför By Hırçın,+905456555234,Kuaför / Berber
HAIR STUDIO Oğuz Galip berber,+905530063052,Kuaför / Berber
Sevda Bayan Kuaförü,+905366920384,Kuaför / Berber
Samet Yıldız Bay Bayan Kuaför Salonu Güneşli,+902126512152,Kuaför / Berber
Levent Kuaför,+905536257107,Kuaför / Berber
Fön1 Kuaför,+905353441622,Kuaför / Berber
Eyüp Uzun Erkek Kuaförü Yeni Adres,+905310336414,Kuaför / Berber
SALON MERT,+905379256969,Kuaför / Berber
By Zinar Hair Salon,+905549868593,Kuaför / Berber
Salon Barcode,+905375453286,Kuaför / Berber
Kuaför Emre,+905302211470,Kuaför / Berber
Salon Peri Güneşli,+905385737999,Kuaför / Berber
Salon Meta,+905379644888,Kuaför / Berber
Esra Bayan Kuaförü (Bağcılar olympik Stad),+905374556063,Güzellik Salonu
Arminas Bayan Kuaför,+905321654808,Kuaför / Berber
Salon Elmas yenimahalle,+905368425917,Kuaför / Berber
Ayka Bayan Kuaförü,+905364518213,Kuaför / Berber
Kuaför İbrahim,+905439550317,Kuaför / Berber
Gelincik Kuaför,+902125506362,Kuaför / Berber
Helin Bayan Kuaförü,+905448232424,Kuaför / Berber
Mega Parla Kuaför,+905352969898,Kuaför / Berber
GO HAIR | Batışehir,+905051696301,Güzellik Salonu
Altınbaş Kuaför Salonu,+902126344284,Kuaför / Berber
Canan Bayan Kuaför,+905354497228,Kuaför / Berber
AYDİNÇ KUAFÖR MALZEMELERİ,+902126592696,Kuaför / Berber
Salon Turgay,+905322618873,Kuaför / Berber
Değişim Bayan Kuaförü,+902126566857,Kuaför / Berber
Damla Bayan Kuaför,+905395177794,Kuaför / Berber
Zirve Erkek Kuaförü,+905322501852,Kuaför / Berber
Salon 60,+905384184560,Kuaför / Berber
Maciter Kuaför Malzemeleri,+902126590818,Kuaför / Berber
Altın Makas Erkek Kuaförü,+905426295431,Kuaför / Berber
İstanbul Health Center,+905527501514,Güzellik Salonu
Eslemertasbeauty,+905324213981,Güzellik Salonu
Bien Beauty Center Güzellik Merkezi,+905455235856,Güzellik Salonu
Bağcılar Berim Beauty | Güzellik Merkezi,+905303271572,Güzellik Salonu
Batı ESS Güzellik Salonu,+902124623465,Güzellik Salonu
Ruken Fırat Güzellik Merkezi,+905534031717,Güzellik Salonu
HM Beauty Güneşli VIP Güzellik Merkezi,+905322445169,Güzellik Salonu
Styllaser *Gül Şen Beauty,+905322896320,Güzellik Salonu
Gardenya Beauty,+905336631505,Güzellik Salonu
Myclinique Güzellik Merkezi,+905317964127,Güzellik Salonu
Uzm.Dr.Gökhan Gürül,+905451270628,Diğer (Sağlık & Bakım)
Estemiraworld beauty,+905469576240,Güzellik Salonu
Şimşek Clinic Aesthetic,+905536367116,Güzellik Salonu
Carnelian Guzellik & Estetik,+905537930234,Güzellik Salonu
Dr. Bağcılar Meme Estetiği,+905322946913,Güzellik Salonu
Forever Clinica,+902128030072,Güzellik Salonu
Newface Estetik Akademi,+902126060022,Güzellik Salonu
Selly Beauty,+902124616127,Güzellik Salonu
NL medicine,+905334313822,Güzellik Salonu
Youna Beauty,+905304138464,Güzellik Salonu
Batışehir Beauty Center,+905496530818,Güzellik Salonu
MB BEAUTY CENTER,+905011438191,Güzellik Salonu
Be&Ra Estetik Güzellik Salonu,+905447885054,Güzellik Salonu
Corridor Bayan Kuaförü - Güzellik Merkezi,+905441695844,Güzellik Salonu
NewMe clinic Turkey,+905309199150,Diş Kliniği
Medicine Health Center,+905323912435,Diğer (Sağlık & Bakım)
"VDS Diş Kliniği Güneşli Bağlar: Diş Çekimi, İmplant, Estetik Dolgu, Panoramik Röntgen, Lamine, Zirkonyum Kaplama",+905062500005,Diş Kliniği
Dr. Anvar Ahmedov,+905556102802,Güzellik Salonu
Rebirthian Clinic,+905011171777,Güzellik Salonu
Yaman Estetik,+905536634081,Güzellik Salonu
Uzm. Dr. Filiz Karalar,+908508117977,Diğer (Sağlık & Bakım)
Bağcılar Anahtar Psikolojik Danışmanlık ve Rehberlik Merkezi,+902124366838,Psikolog / Terapist
A&E Pencere Psikolojik Danışmanlık ve Eğitim Merkezi,+905455812491,Psikolog / Terapist
212 Psikoloji - Klinik Psikolog Naz Akkuş,+905401220212,Psikolog / Terapist
Dr. Yasemin Kamalı,+908508113274,Psikolog / Terapist
Psikolog Aysel Çetinkaya,+905331009089,Psikolog / Terapist
5 Renk Eğitim ve Danışmanlık,+905068484764,Psikolog / Terapist
Uzman Klinik Psikolog Buse Gözcü,+902128305054,Psikolog / Terapist
Psk. Sıla Bilgiç,+908504746806,Psikolog / Terapist
Bağcılar - Başakşehir - Halkalı - Psk. Ebru Tenli,+905528226310,Psikolog / Terapist
Pakuagram,+905321589782,Psikolog / Terapist
"Prof. Dr. Erdem Deveci, Psikiyatri",+905011421304,Psikolog / Terapist
Psikolojik Destek Merkezi,+905447243650,Psikolog / Terapist
Dünyagöz Bağcılar,+902124137951,Diğer (Sağlık & Bakım)
Diyetisyen Ezgi Şen Beslenme ve Danışmanlık Merkezi,+905411901786,Psikolog / Terapist
Psk. Gökçe karahan,+905457383984,Psikolog / Terapist
PsikoYaşam Akademi,+905510893394,Psikolog / Terapist
Diyetisyen Hanife Bingöl,+905464214059,Diyetisyen
Psikolog Nevzat ERTAŞ,+905412195107,Psikolog / Terapist
Çocuk Gelişim Uzmanı Esra Toraman,+902129126474,Psikolog / Terapist
Uzm. Klinik Psikolog Semanur BATCI,+905418441955,Psikolog / Terapist
Özel Bağcılar Ağız ve Diş Sağlığı Polikliniği,+902124350410,Diş Kliniği
Özel Bağcılar Ağız ve Diş Sağlığı Merkezi,+902124478787,Diş Kliniği
Nöbetçi Dişçi Bağcılar | Özel Bağcılar Güleryüz Diş Kliniği,+905428398558,Diş Kliniği
Turadent Ağız ve Diş Sağlığı Merkezi,+902126305757,Diş Kliniği
Esin Ağız ve Diş Sağlığı Polikliniği,+902124463019,Diş Kliniği
Sudent Ağız Ve Diş Sağlığı Polikliniği,+902126514241,Diş Kliniği
ÖZEL MAYDENT KLİNİK,+905415994646,Diş Kliniği
Özel Yeni Dünya Ağız ve Diş Sağlığı Polikliniği,+905321624413,Diş Kliniği
Özel Eftal Ağız ve Diş Sağlığı Polikliniği,+905531750637,Diş Kliniği
Doktordiş Ağız ve Diş Sağlığı Polikliniği,+902124450454,Diş Kliniği
Özel Familya Ağız ve Diş Sağlığı Polikliniği,+905302566083,Diş Kliniği
İstanbul Uzman Dental Ağız ve Diş Sağlığı Polikliniği,+902126343401,Diş Kliniği
KLİNİK NO2 AĞIZ VE DİŞ SAĞLIĞI POLİKLİNİĞİ,+902126466646,Diş Kliniği
Dentalpoint Ağız ve Diş Sağlığı Polikliniği,+905070507707,Diş Kliniği
Mehmet Eker Ağız ve Diş Sağlığı Polikliniği,+905322455912,Diş Kliniği
Bağcılar Safa Diş Ağız ve Diş Sağlığı Polikliniği,+902124621626,Diş Kliniği
Diş Konağı Ağız ve Diş Sağlığı Polikliniği,+905419330202,Diş Kliniği
Özel Meriç Ağız Ve Diş Sağlığı Polikliniği,+902124330509,Diş Kliniği
Bağcılar Diş Hekimi,+905335206372,Diş Kliniği
Özel Parkdent Ağız ve Diş Sağlığı Polikliniği,+902126550265,Diş Kliniği
Özel Yüzyıl Ağız Ve Diş Sağlığı Polikliniği,+902124323288,Diş Kliniği
Astradent Ağız ve Diş Sağlığı Polikliniği,+905060439043,Diş Kliniği
DEMİRTÜRK AĞIZ VE DİŞ SAĞLIĞI POLİKLİNİĞİ,+905552101680,Diş Kliniği
Özel Kirazlı Ağız ve Diş Sağlığı Polikliniği,+902125152299,Diş Kliniği
LATERAL AĞIZ VE DİŞ SAĞLIĞI POLİKLİNİĞİ,+905540224463,Diş Kliniği
Özel Estediş Ağız Ve Diş Sağlığı Polikliniği - Güneşli,+905544918644,Diş Kliniği
Diş Hekimi Selda Doğan,+902128920103,Diş Kliniği
Yeşilbağ Ağız Ve Diş Sağlığı Polikliniği,+902124624578,Diş Kliniği
MEDICINE Ağız ve Diş Sağlığı Polikliniği,+905308225696,Diş Kliniği
Özel Dentexpert Mahmutbey Ağız ve Diş Sağlığı Polikliniği,+905346357575,Diş Kliniği
AFİLDENT BAĞCILAR | Ağız ve Diş Sağlığı Polikliniği | BAĞCILAR DİŞ,+905323902453,Diş Kliniği
Acil Dişçi Güneşli | Nöbetçi Diş Kliniği Bağcılar | Özel MCT Diş Bağcılar Gece Açık Diş Kliniği,+905058493434,Diş Kliniği
Ayla Ağız ve Diş Sağlığı Polikliniği,+905538901122,Diş Kliniği
ÖZEL MT DİŞ Ağız ve Diş Sağlığı Polikliniği,+902128908448,Diş Kliniği
Diş Hekimliği - Gala Dental Clinic,+905424405584,Diş Kliniği
Özel Evren Diş Polikliniği Ağız Ve Diş Sağlığı Polikliniği,+902126517617,Diş Kliniği
Dental Ağız ve Diş Sağlığı,+905527163608,Diş Kliniği
Özel İnanç Ağız ve Diş Sağlığı Polikliniği,+905526850022,Diş Kliniği
Oskar Smile Poliklinik,+905334852022,Diş Kliniği
Diş hekimi Cemaleddin Bektay,+905433727635,Diş Kliniği
Diş Hekimi YILMAZ SEMERCİ,+902124893486,Diş Kliniği
Tekin Ağız Ve Diş Bağcılar Tabya,+905558793694,Diş Kliniği
Diş Hekimi Mehrin Şentürk,+902126512494,Diş Kliniği
DG DENTAL CLINIC,+905526729591,Diş Kliniği
Mkm Klinik Mahmutbey,+902126510061,Diş Kliniği
Alan Clinic,+905522245684,Diş Kliniği
SENAS DİŞ KLİNİĞİ,+905515443444,Diş Kliniği
Diş Hekimi Ercan Kuşçu,+902126340073,Diş Kliniği
Lerra Dental Clinic,+905399268888,Diş Kliniği
Diş Hekimi Dr. Mesut Parlak,+902124330243,Diş Kliniği
DentaHeal Ağız ve Diş Sağlığı Polikliniği Bağcılar Şubesi,+905431701444,Diş Kliniği
Bağcılar Diş Hekimi - Kilerci Dental,+905302405800,Diş Kliniği
H&M Dent Ağız ve Diş Sağlığı Polikliniği,+902126293225,Diş Kliniği
Diş Hekimi Güner Demir,+902125503169,Diş Kliniği
Aksu Clinic Dental Art,+905330669912,Diş Kliniği
Densa Ağız ve Diş Sağlığı Polikliniği- Mahmutbey Diş Hekimi,+905514543424,Diş Kliniği
Akkuş Ağız Ve Diş Sağlığı Polikliniği,+902124740967,Diş Kliniği
A.E.K AĞIZ VE DİŞ SAĞLIĞI,+905068309807,Diş Kliniği
Diş Hekimi Doğan Aygören,+905079249244,Diş Kliniği
Diş Hekimi,+902126300171,Diş Kliniği
O.Nuri Yazıcıoğlu,+902126517504,Diş Kliniği
Diş Hekimi Bora Alp,+902126285252,Diş Kliniği
Dicle Dent Clinic,+905313739504,Diş Kliniği
Diş Hekimi Aysan Çınarlı & Egemen Çınarlı,+905551474545,Diş Kliniği
Emin Eraslan,+902125501725,Diş Kliniği
Ülkü Kuş Diş Hekimi,+902124457945,Diş Kliniği
Diş Hekimi Havva Gazi,+902124458292,Diş Kliniği
Diş Hekimi Fatma Kılıçbay,+902124354355,Diş Kliniği
Diş Hekimi Arzu Nas,+902126304131,Diş Kliniği
Right Dental Clinic,+905518151954,Diş Kliniği
Diş Hekimi Dr. Görsev Canbolat,+902124464686,Diş Kliniği
Clinic Trip,+905444030592,Diş Kliniği
Yaman Surgery Center,+905332680123,Güzellik Salonu
Diş Hekimi Yasin KARA,+902125155504,Diş Kliniği
Diş Hekimi Dilek Nur TUNÇEL İNAL,+908504748481,Diş Kliniği
Viral Dental Clinic,+905461755419,Diş Kliniği
eternity smile,+905558874090,Diş Kliniği
"Larin Dental Clinic ( İmplant, Hollywood Smile, Alman İmplant, Yerli İmplant, Diş Beyazlatma, Zirkonyum Kaplama)",+902124715465,Diş Kliniği
Wu-ju Tattoo,+905314389744,Dövme & Piercing
Tatto Bee,+905446086224,Dövme & Piercing
Sinem Gümüş & Tatto,+905388936142,Dövme & Piercing
tato emre,+905411314199,Dövme & Piercing
Els Diyet Beslenme ve Diyet Danışmanlığı - Diyetisyen Elif Yılmaz,+902126514344,Diyetisyen
Diyetisyen Büşra Özçelik,+905373545755,Diyetisyen
Uzman Diyetisyen Hafize Ögün Dudioğlu,+905549878363,Diyetisyen
R-FORM DİYET,+905070835748,Diyetisyen
Diyetisyen Elif Gedik,+905301302805,Diyetisyen
Diyetisyen Meryem Yaman,+905382825566,Diyetisyen
Diyetisyen Zeynep Altıngül,+905307818996,Diyetisyen
ES-Life Sağlıklı Yaşam Merkezi - Diyetisyen Esin Coşkun,+905376069100,Diyetisyen
"Diyetisyen Tülin Hastürk,Fonksiyonel Tıp Diyetisyeni",+905426163980,Diyetisyen
Diyetisyen Didem Usta Beslenme&Diyet Danışmanlığı Merkezi,+905435430308,Diyetisyen
Diyetisyen Kübra Çıtlak,+905434872610,Diyetisyen
Uzm. Dyt. Nazire Uzunalan,+905321112369,Diyetisyen
Diyetisyen Atakan Ceyhan,+905425035204,Diyetisyen
Diyetisyen sümeyye kırvar,+905422911948,Diyetisyen
Diyetisyen Gamze Nur Yılmaz,+905468207716,Diyetisyen
Uzman Diyetisyen Sena Kazan,+905444870800,Diyetisyen
Diyetisyen Ebrar Polat,+905522838121,Diyetisyen
Diyetisyen İnci Akdağ Ürünlü Beslenme ve Diyet Danışmanlık Merkezi,+905466678988,Psikolog / Terapist
Bağcılar Diyetisyen | Gamze Nur Yüksel – Beslenme ve Diyet Danışmanlığı,+905349348832,Diyetisyen
Fırat yaşam merkezi,+905443741322,Diyetisyen
Özel DES Evde Sağlık Hizmetleri,+905316897112,Diğer (Sağlık & Bakım)
Dyt. Tuğçe Hatice Özer,+908508119242,Diyetisyen
Yasin Karagöz Beslenme ve Diyet Danışmanlığı,+905343549847,Diyetisyen
Fit Station Bağcılar,+905303097029,Kuaför / Berber
Diyetisyen Yunus BAŞ,+905063255169,Diyetisyen
Esra OLCAY,+905331222090,Diyetisyen
Elit Spor Salonu,+905406441046,Kuaför / Berber
LUNAVÉ Pilates Studio,+905416538035,Pilates / Yoga
Fizyo Bloom Pilates Studio,+905436446423,Pilates / Yoga
Pilates with Nagehan,+905304680584,Pilates / Yoga
Pilates with Nagehan & Elif,+905531421514,Pilates / Yoga
Fizyo Desa Pilates Studio,+905073873372,Pilates / Yoga
Galanthus pilates,+905455667328,Pilates / Yoga
Neva Pilates Club Ayşenaz Belen,+905373450509,Pilates / Yoga
bayan spor pilates,+905433930698,Pilates / Yoga
Box-Fit Pilates & Training Studio,+905011120034,Pilates / Yoga
Motion Pilates Studio,+905319692797,Pilates / Yoga
E&N FİT SPOR SALONU,+902124623142,Kuaför / Berber
Gym-Clinic Wellness Pilates,+905443035700,Pilates / Yoga
Studio 29 Egzersiz Danışmanlık Merkezi,+905063595729,Psikolog / Terapist
Auralis Pilates Studio,+905541398086,Pilates / Yoga
SunFizyo Güneşlipark Pilates,+905321326114,Pilates / Yoga
Victorium Fitness,+905456228853,Kuaför / Berber
Yüksel Spor Salonu,+905439229680,Kuaför / Berber
NeXLife Fitness Spor Salonu,+902126511632,Kuaför / Berber
Meta Fit Club,+905387771199,Kuaför / Berber
Fit Station Parseller,+905344240229,Kuaför / Berber
Aydın Biçen Sports Center,+902126559555,Kuaför / Berber
Prenses Spor Güneşli,+902124745758,Kuaför / Berber
Gelişim Spor Kompleksi,+905383046729,Kuaför / Berber
Gyms Fit House,+905451909724,Kuaför / Berber
Fit Station Ateştuğla,+902128128906,Kuaför / Berber
"Navitas Spa Merkezi ve Spor Salonu, Retaj Royale",+902126513644,Kuaför / Berber
Kuzey Pars Spor Salonu,+902124369481,Kuaför / Berber
Santa Monica GYM - Güneşli,+902126560767,Kuaför / Berber
Bodyguard Spor Salonu,+905354726895,Kuaför / Berber
"Atak Spor, Bağcılar",+905435833420,Kuaför / Berber
İron City Training Club,+905398303793,Kuaför / Berber
Fit Station Barbaros,+905012502200,Kuaför / Berber
Dnz kadınlara özel spor salonu,+905380350542,Kuaför / Berber
Panax Pro Gym Bağcılar,+905305058733,Kuaför / Berber
Bayrak Spor Merkezi Güneşli,+905325824971,Kuaför / Berber
Bağcılar Olimpik Boks ve Kickboks,+905454563745,Kuaför / Berber
Vita Gym & Spa Club,+905326696710,Diğer (Sağlık & Bakım)
Bağcılar yürür Spor Kulubü,+905357303679,Kuaför / Berber
GYMFIT NUROL PARK,+902128034461,Kuaför / Berber
Exclusive Spa & Fitness,+902128035220,Diğer (Sağlık & Bakım)
Beatus Spa & Fitness Wanda Vista,+905321338836,Diğer (Sağlık & Bakım)
FORM LIFE SPORTS CLUB,+905522234152,Kuaför / Berber
Bağcılar Çok Amaçlı Spor Salonu,+902128018116,Kuaför / Berber
Emin Kamacı Spor salonu,+905313801931,Kuaför / Berber
Egesal spor merkezi,+902126518626,Kuaför / Berber
BatıŞehir Spor Akademisi,+905326026347,Kuaför / Berber
Viva City Sports Center,+905416963144,Kuaför / Berber
Zişa Güzellik Salonu,+905343747252,Güzellik Salonu
House Beauty Şirinevler Kuaför ve Güzellik Merkezi,+905010644280,Güzellik Salonu
BM Beauty Center Bahçelievler,+905445936968,Güzellik Salonu
Desmocollin Güzellik,+905326015434,Güzellik Salonu
Buse Beauty Studio,+905367185507,Güzellik Salonu
Elnura Beauty Center - Bahçelievler Güzellik Merkezi,+905337167275,Güzellik Salonu
ZEYNEP BAĞLASAN GÜZELLİK SALONU,+905421922822,Güzellik Salonu
merve sayın ağda & güzellik salonu,+905414976286,Güzellik Salonu
Chakra Güzellik,+908504807065,Güzellik Salonu
Yıldızca Beauty - Şirinevler Güzellik Merkezi,+905325410472,Güzellik Salonu
Epiklinik,+902126545501,Güzellik Salonu
Neshela Beauty Center,+905336625572,Güzellik Salonu
She-Ra Beauty - Kadın Güzellik Merkezi,+902125517433,Güzellik Salonu
NT ESTETİK GUZELLIK SALONU,+905432417778,Güzellik Salonu
Hatice Deniz Özbay Güzellik Merkezi,+902125460246,Güzellik Salonu
Bahçelievler Güzellik Merkezi - **** GÜLAY TEKİN ****,+905334505336,Güzellik Salonu
Slife Güzellik,+902125070088,Güzellik Salonu
Derya Dolu Güzellik Merkezi,+905331458817,Güzellik Salonu
Este Moon Güzellik I Bahçelievler Epilasyon Merkezi I Cilt Bakımı I Bölgesel Zayıflama I Kalıcı Makyaj,+905323497926,Güzellik Salonu
ASDERM GÜZELLİK SALONU Bahçelievler/Yenibosna /İstanbul,+905551408580,Güzellik Salonu
NEW POST Hair Studio,+905376907917,Kuaför / Berber
Enza Beauty & Aesthetic Bahçelievler,+905339489063,Güzellik Salonu
Su Beauty,+905535140133,Güzellik Salonu
BB GÜZELLİK MERKEZİ,+905431670366,Güzellik Salonu
Golden beautynigar,+905528401080,Güzellik Salonu
Asel & Nilda,+902124411824,Güzellik Salonu
Meryem Mülayim Güzellik Salonu,+905399367173,Güzellik Salonu
Ada güzellik salonu,+905313162393,Güzellik Salonu
Hicran Çallı Güzellik Salonu,+905316676811,Güzellik Salonu
By Momonde Beauty Salon Zülfiye Önal,+905303822812,Güzellik Salonu
Mirella Estetik ve Güzellik Merkezi,+905324497836,Güzellik Salonu
Marjinal Stüdyo - Bahçelievler Afrika Örgüsü,+905437669185,Kuaför / Berber
sayaneste güzellik ve bakım,+905309510462,Güzellik Salonu
She's World Güzellik Merkezi,+905452584765,Güzellik Salonu
Magia Dita Erkek Kuaförü,+902129844504,Kuaför / Berber
Aksis Vip Güzellik Salonu,+905056317704,Güzellik Salonu
New Studio,+902125572272,Kuaför / Berber
Saloon Valeyas,+902126772629,Kuaför / Berber
Salon Lannse,+905365047229,Güzellik Salonu
GÜL AKSOY,+902125555624,Kuaför / Berber
Gultekin Arı Hair Make Up,+902124417323,Kuaför / Berber
Mehmet Orhan Hair Desing,+905385155667,Kuaför / Berber
Kardelen ÖZTÜRK Beauty Saloon,+905305034090,Güzellik Salonu
Barıs Çeper Hair Designer,+902126776519,Kuaför / Berber
Hasan İzmir Erkek Kuaförü,+905304197342,Kuaför / Berber
Kuaför Yılmaz,+905323102389,Kuaför / Berber
SunLife Solarium,+902125545501,Kuaför / Berber
Studio Art İstanbul,+902126430279,Kuaför / Berber
Evita güzellik merkezi,+905432203532,Güzellik Salonu
Salon Asya,+905352983712,Kuaför / Berber
Salon Prova,+902126443646,Kuaför / Berber
By Cemal Özdemir Erkek Kuaförü,+902125530037,Kuaför / Berber
Vt Creative Hair Solutions Kuaför Solaryum,+902125060400,Kuaför / Berber
Salon by Murat Sünbül,+905327670134,Kuaför / Berber
Bora Erkal,+902125541041,Kuaför / Berber
The Hair Studio,+902125532858,Kuaför / Berber
Grey Bayan Kuaföru,+905079455215,Kuaför / Berber
Nokta Kuaför ve Güzellik Merkezi,+902126441376,Güzellik Salonu
Esfira Kuaför Ve Güzellik Merkezi,+902124425171,Güzellik Salonu
Megas Kuaför Bahçelievler,+902125044770,Kuaför / Berber
Noar Bahçelievler,+905332383024,Kuaför / Berber
AYSEL AKINCI KUAFÖR,+905347765766,Kuaför / Berber
NİSH KUAFÖR,+905326223209,Kuaför / Berber
Serkan Satan Hair Studio Erkek Kuaförü Bahçelievler İstanbul,+905443806334,Kuaför / Berber
Salon Güven Bayan Kuaförü,+902126530720,Kuaför / Berber
PARLA Beauty,+902125561028,Güzellik Salonu
Salon Glory,+902124410093,Kuaför / Berber
Salon Yıldırım,+902125397575,Kuaför / Berber
SalonSultan,+902127030919,Kuaför / Berber
Kleopatra Kuaför,+905526623462,Kuaför / Berber
DOĞANCAN HAİR STÜDİO,+905300429360,Kuaför / Berber
Yılmaz Kuaför,+902125395150,Kuaför / Berber
Nazmi Balbay Kuaför,+905333792713,Kuaför / Berber
Zeki Stylist Bahçelievler Erkek Berberi,+905379519354,Kuaför / Berber
Tutku Kuaför Ekrem yaşar,+905326326621,Kuaför / Berber
Saloon Eser Hair Artist Bahçelievler,+905431530455,Güzellik Salonu
Kuaför efsane,+902126538871,Kuaför / Berber
𝐊𝐎𝐑𝐀𝐘 𝐏𝐀𝐙𝐀𝐑 𝐁𝐀𝐘𝐀𝐍 𝐊𝐔𝐀𝐅𝐎̈𝐑𝐔̈,+902124423564,Kuaför / Berber
Dejavu bayan Kuaförü şirinevler,+905359407477,Kuaför / Berber
MEKHANN Kuaför,+905424588300,Kuaför / Berber
Nazlı Bayan Kuaförü,+902124517373,Kuaför / Berber
Erol Bulut Bahçelievler,+902126410347,Kuaför / Berber
Hair Vogue Kuaför ve Güzellik Salonu,+905358319931,Güzellik Salonu
Kuaför Elvan,+905327428634,Güzellik Salonu
aymira Güzellik Merkezi,+902126442060,Güzellik Salonu
Seçil Akgün Aral Hair,+905466205525,Kuaför / Berber
Salon Sultan Bayan Kuaförü,+905071482274,Kuaför / Berber
Maccas Bay Bayan Kuaför Salonu,+902124423944,Kuaför / Berber
Ekol Kuaför,+902126428484,Kuaför / Berber
SALON BERBER’S BAHÇELİEVLER ERKEK KUAFÖRÜ,+905550282359,Kuaför / Berber
Lotus bayan kuaförü,+905517124327,Kuaför / Berber
Mesut Kuaför,+905373321334,Kuaför / Berber
Kuaför Ozan Erkek Kuaförü,+905359843356,Kuaför / Berber
Gizem Bayan Kuaför,+902125528991,Kuaför / Berber
GÜNEŞ BAYAN KUAFÖRÜ,+902125528577,Kuaför / Berber
Salon Paris Erkek Kuaförü,+905077447408,Kuaför / Berber
Osman & Bilal Coiffure,+902124414190,Kuaför / Berber
Hollywood Bayan Kuaförü/Gülay Çelik bayan kuaförü,+902125030242,Kuaför / Berber
ESER KUAFÖR İSTANBUL,+905415509290,Kuaför / Berber
Songül Bayan Kuaförü,+905348493765,Kuaför / Berber
SALON NEROXX,+902126423002,Kuaför / Berber
Burç Kuaför,+905446670884,Kuaför / Berber
Kardeşler Bayan Kuaförü,+902125038364,Kuaför / Berber
BAHÇELİEVLER ANGEL PET KUAFÖR,+905520033939,Kuaför / Berber
Kadriye Bayan Kuaförü,+905446148089,Kuaför / Berber
Simge Bayan Kuaforu,+902124529828,Kuaför / Berber
Bride Hair Makeup Studio,+905314544742,Güzellik Salonu
ERGÜN KUAFÖR,+905378261253,Kuaför / Berber
Ayla Bayan Kuaförü,+905347656273,Kuaför / Berber
Karizma Bayan Kuaförü,+902125037868,Kuaför / Berber
Gold Hair İstanbul - Protez Saç ve Gerçek Saç Merkezi | Real Hair Replacement Center,+905418575646,Kuaför / Berber
Fadil Ugur bayan kuaför güzellik sac kaynak merkezi,+905417762005,Güzellik Salonu
3sss kuaför. BAHÇELİEVLER ŞUBEMİZ KAPANMIŞTIR. BEYLİKDÜZÜ ŞUBESİ İLE İLETİŞİME GEÇEBİLİRSİNİZ!!!,+905322833592,Kuaför / Berber
YASEMİN ÜNEY KUAFÖR & KİŞİSEL BAKIM MERKEZİ,+905304964583,Kuaför / Berber
Salon Hakan,+905417213408,Kuaför / Berber
Sizin Erkek Kuaförü,+905073544957,Kuaför / Berber
Ahmet Yıldız Saç Tasarım,+905379306342,Kuaför / Berber
Kırık Makas Erkek Kuaförü,+905312489049,Kuaför / Berber
Salon İmaj,+905377359299,Kuaför / Berber
Çocuk Kuaförü Salon By Zeck,+902124415565,Kuaför / Berber
EKOL ERKEK KUAFÖRÜ,+905395009593,Kuaför / Berber
Millennium Bayan Kuaförü,+902124740254,Kuaför / Berber
FRISEUR & EXTENSION - HAMBURG,+905327687574,Kuaför / Berber
Mcm Erkek Kuaförü,+905377235923,Kuaför / Berber
Showmen Erkek Kuaförü,+905323069432,Kuaför / Berber
Altın Makas Kenan Pekcan Erkek Kuaförü,+905427768858,Kuaför / Berber
Sami Kuaför,+905376916534,Kuaför / Berber
Efsane Erkek Kuaförü,+905419381546,Kuaför / Berber
belinay bayan kuaförü,+905357903302,Kuaför / Berber
Talat Erkek Kuaför,+905422503405,Kuaför / Berber
Destina Bayan Kuaförü,+902126420441,Kuaför / Berber
Gülay Bayan Kuaförü,+905426265080,Kuaför / Berber
Salon Üçel,+902125501666,Kuaför / Berber
City Kuaför Yenibosna,+902126034707,Kuaför / Berber
Salon Gül Çelik,+902124529898,Kuaför / Berber
İRFAN KUAFÖR,+905374495676,Kuaför / Berber
UMUT Erkek Kuaförü,+905442867016,Kuaför / Berber
Barber Aris,+902126020434,Kuaför / Berber
Melis Erkek Kuaförü,+905539225353,Kuaför / Berber
KUAFÖR AHMET SAC VE KAYNAK MERKEZİ,+905374499802,Kuaför / Berber
Bayan Kuaförü Umut Masat,+905388327677,Kuaför / Berber
Şenol Kuaför,+905387953236,Kuaför / Berber
SÜHEYLA ŞENTÜRK KUAFÖR VE GÜZELLİK SALONU,+905438963317,Güzellik Salonu
Ezgi Güler Güzellik Merkezi,+905316481488,Güzellik Salonu
Ayşe Balkar Beauty,+905368601329,Güzellik Salonu
"Esthetic Clinicall Bahçelievler Güzellik Merkezi, Cilt Bakımı, Bölgesel İncelme",+902126776404,Güzellik Salonu
IstanBeauty Clinic | عيادة تجميل,+905051068553,Güzellik Salonu
Estheetic Güzellik Salonu,+902125565096,Güzellik Salonu
Esteticum | Saç Ekimi - İp Askı - Dudak Dolgusu & Botoks - Epilasyon,+905524512929,Güzellik Salonu
Elya Estetik ve Güzellik Salonu,+902125522224,Güzellik Salonu
Secret Estetik,+902124411010,Güzellik Salonu
zoom clinic,+905300397640,Diğer (Sağlık & Bakım)
Aylin Beauty Center,+905412744784,Güzellik Salonu
MediAlkent Clinic İstWest,+902124548585,Güzellik Salonu
Este'lay Clinica & Beauty & Form,+902125024700,Güzellik Salonu
Estehouse Güzellik Merkezi,+902126035523,Güzellik Salonu
Gamze Ekici Güzellik Salonu,+905339610808,Güzellik Salonu
Estemira Güzellik Salonu,+902125606600,Güzellik Salonu
SAFA Estetik ve Güzellik Merkezi,+902124514445,Güzellik Salonu
Avrasya Beauty Center,+905326994934,Güzellik Salonu
Happy Beauty Center,+905444882498,Güzellik Salonu
Beyhan Korkmaz Beauty Güzellik salonu,+905457868518,Güzellik Salonu
Afili Güzellik,+905465911655,Güzellik Salonu
BECCA BEAUTY,+905056873127,Güzellik Salonu
Zümrüt Güzellik - Şirinevler Güzellik Salonu,+905321324311,Güzellik Salonu
Eka Güzellik Merkezi,+902125071352,Güzellik Salonu
Clinicexpert,+905393367474,Güzellik Salonu
Historien Estetik ve Güzellik,+905317334276,Güzellik Salonu
PRO WELLNEESS CLİNİC,+905526633044,Güzellik Salonu
Epipera Güzellik - Şirinevler,+902128072345,Güzellik Salonu
Assoc. Prof. Dr. Emine Demir - Face Lift Surgery Turkey,+905451015545,Güzellik Salonu
Zeynep Alay Beauty,+905453116314,Güzellik Salonu
Banu Uğur Güzellik ve Bakım,+905342970473,Güzellik Salonu
Olivine Estetik,+905521873142,Güzellik Salonu
Doç. Dr. Mehti Salviz,+905425604480,Güzellik Salonu
Moonlight Güzellik salonu,+902125891003,Güzellik Salonu
Chakra Estetik Kliniği,+902125044828,Güzellik Salonu
Clinical Park,+905350318555,Güzellik Salonu
Estetan Saç Ekim & Estetik Merkezi,+905422979212,Güzellik Salonu
Perlamed Estetik,+905010088050,Güzellik Salonu
Uzm. Dr. Selma Salman | Estetik ve Klinik Dermatoloji,+905300996886,Güzellik Salonu
Aysel Serin Beauty,+905416916365,Güzellik Salonu
Derman Psikoloji Bahçelievler,+905316328181,Diğer (Sağlık & Bakım)
Psikoloji Bahçelievler Danışmanlık Merkezi,+905307608969,Psikolog / Terapist
Klinik Psikolog Havva Gül Dikici,+905526035482,Psikolog / Terapist
Psikolog Sergen Bayram,+905396603278,Psikolog / Terapist
Klinik Psikolog Havva Gül Dikici,+905427322318,Psikolog / Terapist
"Berra Baş (Uzman Klinik Psikolog, Lisanslı Psikoterapist). İstanbul Bahçelievler",+905366567515,Psikolog / Terapist
Tin Psikolojik Danışmanlık,+902124410172,Psikolog / Terapist
Bahçelievler Psikolog ve Psikiyatri Merkezi,+902125434913,Psikolog / Terapist
Klinik Psikolog Zeynep Hilal Çelik,+905315245099,Psikolog / Terapist
Klinik Psikolog Abdullah Alpaslan,+905053596554,Psikolog / Terapist
PEDADEM Psikolojik Danışmanlık Merkezi,+905305029967,Psikolog / Terapist
Zerka Psikoloji Danışmanlık Merkezi,+905301817885,Psikolog / Terapist
Agâh Psikoloji,+905308974489,Psikolog / Terapist
Aksoy Psikoloji Danışmanlık Merkezi,+905331462828,Psikolog / Terapist
Uzm. Klinik Psikolog Cansu ÖZDEMİR,+905380496194,Psikolog / Terapist
FZ Psikoloji,+905346213899,Psikolog / Terapist
Merve Tokgöz Klinik Psikolog,+902124446623,Psikolog / Terapist
"Psikolog Abdulkadir Güngör, Bakırköy Tavsiye Edilen Psikolog, Bireysel Terapi, Cinsel Terapi, Çift Terapisi,Bahçelievler",+905445548847,Psikolog / Terapist
Uzman Klinik Psikolog Ahmet Ali SUNAY | Ataköy psikolog | Bakırköy psikolog | Bahçelievler Psikolog,+905538783487,Psikolog / Terapist
Klinik Psikolog Şahin VURAL,+905354458131,Psikolog / Terapist
"Uzman Psikolog Hasan Akalın, Emdr Terapisi, Psikoterapi, Online Terapi",+905466489833,Psikolog / Terapist
Epik Psikolojik Danışmanlık Merkezi,+905326633745,Psikolog / Terapist
Uzman Psikolog Zeynep Bayram,+905452275244,Psikolog / Terapist
FEYZA PSİKOLOJİK DANIŞMANLIK,+905417899300,Psikolog / Terapist
Aletheia Psikolojik Danışmanlık Merkezi,+905334870089,Psikolog / Terapist
Psikolog Elif Kılıç,+905015436124,Psikolog / Terapist
Psikolog Sema Arıtürk,+905393298166,Psikolog / Terapist
Klinik Psikolog Eylem Önler,+905011210129,Psikolog / Terapist
Uzman Psikolog Rabia Çeçen Çilekci,+905431840207,Psikolog / Terapist
"Psk. Ecem Demirkaya, Psikoloji",+905304912934,Psikolog / Terapist
Bireysel Danışmanlık,+902125433320,Psikolog / Terapist
Klinik Psikolog FATMA YILDIZ,+905330920008,Psikolog / Terapist
Denge Life Psikoloji,+905358774666,Psikolog / Terapist
Psikolog Özgür Balaban,+905324500509,Psikolog / Terapist
Ufuk Psikolojik Danışmanlık Merkezi,+905387747020,Psikolog / Terapist
Klinik Psikolog Emine Pınar,+908504746718,Psikolog / Terapist
Evla Psikoloji,+905417216013,Psikolog / Terapist
MA Psikoloji Bireysel Ve Kurumsal Danışmanlık,+905301216488,Psikolog / Terapist
Uzman Klinik Psikolog Rana Fırat,+905531078287,Psikolog / Terapist
PSİKOLOG B GAMZE YAĞMUR BARAN,+905538739339,Psikolog / Terapist
Psikolog Büşranur Portakal,+905322561428,Psikolog / Terapist
AKANSEL PSYCHOLOGY DREAM,+905070870505,Psikolog / Terapist
Hayat Psikoloji,+902126605135,Psikolog / Terapist
Jinekolog Dr. Sait Halil MD - Tüp Bebek Uzmanı - Abortion Clinic,+905324145666,Diğer (Sağlık & Bakım)
DETAM DANIŞMANLIK EĞİTİM TEKNİK ARAŞTIRMA MÜHENDİSLİK LTD. ŞTİ. İstanbul Şubesi (Detam OSGB),+902122176706,Diş Kliniği
Bahçelievler Semt Polikliniği,+902124147878,Diğer (Sağlık & Bakım)
Klinik Psikolog Dr. Cansu Yurtseven,+905332572357,Psikolog / Terapist
Dentisyon Dental Clinic,+905327371010,Diş Kliniği
Özel Batu Ağız ve Diş Sağlığı Polikliniği,+902125556099,Diş Kliniği
Özel Bahçelievler Ağız ve Diş Sağlığı Polikliniği,+902125521122,Diş Kliniği
Platinum Ağız ve Diş Sağlığı Polikliniği(Platinum Dental Clinics),+905453113991,Diş Kliniği
Denthes Ağız ve Diş Sağlığı Polikliniği,+905468773423,Diş Kliniği
Lost Dent Ağız ve Diş Sağlığı Polikliniği | Nöbetçi Dişçi Bahçelievler,+905442281027,Diş Kliniği
Esİstanbul Ağız ve Diş Sağlığı Polikliniği,+905309241200,Diş Kliniği
Denta İstanbul Diş Kliniği | Denta Istanbul Clinic | Dental Implants & Dental Veneer & Smile Design,+905539370881,Diş Kliniği
Nöbetçi Dişçi Yenibosna | Diş Hekimi Said Atilla Durmuş,+905056441034,Diş Kliniği
Yayla Dental Akademi Ağız ve Diş Sağlığı Polikliniği Bahçelievler/İstanbul,+905442896633,Diş Kliniği
Özel Dentopark Diş Polikliniği | Bahçelievler Diş klinikleri | Cocuk Diş,+905312635530,Diş Kliniği
Şirinevler Dentbul Diş Kliniği,+905466173077,Diş Kliniği
ATOM CLINIC,+905421534643,Diş Kliniği
Diş Hekimi Cengiz Bahçevan Bahçelievler,+902124421212,Diş Kliniği
Dt. Seval Bayrakli - Bahçelievler Diş Kliniği - Diş Hekimi Seval Bayraklı,+908504745117,Diş Kliniği
Mehmet Said İZGİ Diş Kliniği,+905418805050,Diş Kliniği
Çakır tatto,+905419713402,Dövme & Piercing
Dara Tattoo,+905344384334,Dövme & Piercing
Dövme Silme Merkezi,+905378837087,Dövme & Piercing
Bahçelievler tattoo art,+905312170885,Dövme & Piercing
moretattooart,+905325007950,Dövme & Piercing
goldenarrowstattoo,+905462097330,Dövme & Piercing
Ankara Tattoo,+903122129052,Dövme & Piercing
The King Tattoos,+905073136783,Dövme & Piercing
Tattoocu,+903122233220,Dövme & Piercing
Maçka Kızı,+905411487800,Dövme & Piercing
Diyetisyen Emel Yılmaz,+905394927196,Diyetisyen
Diyetisyen Sinem Altunay,+905395946367,Diyetisyen
Diyetisyen Melike Kadakal Gezer,+905510818128,Diyetisyen
DİYETİSYEN FAYSAL SİLİ,+905323155510,Diyetisyen
Diyetisyen Tuğba Tatlısöz,+905052189223,Diyetisyen
Diyetisyen Özge Uysal Beslenme ve Diyet Danışmanlık Merkezi,+905530975715,Psikolog / Terapist
Diyetisyen Buse Udum,+905337673874,Diyetisyen
Diyetisyen Selin Aktuğ,+905303019652,Diyetisyen
Diyetisyen İkram Örnek,+905388416427,Diyetisyen
Diyetisyen Fatma Özdemir,+905057616147,Diyetisyen
Uzman Diyetisyen Dilara Demirci Beslenme Danışmanlığı Ve Zayıflama Merkezi,+905538668722,Diyetisyen
FitVibe,+905303677881,Diyetisyen
Diyetisyen Dilara Kaya,+905312837479,Diyetisyen
Diyetisyen Yasemin İncal Arıkan,+908504746404,Diyetisyen
Bahçelievler Diyetisyen Nisa Zor,+905320592542,Diyetisyen
Uzman Diyetisyen Aslıhan Kaçar Beslenme ve Diyet Danışmanlığı,+905444136170,Diyetisyen
Uzman Diyetisyen & Çocuk Gelişimci Asiye Kaya,+905539314344,Diyetisyen
Uzm. Dyt.Merve Karaaslan Sunay,+908504742856,Diyetisyen
Diyetisyen Arzu Kurtuldu,+905417825554,Diyetisyen
Mehtap Fit Studio,+905317168469,Diyetisyen
Diyetisyen Feyza,+905318136560,Diyetisyen
Dyt. Aslı Pakel,+905416543334,Diyetisyen
İDK- İstanbul Diyetisyenler Kulübü Merkez,+905413112121,Diyetisyen
Diyetisyen Edanur Bölükbaş,+905431232753,Diyetisyen
Diyetisyen Onur Habat,+902129126376,Diyetisyen
DİYETİSYEN SEMA NUR AKASLAN,+905455726071,Diyetisyen
Bakırköy Diyetisyen Hüsniye Odabaş,+905066586292,Diyetisyen
Uzm. Dyt. Emel Unutmaz Duman,+905323715292,Diyetisyen
Diyetisyen Betül ARPA,+905355925768,Diyetisyen
"Yaşam Evde Bakım Merkezi – Evde Sağlık, Serum ve Ambulans Hizmeti",+905334036656,Diğer (Sağlık & Bakım)
Diyetisyen Eda Aydın,+905457838966,Diyetisyen
Dyt. Rumeysa Çiftci,+908504744667,Diyetisyen
Happy Life Pilates,+905323799398,Pilates / Yoga
Bonn Pilates Stüdyosu Bahçelievler,+905360274335,Pilates / Yoga
Yeşil Pilates - Bahçelievler,+905317380299,Pilates / Yoga
Anka Pilates Studio,+905013662652,Pilates / Yoga
Fizyolady Pilates,+905435742303,Pilates / Yoga
Nilay Yavuz Pilates Studio,+905331983005,Pilates / Yoga
Bestfit Pilates Bahçelievler,+905071609686,Pilates / Yoga
Fizyodynamic Pilates,+905332576788,Pilates / Yoga
Otis Bahçelievler Spor ve Pilates Salonu,+905322457543,Pilates / Yoga
Kuka Pilates Studio,+905337117253,Pilates / Yoga
Fizyoay pilates aletli pilates salonu,+905428992357,Pilates / Yoga
FİZYOTARÇIN PİLATES & YOGA BAHÇELİEVLER,+905424346024,Pilates / Yoga
Pilates Studio Özlem Aydin,+905324734207,Pilates / Yoga
Mojo Pilates And Wellness,+905550405211,Pilates / Yoga
Balance Pilates Salonu-Bahçelievler,+905301729157,Pilates / Yoga
Lila Pilates Stüdyo,+905332845603,Pilates / Yoga
Çi Zen Pilates Salonu,+905326822511,Pilates / Yoga
Sigma Pilates Studio,+905012620715,Pilates / Yoga
NURGÜL ÖZTÜRK PİLATES STUDİO,+905336044837,Pilates / Yoga
Social Lab Pt Studio,+905077670080,Pilates / Yoga
Meis Pilates,+905335056347,Pilates / Yoga
Fizyoterapist Pınar Elikesik- Bahçelievler,+905386751491,Psikolog / Terapist
Bahçelievler Athletic Fitness Center,+905541596161,Kuaför / Berber
Power Gym Yayla Bahçelievler Spor Salonu,+905327612541,Kuaför / Berber
Flamingo GYM Bahçelievler,+902125540222,Kuaför / Berber
Ria pilates studio,+905511637411,Pilates / Yoga
My Pilates House Bahçelievler,+902126441130,Pilates / Yoga
Lady Gym Bahçelievler Kadınlara Özel Spor Salonu Ve Pilates,+905461320906,Pilates / Yoga
Fit2Tech Ems Fitness ve Reformer Pilates Studio,+905538596317,Pilates / Yoga
İDL pilates stüdyo,+905318937565,Pilates / Yoga
3D Pilates & Training Studio,+905350145238,Pilates / Yoga
ANATOMY FITNESS CENTER 2,+905413683736,Kuaför / Berber
Gym Stone Bahçelievler,+905327868198,Kuaför / Berber
Life Gym Basınsitesi,+905354133094,Kuaför / Berber
Naz ALTUN Pilates,+905056586220,Pilates / Yoga
Pilatesedence,+905323853478,Pilates / Yoga
Gold Gym 34 Spor salonu Bahçelievler Şirinevler,+905514119272,Kuaför / Berber
Fizyoselin & Pilates,+905451601545,Pilates / Yoga
Özlem fitness center,+905365848018,Kuaför / Berber
Fitim Fitness Center,+902124428084,Kuaför / Berber
Pilates,+905328523699,Pilates / Yoga
Lumora Beauty,+905300182959,Güzellik Salonu
Melike Adıgüzel Güzellik Salonu Bakırköy Şubesi,+905515330919,Güzellik Salonu
İnnovation Bakırköy Güzellik Salonu,+905307424834,Güzellik Salonu
Bir Demet Güzellik,+902125434020,Güzellik Salonu
Dreamer Beauty - Bakırköy Güzellik Salonu,+905325895887,Güzellik Salonu
Özlem Şahin Beauty Palace | Bakırköy Güzellik Salonu| Bakırköy Protez Tırnak,+905462739788,Güzellik Salonu
Beauty Güzellik Salonu,+902124417576,Güzellik Salonu
NİLAY TOPRAK GÜZELLİK VE KOZMETİK TİCARET LİMİTED ŞİRKETİ,+905336585622,Güzellik Salonu
Bakırköy Servet Çetin Estetik ve Güzellik Merkezi,+902125702810,Güzellik Salonu
Victoria Güzellik,+905531254648,Güzellik Salonu
NESLİHAN ATİLLA BEAUTY,+905317900817,Güzellik Salonu
Epirise Güzellik Salonu,+905354184742,Güzellik Salonu
meynura güzellik,+905528088190,Güzellik Salonu
By Çalışkan Beauty Ataköy - Bakırköy - Bahçelievler,+905321688098,Güzellik Salonu
Atölye Güzellik,+905447882868,Güzellik Salonu
Sinem Atağ kaş tasarım,+905535902291,Güzellik Salonu
Cemile Gülsüm Estetik Ve Güzellik Salonu - Bakırköy/İstanbul,+905526320696,Güzellik Salonu
Mio Güzellik&Bakım,+905305908842,Güzellik Salonu
Emsal Doğan Bakırköy,+902125714239,Güzellik Salonu
Yolo Beauty Studio,+905332839656,Güzellik Salonu
M.Akkaya Beauty | Bakırköy Protez Tırnak | Ataköy Protez Tırnak | Bakırköy Güzellik Salonu,+905343650760,Güzellik Salonu
Simgeotaybeauty,+905056860587,Güzellik Salonu
GNA Beauty Bakırköy,+902125709098,Güzellik Salonu
Olena Orbey Güzellik Salonu,+905424662332,Güzellik Salonu
Beyhan Ateşoğlu Beauty Center,+905558508275,Güzellik Salonu
Cleanderm Güzellik Merkezi,+902126606166,Güzellik Salonu
CANSU EROL BEAUTE STUDIO,+905423056134,Güzellik Salonu
Yelsa Güzellik Salonu - Ataköy,+905398797019,Güzellik Salonu
Tuğçe'm Epilasyon & Güzellik,+902125830044,Güzellik Salonu
Lazer Epilasyon - Bölgesel Zayıflama - Cilt Bakımı | Metta Estetik,+905465710433,Güzellik Salonu
Doruk Güzellik Salonlari,+902125439437,Güzellik Salonu
Nihal Beauty Studio,+905433310912,Güzellik Salonu
Kirpiks Güzellik Bakırköy,+905301142386,Güzellik Salonu
Celinesta Beauty & Spa,+905322843891,Güzellik Salonu
"Slim Life Güzellik Hydrafacial Cilt Bakımı, Microblading, Kıl Tekniği Kaş, Kirpik Lifting, Zayıflama",+905444664133,Güzellik Salonu
Tan Güzellik Salonu,+905538754390,Güzellik Salonu
Bakırköy Protez Tırnak | Bahar Beauty Nail Studio,+905333751001,Güzellik Salonu
V.İ.P Estetik & Güzellik,+902126609062,Güzellik Salonu
Elie Beauty Studio,+905321526796,Güzellik Salonu
Şehnaz Beauty,+905338132933,Güzellik Salonu
Eda Öztürk Estetik ve Güzellik,+908504665938,Güzellik Salonu
Vip İstanbul Bakırköy,+905324321251,Güzellik Salonu
Mayl’s Beauty | Ataköy Protez Tırnak & Güzellik Salonu,+905079391012,Güzellik Salonu
Süsen Güzellik Salonu,+902125426511,Güzellik Salonu
Tuğçe Hazırbaba Güzellik Salonu,+905072507647,Güzellik Salonu
İğneli Epilasyon Bakırköy Ecrin,+905324982999,Güzellik Salonu
Refika Güzellik Florya,+905326477917,Güzellik Salonu
Duygu Acar Güzellik,+905531661415,Güzellik Salonu
Hatice'de Güzellik - Bakırköy Güzellik Salonu,+905337319310,Güzellik Salonu
Fatma Özçalışkan Estetik ve Güzellik Salonu,+902125035900,Güzellik Salonu
ELDA GÜZELLİK I Protez Tırnak I Bölgesel İncelme I Epilasyon I Cilt Bakımı I İpek Kirpik,+905309613601,Güzellik Salonu
Neka & Güzellik Salonu,+905334774036,Güzellik Salonu
Erol kaya Saç Tasarım güzellik salonu,+902125427558,Güzellik Salonu
Cemil Gündoğdu Hair Studio Bakırköy,+902125711053,Kuaför / Berber
Derin Güzellik Salonu,+905468405831,Güzellik Salonu
Beautyderm | Zayıflama | Buz Lazer Bakırköy | Cilt Bakımı,+905063651900,Güzellik Salonu
Aykız'da Güzellik - Ataköy Güzellik Salonu,+905518375194,Güzellik Salonu
Dilek Koçak Estetik Lazer Epilasyon,+905302495307,Güzellik Salonu
Gül Özkan Güzellik Salonu,+902129694141,Güzellik Salonu
İpek Kirpik Bakırköy,+905325836650,Güzellik Salonu
Pırlanta Güzellik Salonu - Bakırköy,+905414088817,Güzellik Salonu
Pi Beauty Ataköy,+905426420347,Güzellik Salonu
Rose Candy Bakırköy,+905382320583,Güzellik Salonu
Orion Güzellik Salonu,+902126639101,Güzellik Salonu
Nosreves Beauty Center,+905437336779,Güzellik Salonu
Ümran Beauty Bakırköy - Manikür - Pedikür - Ağda Salonu,+905464294255,Güzellik Salonu
NATUREL KUAFÖR BAKIRKÖY,+902125702252,Kuaför / Berber
Ays Güzellik,+902125710080,Güzellik Salonu
Yağmur Serin Beauty,+905393232555,Güzellik Salonu
Estelia Güzellik Merkezi,+902125711334,Güzellik Salonu
San Kuaför Bakırköy,+905330792933,Kuaför / Berber
Özel Bakırköy Polikliniği,+902125714461,Güzellik Salonu
Fedederm Bakırköy Güzellik Salonu,+908502428183,Güzellik Salonu
ARMA KUAFÖR & GÜZELLİK SALONU,+902125428199,Güzellik Salonu
Nuray Yıldız Ataköy,+905333103222,Güzellik Salonu
AJAYYP güzellik salonu,+905308300898,Güzellik Salonu
Salon No 1 - BAKIRKÖY Kadın Kuaför Salonu,+905324684102,Kuaför / Berber
Melody Beauty & Nail Art,+905392434770,Güzellik Salonu
ES Bella Güzellik Salonu,+905525711818,Güzellik Salonu
Loreal Professionnel Salon Expert Bakırköy,+902125700824,Kuaför / Berber
Turkana Beauty Center / Yeşilköy,+905538121410,Güzellik Salonu
Helin Demir Güzellik Salonu,+905441944256,Güzellik Salonu
SALON NESS BAY BAYAN KUAFÖRÜ GÜZELLİK & BAKIM MERKEZİ,+905366647771,Güzellik Salonu
kadınca kuaför- güzellik salonu,+902125712624,Güzellik Salonu
Tidu Bakırköy Güzellik Salonu,+902125435579,Güzellik Salonu
BOSS SAÇ TASARIM,+902125712255,Kuaför / Berber
Doğa Ağda Salonu,+902125717013,Güzellik Salonu
Bella Güzellik Merkezi,+905357244514,Güzellik Salonu
Hande Akgün | Protez Tırnak | Microblading | Lazer Epilasyon,+905457706900,Güzellik Salonu
Fernes Güzellik & Kuaför,+905302092297,Güzellik Salonu
Nailhaus 2,+902125420171,Güzellik Salonu
Bakırköy Protez Tırnak Merkezi (şube 1),+905454883597,Güzellik Salonu
Dermoclinice güzellik salonu,+902125720001,Güzellik Salonu
SHM Studio Hair&MakeUp BEAUTY SALON,+902125731222,Güzellik Salonu
Banu Parlak Güzellik - Ataköy,+905442687755,Güzellik Salonu
BRENDİ KUAFÖR,+905326001920,Kuaför / Berber
Pandora Bakırköy Kuaför,+905431151616,Güzellik Salonu
Allin Beauty İstanbul,+905422182959,Güzellik Salonu
Lidium Kuafor ve Guzellik Salonu,+905072299848,Güzellik Salonu
RAS Kuaför,+905326296165,Kuaför / Berber
Zen Esthetic & Beauty Institute,+902126635822,Güzellik Salonu
Meditouch Beauty | Buz Lazer Epilasyon | Soprano Titanium | LPG Alliance | Frozen Face | Aquapure | Emslim | Jetpeel Pro,+902124344444,Güzellik Salonu
Hair Chefs Bakırköy,+902125610075,Kuaför / Berber
Paradise Hair Studio ( Furkan & Berat ),+905327813810,Diş Kliniği
Selçuk Sümer Hair Studio,+905342017000,Kuaför / Berber
SSM Kuaför,+902125715636,Kuaför / Berber
"Art of Hair Muse ( Bay & Bayan Kuaför, Güzellik Salonu )",+905421906873,Güzellik Salonu
KUAFÖR MYG HAIR DESIGN,+902125836261,Kuaför / Berber
Özkan Hair Studio,+905445733953,Kuaför / Berber
Form Kuaför,+905337638852,Kuaför / Berber
Şenol Zeytinoğlu,+902125594282,Kuaför / Berber
Yıldıray ÇİNİCİ KERATİN Studio,+902125232525,Kuaför / Berber
EROL YILDIRIM,+905377421020,Kuaför / Berber
Hüseyin Özdemir Barbers Club,+905316526069,Kuaför / Berber
Hair Gob Saç Tasarım Merkesi,+905342362333,Kuaför / Berber
Serdar kuaför Bakırköy,+905551748180,Kuaför / Berber
KRPE Elginler Bayan Kuaförü Recep Elgin,+905325133807,Kuaför / Berber
Love kuafor,+902126608660,Kuaför / Berber
ANGEL HAİR STUDİO,+905462332209,Kuaför / Berber
Kuaför Ali Sevil,+902125612406,Kuaför / Berber
Muson Hair & Make Up,+905323100344,Kuaför / Berber
Florya Kuaför Necmi,+902125401177,Kuaför / Berber
Hairlove by Emre Tunç,+902125730647,Kuaför / Berber
Olcay kuafor,+902125708804,Kuaför / Berber
Hakan Şimsek Hair,+905414183680,Kuaför / Berber
Black White Kuaför Salonu,+902124662046,Kuaför / Berber
ANGEL KUAFÖR SAÇ KAYNAK & SOLARYUM,+902124660888,Kuaför / Berber
Kuaför Kramer,+902125717777,Kuaför / Berber
Ozgur erdem kuafor,+905336812741,Kuaför / Berber
KEOS Kuaför,+905324421238,Kuaför / Berber
MM magicmasters,+905327251938,Kuaför / Berber
MAAK KUAFÖR Bayan kuaförü,+902125420021,Kuaför / Berber
Hair Label Ataköy Towers Kuaför,+905325836453,Kuaför / Berber
SALON BOSS,+905395402215,Kuaför / Berber
Fd Hair Shop,+902125435552,Kuaför / Berber
Haircopath,+902125710706,Kuaför / Berber
Muzo Bay ve Bayan Kuaför,+902126616896,Kuaför / Berber
Aloft Hair Studio,+905301544672,Kuaför / Berber
Dez Kuaför,+902125434619,Kuaför / Berber
Hair Makri Kadın Kuaförü,+905343331578,Güzellik Salonu
Lokman Kuşak Hair Stylist,+905336187267,Kuaför / Berber
Saç Kaynak Atölyesi-The Mask Hair Art Studio,+905433204546,Kuaför / Berber
Oben Kuaför,+902125720376,Kuaför / Berber
Metin Ocak MK Kuaför,+905327388461,Güzellik Salonu
Saloon By Ekrem Kabuk Bayan Kuaförü,+905368225667,Kuaför / Berber
NuriÖzcan Florya Kuaför,+905346649047,Kuaför / Berber
Kuaför Serkan,+902125601353,Kuaför / Berber
San Kuaför Florya,+905336734272,Kuaför / Berber
Bülent Saral Kuaför,+902125729594,Kuaför / Berber
Erol Kuaför,+902125719554,Kuaför / Berber
İmaj Kuaför,+902126610207,Kuaför / Berber
Doğan & Burhan Kuaför,+902126612130,Kuaför / Berber
Erkek kuaförü Aykut Talay,+905418587318,Kuaför / Berber
HAİR EXTENSİONS BAKIRKÖY,+905325534327,Kuaför / Berber
BAKIRKÖY ARIN PET KUAFÖR | Anestezisiz Kedi ve Köpek Tıraşı |,+905413444044,Kuaför / Berber
Blitz Hair Make Up Studio,+905326500927,Kuaför / Berber
La Femme Kuaför Bakırköy,+905359317738,Kuaför / Berber
Salon Arzu,+905372598024,Kuaför / Berber
Abella Kuaför Saç Kaynak Merkezi,+902125701771,Kuaför / Berber
Haluk Açar kuaför,+902126636563,Kuaför / Berber
Çelebi Kuaförü,+902125702888,Kuaför / Berber
Nurhan Yıldız Florya Bayan Kuaförü,+902125742271,Kuaför / Berber
Zoom Kuaför Florya,+905333847553,Kuaför / Berber
ART KUAFÖR ( YEŞİLKÖY ),+905322912518,Kuaför / Berber
Ceyhun & Suleyman kuaför salonu,+902126638137,Kuaför / Berber
Bay Erol İnce,+902126634026,Kuaför / Berber
Deniz Koç Kuaför,+902125737222,Kuaför / Berber
Bakırköy Kuaför Kemal,+905447756396,Kuaför / Berber
Intershow Bayan Kuaförü,+902125600843,Kuaför / Berber
ONUR YENER KUAFÖR,+902125737340,Kuaför / Berber
Serdar Yılmaz Kuaför,+902125414028,Kuaför / Berber
Hair of Istanbul | Hair Transplant Clinic,+905306884247,Kuaför / Berber
Baykan & Gurkan,+902125732318,Güzellik Salonu
Salon Diva,+902126604391,Güzellik Salonu
ALP KARA HAİR STUDIO,+905348117881,Kuaför / Berber
Sibel Kuaför,+902125593821,Kuaför / Berber
Dois kuaför,+902125734681,Kuaför / Berber
Napoli ERKEK KUAFÖRÜ,+902125436555,Kuaför / Berber
Coiffure NAE (Necmi Ali),+902125719944,Kuaför / Berber
Rönesans Erkek Kuaförü,+905309299090,Kuaför / Berber
Özgür Vural Hair Designer,+902125737330,Kuaför / Berber
Hair partner kuafor hakan can,+902126633252,Kuaför / Berber
Ras Kuafor Florya,+902126622188,Kuaför / Berber
Bermoda Çocuk Kuaförü – Bakırköy Şubesi,+902125714306,Kuaför / Berber
ONLY COIFFEUR,+902125745161,Kuaför / Berber
Salon By Era Erkek Kuaförü,+902125735993,Kuaför / Berber
Brush Hair Art,+905327324515,Kuaför / Berber
Meg's Kuaför (Saç Kaynak Atrium - İstanbul ),+902126610343,Kuaför / Berber
EVREN TEKİN KUAFÖR,+905325737815,Kuaför / Berber
Salon Tria Kuaför Florya,+902125740989,Kuaför / Berber
Inter Kuaför,+902125414336,Kuaför / Berber
Bakirköy Kuaför Malzemeleri Ve Parfümeri,+902125424901,Güzellik Salonu
BAKIRKÖY KAYRA PET KUAFÖR PET SHOP,+905300662170,Kuaför / Berber
M&S KUAFÖR FLORYA,+902125742287,Kuaför / Berber
byselinbeauty,+905309933931,Güzellik Salonu
Dr. Gülfer İnci,+905454124345,Diğer (Sağlık & Bakım)
Birgül Çoban Estetik&Güzellik Merkezi,+905453024344,Güzellik Salonu
Dr Erol Bulut - Medikal Estetik / Mezoterapi,+905320501680,Psikolog / Terapist
Bakırköy Este Clinic,+905431106900,Güzellik Salonu
Pervin Dinçer Polikliniği,+905359639976,Güzellik Salonu
Sema Konak Güzellik ve Lazer Epilasyon Merkezi,+905342279426,Güzellik Salonu
Sesa Beauty Studio,+905419134628,Güzellik Salonu
Gizem Günaydın Estetik Beauty,+905355527792,Güzellik Salonu
Özel Dr. Cinik Polikliniği - Bakırköy,+905412340044,Güzellik Salonu
Elit Polikliniği,+902125709370,Güzellik Salonu
Semire Beauty Bakırköy,+905538676247,Güzellik Salonu
SerayBeauty Clinic,+905436840068,Güzellik Salonu
Arzu Genç Güzellik Merkezi,+905524078071,Güzellik Salonu
Hazal Akbay Beauty Tırnak ve Kirpik Merkezi,+905454230325,Güzellik Salonu
Yasemin Estetik & Güzellik,+902125438323,Güzellik Salonu
Müge Estetik Beauty,+905304295855,Güzellik Salonu
Özel Estebella Kliniği,+902122344546,Güzellik Salonu
ESTEMİNE,+905316510178,Güzellik Salonu
Soho Beauty,+905454457700,Güzellik Salonu
İmren Öztürk Beauty Center,+902126606579,Güzellik Salonu
Dr. Saltuk Aslan Kendir | Medikal Estetik (turkeyana clinik bünyesinde),+905344534700,Güzellik Salonu
Doç. Dr. Aret Çerçi Özkan,+902122963120,Güzellik Salonu
Bakırköy Estetik Dent Ağız ve Diş Sağlığı Polikliniği,+902128581616,Diş Kliniği
MiaBella Estetik,+902124665466,Güzellik Salonu
Turkeyana Clinic,+905075522020,Güzellik Salonu
Uzm. Dr. Deniz Esin,+902124665482,Diğer (Sağlık & Bakım)
Dr.Menije Beauty Center / Dr.Menije Estetik Merkezi,+902126610011,Güzellik Salonu
Estetik Spor Sağlıklı Yaşam Kulübü,+905322564224,Güzellik Salonu
Zeynep Çopur Beauty,+905437608110,Güzellik Salonu
Gülhan Gürbüz Beauty,+905453754655,Güzellik Salonu
By Özlem Çelik Güzellik,+905537531172,Güzellik Salonu
Luna beauty,+905324298034,Güzellik Salonu
Gizem Ecem Nuhoğlu Estetik ve Cerrahi Diş Kliniği,+905337114873,Diş Kliniği
Sunblack Solarium & Beauty,+902124665534,Güzellik Salonu
Sevil Beauty Güzellik Merkezi,+905469079273,Güzellik Salonu
İstanbul Medikal Estetik Sertifikalı İç Hastalıkları Uzmanı,+905491143434,Güzellik Salonu
Bakırköy Genel Güzellik Merkezi,+902125420888,Güzellik Salonu
GÖKBEN ÖZCAN BEAUTY CLUB,+905346829267,Güzellik Salonu
Dünya Estetik,+902124137978,Güzellik Salonu
Bakırköy Protez Tırnak,+905441447670,Güzellik Salonu
Elisa Beauty,+905077447494,Güzellik Salonu
Op.Dr.Taha Mehmetoğlu,+902124414777,Güzellik Salonu
My Beauty Saloon,+902125705070,Güzellik Salonu
Op. Dr. Abdullah Etöz Institute of Aesthetic & Plastic Surgery,+905326222575,Güzellik Salonu
Lenora Güzellik Merkezi,+905525419415,Güzellik Salonu
Aynur Kaya Beauty and Care Center Başakşehir,+905411192916,Güzellik Salonu
Feniks Beauty Center,+905324738921,Güzellik Salonu
Op. Dr. Atilla Kaya - Genel Cerrahi Uzmanı,+905413229665,Diğer (Sağlık & Bakım)
Gold Clinic Turkey,+905441820702,Güzellik Salonu
Maveros Estetik ve Güzellik,+902125557000,Güzellik Salonu
VEGAS NAİL ART PROTEZ - JEL TIRNAK,+905323207739,Güzellik Salonu
Bakırköy Lazer Epilasyon,+902125424348,Güzellik Salonu
PodiFree Podoloji & Güzellik Merkezi,+905059809494,Güzellik Salonu
Narin Alizade Güzellik Salonu ve Akademi,+905313908188,Güzellik Salonu
Angelık Form Estetik Ve Güzellik Merkezi,+902124665040,Güzellik Salonu
Derya Güzellik Salonu,+905356852800,Güzellik Salonu
Nish Güzellik Akademisi,+905554571565,Güzellik Salonu
Efta Psikoloji - Bakırköy Psikolog - Psikolojik Danışmanlık Merkezi,+905337370087,Psikolog / Terapist
Uzman Klinik Psikolog Elif Akyasan - Ataköy & Bakırköy Psikolog,+905421579086,Psikolog / Terapist
Harmony Psikoloji - Bakırköy,+905334032757,Psikolog / Terapist
Psikolog Şura Zeynep Dağ - Ataköy & Bakırköy Psikolog,+905334912440,Psikolog / Terapist
Psikolog İkra Eser - Ataköy & Bakırköy Psikolog,+905442801720,Psikolog / Terapist
Psikozone Bakırköy,+905385299930,Psikolog / Terapist
"Uzman Klinik Psikolog Melike Topuz ⎥Ataköy Psikolog, Bakırköy Psikolog",+905013788727,Psikolog / Terapist
Uzman Psikolog Ömürcan Bozkuş | Ataköy Psikolog | Bakırköy Psikolog,+905342109005,Psikolog / Terapist
Therapia Psikoloji Bakırköy - Bakırköy Psikolog,+905415635945,Psikolog / Terapist
Pozitif Psikoloji Enstitisü / Bakırköy Psikolog / Bakırköy Çift Terapisi / Bakırköy Aile Danışmanlığı / Bakırköy Pedagog,+905320504327,Psikolog / Terapist
Merve Üstün,+905528048124,Psikolog / Terapist
Klinik Psikolog Alimert BALTA-Bakırköy Psikolog-Psikolog Randevu-Ergen Psikolog-Çift Terapisi-Yetişkin Psikolog-Emdr Terapisi,+905368908385,Psikolog / Terapist
Uzm. Klinik Psikolog/Psikoterapist Levent Mete,+905396883115,Psikolog / Terapist
PADEM Psikolojik Danışmanlık Merkezi,+902124163529,Psikolog / Terapist
Delta Psikoloji - Bakırköy Psikolog,+905079870132,Psikolog / Terapist
Divan Psikoloji,+905323079740,Psikolog / Terapist
Psikolium Danışmanlık Merkezi Bakırköy Psikolog & Bakırköy Pedagog & Bakırköy Evlilik Danışmanlığı & Oyun Terapisi,+902126602444,Psikolog / Terapist
Klinik Psikolog Duygu Derin - Bakırköy Psikolog,+905306067642,Psikolog / Terapist
Bakırköy Psikolog HURİ UÇAK,+905070216427,Psikolog / Terapist
UZMAN KLİNİK PSİKOLOG NUR GÜL YAREN - BAKIRKÖY,+905418192330,Psikolog / Terapist
Mahza Psikoloji ve Danışmanlık Merkezi,+905333593461,Psikolog / Terapist
Klinik Psikolog Yasin Ağırbaş,+905384244305,Psikolog / Terapist
Lila Psikoloji Bakırköy / Psikolog/ Çift Ve Yetişkin Terapisi/ Oyun Terapisi/ EMDR Terapisi/ Theraplay Çocuk Ve Aile Terapisi,+905412326266,Psikolog / Terapist
Uzman Psikolog Oya Kayır,+908504740425,Psikolog / Terapist
Hayat Ağacı Danışmanlık Merkezi,+905053811230,Psikolog / Terapist
Klinik Psikolog Ervanur Yıldırım,+905335505177,Psikolog / Terapist
Psikoleva Psikoloji - Bakırköy ve Ataköy Psikolog,+905444150215,Psikolog / Terapist
PEDAMER Psikoloji Psikolojik Eğitim ve Danışmanlık Merkezi,+905377327144,Psikolog / Terapist
Mahal Psikoloji - Bakırköy Psikolog - Çocuk Ergen Yetişkin ve Çift Terapisi,+905332335391,Psikolog / Terapist
Genç Psikologlar Dayanışma Platformu,+905324473242,Psikolog / Terapist
Gaios Psikoloji- Bakırköy Psikolog,+902128777496,Psikolog / Terapist
"Can Psikoloji - Bakırköy Psikolog & Terapist - (Evlilik, Çift ve Aile Danışmanı, Ergen ve Yetişkin, Bireysel Psikoterapi)",+905335961377,Psikolog / Terapist
Klinik Psikolog Ayşe Mine Tuncay,+905061002934,Psikolog / Terapist
D&M Psikoloji Eğitim ve Danışmanlık Merkezi,+905055891010,Psikolog / Terapist
"Uzm.Psikolog Sevda Sevimli Yurtseven,Bireysel Psikolojik Danışmanlık,Aile ve Çift Danışmanlığı,EMDR, NöropsikolojikTestler,",+905324994639,Psikolog / Terapist
Uzman Klinik Psikolog Ömer Kurt,+905321387947,Psikolog / Terapist
İnsula Psikoloji,+905388504803,Psikolog / Terapist
UPE Psikoloji - Bakırköy Psikolog Merkezi,+902126608600,Psikolog / Terapist
Psikolog Esra Keçeyapan,+908504744657,Psikolog / Terapist
Çadem Psikoloji,+902125700607,Psikolog / Terapist
"Klinik Psikolog Umut Ali Özarslan, Bakırköy Psikolog, İstanbul Psikolog",+905396941795,Psikolog / Terapist
Psikosense Psikoloji Bakırköy Psikolog/Oyun Terapisi/Yetişkin Bireysel Terapi/Çift Terapisi/Cinsel Terapi/Çocuk Psikoloğu,+905056681504,Psikolog / Terapist
Psikolog Narek Karasu ( Bakırköy Şubesi ),+905384299105,Psikolog / Terapist
Ema Psikoloji Danışmanlık Merkezi,+905422516129,Psikolog / Terapist
DÖNÜŞÜM PSİKOLOJİK DANIŞMANLIK / Uzm.Psk. İlknur YILMAZ,+902126617887,Psikolog / Terapist
Klinik Psikolog/ Pedagog Sonnur Kükürt,+902125428246,Psikolog / Terapist
Tempus Psikoloji,+905415057010,Psikolog / Terapist
Klinik Psikolog Cemre Yağmur Bozkuş,+905161621043,Psikolog / Terapist
Klinik Psikolog Benan Şahinbaş,+905515991911,Psikolog / Terapist
Nokta Psikoloji,+905317851198,Psikolog / Terapist
Psikolog/ Psikoterapist Esra Yıldız,+905310227935,Psikolog / Terapist
Klinik Psikolog Esra ÇELİK,+905314989534,Psikolog / Terapist
"Psikolog Rabia Bakınç - Çocuk, Ergen ve Yetişkin Terapisi - Bakırköy Psikolog",+905518650265,Psikolog / Terapist
İstanbul - Bakırköy - Uzman Psikolog Gönül Öztürk,+905548475538,Psikolog / Terapist
Klinik Psikolog Batuhan Bilen,+905362850408,Psikolog / Terapist
Uzman Klinik Psikolog Gizem Vardarlı,+905365780353,Psikolog / Terapist
Hümanistik Psikoloji - Florya Şubesi,+902129931506,Psikolog / Terapist
Psikolog Buse Durmuş Bakırköy Psikoloji ve Psikoterapi,+905456626757,Psikolog / Terapist
Dr. KLİNİK PSİKOLOG SAİT KAHRAMAN,+905445420373,Psikolog / Terapist
Nur Meriç Psikolojik Danışmanlık - Evlilik Danışmanı,+905316287636,Psikolog / Terapist
Uzm. Klinik Psikolog Hande Tunçoğlu I Bakırköy Psikolog,+905397060871,Psikolog / Terapist
Rölatif Psikoloji,+905441702020,Psikolog / Terapist
Uzman Psikolog Nehir Demir,+902129126374,Psikolog / Terapist
Klinik Psikolog Pınar Talaslıoğlu Bahar,+908508113797,Psikolog / Terapist
Psikohome Psikolog Ramazan Boyacı,+905422629924,Psikolog / Terapist
Selenyum Psikolojik Danışmanlık Merkezi,+905551433797,Psikolog / Terapist
Bakırköy Psikolog—Psk. Defne Çetinkaya,+905378448742,Psikolog / Terapist
Maya Psikoloji Bakırköy,+905318145833,Psikolog / Terapist
"Uzm. Klinik. Psikolog Ela Nur Şalcı, Bakırköy Psikolog, Mecidiyeköy Psikolog",+905426688279,Psikolog / Terapist
Uzman Psikolog Doğukan Yurtalan,+905357393214,Psikolog / Terapist
Bakırköy psikolog / Şişli Psikolog Psikolog Rabia CANBOLAT Psikolog | Oyun Terapisi | Çocuk & Ergen Terapisi,+905453293466,Psikolog / Terapist
İstanbul Psikoloji Atölyesi,+905335093575,Psikolog / Terapist
Uzm.Kln.Psk. YONCA CEREN ZORLU,+905433223736,Psikolog / Terapist
"Psikolog Elif Ekmekci Güler, Psikolog -Oyun terapisti (Pendik Psikolog, Bakırköy psikolog - İstanbul Psikolog)",+905301769874,Psikolog / Terapist
Prof Clinic | Dental Clinic Turkey,+905421502222,Diş Kliniği
360 Ağız ve Diş Sağlığı Polikliniği - 360 Dental Clinic,+905523603360,Diş Kliniği
Özel Dental Plus İstanbul Ağız ve Diş Sağlığı Polikliniği,+902125217676,Diş Kliniği
Dentadent Ağız ve Diş Sağlığı Merkezi,+902126604400,Diş Kliniği
Işık Diş Ağız ve Diş Sağlığı Polikliniği ( Dental Health Clinic) Bakırköy Şubesi,+905536683368,Diş Kliniği
Özel Dent Natural Ağız ve Diş Sağlığı Polikliniği | Bakırköy Dis,+902126603444,Diş Kliniği
Dent Bakırköy Ağız ve Diş Sağlığı Polikliniği,+902125428999,Diş Kliniği
Özel Dentistanbul Bakırköy Ağız Ve Diş Sağlığı Polikıliniği,+902125834440,Diş Kliniği
Master Of Dent Clinic,+905079256632,Diş Kliniği
Özel Osmaniye Ağız ve Diş Sağlığı Polikliniği,+905538885444,Diş Kliniği
Klinik Emel Ağız ve Diş Sağlığı Polikliniği,+905332504987,Diş Kliniği
Ada Ağız ve Diş Sağlığı Polikliniği,+902122030232,Diş Kliniği
Centerdent Istanbul,+905451345134,Diş Kliniği
Diş Sanatı Ağız ve Diş Sağlığı Polikliniği,+902124660976,Diş Kliniği
Bakırköy Sadi Konuk E.A.H. Bakırköy Ağız ve Diş Sağlığı Merkezi,+902124147171,Diş Kliniği
Oralmed Ağız ve Diş Sağlığı Polikliniği,+902125702829,Diş Kliniği
Serem Ağız ve Diş Sağlığı Polikliniği,+905499423232,Diş Kliniği
Özel Dentamedica Ağız ve Diş Sağlığı Polikliniği,+905465590694,Diş Kliniği
Periodonta Master Klinik,+905071483891,Diş Kliniği
Özel Bakırköy Ortodonti Ağız ve Diş Sağlığı Polikliniği,+902127020634,Diş Kliniği
Dr. Miray Günyüz Toklu Bakırköy Diş Kliniği,+908504747776,Diş Kliniği
Artı Estetik Ağız ve Diş Sağlığı Polikliniği,+905069482313,Diş Kliniği
KAHYA KLİNİK/ Diş Hekimi Gülsüm KAHYA,+905459360576,Diş Kliniği
Özcan Diş Hekimliği - OZ Care Dental,+902126604242,Diş Kliniği
Özel Kocaelli Ağız Ve Diş Sağlığı Polikliniği,+905325074769,Diş Kliniği
ÖZEL ATADENT AĞIZ ve DİŞ SAĞLIĞI POLİKİNLIĞİ,+902126616185,Diş Kliniği
Dr. Erdem Sur,+902125706258,Diş Kliniği
DENT İST DENT AĞIZ VE DİŞ SAĞLIĞI POLİKLİNİĞİ,+902125433031,Diş Kliniği
Klinik Bakirkoy Diş Estetiği ve İmplantoloji Merkezi,+905326591505,Diş Kliniği
Muhteşem Demirelli Dış Kliniği,+902126633539,Diş Kliniği
DentMax İstanbul Bakırköy Ağız ve Diş Sağlığı Polikliniği / Ortodonti - invisalign - implant - Lamine - MARPE,+902125700033,Diş Kliniği
Klinik Viyana Ağız ve Diş Sağlığı Polikliniği,+902126604660,Diş Kliniği
Dr. Elçin Bedeloğlu Ağız ve Diş Sağlığı Polikliniği,+902125802121,Diş Kliniği
Diş Hekimi Duygu Selin Güldüren Muayenehanesi,+905393374847,Diş Kliniği
Ninova Dental Clinic,+902125800010,Diş Kliniği
Msc. Dt. Aslı Çoban I Gülüş Tasarımı I Diş Beyazlatma I Zirkonyum I Hollywood Smile I Yaprak Porselen,+905352788840,Diş Kliniği
Kutay Ortodonti Bakırköy - Invisalign - Diş Teli - Ortodontist Dr. Cansın Kutay ve Dr. Pınar Ünlü Kutay,+905382503015,Diş Kliniği
Dent Ataköy Ağız Ve Diş Sağlığı Polikliniği,+902126618808,Diş Kliniği
Tower Dental Clinic,+905451494164,Diş Kliniği
nu klinik,+905523634939,Diş Kliniği
Özel DENTAC Ağız ve Diş Sağlığı Polikliniği | DENTAC Dental Clinic | Diş Hekimi Burak Ak Diş Kliniği | Bakırköy Diş Kliniği,+905314750342,Diş Kliniği
Diş Hekimi L. Murat MERCAN | Estetik Ve Etik Diş Hekimliği | Gülüş Tasarımı | Smile Coach | Dental Consultant | Diş Tedavisi,+902129709090,Diş Kliniği
ABACI AĞIZ VE DİŞ SAĞLIĞI POLİKLİNİĞİ,+905547498666,Diş Kliniği
Dentaria Clinic,+902125735444,Diş Kliniği
Natural Dental Clinic,+905370407673,Diş Kliniği
Estesie™ Dental Clinic Certified the Best Dental Implants in Turkey | Zirconium Laminate | Hollywood Smile in Istanbul,+905384402929,Diş Kliniği
Diş Hekimi Mete Dalbeler,+902128236090,Diş Kliniği
"Dt. Çağdaş Yakın, Diş Hekimi",+902125600388,Diş Kliniği
Deniz Işık - Diş Hekimi - Bakırköy İmplant - Bakırköy Diş Hekimi,+905538535300,Diş Kliniği
Periodontoloji Uzmani Diş Hekimi Dr. Dt. Çağdaş Çağlar Laçin,+905548503891,Diş Kliniği
AC Dent Group Ağız ve Diş Sağlığı Kliniği,+905366122090,Diş Kliniği
Dr.Tunç Berge - Bergedent Ataköy Estetik Diş Hekimliği Ve İmplantoloji Merkezi,+902125608171,Diş Kliniği
Diş Hekimi Bertan Buyan,+905072978282,Diş Kliniği
Maydentist Clinic Dr.Merve Sarı & Dr. Aytek Sarı,+902125420250,Diş Kliniği
Ortodontist Dr. Hakan Bilsel - Ataköy Ortodonti,+905526319699,Diş Kliniği
Diş Hekimi Nazlı Altın,+905336407202,Diş Kliniği
Dt. Diş Hekimi Volkan Arıkoğlu,+902125700749,Diş Kliniği
Dr. Rıfat Yıldız Klinik Ataköy Istanbul,+905010950034,Diş Kliniği
Çocuk Diş Hekimi Dr. Dt. Mina Türkmen Karaçöl Muayenehanesi - Pedodonti Uzmanı,+905521570504,Diş Kliniği
Ilhan Clinic,+902123029002,Diş Kliniği
Ortodontist Dr. Yasin Akgül Bakırköy Ataköy - Şeffaf Plak,+905453725485,Diş Kliniği
Diş Hekimi Uzm. Dr. Semra Sezgin,+905324666212,Diş Kliniği
Diş Hekimi Sarper Övsay,+902125831119,Diş Kliniği
Özel Biodent Ağız Ve Diş Sağlığı Polikliniği,+902126608959,Diş Kliniği
Dr. Umut Şimşek Dental Clinic,+905350467696,Diş Kliniği
LDC Diş Kliniği (LDC Dental Clinic),+905307297300,Diş Kliniği
Dr. Elif Kumbasar,+905065350185,Diş Kliniği
Özel Etemoğlu Ağız ve Diş Sağlığı Polikliniği,+902124018100,Diş Kliniği
Eva Clinic Turkey,+905317282413,Diş Kliniği
Özel Esma Sönmez Ağız ve Diş Sağlığı Polikliniği,+905326690273,Diş Kliniği
Dentbul Dental Clinic,+905323649886,Diş Kliniği
Diş Hekimi,+902125733394,Diş Kliniği
Dr. Zeynep Sapan,+905324970347,Diş Kliniği
Klinik Diş Eti | Diş Eti Sağlığı & Periodontoloji,+905301169040,Diş Kliniği
Dentekiz Clinic,+905308829101,Diş Kliniği
Alptekin Altun Ağız ve Diş Kliniği,+905423720266,Diş Kliniği
İstanbul Agagsia Dental Clinic Ağız ve Diş Sağlığı Polikliniği,+902128770713,Diş Kliniği
Özel Denteka Ağız Ve Diş Sağlığı Polikliniği,+902126628065,Diş Kliniği
Özel S.Dent Ağız ve Diş Sağlığı Merkezi,+902125733838,Diş Kliniği
Dr. Erkan Ağırbaş,+902124411175,Diş Kliniği
Uzman Diş Hekimi Didem EKİZ (Endodonti),+905308893060,Diş Kliniği
Hakan Fındık Muayenehanesi,+902126607548,Diş Kliniği
Ramses Ink Bakırköy,+905300627368,Dövme & Piercing
Bakırköy Dövmecisi,+905544494662,Dövme & Piercing
Tattoos First,+905347666847,Dövme & Piercing
Dövmeci Beyaz Kedi body art,+902125705645,Dövme & Piercing
Z.ink TATTOO & Piercing Bakırköy,+905522100535,Dövme & Piercing
Bipiercing & Takı Kralı,+905301184125,Dövme & Piercing
Rosetta ink,+905345754868,Dövme & Piercing
Ghost Tattoo,+905325527086,Dövme & Piercing
Art & More Atelier,+905352218773,Dövme & Piercing
Dotworktattoo,+905300621251,Dövme & Piercing
Kalis Tattoo Studio,+905534121318,Dövme & Piercing
Fly ink tattoo,+905343359383,Dövme & Piercing
Tattoo Sapiens,+905330843481,Dövme & Piercing
JR Tattoo & Piercing,+905442864736,Dövme & Piercing
Hangar Tattoo,+905059735269,Dövme & Piercing
Bostnock Tattoo,+905051580992,Dövme & Piercing
Horoz Tattoo,+902163601158,Dövme & Piercing
Bakırköy Dövme Silme Merkezi,+905393703994,Dövme & Piercing
AtolyeX,+905302880627,Dövme & Piercing
11:11 Tattoo,+905368744904,Dövme & Piercing
Blackworldtattoo,+905423515058,Dövme & Piercing
ERC Tatto Dövme Salonu,+905343151356,Dövme & Piercing
Hüseyin Tunç Tattoo Studio,+905342217719,Dövme & Piercing
barantattooart,+905344681914,Dövme & Piercing
arek köseoğlu,+905544296834,Dövme & Piercing
Creative Tattoo Studio,+905550451658,Dövme & Piercing
Allen dovmeci,+905377169824,Dövme & Piercing
Ümit Çelik Tattoo Piercing Studio,+905355024069,Dövme & Piercing
Mert Mutluer Tattoo Art Studio,+905395532308,Dövme & Piercing
24Tatoo,+905320603132,Dövme & Piercing
Uzman Diyetisyen Başak Suna Albayrak,+905421352548,Diyetisyen
Diyetisyen Nesrin Eriş,+905532248070,Diyetisyen
Diyetisyen Ecem Gözaydın Bakırköy Diyetisyen,+905436033212,Diyetisyen
Uzman Diyetisyen Ceylan Kızılkan,+905452306544,Diyetisyen
Diyetisyen SARE SELÇUK,+905326395653,Diyetisyen
Diyetisyen Merve Yılmaz,+905079310545,Diyetisyen
Diyetisyen Nurşah Öztürk Sağlıklı Beslenme ve Andulasyon Merkezi,+905424024940,Diyetisyen
Diyetisyen Elif Ak,+905539353529,Diyetisyen
Diyetisyen Elif Maden Çay,+905523856115,Diyetisyen
Özlem Sevindik Beslenme Ve Diyet Uzmanı,+902125422001,Diyetisyen
Diyet Uzmanı Türkiye'nin Sağlıklı Yaşam Merkezi,+908505327393,Diyetisyen
Diyetisyen Ayşenur Saral Gül,+905382068668,Diyetisyen
Uzman Diyetisyen Şevval AKSU Sağlıklı Yaşam ve Zayıflama Merkezi,+908504744736,Diyetisyen
Diyetisyen Mirella Murat,+905455522496,Diyetisyen
DİYETİSYEN NAİLE BERBEROĞLU,+905397869333,Diyetisyen
Diyetisyen Çağrı Erdem,+905316727634,Diyetisyen
Diyetisyen Büşra Tuner,+905411904903,Diyetisyen
"Dyt. Tuğçe Çetinkaya, Diyetisyen",+905387667433,Diyetisyen
Diyetisyen Selin Şahin,+905077242667,Diyetisyen
Diyetisyen Zeynep Kocadölü,+905546126344,Diyetisyen
Diyetisyen Feyza ATEŞ,+905323904594,Diyetisyen
Diyetisyen Büşra Sapan,+905334919947,Diyetisyen
Diyetisyen Çölyaran,+905384796248,Diyetisyen
Diyetisyen Rıdvan Arslan,+905073003822,Diyetisyen
Aqua Beslenme ve Diyet Danışmanlık Merkezi,+905425186570,Psikolog / Terapist
Uzman Diyetisyen Sedat Aydın,+905443512644,Diyetisyen
Çağla Demir Beslenme Danışmanlığı,+905400274044,Diyetisyen
Diyetisyen Seda Kaya Uysal,+908508117292,Diyetisyen
Diyetisyen Anastasia Asya İleri,+905051942895,Diyetisyen
Diyetisyen Ecem Emanet,+902127022526,Diyetisyen
Uzman Diyetisyen Seçil Akdoğan,+905376175487,Diyetisyen
Diyetisyen Güneş Kılıç,+905323025422,Diyetisyen
Diyetisyen Betül Kurtcuoğlu,+905073026137,Diyetisyen
Uzman Diyetisyen MERAL AYDENİZ Beslenme ve Diyet Danışmanlık Merkezi,+905332038200,Psikolog / Terapist
Emsal KARACA Beslenme ve Diyet Danışmanlık Merkezi,+905324350335,Psikolog / Terapist
Diyetisyen Burcu Cömert,+905446959575,Diyetisyen
Uzman Diyetisyen Ezgi Fuçıcı,+905301861719,Diyetisyen
DİYETİSYEN AHMET KAYA BESLENME VE DİYET DANIŞMANLIK MERKEZİ,+905412468592,Psikolog / Terapist
Uzman Diyetisyen Müjgan Arı Yılmaz,+905304403066,Diyetisyen
Diyetisyenin Tabağı Beslenme ve Diyet Danışmanlığı Diyetisyen Pınar Dağhan Bayram,+905332948104,Diyetisyen
Diyetisyen Merve Karakaya,+905421037344,Diyetisyen
Diyetisyen Cindy Bayece,+905317397575,Diyetisyen
Formda Diyet ve Beslenme Danışmanlığı Merkezi,+905433998062,Diyetisyen
Diyetisyen Sinem Uygun,+908508117749,Diyetisyen
Diyetisyen Merve Çalışkan Diyet&Andulasyon Terapi Merkezi,+905398306510,Psikolog / Terapist
Diyetisyen Yasemin Çalışır,+905394129229,Diyetisyen
Diyetisyen Nisanur Toplu,+905326699885,Diyetisyen
Diyetisyen Elif Özyılmaz,+905313264799,Diyetisyen
Uzman Diyetisyen Hacer Kaya,+905347263196,Diyetisyen
Diyetisyen Gamze Çetinkaya,+905392459090,Diyetisyen
Uzman Diyetisyen Başar Ziroğlu,+905386087575,Diyetisyen
Diyetisyen Sıla Zaloğlu,+905339351389,Diyetisyen
Diyetisyen Ecem Bengisu Ataköy,+905464291313,Diyetisyen
Diyetisyen Seda Dursun,+905324966095,Diyetisyen
Bakırköy Uzman Diyetisyen Şevval Balgün,+905446206882,Diyetisyen
Doktor Diyetisyen Gözde Güncü,+905527983892,Diyetisyen
Diyetisyen Betül Serttaş,+905382036317,Diyetisyen
GB Diyetisyen&Pilates Studio,+905051863458,Diyetisyen
ESEN BESLENME VE PSİKOLOJİK DANIŞMANLIK & EĞİTİM MERKEZİ,+905395101803,Psikolog / Terapist
Diyetisyen Melisa Türk Turkey Dietician,+902129126379,Diyetisyen
Diyetisyen Aylin Hacıoğlu,+905467490869,Diyetisyen
Diyetisyen Büşra Toslak,+905382348070,Diyetisyen
Harmony Beslenme ve Diyet Danışmanlığı Merkezi,+905305406023,Diyetisyen
Diyetisyen Aslı Gündoğdu Beslenme ve Diyet Danışmanlığı,+905334967757,Diyetisyen
Kimyager Diyetisyen Efnan Pelit,+905347113444,Diyetisyen
Diyetisyen Esin Akçil,+905330752330,Diyetisyen
Diyetisyen Deniz Özdel,+905415193282,Diyetisyen
Diyetisyen Betül Kadıoğlu,+905452134294,Diyetisyen
Diyetisyen Ece Evler,+905307708538,Diyetisyen
Uzman Diyetisyen Hilal Köse,+908504747810,Diyetisyen
Diyetisyen Birsen Gültekin Bakırköy Diyetisyen,+905526611368,Diyetisyen
Diyetisyen Bengü Nur Şeker,+908508117012,Diyetisyen
Digetisyenler,+905426992252,Diğer (Sağlık & Bakım)
Diyetisyen Yaren Nur Şeker,+908508117617,Diyetisyen
Evrensel Denge Ve Sağlıklı Yaşam,+902126638122,Diğer (Sağlık & Bakım)
Auralife Sağlıklı Yaşam Merkezi (BAKIRKÖY),+905539386868,Diğer (Sağlık & Bakım)
Diyetisyen Gözde Ateş Teke,+905327661056,Diyetisyen
Studio'G,+905357283455,Pilates / Yoga
Bakırköy Pilates - NYM Pilates Studio,+905380945712,Pilates / Yoga
"Stay Fit Bakırköy Pilates, Hamile Pilatesi, Aletli Pilates, Bakırköy Medikal Pilates.",+905522838183,Pilates / Yoga
Joya Pilates Studio | Bakırköy Pilates Salonu | Reformer,+905531044099,Pilates / Yoga
Moonlight Pilates Studio Bakırköy,+905425930698,Pilates / Yoga
Q Pilates Studıo Bakırköy,+905551062406,Pilates / Yoga
Bakırköy PiaForm Fizyoterapi ve Pilates,+902125429738,Psikolog / Terapist
Payluna pilates studio,+905546538865,Pilates / Yoga
Cello’s Reformer Pilates – Birebir & Düet Özel Ders (Bakırköy,+905433063488,Pilates / Yoga
Bakırköy Pilates - Slim Life Studio,+905494664133,Pilates / Yoga
Pilates & Physio Studio,+905425483039,Pilates / Yoga
Pilates 21,+905340318498,Pilates / Yoga
Kangoo Club Bakırköy - Pilates,+905434562161,Pilates / Yoga
Santa Maria Pilates Bakırköy,+908502597342,Pilates / Yoga
Kaju Pilates,+905467374819,Pilates / Yoga
Erya Reformer Pilates Studio,+905330307743,Pilates / Yoga
FourS Pilates Private Studio,+905464899099,Pilates / Yoga
Movimento Pilates Studio Bakırköy,+905362967577,Pilates / Yoga
Siera Studio,+905334534797,Pilates / Yoga
Lime Pilates Studio,+905308525463,Pilates / Yoga
Nice to slim you florya pilates güzellik merkezi,+905454234365,Pilates / Yoga
Le Pilates Studio,+905448971288,Pilates / Yoga
Glowlife Pilates Studio,+905324042694,Pilates / Yoga
EC Pt House,+905301332400,Pilates / Yoga
Özdem Birtürk Pilates Akademi,+902125830545,Pilates / Yoga
Co Training Studio,+905359584521,Pilates / Yoga
Yüzde Yüz Pilates,+905425850956,Pilates / Yoga
Bakırköy Mojo Pilates,+905433367576,Pilates / Yoga
Aya Pilates Stüdyo,+905079670427,Pilates / Yoga
Db Pilates Studio,+905322057807,Pilates / Yoga
Pine Pilates Studio,+905306021001,Pilates / Yoga
Line Pilates Studio,+905415650512,Pilates / Yoga
Valene Pilates,+905015697298,Pilates / Yoga
GYMOTION Bakırköy,+902124660074,Kuaför / Berber
Tali Pilates Studio,+905331908043,Pilates / Yoga
Maggie Pilates,+905379113536,Pilates / Yoga
Yeşilköy Pilates Sevgi Şahin Body Art,+905454761010,Pilates / Yoga
Yeşilköy Lala Pilates | Yeşilköy Hamak Yogasi Dersleri | YeşilKöy Lala Pilates,+905373370607,Pilates / Yoga
Ms Pilates Studio,+905465422751,Pilates / Yoga
MAYLA DANS PILATES STUDIO,+902124661035,Pilates / Yoga
Gym Plus,+902125831819,Kuaför / Berber
Studio Pilates Yeşilköy,+905303830526,Pilates / Yoga
Flc Concept,+905431438187,Pilates / Yoga
Yeşilyurt Pilates Studio,+905448441080,Pilates / Yoga
Picholates & Yeşilköy Pilates Stüdyosu,+905415311759,Pilates / Yoga
Fitintime Bakırköy,+905308692088,Kuaför / Berber
Green Village Pilates House,+905072431519,Pilates / Yoga
FITCITY GYM WELLNESS SPA BAKIRKÖY,+902125612727,Kuaför / Berber
Ataköy Pilates Center,+905074936253,Pilates / Yoga
Pilates sports academy.Ataköy,+905064810287,Pilates / Yoga
Focus On Pilates Studio,+905413440964,Pilates / Yoga
Pilates Studio SC,+905331408215,Pilates / Yoga
MJ Pilates,+905308324986,Pilates / Yoga
Elit at Florya Pilates Studio Zeynep Elitok,+902125730476,Pilates / Yoga
Ataköy Pilates,+902125606058,Pilates / Yoga
WOWPilatesStudio,+905331300396,Pilates / Yoga
Bioforce Pilates Stüdyo Bakırköy,+905072083333,Pilates / Yoga
Mahsa Pilates - Florya,+905456741045,Pilates / Yoga
Duygu pilates,+905325502284,Pilates / Yoga
Senfit Reformer Pilates Bakirkoy,+905444566022,Pilates / Yoga
One to One Personal Trainer & Pilates & Boks Studio,+905054418203,Pilates / Yoga
Şefika Gemici Pilates Stüdyosu & Florya Pilates,+905334389446,Pilates / Yoga
Yugen Movement Studio,+905455515502,Pilates / Yoga
Piti Pilates,+905352542052,Pilates / Yoga
Fizyobody Pilates & Fizyoterapi,+905436429093,Psikolog / Terapist
Iguana Spor Merkezi,+905313791910,Kuaför / Berber
Yeşilyurt Station Pilates,+902126628937,Pilates / Yoga
Valencia Pilates - Florya,+905301800521,Pilates / Yoga
ReTouch Studyo Yeşilyurt,+905320157179,Kuaför / Berber
YogaKioo Studio Bakırköy,+905400021077,Pilates / Yoga
Ahmet Cömert Spor Salonu,+902128717396,Kuaför / Berber
Advanced Pilates,+902126632549,Pilates / Yoga
Melek Ebru Ekin Pilates & Functional Studio,+905352942623,Pilates / Yoga
Fitness Form Club,+902125439318,Kuaför / Berber
BAKIRKÖY BOKS Tolga Çakmak Spor KULÜBÜ FİGHTCLUB,+905323742279,Kuaför / Berber
Fizyoterapist Deniz İşçi -Fizyoterapist Merve Keser -Primer Fizyoterapi,+905446444500,Psikolog / Terapist
Kiwi Exclusive Fitness,+905537635494,Kuaför / Berber
BeFine Sports&Spa Bakırköy,+902124137070,Kuaför / Berber
FitLab Yeşilköy,+905301134460,Kuaför / Berber
Rast Pilates,+905322777995,Pilates / Yoga
SDF PİLATES STUDİO,+905077641650,Pilates / Yoga
Akar Spor Merkezi,+905337697301,Kuaför / Berber
Simge Pilates,+905396640744,Pilates / Yoga
Ataköy Fitness,+902129249205,Kuaför / Berber
Yeşilköy Gym Fitness Salonu,+902125737419,Kuaför / Berber
BB Studio Pilates,+905424599537,Pilates / Yoga
Osteotherapy,+902126570101,Psikolog / Terapist
ON Sports Club,+905383873147,Kuaför / Berber
POVO PİLATES STUDİO,+905070502379,Pilates / Yoga
Sporium Florya Spor Merkezi,+902125736353,Kuaför / Berber
Ulviye Aksakal Bakırköy Yoga Dersi,+905332426460,Pilates / Yoga
Qualista health Fizyoterapi ve Pilates hizmetleri,+905367076422,Psikolog / Terapist
Mac/One Ataköy Reformer Pilates (Özge Nur Karaman),+905524137243,Pilates / Yoga
Fizyoterapist Fatma Yavuz Akdut,+905331908918,Psikolog / Terapist
My Gym,+902125606017,Kuaför / Berber
World Sport Academy,+902125742425,Kuaför / Berber
Tigers Arena,+905305638590,Kuaför / Berber
Kartaltepe Redline Fitness Form Bakırköy | Spor Salonu | Fitness Merkezi |,+902129734300,Kuaför / Berber
Santa Monica Gym,+902126633848,Kuaför / Berber
Mediplast Güzellik Merkezi başakşehir | Cilt Bakımı | Lazer Epilasyon | Bölgesel İncelme | NAİL ART,+905526506000,Güzellik Salonu
YAREN ÇOKTİN BEAUTY BAŞAKŞEHİR GÜZELLİK MERKEZİ,+905422540400,Güzellik Salonu
Arzu Yılmaz Başakşehir Güzellik Salonu,+902124872623,Güzellik Salonu
Emel ACAR Güzellik Merkezi & Kuaför Salonu Başakşehir,+902124873020,Güzellik Salonu
Başakşehir Güzellik Merkezi | Elsima Zayıflama Merkezi,+905333704077,Güzellik Salonu
Şule Kırk Güzellik Salonu,+905308993140,Güzellik Salonu
Burcu Güleryüz Güzellik,+902124884844,Güzellik Salonu
Nadide Beauty Center,+905398540880,Güzellik Salonu
HAYA GÜZELLİK SALONU,+905306610477,Güzellik Salonu
Ayşe Sarı Beauty Center,+902124855050,Güzellik Salonu
KÜBRA TOKSOY BEAUTY HOME,+902126721829,Güzellik Salonu
Garden Rose beauty center,+905407471111,Güzellik Salonu
Eylül Öztürk Nail SPA Başakşehir,+905395737347,Güzellik Salonu
Melike Adıgüzel Başakşehir Şubesi,+905379160709,Güzellik Salonu
Epilife Güzellik Salonu,+905372920912,Güzellik Salonu
Life Derma Studio Güzellik Salonu,+905426752900,Güzellik Salonu
Medikaes Güzellik,+905422080895,Güzellik Salonu
She Estetik,+905411685870,Güzellik Salonu
Başakşehir Güzellik Salonu,+905439440395,Güzellik Salonu
BESHA BEAUTY STUDIO,+905549878044,Güzellik Salonu
BURCU DEVELİ HAİR&MAKE UP STUDİO,+902128235574,Kuaför / Berber
Prenses VİP Güzellik,+905433369896,Güzellik Salonu
Sümeyye Kocakaplan Beauty,+905309924457,Güzellik Salonu
HELESA Güzelik Merkezi,+905538818157,Güzellik Salonu
Saloon Cadde,+902128090933,Güzellik Salonu
SF Beauty Güzellik ve Bakım Merkezi,+905320509885,Güzellik Salonu
Crystal Güzellik Shop,+905525051643,Güzellik Salonu
Salon Jasmin Kuaför,+902124859060,Kuaför / Berber
Vipderm,+905355588700,Güzellik Salonu
BAŞAKŞEHİR NEVRA GÜZELLİK,+905011338069,Güzellik Salonu
Kübra Kuaför ve Güzellik Salonu,+905370207608,Güzellik Salonu
R&R CARE AND BEAUTY - CILT VE SAÇ BAKIM,+905058320085,Güzellik Salonu
SALON HEDİYE,+902124886358,Kuaför / Berber
LEYLAM Güzellik salonu,+905384540661,Güzellik Salonu
New Glow Luxury Beauty Boutique,+905428996909,Güzellik Salonu
Newbahar Güzelik Salonu,+902124883020,Güzellik Salonu
Saloon Cadde Beauty Center,+902128090932,Güzellik Salonu
Jouri Salon - صالون جوري,+905069993336,Güzellik Salonu
Angel Hair Desing Bay Bayan Güzellik Salonu Ağaoğlu Başakşehir,+902125001459,Güzellik Salonu
Yasemin Kuaför,+905399124980,Kuaför / Berber
Sonay Kuaför,+905426164938,Kuaför / Berber
San Kuaför Başakşehir,+905330943903,Kuaför / Berber
Hatem Beauty,+905323697324,Güzellik Salonu
Makeup Hazel,+905419340602,Güzellik Salonu
Başakşehir Altınşehir Özge bayan kuaförü ve Güzellik Salonu,+905360345030,Güzellik Salonu
Başakşehir Beauty,+905415471446,Güzellik Salonu
Art of Hair Başakşehir,+905448259364,Kuaför / Berber
Nis Kuaför,+902124797679,Kuaför / Berber
Başakşehir Ayak Bakım Salonu,+905370502436,Kuaför / Berber
Emre Ceylan Hair Artıst,+905514347134,Kuaför / Berber
İrfan Kuaför,+902124862219,Kuaför / Berber
KUAFÖR BARIŞ,+905392144676,Kuaför / Berber
Nova Kuaför,+902126960375,Kuaför / Berber
Liza Kuaför,+902124886535,Kuaför / Berber
Okan yıldız barber’s club,+905074413476,Kuaför / Berber
Nilüfer Saç Tasarım,+902124856257,Kuaför / Berber
Kayaşehir bayan Kuaför,+905536370797,Kuaför / Berber
Mavera Güzellik Salonu,+905399580909,Güzellik Salonu
Suphi barber's clup,+905346979108,Kuaför / Berber
ARZU YILMAZ HAIR PALACE,+905326770416,Güzellik Salonu
Mall Of İstanbul Aykut Tunc Kuaför,+905415823476,Kuaför / Berber
Sevgi Bayan Kuaförü,+905462349240,Kuaför / Berber
TEO Güzellik Merkezi,+902128011300,Güzellik Salonu
SALON NURSİMA,+905427471860,Kuaför / Berber
Pınar Bayan Kuaförü,+905324428389,Kuaför / Berber
MAVERA BEAUTY by GÜLCİHAN OFFİCİAL,+905399832103,Güzellik Salonu
Behiye Bayan Kuaförü,+902124872374,Kuaför / Berber
ÂLÂ KUAFÖR,+905368618786,Kuaför / Berber
Altuğ Çabuk Bay Bayan Güzellik Merkezi,+905324328519,Güzellik Salonu
My vip kuaför,+905449341313,Kuaför / Berber
Gül Bayan Kuaförü,+902124883869,Kuaför / Berber
VOLKAN ERKEK KUAFORU,+905393876176,Kuaför / Berber
Dove & Halise Güzellik Merkezi / Bayan Kuaför,+905325797080,Güzellik Salonu
salon alwaled,+905393054551,Kuaför / Berber
Maya Saç Tasarım & Güzellik,+905318677275,Güzellik Salonu
Siyah Beyaz kadın Kuaförü,+905386865811,Kuaför / Berber
Yunus Öztekin Hair Club,+905335096713,Kuaför / Berber
"Kuaför Hakan, Berber",+905418787180,Kuaför / Berber
KSM HAİR DESİNG ERKEK KUAFÖRÜ,+905425445895,Kuaför / Berber
h&s beauty bayan kuaförü,+902128127356,Güzellik Salonu
Modii Salon,+905051442266,Kuaför / Berber
Berber İbo | EmFit Hair Studio,+905306872389,Kuaför / Berber
Emir Erkek Kuaförü,+905522247676,Kuaför / Berber
By Kıvırcık | Erkek Kuaförü - Barber Saloon - Başakşehir,+905394415012,Kuaför / Berber
Bay Berber,+905334714347,Kuaför / Berber
Di & Em Erkek Kuaförü. (Emrah Uç),+905446031958,Kuaför / Berber
Bay Berber Official,+905443188769,Kuaför / Berber
DİLAMED BAŞAKŞEHİR,+905523513400,Kuaför / Berber
yusuf bey erkek ve çocuk kuaförü,+902124875121,Kuaför / Berber
Neşe Bayan Kuaförü,+902124870204,Kuaför / Berber
Bay Salon Erkek Kuaförü Kenan Tekinli,+905466942754,Kuaför / Berber
Hasan Öngen Erkek ve Çocuk Kuaförü,+905342378444,Kuaför / Berber
Class Erkek Kuaförü,+905323910569,Kuaför / Berber
Fatoş Kuaför,+905415051980,Kuaför / Berber
Melek Güler kuaför,+905327903982,Kuaför / Berber
Kuaför hayri,+905358260192,Kuaför / Berber
Ömer Bozat Erkek Kuaförü,+905433015733,Kuaför / Berber
Kuaför Koltukları ve Kuaför Tezgahları İmalatcısı Başakşehir İstanbul,+902126713494,Kuaför / Berber
AZRA BAYAN KUAFÖRÜ,+902124884065,Kuaför / Berber
Hanoğlu Concept | Barber & Coiffeur Furniture,+908503460060,Kuaför / Berber
FORMEN KUAFÖR,+905318264029,Kuaför / Berber
Güven Erkek Kuaförü,+905435398808,Kuaför / Berber
Mukaddes Koçyiğit Make up Studio,+905473133413,Kuaför / Berber
Artistic Bayan Kuaförü,+902124857165,Kuaför / Berber
Furkan Kuaför,+905335130228,Kuaför / Berber
Ergin Badur Hair Lounge,+902128030420,Kuaför / Berber
Mahmut Akçay Erkek Kuaförü,+905350555335,Kuaför / Berber
Gömeç Bayan Kuaförü,+905340883260,Kuaför / Berber
İMAJ ERKEK KUAFÖRÜ,+905416320641,Kuaför / Berber
Mischa Estetik Güzellik Merkezi,+902128018279,Güzellik Salonu
Deniz Beauty Center Lazer Epilasyon Uygulama Merkezi Başakşehir,+905054509055,Güzellik Salonu
Sante bien güzellik merkezi,+905325912820,Güzellik Salonu
Ville Esthetique & Bahçeşehir Güzellik Merkezi,+905412579085,Güzellik Salonu
Estehill Beauty,+902126699308,Güzellik Salonu
Dr. Mehtap Vatansever | Bahçeşehir Medikal Estetik & Saç Tedavileri,+905325664442,Güzellik Salonu
Özel NaturaSLIM Polikliniği,+905332354042,Güzellik Salonu
STS Estetik ve Güzellik Merkezi,+902128018901,Güzellik Salonu
Center Clinic Başakşehir,+902129555505,Diğer (Sağlık & Bakım)
Buket Kar Beauty Center,+905398514609,Güzellik Salonu
ESTESKY ESTETİK VE GÜZELLİK,+902124886878,Güzellik Salonu
Mely's Studio,+905334074111,Güzellik Salonu
Sevinç Beauty,+905529228299,Güzellik Salonu
Raşel Güzellik Merkezi,+905366152113,Güzellik Salonu
Metapol Estetik,+905337299672,Güzellik Salonu
Neslihan Acar BEAUTY/SPA,+905322864296,Güzellik Salonu
The Royal Beauty Center,+905326795824,Güzellik Salonu
De Bonne Bahçeşehir Güzellik Salonu,+905359280000,Güzellik Salonu
Neslim Güngen Bahçeşehir Güzellik ve Bakım Merkezi,+905323541056,Güzellik Salonu
NURDAN KAYA BEAUTY,+905321777523,Güzellik Salonu
ES BEAUTY BAHÇEŞEHİR,+905439523944,Güzellik Salonu
Modesty Clinic,+902124878636,Güzellik Salonu
Özge Özel Bahçeşehir Güzelik Salonu,+905491090090,Güzellik Salonu
Best Maison,+905536041069,Güzellik Salonu
Dr Ersin Karatepe,+905400361980,Diğer (Sağlık & Bakım)
Uzm. Dr. Emre Araz | Estetik ve Klinik Dermatoloji,+905374833951,Güzellik Salonu
Dçy Sağlık Başakşehir,+905318858672,Diğer (Sağlık & Bakım)
Prof Nail Saloon Ms Esra,+902126080011,Güzellik Salonu
Dr. Birgül Erden,+902126698900,Güzellik Salonu
Emay Güzellik Merkezi,+905326399765,Güzellik Salonu
Rukiye Altun güzellik,+905388824405,Güzellik Salonu
FizyoSanita,+905413790358,Psikolog / Terapist
Roots Pilates | Esenler Reformer Pilates Stüdyosu,+905538861034,Pilates / Yoga
Be-Fit Pilates,+905316688734,Pilates / Yoga
MUFS– Esenler Boks ve Reformer Pilates,+905317097358,Pilates / Yoga
Alâ pilates stüdyo,+905516458765,Pilates / Yoga
Bilgis Pilates Studio,+905385824047,Pilates / Yoga
Umai Pilates Stüdyosu,+905524529998,Pilates / Yoga
Fit Station Esenler,+905333705036,Kuaför / Berber
Luvias Pilates Stüdyo,+905015952321,Pilates / Yoga
Golden Life Spor Salonu,+905358143039,Kuaför / Berber
Ta - Fu GYM,+905352861946,Kuaför / Berber
Sibel Bayan Spor Salonu,+902125625713,Kuaför / Berber
Go Fit Fitness,+905060369930,Kuaför / Berber
Life Body House,+905362185404,Kuaför / Berber
ESPROLINE,+902126113310,Kuaför / Berber
Baleks Fitness & Sport,+905388187212,Kuaför / Berber
MEND Live | Pilates | Bungee Fitness | Vacu Activ | Rollshape | Anduliving Pro,+905320151281,Pilates / Yoga
Esenler Start Form Spor Merkezi,+905437381121,Kuaför / Berber
Dinamik Body Center,+905367277228,Kuaför / Berber
Atilla geliç spor salonu,+905079202972,Kuaför / Berber
Atlas Spor Merkezi,+902125688752,Kuaför / Berber
Flamingo GYM Teknopark,+902124837224,Kuaför / Berber
Öztürk Spor Salonu,+905307109023,Kuaför / Berber
15 Temmuz Spor Kulubü - Esenler Karate,+905556382028,Kuaför / Berber
Uzman Psikolog Melek Yıldırım,+905336336655,Psikolog / Terapist
Psikoakademi Sanatla Destek Merkezi | Başakşehir,+905303114916,Psikolog / Terapist
Başakşehir Psikoloji,+905336522795,Psikolog / Terapist
Başakşehir Psikoloji Merkezi,+905016604045,Psikolog / Terapist
Başakşehir Denge Psikoloji,+905540140434,Psikolog / Terapist
Psikolojik Danışman İbrahim Erken,+905465041123,Psikolog / Terapist
Bahçeşehir Psikolog | PSİKOLAJ - Psikolojik Gelişim Eğitim ve Danışmanlık Merkezi,+905321597439,Psikolog / Terapist
Başakşehir Psikolog Eda Keklik Sevgi Danışmanlık,+905411270715,Psikolog / Terapist
Psikosim Danışmanlık Merkezi,+905345825984,Psikolog / Terapist
Meva Psikoloji,+905415788328,Psikolog / Terapist
Ayna Psikoterapi Merkezi,+905300542495,Psikolog / Terapist
Bilişsel Psikoloji Danışmanlık Merkezi - Bahçeşehir,+905075404040,Psikolog / Terapist
Başakşehir | Psikolog Ebru Yeşilkaya,+905070235683,Psikolog / Terapist
Psikolog Melike Aydın I Bahçeşehir Psikolog Psikoloji,+905302798118,Psikolog / Terapist
HAY Psikolojik Danışmanlık,+905411095120,Psikolog / Terapist
Sakura Danışmanlık Merkezi,+905303396361,Psikolog / Terapist
Tatlı Hayat Psikoloji Gelişim ve Danışmanlık Merkezi,+905516491470,Psikolog / Terapist
Uzman Klinik Psikolog Elif Nuhoğlu,+905417760019,Psikolog / Terapist
Sıra Dışı Psikolojik Danışmanlık Birebir Eğitim Merkezi,+902124885468,Diş Kliniği
Liv Psikoloji Danışmanlık Merkezi,+905388359908,Psikolog / Terapist
Başakşehir Dil ve Konuşma Terapisti | Zeynep Gedik Küçük,+905533494407,Psikolog / Terapist
Sırdaş Psikoloji,+905309013816,Psikolog / Terapist
Uzman Klinik Psikolog Feyza CEBECİ - Eksen Psikoloji | Bahçeşehir Psikolog,+905058281010,Psikolog / Terapist
Metanoia Psikoloji,+905316992376,Psikolog / Terapist
Psikolog Nazlı ÇİFTÇİ,+905059782316,Psikolog / Terapist
Terapial Psikoloji ve Danışmanlık,+905519448002,Psikolog / Terapist
Spontanite Psikoloji,+905051476222,Psikolog / Terapist
Fizilal Psikolojik Danışmanlık ve Eğitim Merkezi,+905516452677,Psikolog / Terapist
"Uzman Klinik Psikolog Müjde Yahşi - Çocuk, Ergen & Aile Terapisi, Cinsel Kimlik Karmaşası",+905060421000,Psikolog / Terapist
Sanat Psikoloji Eğitim & Danışmanlık,+905396608476,Psikolog / Terapist
Uzman Psikolog Ayşe İltar,+905337481759,Psikolog / Terapist
"Psk. Nisanur Elmas, Psikoloji",+905453100938,Psikolog / Terapist
Uzman Klinik Psikolog Büşra Çobanoğlu Ekinci,+905323201512,Psikolog / Terapist
Bambu İstanbul Çocuk ve Genç Psikiyatri Merkezi,+905333283083,Psikolog / Terapist
Klinik Psikolog Semiha Kürkçüoğlu Usta,+905316307545,Psikolog / Terapist
Çocuk/Ergen Klinik Psikoloğu Leyla Merve Mert (Özel Sağlık Meslek Hizmet Birimi),+905375141570,Psikolog / Terapist
Mozaik Psikoloji,+902126690061,Psikolog / Terapist
Bahçeşehir Psikolog - PETA PSİKOLOJİ,+905326146804,Psikolog / Terapist
"Psikoterapist Esra Gül DEMİR | Aile terapisi, Cinsel terapi, Ergen Danışmanlığı.",+905422406875,Psikolog / Terapist
Mirat Danışmanlık Merkezi,+902124887177,Psikolog / Terapist
Uzman Psikolog Yasemin Mısırlı,+908504742316,Psikolog / Terapist
Klinik Psikolog Göknur Karadağ,+908508119207,Psikolog / Terapist
Erg. Esra Tükeltürk,+905347678838,Diğer (Sağlık & Bakım)
Psikiyatrist Uz. Dr. Ahmet Alper Ayduman,+905054553563,Psikolog / Terapist
psikolog merve altınay özdoğan,+905554722275,Psikolog / Terapist
Fizyo MoveOn Sağlıklı Yaşam Merkezi,+905324294401,Psikolog / Terapist
Klinik Psikolog Kübra TURAN,+905466176411,Psikolog / Terapist
Psk. Mina Duman,+908508110657,Psikolog / Terapist
Psikolog Seren Söner,+905461567751,Psikolog / Terapist
Hane Psikoloji Atölye,+905456871158,Psikolog / Terapist
Rubu Psikoloji,+905318646884,Psikolog / Terapist
ERK Danışmanlık,+905323301348,Psikolog / Terapist
Doç. Dr. Yalçın Güzelhan Psikiyatrist - Psikoterapist - Sinirbilim Uzmanı,+905522243538,Psikolog / Terapist
Klinik Psikolog İdil Yolcular,+905323905002,Psikolog / Terapist
Klinik Psikolog Gözde Göktaş,+905397676003,Psikolog / Terapist
Bahçeşehir Psikolog - Uzman Psikolog Melek Ekici Velioğlu,+905379104634,Psikolog / Terapist
Başakşehir Diyetisyen İlayda Orakçı,+905413537138,Diyetisyen
Uzm. Dyt. Şevval Tekkeli Beslenme ve Diyet Danışmanlık Merkezi,+905452508272,Psikolog / Terapist
Fonksiyonel Tıp Diyetisyeni Eda Aktoğ,+905518813247,Diyetisyen
Diyetisyen Busenur Sönmez,+905469520552,Diyetisyen
Fonksiyonel Tıp Diyetisyeni Semanur Arık,+908504747310,Diyetisyen
Diyetisyen Beyza Tuba Taş Odakır,+905059509600,Diyetisyen
Diyetisyen Eda Ersoy | Bahçeşehir Diyetisyen,+905323510210,Diyetisyen
Diyetisyen Tuba Büyük Şanlan,+905326650257,Diyetisyen
Diyetisyen Hayrunnisa Güzel,+908504748204,Diyetisyen
Diyetisyen Duygu Cebeci,+905442148226,Diyetisyen
Diyetisyen Bayan Hamoui (عيادة الاختصاصية بيان حموي للتغذية العلاجية),+905444451402,Diyetisyen
Diyetisyen Dilara Zengin,+905521745502,Diyetisyen
Serkan Tanoğlu,+905467645198,Diyetisyen
Bahçeşehir Diyetisyen Yağmur Gürses,+905053851300,Diyetisyen
Nutrenda Beslenme ve Diyet Danışmanlığı,+905353015374,Diyetisyen
D&F Fizyoterapi ve Beslenme Danışmanlık Merkezi,+905380396921,Psikolog / Terapist
Beyan Diet I اختصاصية التغذية بيان شعار,+905013779012,Diyetisyen
DİYETİSYEN ASYA ALPER ZAYIFLAMA MERKEZİ,+905362859545,Diyetisyen
BD Sağlıklı Yaşam Merkezi,+905076485834,Diğer (Sağlık & Bakım)
Diyetisyen Eren Öztürk,+905355603755,Diyetisyen
Uzman Diyetisyen Meltem Tombul,+905376616523,Diyetisyen
Bahçekent Diyetisyen Ceren Tunçer,+905510149114,Diyetisyen
Diyetisyen Büşra Can,+905307324878,Diyetisyen
Dilek Çokurlu Pilates,+905078489899,Pilates / Yoga
Diyetisyen Zehra Yalçın,+905050491344,Diyetisyen
Diyetisyen Bera Zehra Küçük,+905324616013,Diyetisyen
Başak Vital (Sağlık ve Güzellik Danışmanlık),+905056560376,Psikolog / Terapist
Saney Biorezonans Tedavi Merkezi,+905559929824,Diğer (Sağlık & Bakım)
Gamze,+905423137360,Diyetisyen
Diyetisyen Hilal Çoban,+905319868090,Diyetisyen
Dentaliva Başakşehir Ağız ve Diş Sağlığı Polikliniği,+902125555482,Diş Kliniği
MossDental Ağız ve Diş Sağlığı Polikliniği,+905434850070,Diş Kliniği
MB Diş Ağız ve Diş Sağlığı Polikliniği,+902126992020,Diş Kliniği
Özel Başakşehir Ortodonti Ağız ve Diş Sağlığı Polikliniği | İmplant | Zirkonyum | Pedodonti,+902126713467,Diş Kliniği
Akdiş Ağız ve Diş Sağlığı Polikliniği,+902124850488,Diş Kliniği
DentX Başakşehir Ağız ve Diş Sağlığı Polikliniği,+902123024466,Diş Kliniği
İSTANBUL KLİNİK AĞIZ VE DİŞ SAĞLIĞI POLİKLİNİĞİ,+902124880288,Diş Kliniği
Dentpedia Başakşehir Ağız ve Diş Sağlığı Polikliniği,+902129555509,Diş Kliniği
Özel İstanbul Akdent Ağız ve Diş Sağlığı - Başakşehir / Bahçeşehir / Kayaşehir,+905322811632,Diş Kliniği
Yamanar Ağız ve Diş Sağlığı Polikliniği,+905327947872,Diş Kliniği
DENTMODEL Ağız ve Diş Sağlığı Polikliniği,+902128773455,Diş Kliniği
FERADENT BAŞAKŞEHİR | Ağız ve Diş Sağlığı Polikliniği | Başakşehir Diş,+905533523372,Diş Kliniği
BAŞAKŞEHİR KAMERDENT AĞIZ VE DİŞ SAĞLIĞI POLİKLİNİĞİ,+905528242650,Diş Kliniği
Golden Smile Dent,+902128093939,Diş Kliniği
Kayaşehir Ağız ve Diş Sağlığı Polikliniği,+905346416064,Diş Kliniği
Infinity Smiles Ağız ve Diş Sağlığı Polikliniği,+902126719999,Diş Kliniği
Seramik Dental Ağız ve Diş Sağlığı Polikliniği,+902128307070,Diş Kliniği
Vadişehir Ağız ve Diş Sağlığı Polikliniği | Başakşehir diş klinikleri | Dt. Merve Baykal,+902124850705,Diş Kliniği
Beyaz Işık Başakşehir Çocuk ve Ortodonti Diş Kliniği,+902124863453,Diş Kliniği
Pera Diş Kliniği - Pera Dental Clinic,+905428435313,Diş Kliniği
Ora Diş Kliniği - Ora Dental Clinic,+905444111707,Diş Kliniği
TOSUN AĞIZ VE DİŞ SAĞLIĞI POLİKLİNİĞİ BAŞAKŞEHİR ŞUBESİ,+905077405079,Diş Kliniği
HD Smile Dental Care,+902128128012,Diş Kliniği
Dt. Alaaddin ÖZTÜRK Diş hekimi,+905053865698,Diş Kliniği
Özel Resident Ağız Ve Diş Sağlığı Polikliniği,+902124885485,Diş Kliniği
Laledent Ağız ve Diş Sağlığı Polikliniği طب الاسنان,+905306600364,Diş Kliniği
Missdent Ağız ve Diş Sağlığı Polikliniği,+902124885550,Diş Kliniği
Özel Çelikkaya Ağız ve Diş Sağlığı Polikliniği,+905323555296,Diş Kliniği
ErenDent Ağız ve Diş Sağlığı Polikliniği,+905070043644,Diş Kliniği
DentBlue Ağız ve Diş Sağlığı Polikliniği,+905307713026,Diş Kliniği
Özel EMG KLİNİK Ağız ve Diş Sağlığı Polikliniği,+905451223540,Diş Kliniği
MAVERA DİŞ AĞIZ VE DİŞ SAĞLIĞI POLİKLİNİĞİ,+902129249998,Diş Kliniği
Özel Mehmet Eker Ağız ve Diş Sağlığı Polikliniği,+905421045912,Diş Kliniği
Diş Hekimi Sevgi Ak Uçar,+905526664244,Diş Kliniği
Klinik Başak Ağız ve Diş Sağlığı Polikliniği,+905326344145,Diş Kliniği
Diş Hekimi Muhammet Mahsum Karakuş & Beyza Köksal Karakuş Muayenehanesi,+905458859100,Diş Kliniği
Nb Dental Clinic,+905421411662,Diş Kliniği
Diş Hekimi Sena Nur Kaman,+905332321535,Diş Kliniği
Emirgan ağız ve diş sağlığı polikliniği,+905433095955,Diş Kliniği
Kayadent Ağız ve Diş Sağlığı Polikliniği,+905326847746,Diş Kliniği
Dr.Geylani klinik,+905313863777,Diş Kliniği
Mira Clinic,+905426482732,Diş Kliniği
Vitrin Clinic,+905451036000,Diş Kliniği
Göraldent Ağız ve Diş Sağlığı Polikliniği,+902123023009,Diş Kliniği
Ardent diş kliniği,+902126699191,Diş Kliniği
Diş Hekimi Gönül Özkars & Muhlise İlhan Bişkinler,+902124863088,Diş Kliniği
Kayaşehir Diş Hekimi Fatih Gülcü,+902129319932,Diş Kliniği
Diş Hekimi İsmail KAYA kliniği,+905526978606,Diş Kliniği
Diş Hekimi Hakan Gençer,+902126880862,Diş Kliniği
Aesthetic Zone Dental Clinics,+905331357385,Diş Kliniği
Özel BudakDiş Ağız ve Diş Sağlığı Polikliniği - İstanbul Bahçeşehir,+902127415022,Diş Kliniği
Diş Hekimi Ahmet Fehmi Bayraklı,+908504744526,Diş Kliniği
Dr. kevser alahmar clinic,+905385839638,Diş Kliniği
Art Of Smile Clinic,+905528886663,Diş Kliniği
Diş hekimi ahmet arap,+905011444466,Diş Kliniği
Diş hekimi Civan ZAN,+905530998533,Diş Kliniği
Mostar Sağlık Hizmetleri,+905539417179,Diğer (Sağlık & Bakım)
Dt.Tuba Akçetin,+908504746196,Diş Kliniği
Bianca clinic,+905338161277,Diş Kliniği
Dt. Fatma SAK AKGÜL,+902124870012,Diş Kliniği
Özel Dent For All Ağız Ve Diş Sağlığı Polikliniği,+905354423535,Diş Kliniği
Dış Muayenehane (Dental Clinic),+905357222116,Diş Kliniği
Smileist,+905355667100,Diş Kliniği
Diamond Dent Clinic,+905550123933,Diş Kliniği
Diş Hekimi Abdullah Salih İnal,+905415332117,Diş Kliniği
ARTERİUM BAŞAKŞEHİR VETERİNER KLİNİĞİ,+905335565423,Veteriner
ÖZEL AYYILDIZ AĞIZ VE DİŞ SAĞLIĞI POLİKLİNİĞİ,+905303919932,Diş Kliniği
Dentsem Diş Hekimliği Sürekli Eğitim Merkezi,+902126446604,Diş Kliniği
Orinova Clinic,+905400030002,Diş Kliniği
Mete YILDIR Diş Kliniği,+905061596589,Diş Kliniği
Fizyolive Başakşehir,+905412963478,Diğer (Sağlık & Bakım)
Başakşehir Pilates Kliniği,+905050255260,Pilates / Yoga
Reformer Pilates Stüdyosu,+905064190100,Pilates / Yoga
Fizyolates Studio,+905333653490,Pilates / Yoga
House of Pilates,+905337798082,Pilates / Yoga
Kuzey yakası pilates stüdyo,+905441622245,Pilates / Yoga
Pln Pilates Studio,+905374386037,Pilates / Yoga
FİZYOLAVİDA PİLATES BAŞAKŞEHİR,+905388176427,Pilates / Yoga
Move Pilates Studio,+905415187844,Pilates / Yoga
Başak Fizyoterapi ve Pilates,+905312718945,Psikolog / Terapist
Pilates Please Studio,+905402020237,Pilates / Yoga
B&B PİLATES STÜDYO,+905340776865,Pilates / Yoga
fizyo.rapt,+905333780929,Pilates / Yoga
Nefes Pilates ve Sağlıklı Yaşam Merkezi,+905336837025,Pilates / Yoga
BNK Pilates Studio,+905363839909,Pilates / Yoga
Ela Pilates Stüdyo,+905353482959,Pilates / Yoga
Funda Pilates Studio,+905016171315,Pilates / Yoga
Sakura Wellness Studio,+905054509912,Diğer (Sağlık & Bakım)
Arsis Pilates Stüdyo ve Bölgesel Zayıflama Merkezi,+905312617747,Pilates / Yoga
FizyoDem Pilates,+905434551063,Pilates / Yoga
Özes Pilates Stüdio,+905318387153,Pilates / Yoga
She Lady pilates,+908503050289,Pilates / Yoga
Fizyoroom Sağlıklı Yaşam Merkezi,+905076059342,Psikolog / Terapist
Pola Pilates Studio,+902126690025,Pilates / Yoga
FİZYO İNCİ,+905534101125,Diğer (Sağlık & Bakım)
ROM TRAİNİNG STUDİO,+905051004410,Kuaför / Berber
BF COACH STUDIO,+905377127049,Kuaför / Berber
House Of Fizyo,+905335470517,Diğer (Sağlık & Bakım)
Emfit club Başakşehir,+902126711136,Kuaför / Berber
B Fit,+902124884919,Kuaför / Berber
HZR FİTNESS,+905334045020,Kuaför / Berber
FıtJose,+905380583688,Kuaför / Berber
ORA Pilates,+905559812255,Pilates / Yoga
Thaiger Spor salonu,+905541668447,Kuaför / Berber
GRADİVA FİT,+905546640737,Pilates / Yoga
Sf pilates bahcesehir,+905323505605,Pilates / Yoga
Oxyfit Fitness Danışmanlık Merkezi,+905340863639,Psikolog / Terapist
NO34 FİTNESS CLUB,+905528870918,Kuaför / Berber
Sendi Pilates,+905367928152,Pilates / Yoga
Pilates Atölyesi Bahçeşehir,+905334551090,Pilates / Yoga
ZU PT Vip,+902124873272,Pilates / Yoga
Be.U Pilates Studio,+905546547080,Pilates / Yoga
Reform Class,+905315526958,Pilates / Yoga
Moya Fit Kadın pilates ve spor Merkezi,+905435486983,Pilates / Yoga
FizyOmurga,+905539073452,Psikolog / Terapist
Medical Fitness,+905355645144,Kuaför / Berber
PlayBox Başakşehir/ Kadınlara Özel Spor Salonu,+902125074907,Kuaför / Berber
Fit Station Başakşehir,+905069092557,Kuaför / Berber
Karargah Fitness,+905433676637,Kuaför / Berber
Fizyoterapist Rabia Büyükbıyıklı Makan,+905413727578,Psikolog / Terapist
Ünlü Spor Kulubü,+905353233154,Kuaför / Berber
Kayaşehir Fitness,+905365646594,Kuaför / Berber
Lune Physio Fizyoterapi ve Sağlıklı Yaşam Merkezi,+905403734229,Psikolog / Terapist
Başakşehir Pilates FİZYONİX,+905077734647,Pilates / Yoga
Nord Gym Başakşehir,+905540085054,Kuaför / Berber
ALİ CİN BAY BAYAN GÜZELLİK SALONU,+905392649491,Güzellik Salonu
Miss World Güzellik Salonu,+902128725263,Güzellik Salonu
Estesline Güzellik Bayrampaşa,+905325601131,Güzellik Salonu
By Hatun's Güzellik Noktası,+905521876744,Güzellik Salonu
Bendis Güzellik Merkezi,+905387753333,Diş Kliniği
muzyy beauty salon,+905345807327,Güzellik Salonu
Gülden Beauty House,+905432048996,Güzellik Salonu
Goldlife Güzellik Merkezi,+902126499009,Güzellik Salonu
Enza Güzellik Merkezi Bayrampaşa,+905012935808,Güzellik Salonu
MİEM Güzellik Salonu,+905331919027,Güzellik Salonu
selma sancarbarlaz beauty,+905434451340,Güzellik Salonu
Eda çetin güzellik merkezi,+905497189808,Güzellik Salonu
Tansu Beauty Studio,+905530936793,Güzellik Salonu
Hülya Yaşar Güzellik Merkezi,+905395893881,Güzellik Salonu
DURU GÜZELLİK SALONU,+905307936598,Güzellik Salonu
Mine Güzellik Salonu,+905413621415,Güzellik Salonu
GÜNBATI BARBER'S CLUB,+905309579652,Kuaför / Berber
Seda Kul Beauty - Güzellik Merkezi,+905433054925,Güzellik Salonu
Selin Bahadır Güzellik,+905337337612,Güzellik Salonu
Kasandra Nail Studio,+905012667494,Güzellik Salonu
Sestra Beauty,+905380590769,Güzellik Salonu
Lavinia Plus Bayrampaşa,+905347767165,Güzellik Salonu
Serap Hair Studio,+905348193008,Kuaför / Berber
Gözde AKYÜZ Beauty&Training,+905399160470,Güzellik Salonu
MEDİGOLD BEAUTY GÜZELLİK SALONU,+905010371809,Güzellik Salonu
Nurella Studio,+905334539364,Kuaför / Berber
Medis Center Clinic Bayrampaşa Güzellik Salonu,+905436170373,Diş Kliniği
Bayrampaşa Güzellik Merkezi,+905520851688,Güzellik Salonu
Bilgin Kuaför,+902125448139,Kuaför / Berber
Looks Kuaför ve Güzellik Salonu,+905415035463,Güzellik Salonu
Esra Güzellik Salonu,+905384843517,Güzellik Salonu
Seval Akdağ Güzellik Merkezi,+905377105980,Güzellik Salonu
Nevesta Kuaför| Bayrampaşa,+902125659929,Kuaför / Berber
SEHA KUAFÖR GÜZELLİK,+905324201512,Güzellik Salonu
Dilek Bilgin Bayan Kuaför,+902126149822,Kuaför / Berber
Nisa Güzellik,+902124799848,Güzellik Salonu
BÜSEN NAİL&BEAUTY,+902128235794,Güzellik Salonu
Nail&chıll bayrampaşa,+905347662104,Güzellik Salonu
Gülerman Kuaför,+902125441368,Kuaför / Berber
simge kuaför,+905382785158,Kuaför / Berber
HAİR ON,+902124370001,Güzellik Salonu
Sevilya güzellik salonu,+905376989704,Güzellik Salonu
Kuaför Şummir,+902126125292,Kuaför / Berber
Humanik Kuaför,+902125678420,Kuaför / Berber
Birsen Beyza Hair & Makeup Studio,+905412873263,Güzellik Salonu
İstanbul Polli Yenidoğan Şubesi,+902124370837,Güzellik Salonu
Salon Vega Adem,+905434252336,Kuaför / Berber
Emel kuaför salonu,+905348222274,Kuaför / Berber
Erol Kuaför Güzellik salonu Bay arda,+902125374439,Güzellik Salonu
Barış Kuaför,+905327686842,Kuaför / Berber
Salon Osse,+905011153466,Kuaför / Berber
Kuaför Yeliz,+905445293965,Kuaför / Berber
Hair Stylist Bayrampaşa,+905304755948,Kuaför / Berber
045 Hair Studio,+905304734045,Kuaför / Berber
Salon BB Hair,+905382811431,Kuaför / Berber
H-FORM KUAFÖR VE GÜZELLİK SALONU,+902126150015,Güzellik Salonu
QUALIA EXCLUSIVE WELLNESS & SPA BAYRAMPAŞA,+902124678800,Diğer (Sağlık & Bakım)
Mas Kuaför,+905304054602,Kuaför / Berber
pic barber stylist,+905355779999,Kuaför / Berber
Hülya Kuaför,+905386906505,Kuaför / Berber
İrem Bridal Studyo,+905462252586,Kuaför / Berber
Kuaför Adnan,+905398217878,Kuaför / Berber
İlker Kuaför Salonu,+905358414393,Kuaför / Berber
SEHER KUAFÖR BAYRAMPAŞA,+902124933233,Kuaför / Berber
Yasemin Kuaför,+902126136100,Kuaför / Berber
İsa Kurt Hair Artist,+905464725878,Kuaför / Berber
EL-SEV,+905425526614,Güzellik Salonu
güzellik durağı bayan kuaförü,+902124176508,Güzellik Salonu
Mertcan Gençlik Kuaför Salonu,+905327019100,Kuaför / Berber
Arnavutköy Piercing Dövme,+905070117531,Dövme & Piercing
Neo Tatto & Piercing,+905303137311,Dövme & Piercing
Medusa Tattoo,+905315192104,Dövme & Piercing
ARNAVUTKÖY ÖZEL DİAMAND AĞIZ VE DİŞ SAĞLIĞI POLİKLİNİĞİ,+902128039587,Diş Kliniği
Akasya Ağız ve Diş Sağlığı Polikliniği,+905302211682,Diş Kliniği
Özel Arnavutköy GM Ağız ve Diş Sağlığı Polikliniği,+902128232423,Diş Kliniği
ERBAY ARNAVUTKÖY DİŞ POLİKLİNİĞİ & ARNAVUTKÖY İMPLANT TEDAVİSİ & ARNAVUTKÖY ORTODONTİ TEDAVİSİ & DİŞ TELİ,+902125979596,Diş Kliniği
Özel Arnavutköy Ağız Ve Diş Sağlığı Polikliniği,+902125975597,Diş Kliniği
İstanbul My Dent Agız Ve Diş saglıgı,+905411817000,Diş Kliniği
PARLAK ARNAVUTKÖY AĞIZ VE DİŞ SAĞLIĞI POLİKLİNİĞİ,+905451044049,Diş Kliniği
Diş Hekimi Lizge Özdemir Muayenehanesi,+905470247777,Diş Kliniği
Set Diş Ağız ve Diş Sağlığı Polikliniği,+902125978782,Diş Kliniği
FHM Dent Ağız ve Diş Sağlığı Polikliniği,+902125970333,Diş Kliniği
Mefa Avrasya Diş Ağız ve Diş Sağlığı Polikliniği,+905455440672,Diş Kliniği
Çelik Diş Polikliniği,+902125978668,Diş Kliniği
ÖZEL AB AĞIZ VE DIŞ SAĞLIĞI POLİKLİNİĞİ,+905336001491,Diş Kliniği
Burçak Ağız ve Diş Sağlığı Polikliniği Hadımköy,+905518473484,Diş Kliniği
İkon Ağız ve Diş Sağlığı Polikliniği Hadımköy Şubesi,+905446946464,Diş Kliniği
Dr. Rahime Yıldızbaş,+902125971230,Diş Kliniği
"Dt. Mehmet Yavuz Arpacı, Diş Hekimi",+905312560659,Diş Kliniği
GÜNEV ARNAVUTKÖY DİŞ / Diş Hekimi Berkay GÜNAŞTI & Diş Hekimi Doğukan EVCİL,+905016120180,Diş Kliniği
Göraldent Ağız Ve Diş Sağlığı Hadımköy,+905527713325,Diş Kliniği
Estetik İncim Arnavutköy Ağız ve Diş Sağlığı Polikliniği,+905073397317,Diş Kliniği
Dyt. Nur Karataş - İstanbul Online Danışmanlık,+902129126497,Psikolog / Terapist
Active Life Wellness Center Arnavutköy,+905325504120,Diyetisyen
Diyetisyen Zehra İnan Altundal Beslenme ve Diyet Danışmanlık,+905315118876,Psikolog / Terapist
Masal beslenme merkezi arnavutköy herbalife,+905393568897,Diyetisyen
RENGAREK Beslenme kulübü hadımköy,+905550027058,Diyetisyen
Diyetisyen Tuba sönmez,+905363325184,Diyetisyen
Diyetisyen Nur KARATAŞ,+905310848846,Diyetisyen
Diyetisyen Tuğçe Kayar Oğuz,+905425811800,Diyetisyen
Esma Erdi Diyet ve Danışmanlık Merkezi,+905369302309,Psikolog / Terapist
Dr Feras Clinics,+905547414800,Diş Kliniği
Diş Hekimi Yahya Terlemez,+902122541398,Diş Kliniği
Özel Minadent Ağız ve Diş Sağlığı Polikliniği | Alçakdam sokak//Nöbetçi Diş Hekimi//Alçakdamsokak//Alçakdamsokak//,+902122542626,Diş Kliniği
Retina Ağız ve Diş Sağlığı Polikliniği,+905449439599,Diş Kliniği
Dentaroyal Ağız ve Diş Sağlığı Polikliniği,+902128139279,Diş Kliniği
Dental İmplants Turkey İstanbul Clinic | Best Dental Clinic in Turkey | Best Dentist İstanbul | Turkey Teeth,+905401330000,Diş Kliniği
Cihangir Dental Clinic,+905551004232,Diş Kliniği
İstanbul Dental Clinic Turkey | Dentist | İmplant | Crowns | Veneers,+905451645177,Diş Kliniği
Gülümse Ağız Ve Diş Sağlığı Polikliniği,+905496123636,Diş Kliniği
Diş Hekimi Meltem Uzun,+902123612141,Diş Kliniği
Diş Hekimi Emre Köse,+902122491276,Diş Kliniği
"Medspa Clinic - Dental Implants, Hollywood smile, Dental clinic in Turkey",+905445555674,Diş Kliniği
Clinicca Istanbul,+905433580719,Diş Kliniği
Özel Haliç Panorama Ağız ve Diş Sağlığı Polikliniği,+902123696062,Diş Kliniği
"DRTU | DR. TANSU UZEL Dental Implant, Smile Design & Maxillofacial Surgery Istanbul",+905323862378,Diş Kliniği
Diş Hekimi Rojda Bülbül,+905302342101,Diş Kliniği
Best Dentist in Turkey İstanbul - Dr. Samet - Dental Implants Turkey - Best Dental Clinic in Turkey,+905056185777,Diş Kliniği
DİŞ HEKİMİ CEM SOLMAZ,+902123615461,Diş Kliniği
Vizyon Ağız ve Diş Sağlığı Polikliniği,+902122382299,Diş Kliniği
Best Dentist Istanbul | Dental | Hair Transplant | Hospital,+905309361995,Diş Kliniği
Diş Hekimi Seyfettin Mert Yılmaz,+905334691197,Diş Kliniği
Diş Hekimi Saniye Özen,+905313717677,Diş Kliniği
Diş Hekimi Mustafa LÖK,+902123697366,Diş Kliniği
Besmadent Clinic Istanbul عيادة بسمة دنت أسطنبول,+905392318843,Diş Kliniği
Suave Dental Clinic,+905426992911,Diş Kliniği
Diş Hekimi Özgün Öztürk,+905304140850,Diş Kliniği
Dent Clinic Diş Kliniği,+902122535561,Diş Kliniği
the dentist clinic,+905077777569,Diş Kliniği
"Dt. Murat Çiteli, Diş Hekimi",+902123697791,Diş Kliniği
The best dental clinic in turkey | dental implants in turkey | Veneers | All on 4 | Zirconium crowns | ALL ON X clinic,+905344558555,Diş Kliniği
Özel Halıcıoğlu Ağız Ve Diş Sağlığı Polikliniği Diş Hekimi Yılmaz Dayan&Aslı Dayan,+902123690234,Diş Kliniği
Diş Hekimi Nuran Sevdi Kıskanç,+905434422172,Diş Kliniği
Diş Hekimi Aysun Dorman,+905536913411,Diş Kliniği
Armadent Ortodonti Kliniği,+905300118919,Diş Kliniği
Smile Dental İstanbul,+905469116772,Diş Kliniği
Dental Clinic Istanbul - عيادة أسنان اسطنبول,+905012005004,Diş Kliniği
Risa Dental Clinic,+905413999161,Diş Kliniği
Diş Hekimi Gül Oskaylar,+905326120246,Diş Kliniği
Diş Hekimi Halis Özsürmeli,+902122660197,Diş Kliniği
Diş Hekimi Fatma İnci,+902122939124,Diş Kliniği
Damascu Clinic,+905518950967,Diş Kliniği
Biu Smile,+905522490957,Diş Kliniği
Health & Beauty Turkey,+905315969383,Diş Kliniği
Diş Hekimi Seda Yiğit,+902122386585,Diş Kliniği
Diş hekimi Emir Cezbe,+905451408042,Diş Kliniği
Mavi Poliklinik,+902122374292,Diş Kliniği
Diş Hekimi Erkan Gün,+902122509026,Diş Kliniği
İnvisalign Turkey İstanbul Clinic - Clear Aligners Turkey - İnvisalign İstanbul Clinic,+902122349634,Diş Kliniği
Estetik Dişçi Nöbetçi Açık Acil Dişçi,+905324604023,Diş Kliniği
DG Health Care Turkey,+905446321081,Diğer (Sağlık & Bakım)
Diş Hekimi Hacer Paçacı Görgün,+902122934173,Diş Kliniği
Dişyeri Grup Mecidiyeköy Ağız ve Diş Sağlığı Polikliniği,+905301222660,Diş Kliniği
Dr. Hakan Levent Kısa,+902122211646,Diş Kliniği
Dosmile Clinic,+905360531519,Diş Kliniği
Diş Hekimi İbrahim Keleş,+902122508985,Diş Kliniği
Diş Hekimi Sami Aksoğan,+902122439884,Diş Kliniği
Dt. Çağla Celil,+905312582804,Diş Kliniği
Dentedam Diş Polikliniği ( İmplant - Zirkonyum - Lamine Estetik Diş ),+905531486465,Diş Kliniği
Bosphora Dental Clinic,+905354859118,Diş Kliniği
Pera Ortodonti Laboratuvarı,+905326174647,Diş Kliniği
Vayu clinics,+905525070008,Diş Kliniği
"Perihan Yerşen Güzellik Salonu - Cihangir, Beyoğlu",+905300116173,Güzellik Salonu
SEFA DİŞ,+905376003033,Diş Kliniği
Clinic surprise experts,+905075075557,Güzellik Salonu
Diş Hekimi Nebihe Aksoy,+902122970708,Diş Kliniği
MÜGE KAYA Bayrampaşa Lazer Epilasyon - Cilt Bakımı - Laser Hair Removal - Skin Care - Hydrafacial - Zayıflama Merkezi,+905064068295,Güzellik Salonu
Este Valeria Güzellik Merkezi,+905465446631,Güzellik Salonu
Evelin Estetik Güzellik Ve Lazer Epilasyon Merkezi,+902124799777,Güzellik Salonu
Meka Nail Studio (MeryemKara),+905520272409,Güzellik Salonu
Derma Gold,+902126178257,Güzellik Salonu
Psikolog Gizem Zarali,+902126407291,Psikolog / Terapist
Bayrampaşa Çocuk ve Ergen Psikoloğu | Pediatric Therapy,+905055571503,Psikolog / Terapist
Psikolog Oğuzhan Beşkardeş - Hedef Psikoloji,+905315896935,Psikolog / Terapist
ŞAKAYIK PSİKOLOJİ DANIŞMANLIK MERKEZİ,+905330465573,Psikolog / Terapist
Birsra Ketaner,+902124315500,Psikolog / Terapist
Halime Kaftan Akademi,+905453519164,Psikolog / Terapist
eza terapi,+905317765087,Psikolog / Terapist
Klinik Psikolog Tuğba ÖZYANIK,+908508110604,Psikolog / Terapist
Bayrampaşa Şirin Çocuk Dil Konuşma Terapi ve Ergoterapi Merkezi,+905540231503,Psikolog / Terapist
Herkes için Terapi Platformu,+905319479322,Psikolog / Terapist
Kaya Psikoloji,+905336808478,Psikolog / Terapist
Ahmet Kibaroğlu,+902124183033,Diğer (Sağlık & Bakım)
Nadide Hayat Psikoloji & Danışmanlık,+905425060629,Psikolog / Terapist
ÇÖZÜM PSİKOLOJİ,+905077485545,Psikolog / Terapist
Klinik psikolog Merve Kocabaş,+902125766776,Psikolog / Terapist
Uzm. Psk. Birgül Sümeyye Meylani,+905461853771,Psikolog / Terapist
Psikiyatrist Dr. Ahmet Kibaroğlu,+905548951014,Psikolog / Terapist
uzmanpsikolog,+905302322088,Psikolog / Terapist
Mindora Oyun Atölyesi,+905382605559,Kuaför / Berber
Vérité Psikoloji,+905396457858,Psikolog / Terapist
Klinik Psikolog Kevser Çiçek,+905011121200,Psikolog / Terapist
MES Psikoloji,+902129091304,Psikolog / Terapist
Ninos Oyun Atölyesi Bayrampaşa,+905301367265,Kuaför / Berber
KALETÜRK AĞIZ VE DİŞ SAĞLIĞI KLİNİĞİ,+905525446553,Diş Kliniği
Psikolog İzel Özten,+905425527865,Psikolog / Terapist
Klinik Psikolog Melike Balcı,+905458584434,Psikolog / Terapist
Uzm. Dr. Gülcihan Gülcan Özdemir,+908504746198,Diğer (Sağlık & Bakım)
DR. ALİ RIZA AŞKIN,+902124772535,Diş Kliniği
Diş Hekimi Savaş Yurtsever,+905519753232,Diş Kliniği
Novy Spor Salonu ve Diyet Merkezi,+905345519399,Diyetisyen
Diş Hekimi Hüseyin Aras,+902125011707,Diş Kliniği
Diş 212 Ağız ve Diş Sağlığı Polikliniği - Bayrampaşa Diş Kliniği,+905334058942,Diş Kliniği
Aktaş Ağız ve Diş Sağlığı Polikliniği (Bayrampaşa Diş Kliniği),+905076500010,Diş Kliniği
Özel Dent Ekip Bayrampaşa Diş Polikliniği | Zirkonyum | implant | Kanal Tedavisi | Ortodonti,+902124933050,Diş Kliniği
Kocatepe Dental Klinik - Ağız ve Diş Sağlığı Polikliniği,+902124370597,Diş Kliniği
Akasya Ağız ve Diş Sağlığı Polikliniği Bayrampaşa Şubesi,+905395591683,Diş Kliniği
Safa Koçak Diş Kliniği,+905539571054,Diş Kliniği
Özel Plan Ağız Ve Diş Sağlığı Polikliniği,+905522971606,Diş Kliniği
Dent Onur Clinic,+905416447461,Diş Kliniği
Mier Ağız ve Diş Sağlığı Polikliniği,+905459406437,Diş Kliniği
NESLİHAN YULA DİŞ KLİNİĞİ | Healtigo Partner | Implant | Zirkonyum,+902125353584,Diş Kliniği
Ertaş Ağız ve Diş Sağlığı Polikliniği,+902125771337,Diş Kliniği
ÖZEL GD AĞIZ VE DİŞ SAĞLIĞI POLİKLİNİĞİ,+905436976440,Diş Kliniği
Polident Ağız ve Diş Sağlığı Polikliniği,+902125777748,Diş Kliniği
ÖZEL HAYRİ ÖZTÜRK DİŞ POLİKLİNİĞİ,+902124177777,Diş Kliniği
One Clinic,+905058041416,Diş Kliniği
ENKA AĞIZ VE DİŞ SAĞLIĞI POLİKLİNİĞİ,+905465760404,Diş Kliniği
Elmas Dent Ağız ve Diş Sağlığı Polikliniği - Kocatepe,+902126404244,Diş Kliniği
Özel Tuna Ağız Ve Diş Sağlığı Kliniği,+902126125657,Diş Kliniği
Özel Kıdem Ağız ve Diş Sağlığı Polikliniği,+902123027594,Diş Kliniği
Misk Ağız ve Diş Sağlığı Polikliniği,+905470107777,Diş Kliniği
Dentakti̇f Ağiz Ve Di̇ş Sağliği Poli̇kli̇ni̇ği̇ | Bayrampaşa Diş,+905521617377,Diş Kliniği
Dr. Özcan Kılıç,+902125777373,Diş Kliniği
Çınar Terkuran Ağız ve Diş Sağlığı Polikliniği,+905395193209,Diş Kliniği
Dr. Utku Özbay,+902126497626,Diş Kliniği
DURUL AĞIZ VE DİŞ SAĞLIĞI POLİKLİNİĞİ BAYRAMPAŞA,+905050122662,Diş Kliniği
Özel Bayrampaşa Ağız Ve Diş Sağlığı Polikliniği,+902126138909,Diş Kliniği
Diş Hekimi Mehmet Dedeoğlu,+902125677944,Diş Kliniği
Diş Hekimi Tarık İğdirli,+902126157676,Diş Kliniği
HCM Smile Diş Sağlığı Merkezi,+905052389862,Diş Kliniği
Koçak Diş,+902125441054,Diş Kliniği
Yüksel Dent Ağız ve Diş Sağlığı Polikliniği,+902125457729,Diş Kliniği
DİŞ HEKİMİ SERDAR YALÇIN,+902125652901,Diş Kliniği
Özel KÖKLÜ Ağız ve Diş sağlığı Polkinliği,+905319184192,Diş Kliniği
Topçular Ağız Ve Diş Sağlığı Merkezi,+902126169812,Diş Kliniği
Bumerang Ağız ve Diş Sağlığı Polikliniği,+905347272720,Diş Kliniği
Özel Dent Four Ağız Ve Diş Sağlığı Polikliniği,+902125810099,Diş Kliniği
Diş Hekimi İrem Dövme Diş muayenehanesi,+905059258710,Diş Kliniği
Dt. Bülent Kaplan,+902125639324,Diş Kliniği
NGA DİŞ KLİNİĞİ,+905304979744,Diş Kliniği
Diş Hekimi,+902125773354,Diş Kliniği
Efratattoo,+905423545864,Dövme & Piercing
My Studio Barber Tattoo,+905465181288,Dövme & Piercing
Herişmeriç,+905438206561,Dövme & Piercing
Lucy Tattoo MuratKara,+905455527800,Dövme & Piercing
Diyetisyen Buse Şenses,+905421685417,Diyetisyen
Diyetisyen Sevcan Üstünbaş Cengiz Beslenme ve Diyet Danışmanlığı Merkezi,+905386592393,Diyetisyen
Diyetisyen Merve Nur Çambay,+905464637919,Diyetisyen
DİYETİSYEN MELİSA SANCAKLI,+905336988333,Diyetisyen
"Dyt. Rabia Üçeler, Beslenme ve Diyet Danışmanlık Merkezi",+905348120084,Psikolog / Terapist
Cem Zaralı Beslenme ve Danışmanlık Merkezi,+905414604902,Psikolog / Terapist
Ezgi Dinçer Beslenme ve Diyet Merkezi,+905366379805,Diyetisyen
Diyetisyen Handan Ebrar Güven,+905545390904,Diyetisyen
Diyetisyen Furkan Albayrak,+905335769560,Diyetisyen
Beslenme ve Diyet Uzmanı Gülşah Seviş,+905459701885,Diyetisyen
Diyeti’KO Beslenme ve Diyet Danışmanlık Merkezi,+905340585398,Psikolog / Terapist
Diyetisyen Şevval Şenyurt Yıldız,+905302886088,Diyetisyen
Dyt. Berra Günlühan,+902129126490,Diyetisyen
Diyetisyen Berkan Darıcı,+905062704785,Diyetisyen
DİYETİSYEN AZRA BALKANLI,+905347870277,Diyetisyen
Véora Studio / Bayrampaşa Pilates,+905536691907,Pilates / Yoga
Shine Pilates Studios,+905071626321,Pilates / Yoga
X Pilates Studio,+905360718616,Pilates / Yoga
Angel Pilates Bayrampaşa,+905414376435,Pilates / Yoga
Pilatesemy,+905350753444,Pilates / Yoga
Ola pilates studio,+905414748391,Pilates / Yoga
Si Pilates,+905375956512,Pilates / Yoga
Asfalt Pilates - Gym - Fitness Club,+905334807023,Pilates / Yoga
Elif İnci Pilates Studio,+905352017045,Pilates / Yoga
Nimbus Pilates,+905346082727,Pilates / Yoga
Ritüel stüdyo,+905459186825,Pilates / Yoga
Chance Pilates,+905543504377,Pilates / Yoga
Seda Fit Pilates Studio,+905359851187,Pilates / Yoga
Fizyoright Pilates,+905411236318,Pilates / Yoga
USÇ Fitness Wellness Club,+902125654050,Kuaför / Berber
Royal Sports Bayrampaşa Spor Salonu,+905323372206,Kuaför / Berber
Neşeli pilates,+905070659365,Pilates / Yoga
Zenith Training Studio,+905304771218,Kuaför / Berber
Alpha Gym,+905395773131,Kuaför / Berber
Universe Academy Sport Center,+905343607853,Kuaför / Berber
Crunch Fitness Spor Salonu,+905307723262,Kuaför / Berber
SFİTHOUSE,+905379376376,Kuaför / Berber
M7 FITNESS CENTER,+902124179707,Kuaför / Berber
Gym House Spor Bay-Bayan,+902126741733,Kuaför / Berber
Atlantis spor salonu,+902126163608,Kuaför / Berber
B-FİT bayrampaşa,+902126151530,Kuaför / Berber
Skull Gym,+905309479540,Kuaför / Berber
Akran Hareket Eğitimi ve Cimnastik Merkezi(Bayrampaşa),+905303919436,Kuaför / Berber
Bayrampaşa Gençlik Hizmetleri Ve Spor İlçe Müdürlüğü Bayrampaşa Spor Salonu,+902125440238,Kuaför / Berber
Gym PORT,+902125441555,Kuaför / Berber
Bs Fitness For Life,+902126189808,Kuaför / Berber
Susedo Spor Center,+902126749008,Kuaför / Berber
Semih Erden Spor Salonu,+902126404739,Kuaför / Berber
B.paşa DEMİR SPOR KULUBU,+905324610173,Kuaför / Berber
Power Club Spor Salonu,+905343097498,Kuaför / Berber
Yıldırım Jimnastik Spor Salonu,+902124176683,Kuaför / Berber
Art Nail Express,+905447940900,Güzellik Salonu
Beşiktaş Güzellik Salonu,+905323816393,Güzellik Salonu
Zeren Güzellik Salonu,+902122364411,Güzellik Salonu
Figen Academy | Ortabahçe Güzellik Merkezi,+905369543662,Güzellik Salonu
Linda Life Güzellik Salonu Beşiktaş,+905525530293,Güzellik Salonu
Axiss Güzellik Beşiktaş,+905538950601,Güzellik Salonu
Arzu Bulut - Estetik&Güzellik,+902122752985,Güzellik Salonu
ŞERİleydi BEAUTY,+905330568381,Güzellik Salonu
Bahar Beauty Company,+905461473303,Güzellik Salonu
Elit Güzellik Salonu,+902122589682,Güzellik Salonu
Özge Algül Güzellik & Bakım,+905414591565,Güzellik Salonu
İnternational Beauty,+905525673328,Güzellik Salonu
NAIL PALACE I PROTEZ TIRNAK- İPEK KİRPİK- CİLT BAKIMI - KALICI KAKYAJ - EPİLASYON - ZAYIFLAMA,+905423520069,Güzellik Salonu
Belgin Okur Beauty | Beşiktaş,+905401343400,Güzellik Salonu
Tria Club Beauty,+902122848174,Güzellik Salonu
"Venezia Güzellik | Cilt Bakımı, Epilasyon, Kalıcı Makyaj & Bölgesel Zayıflama",+905079536962,Güzellik Salonu
Aqua Güzellik,+905320122057,Güzellik Salonu
House Beauty Beşiktaş,+905326726053,Güzellik Salonu
Meral Mengüş Güzellik Salonu,+902123526768,Güzellik Salonu
Tülinail Güzellik Salonu,+905453452431,Güzellik Salonu
Dagmara Guzellik Salonu,+902122732726,Güzellik Salonu
Esra Berge Beauty,+905013232307,Güzellik Salonu
Cansu Sarı Güzellik Merkezi,+905454749535,Güzellik Salonu
S.m.ç. Kuaför,+902122583230,Kuaför / Berber
Sipahi Güzellik Merkezi,+905010095328,Güzellik Salonu
Galata Nail Art (Beşiktaş),+905448196337,Güzellik Salonu
Massa Hairstyler Kuaför Ve Güzellik Salonu,+905376264428,Güzellik Salonu
Beşiktaş Epilasyon Ve Güzellik Merkezi,+905068854858,Güzellik Salonu
Nish Güzellik,+905522877946,Güzellik Salonu
Yıldız Kızılcan Güzellik Salonu,+905304780091,Güzellik Salonu
Kum Beauty Studio&Solarium,+905313934981,Güzellik Salonu
Nilgün Güzellik Salonu,+905327879014,Güzellik Salonu
Özge Özel Levent Güzellik Salonu,+905339504555,Güzellik Salonu
INDIS Güzellik Merkezi,+902122616267,Diş Kliniği
Art & Beauty,+905335016932,Güzellik Salonu
AYKANAİLSBAKU,+905538447278,Güzellik Salonu
Mehmet Tatlı Beşiktaş,+902128239001,Güzellik Salonu
NBA KUAFÖR VE GÜZELLİK SALONU,+905359763373,Güzellik Salonu
Beşiktaş mikro kaynak&kuaför&extension,+905336581112,Kuaför / Berber
Metin Kuaför Beşiktas,+902122277543,Kuaför / Berber
Lavinia Güzellik Salonu,+902122692841,Güzellik Salonu
Silay Güzellik Salonu,+902122595901,Güzellik Salonu
Bahadır güzellik salonu,+905324538808,Güzellik Salonu
Art Of Hair Beşiktaş,+905521809052,Kuaför / Berber
aru Salon Akaretler Kuaför,+902123270890,Güzellik Salonu
Derya Göze Kaş Kontur Güzellik Salonu,+905389622526,Güzellik Salonu
Blisslab Beauty Center Nail Art,+902128016164,Güzellik Salonu
Deniz Beauty Hair Studio Akaretler,+905369746471,Güzellik Salonu
"TEM güzellik salonu, Manikür, pedikür, ağda",+902122673439,Güzellik Salonu
Trio Kuaför Güzellik Salonu - Ulus,+902122846862,Güzellik Salonu
Dizayn Kuaför By Demet,+905322628748,Kuaför / Berber
Recai &Hilal kuaför,+902122605792,Kuaför / Berber
Volkan Taşcı Güzellik Salonu,+905355670508,Güzellik Salonu
İnci Soydan Güzellik Evi,+905334425656,Güzellik Salonu
Ametist Güzellik Salonu,+902122837902,Güzellik Salonu
Nail Lash & Brow Studio Istanbul,+905378149797,Güzellik Salonu
Beyaz Köşk Kuaför,+905456610914,Kuaför / Berber
Miss Güzellik & Kuaför,+902122725758,Güzellik Salonu
Liatris Güzellik,+902123276606,Güzellik Salonu
Gülşen Manikür Pedikür ve Kişisel Güzellik Bakım salonu,+905363904810,Güzellik Salonu
Bej Hair Studio ( Beşiktaş ),+905452459378,Kuaför / Berber
Hanna Makyaj & Güzellik Salonu,+902122270976,Güzellik Salonu
OTA Poliklinik,+902122364712,Güzellik Salonu
Avrupa Masaj & Ağda Salonu,+905462032121,Kuaför / Berber
The Brush Art Hair Studio,+905368674601,Kuaför / Berber
Umutay kuaför,+905323480335,Kuaför / Berber
Tırnak Deryası Beşiktaş,+905523523646,Güzellik Salonu
"Sabit Akkaya Hair Stylist, Swissotel",+905544247404,Kuaför / Berber
Kuaför Nihat,+902122582142,Güzellik Salonu
Oğuz Yanal Güzellik Salonu,+902122730246,Güzellik Salonu
Nizam yavuz kuaför,+905357993363,Kuaför / Berber
Happy Lady Güzellik Salonu,+902122683500,Güzellik Salonu
Bi’Kuaför,+905436823634,Kuaför / Berber
Kuaför Salon Cadde Beşiktaş,+902122271212,Kuaför / Berber
Tilia Güzellik Salonu,+902122580310,Güzellik Salonu
temizsarilar,+905385280058,Kuaför / Berber
Yıldız Aydugan Kuaför,+905532665565,Kuaför / Berber
Değişim Kuaför Dikilitaş,+905357272329,Kuaför / Berber
"Sabit Akkaya Hair Stylist, Conrad Hotel",+905551543491,Kuaför / Berber
OĞUZ YANAL SAÇ TASARIM,+902123276925,Kuaför / Berber
Beşiktaş Berberi ŞENOL ÇAPAN,+902123276837,Kuaför / Berber
Garage Hair Repair Studio Levent İstanbul Kuaför Salonu,+902122814444,Güzellik Salonu
Kuaför Erol,+905435837612,Kuaför / Berber
Ortaköy Erol Belgin Kuaför Beauty Center,+902122271189,Güzellik Salonu
Erol Bayan Kuaförü,+902122367848,Kuaför / Berber
Doris Estetik Ve Güzellik,+902122278477,Güzellik Salonu
Salon K&A kuaför,+902122611133,Kuaför / Berber
Salon Vedat,+905324556669,Kuaför / Berber
Gönül Kuaför & Güzellik Salonu,+902122842904,Güzellik Salonu
Kuaför Arif,+902122607583,Güzellik Salonu
Rami Gezer,+905413838840,Kuaför / Berber
Yasmin Güzellik,+905369514143,Güzellik Salonu
İmaj Berber Beşiktaş,+902122273072,Kuaför / Berber
Özgül Öndeş Güzellik Salonu,+905302663746,Güzellik Salonu
THECNAR - Kadın Kuaförü,+905070999131,Kuaför / Berber
Dez Kuaför,+902122369564,Kuaför / Berber
Estpoint Estetik Klinikleri,+905353490708,Güzellik Salonu
Zeynep Demir Beauty & Aesthetic,+902122602040,Güzellik Salonu
Kuaför Zeki Şan,+902122601239,Kuaför / Berber
Kuaför Necla,+902122594850,Kuaför / Berber
Salon Beşiktaş,+905333148829,Kuaför / Berber
Çetin Dilek Bayan Kuaför,+902123275018,Kuaför / Berber
Arelia Güzellik,+902123278587,Güzellik Salonu
Mk Kuaför,+902122363134,Kuaför / Berber
No 14 Hair Art/BAYAN KUAFÖRÜ,+905324716239,Kuaför / Berber
Mas Kuaför - Saç Kaynak İstanbul,+902122364370,Kuaför / Berber
"Sabit Akkaya Hair Stylist, Çırağan Palace Kempinski",+905551543492,Kuaför / Berber
DEST HAIR BEŞİKTAŞ (berber),+905015813188,Kuaför / Berber
By Makas Erkek Kuaförü Beşiktaş,+905366839793,Kuaför / Berber
Prestij Kuaför,+902122363738,Kuaför / Berber
Elit Kuaför instagram elit_coiffeur,+905426847596,Kuaför / Berber
Bis Kuaför,+902122834223,Kuaför / Berber
Osman PEÇE,+902122594399,Kuaför / Berber
No:46 Hair Desing Studio,+902122731264,Kuaför / Berber
Still Still's Kuaför,+902122831744,Kuaför / Berber
London Kuaför,+902122875904,Kuaför / Berber
"Sabit Akkaya Hair Stylist, Raffles İstanbul",+905551543485,Kuaför / Berber
Balmumcu Hair Club,+902122724246,Kuaför / Berber
Berber Arif Beşiktaş Erkek Kuaförü 💈,+905453754885,Kuaför / Berber
Berber KM,+905394238741,Kuaför / Berber
Makas Bliss Beşiktaş,+902122779777,Kuaför / Berber
MUSTAFA SARIKAYA İMAGE MAKER,+905332679483,Kuaför / Berber
Beşiktaş Pet Kuaför,+905448560703,Kuaför / Berber
"Derya Eğilmez, Manikür & Pedikür",+905072231621,Kuaför / Berber
CutsBarbershop,+905322525526,Kuaför / Berber
RESSAM Hair studio,+902122155172,Kuaför / Berber
Golden Hair,+905323622155,Kuaför / Berber
C&C Erkek Kuaförü,+905063853410,Kuaför / Berber
Bay Bayan Kuaför,+905377493077,Kuaför / Berber
By Yılmaz Sağlam,+902122601672,Kuaför / Berber
Mac Hair Desing,+902122599092,Kuaför / Berber
Kuaför Ertuğrul,+902122619209,Kuaför / Berber
Address Hair Style,+902122720596,Kuaför / Berber
Vox Kuaför,+902122589801,Kuaför / Berber
Kb Kuaför,+902123581959,Kuaför / Berber
Selahattin Alan Kuaför,+902122600059,Kuaför / Berber
Berber Fatih,+902122369550,Kuaför / Berber
Gülay Tiran Hairstylist,+902123510976,Kuaför / Berber
Time 2044 Erkek Kuaförü,+905055187505,Kuaför / Berber
Özden Kuaför,+902122574873,Kuaför / Berber
M & M ERKEK KUAFÖRÜ,+905322545556,Kuaför / Berber
Traşhane Beşiktaş Pet Kuaför,+905334941788,Kuaför / Berber
Ahmet Kuaför,+902122362982,Kuaför / Berber
Salon Ahmet & Hasan,+902123273871,Kuaför / Berber
Koç Erkek Kuaförü,+902122612066,Kuaför / Berber
Kuaför Sabri,+902122587254,Kuaför / Berber
San Kuaför Etiler,+905333264902,Kuaför / Berber
Mehmet TATLI Kuaför Levent Özdilek Park,+902122830501,Kuaför / Berber
Bemjolie Kuaför,+902123514085,Kuaför / Berber
Elit Erkek Berberi,+905367733008,Kuaför / Berber
Rıdvan Erkek Kuaförü,+905324515857,Kuaför / Berber
Erkek Kuaförü Alamettin,+902122591082,Kuaför / Berber
S'Boss Bay/Bayan Kuaförü,+902122609800,Kuaför / Berber
Erkan Yılmaz Kuaför,+902123563656,Güzellik Salonu
Bliss Kuaför,+902123520360,Kuaför / Berber
City Hair Concept,+902122276222,Kuaför / Berber
Ertan Kuaför 1986`dan Beri Sizleri Güzelleştiriyoruz,+905380819961,Kuaför / Berber
Ulus İzzet Kuaför,+902122680686,Kuaför / Berber
Ebru Kuaför Ve Güzellik Merkezi,+902122605342,Güzellik Salonu
Kadir Erkek Kuaförü,+902122605207,Kuaför / Berber
Sait Ersan Kuaför,+902123519565,Kuaför / Berber
Onur Berber Salonu,+905427444336,Kuaför / Berber
Kadir Alkan Hair Artist Erkek Kuaförü Etiler Villa İstanbul,+905352563636,Kuaför / Berber
Dr. Esra Vardarman,+902122707060,Güzellik Salonu
Dr.Adnan Gürcan - Medikal Estetik Kliniği,+905472808030,Güzellik Salonu
Yeliz Aşık Güzellik Koçu,+905398495594,Güzellik Salonu
Lu Güzellik Merkezi,+902122570033,Güzellik Salonu
Prof. Dr Özlem Köse Estetik Kliniği,+905306157417,Güzellik Salonu
Linemed Poliklinik Levent,+902122801986,Güzellik Salonu
Lea Estetik,+905427360608,Güzellik Salonu
Libra Güzellik Fulya,+905375041262,Güzellik Salonu
Hatice Çavaş Estetik Güzellik Merkezi Etiler,+902122657427,Güzellik Salonu
Kimia Estetik Center,+902126807900,Güzellik Salonu
Dermatolog Dr. Sevgi Şükran Ekmen Çavuş -Etiler Estetik Dermatoloji,+905322230784,Güzellik Salonu
Mukaddes Alp Beauty | Güzellik Merkezi,+905319274417,Güzellik Salonu
Şevval Laçin Beauty,+905469700797,Güzellik Salonu
Fatma Süha Beauty,+905421072322,Güzellik Salonu
Vip Med Klinik,+902122643030,Güzellik Salonu
Op. Dr. Ayaz Aslan,+902122703570,Güzellik Salonu
"Sara Yaman Beauty | Skin Care & Longevity & Soprano Buz Lazer, Permanent Make-Up , Microblading İstanbul",+905300853895,Güzellik Salonu
Murat Sepin Estetik ve Guzellik Merkezi,+902122696161,Güzellik Salonu
Lisya Beauty Güzellik Merkezi,+905462570504,Güzellik Salonu
Serdar Eren Sağlık Ve Estetik Merkezi,+902122247715,Güzellik Salonu
Scala Clinic,+905497955050,Diğer (Sağlık & Bakım)
Ayla Er Beauty House,+905070531010,Güzellik Salonu
Vegayou Clinic | Medikal Estetik Kliniği,+905324797000,Güzellik Salonu
Este Medical - Hair Transplant Clinc Istanbul Türkiye,+902127060617,Kuaför / Berber
Dermalive,+902122687232,Güzellik Salonu
Soprano Clinic - Laser Hair Removal - Buz Lazer Epilasyon,+902125612322,Güzellik Salonu
Nurten Akın Beauty,+905302932284,Güzellik Salonu
Dr.Devrim Çağlarer Avcı,+902126690045,Güzellik Salonu
FELİZ BEAUTYLAND,+905354673060,Güzellik Salonu
Dermatolog Dr. Süleyman İzzet Karahan Dermatolojik Muayene ve Doğal Estetik Uygulamalar,+905403465555,Güzellik Salonu
AKM Clinic - Plastic Surgery & Hair Transplant Istanbul,+902129633444,Güzellik Salonu
Serap Öz Studio,+905464656572,Güzellik Salonu
Didem ÖZKAN Beauty - 4D Erkek Kaş Tasarımı ve Güzellik Merkezi,+905305808100,Güzellik Salonu
M-Onep Etiler,+902123523233,Güzellik Salonu
Mina Estetik ve Kozmetik - Etiler,+902122680609,Güzellik Salonu
Dr. Onur Sümer,+905334172595,Güzellik Salonu
"BBL Tedavisi, Altın İğne Tedavisi, Soğuk Lipoliz, Dr. Yasemin Hızarcı",+902123521203,Güzellik Salonu
Özel Avşar Polikliniği,+902122700993,Güzellik Salonu
cocomaje,+902122638835,Güzellik Salonu
"Dr. Ozan Balık - BBL, Popo Estetiği, Meme, Facelift, Karın Germe, Rinoplasti, Cinsiyet Değişimi, Liposuction, Mommy Makeover",+902122155333,Güzellik Salonu
Op. Dr. Metin Kerem - Burun Estetiği - Vücut Biçimlendirme,+905334263226,Güzellik Salonu
Paris Health Clinic,+905444066234,Güzellik Salonu
Epi Beauty,+905327497526,Güzellik Salonu
Medest Polikliniği,+905303532243,Güzellik Salonu
Estepeak,+905335515070,Güzellik Salonu
Health Estetik,+902126807920,Güzellik Salonu
Op. Dr. Asu Deniz Burhanoğlu | Karın Germe | Meme Estetiği | Botoks & Botox | Kök Hücre Estetiği,+902123510200,Güzellik Salonu
Beşiktaş Saç Ekim Merkezi,+905423459002,Güzellik Salonu
Seyfi AKBAY estetik cerrahi Kliniği,+905559783509,Güzellik Salonu
Estemes Aesthetic,+905305681119,Güzellik Salonu
Roma Beaute Ortaköy,+905425335824,Güzellik Salonu
Hay Clinic | Dr. Ender Saraç Kliniği,+902122831080,Diğer (Sağlık & Bakım)
Neslim Güngen Levent,+905438603030,Güzellik Salonu
"Op. Dr. Burçak Erdinç, Plastk Cerrahi Uzmanı",+902123527575,Diğer (Sağlık & Bakım)
Deluxe Clinics İstanbul,+905356102784,Güzellik Salonu
Mezoklinik,+902124384020,Diğer (Sağlık & Bakım)
Jade Nail Club,+905324469010,Güzellik Salonu
ARİSTO GÜZELLİK,+902123249797,Güzellik Salonu
Başak Saygın Eyebrow Studio - Bebek,+905443350560,Güzellik Salonu
Clinic Etiler,+905321311616,Güzellik Salonu
Prof. Dr. Karaca Başaran,+905334622029,Güzellik Salonu
Oximed Life Estetik,+905531969996,Güzellik Salonu
Infinity Regenerative Clinic,+905452828200,Diğer (Sağlık & Bakım)
Zeliha & Co. Beauty,+905348446550,Güzellik Salonu
Doğa Arınma Merkezi,+902122800311,Diğer (Sağlık & Bakım)
estecel,+902122841505,Güzellik Salonu
Genital Estetik Op. Dr. Ayşe Solaroğlu Kadın Hastalıkları ve Doğum uzmanı İstanbul,+905350555777,Güzellik Salonu
HappyYou Health,+905301841500,Güzellik Salonu
Uzm. Klinik Psikolog Selen Kılıç,+905435476279,Psikolog / Terapist
Sima Psikolojik Danışmanlık,+902122849720,Psikolog / Terapist
Uzman Psikolog Gamze Dağar,+905421467946,Psikolog / Terapist
Uzman Psikolog Göktuğ Koç,+905524515291,Psikolog / Terapist
"Done Psikoloji Eğitim ve Danışmanlık Merkezi |Dikkat,Zeka,Gelişim Testi- Etiler,Levent,Beşiktaş",+905063021044,Psikolog / Terapist
Onix İK Psikolojik Danışmanlık Merkezi - Etiler Nispetiye Nişantaşı Beşiktaş Psikolog,+905307743524,Psikolog / Terapist
Beşiktaş Psikolog A. Alparslan Sancar,+905518490236,Psikolog / Terapist
Uzman Klinik Psikolog Sena Kabul,+905314850800,Psikolog / Terapist
Uzman Klinik Psikolog: ÖZLEM EFE - İstanbul Psikolojik Terapi Hizmetleri (Yüz Yüze ve Online Yetişkin Psikolojik Danışmanlık),+905323714945,Psikolog / Terapist
Rama Psikolojik Danışmanlık ve Eğitim Merkezi,+905333747262,Psikolog / Terapist
Frame Psikoloji,+905395217030,Psikolog / Terapist
Klinik Psikolog Melek Merve Erkılınç Gül,+905072179140,Psikolog / Terapist
Klinik Psikolog Dilara Şimşek,+908504748495,Psikolog / Terapist
MEV Psikoloji - Beşiktaş,+905465624046,Psikolog / Terapist
Uzm.Klinik Psikolog ve Aile Danışmanı Nesrin KARA,+905535798224,Psikolog / Terapist
Arri Psikoloji,+905438827606,Psikolog / Terapist
Uzman Klinik Psikolog Mehmet Cem Yiğit,+905551965500,Psikolog / Terapist
"Uzm. Kl. Psk. Melisa Yılmaz Erdoğan, Psikoloji",+905325407115,Psikolog / Terapist
Klinik Psikolog Yeşim CANLI,+902129399380,Psikolog / Terapist
Uzm.Klinik Psikolog Ahsen Aksüt,+905411927599,Psikolog / Terapist
Etiler PsikoYORUM Danışmanlık Merkezi,+905335517664,Psikolog / Terapist
Uzm. Selin ŞİT Çocuk Gelişim Merkezi,+905541117535,Psikolog / Terapist
Klinik Psikolog Beyza Seven,+905443740276,Psikolog / Terapist
Arkabahçe Psikolojik Danışmanlık,+905323706019,Psikolog / Terapist
Dr. Klinik Psikolog Büşra Birtane Doyum,+905441354754,Psikolog / Terapist
Orhan Gümüşel (Uzman Klinik Psikolog),+905323714065,Psikolog / Terapist
Dr. Psk. Zeynep Armay - Psikoonkolog,+902122305848,Psikolog / Terapist
Sirona Psikoloji,+905384127953,Psikolog / Terapist
Uzm. Psikolog Zeren Kadıoğlu,+905324409301,Psikolog / Terapist
You Psikoloji Danışmanlık Merkezi - Uzm. Klinik Psikolog Mert Koçak,+905012648484,Psikolog / Terapist
Klinik Psikolog Pınar Çakır Ataman,+908508113760,Psikolog / Terapist
Snotra Psikoloji,+905302146959,Psikolog / Terapist
Psikolog Zeynep Dursun,+908508110535,Psikolog / Terapist
Seliyha Elbeyoğlu Uzman Psikolog,+905324940420,Psikolog / Terapist
Psikolog Sevde Yıldırım,+905373610960,Psikolog / Terapist
Klinik Psikolog Gökhan Öztürk,+905314922175,Psikolog / Terapist
Uzman Klinik Psikolog Pınar Yörük ( Akatlar Psikolog ),+905373793950,Psikolog / Terapist
Lapis,+905398687764,Psikolog / Terapist
"Hande Akın - Uzman Psikolog, Yazar / Ben zamanı Danışmanlık & Eğitim Hizmetleri",+905327832141,Psikolog / Terapist
Mita Danışmanlık,+905537086482,Psikolog / Terapist
Uzman Klinik Psikolog Damla KUNT,+905441077177,Psikolog / Terapist
Uzman Klinik Psikolog Hüseyin Yüksel,+905522426957,Psikolog / Terapist
Klinik Psikolog Dila Teksin,+905442452999,Psikolog / Terapist
Klinik Psikolog Melika Zarei,+905365616268,Psikolog / Terapist
Poiesis Psikoloji,+905468931310,Psikolog / Terapist
Uzm. Kl. Psk. Eda Nur Irmak,+908508110730,Psikolog / Terapist
Klinik Psikolog Aslıhan Oskanbaş,+905345057055,Psikolog / Terapist
Uzman Psikolog Sena Sabanoğlu,+905060904455,Psikolog / Terapist
Klinik Psikolog Şenay Kahraman,+908504748453,Psikolog / Terapist
REEM Nöropsikiyatri - Levent Şubesi,+902122819191,Psikolog / Terapist
Uzman | Klinik Psikolog Aleyna Okur,+905422289980,Psikolog / Terapist
İstanbul Psikolog Mehmet Ali Yağcıoğlu,+905305977030,Psikolog / Terapist
Fide Danışmanlık,+905337718270,Psikolog / Terapist
Klinik Psikolog Mehtap Ak,+902122870444,Psikolog / Terapist
Jülide Sevim,+905396191814,Psikolog / Terapist
"Ayşe Abide Kırkan, Uzman Klinik Psikolog",+905355225056,Psikolog / Terapist
Uzm. Klinik Psikolog F. İrem ŞAHİN,+905426972927,Psikolog / Terapist
"Dr. Uzm. Tubanur Bayram Kuzgun, Davranış Bilimi Destek ve Danışmanlık",+905417613118,Psikolog / Terapist
Grace Psikoterapi Merkezi,+902122640033,Psikolog / Terapist
Beşiktaş Psikolog / Seda Doğmazer,+908504744562,Psikolog / Terapist
Psikolog Müjde Kezer,+905316971747,Psikolog / Terapist
Aba Psikoloji,+902122878606,Psikolog / Terapist
Psk. İlkay Tunca,+902129126387,Psikolog / Terapist
Klinik Psikolog Yasemin Ozan,+905417253546,Psikolog / Terapist
Ayben Ertem,+905379556540,Psikolog / Terapist
Yakın İlişkiler,+905366111532,Psikolog / Terapist
Klinik Psikolog ve Aile Danışmanı Esen Meltem Kaplan,+905524157414,Psikolog / Terapist
Thetra Psikoloji,+905334955665,Psikolog / Terapist
Ahmet Işın,+905326039783,Psikolog / Terapist
Grupdent Ağız ve Diş Sağlığı Polikliniği,+902122809090,Diş Kliniği
Özel Ihlamur Dent Ağız ve Diş Sağlığı Polikliniği,+902122363368,Diş Kliniği
Dent Corner Ağız ve Diş Sağlığı Polikliniği,+902122272084,Diş Kliniği
Özel Uzmanlar Ağız Ve Diş Sağlığı Polikliniği,+902122271610,Diş Kliniği
Besiktas Diş Hekimi Büşra Tekin Kliniği,+905324003368,Diş Kliniği
Özel Dentadres Ağız Ve Diş Sağlığı Polikliniği,+902122589980,Diş Kliniği
İstadental - Zahnklinik - Dental Clinic,+906933299962,Diş Kliniği
ÖZEL DENTALIS AĞIZ VE DİŞ SAĞLIĞI POLİKLİNİĞİ,+905332302881,Diş Kliniği
Diş Hekimi Evren Özdemir,+902122160220,Diş Kliniği
DİKİLİTAŞ DİŞ KLİNİĞİ Dt.Nadide Zeynep Gümüşdüğme &Dt.Onur Şahin,+902122365041,Diş Kliniği
Diş Hekimi Dr. Özkan Çankaya,+902123525444,Diş Kliniği
Özel Mayadent Ağız Ve Diş Sağlığı Polikliniği,+902123246292,Diş Kliniği
ATAMER Ağız ve Diş Sağlığı Polikliniği,+905527558018,Diş Kliniği
DentEtiler Ağız ve Diş Sağlığı Polikliniği,+902123510515,Diş Kliniği
Levent Dent,+905412812401,Diş Kliniği
Dent4 Levent,+902122808584,Diş Kliniği
Diş Hekimi Esra OLGAÇ,+902122654287,Diş Kliniği
Beşiktaş Diş Doktorum,+902122274131,Diş Kliniği
YKN Ağız ve Diş Sağlığı Polikliniği,+905515543505,Diş Kliniği
Seher Pehlivanoğlu Diş Kliniği / Dental Clinic,+905324976786,Diş Kliniği
E. Aslı Aktı,+902122278063,Diş Kliniği
Uzman Diş Hekimi Adem Günaydın,+905074583534,Diş Kliniği
Diş Hekimi Rukiye BUĞRA,+905442556019,Diş Kliniği
Distanbul Diş Kliniği - Diş Hekimi Derya Demirçiler,+902123277623,Diş Kliniği
Diş Hekimi Bora MURAT,+905324290423,Diş Kliniği
Diş Hekimi Çağdaş Kışlaoğlu,+905317077777,Diş Kliniği
DMR Dent Ağız ve Dİş sağlığı Polikliniği,+902122703066,Diş Kliniği
Cem Alanya Diş Hekimi,+905322906238,Diş Kliniği
Dr. Ahmet Çetinkaya,+902122278210,Diş Kliniği
Prof. Dr. Saip Denizoğlu,+902123523398,Diş Kliniği
Cliniqa Dental World - Dental Treatment Clinic,+902126637758,Diş Kliniği
DRGO Smile Clinic - Istanbul Dental Aesthetic Clinic,+905465290681,Diş Kliniği
Özel DentalClinic Ağız ve Diş Sağlığı Polikliniği,+902123259659,Diş Kliniği
Dişhekimi Emrah Yüce,+905074295393,Diş Kliniği
Diş Hekimi Doğa Erginoğlu,+905451510609,Diş Kliniği
Dt. Engin Aksoy,+902122320085,Diş Kliniği
DİŞ HEKİMİ ŞENAY YILMAZ,+902123257323,Diş Kliniği
Etiler Diş Kliniği® - Diş Hekimi R. Hara,+902123517007,Diş Kliniği
Dişhekimi Tijen Secerli Dürer,+902122759330,Diş Kliniği
Dr.Hüsniye Ekinci Ortodonti Ağız ve Diş Sağlığı Polikliniği,+905332000426,Diş Kliniği
ERÇAĞ Ağız ve Diş Sağlığı Kliniği | Estetik Diş - Adeziv Sistemler - Periodontoloji,+902122828483,Diş Kliniği
Estetik Diş Hekimi,+902127066066,Diş Kliniği
Arslan& Arslan Diş Kliniği | Dr. Tuğçe Arslan | Etiler Diş Hekimi,+902122489512,Diş Kliniği
Ortoline Ağız ve Diş Sağlığı Kliniği,+902123516050,Diş Kliniği
Diş Hekimi Ahmet Şekip İnal,+902122614011,Diş Kliniği
Beşiktaş Tattoo Art Mete,+905346588975,Dövme & Piercing
YAPBİTATTOO & PİERCİNG,+905519494944,Dövme & Piercing
Zeus Tattoo - Beşiktaş,+905306431362,Dövme & Piercing
Dotwork Ink Beşiktaş,+905062528983,Dövme & Piercing
Infernum Ink Tattoo & Piercing Ortaköy - Dövme Piercing,+905365560709,Dövme & Piercing
Yokto Ink Tattoo,+905015309203,Dövme & Piercing
Zapatista Tattoo & Piercing,+905334804808,Dövme & Piercing
Erman Çetin Dövme Stüdyosu,+905317894436,Dövme & Piercing
Tattooine Shop,+905343442832,Dövme & Piercing
manhattan tattoo 34,+905074215270,Dövme & Piercing
Jobs INK mini Beşiktaş,+905422164669,Dövme & Piercing
Raven Ink | Tattoo & Piercing,+905385607752,Dövme & Piercing
BURKAY ŞEKER TATTOO,+905462272622,Dövme & Piercing
Toprak tattoo,+905437846456,Dövme & Piercing
Tattoofect,+905353047365,Dövme & Piercing
Artura Tattoo,+905522897252,Dövme & Piercing
Agila Tattoo Supply,+905330857126,Dövme & Piercing
Taha Tattoo Dövme & Ink Art,+905059275454,Dövme & Piercing
Pellas/tattoo/piercing,+905309493419,Dövme & Piercing
Diyetisyen Kübra Arı,+905307000392,Diyetisyen
DİYETİSYEN SEZEN ÇETİNKAYA BEŞİKTAŞ DİYETİSYEN,+905413717763,Diyetisyen
Diyetolog Diyetisyen İsmail Aslan,+905445197709,Diyetisyen
"Diyetisyen Ceyda Aydın Sürdürülebilir, Sağlıklı Beslenme Danışmanlığı",+905314308437,Diyetisyen
Diyetisyen Nurdan Balakçı ile Sağlıklı Beslenme ve Diyet Danışmanlığı,+905422189533,Diyetisyen
Diyetisyen Tuanna Ak Sağlıklı Yaşam Merkezi,+905528087448,Diyetisyen
Diyetisyen Beray Günay,+905535721520,Diyetisyen
Uzm. Dyt. Ayşenur Aköz,+905422976598,Diyetisyen
Diyetisyen Dilara Betül Gelişin Emeç,+905513807839,Diyetisyen
Diyetisyen Gözde Gül,+905321615823,Diyetisyen
FİDAN TURANLI FİT & BEAUTY STUDİO ETİLER,+905524041766,Diyetisyen
Diyetisyen Onurcan Yurtsever,+905399146658,Diyetisyen
Selay Turan Güzellik,+905072759540,Güzellik Salonu
Diyetisyen Uğur Yanık,+905303219459,Diyetisyen
Uzman Diyetisyen Zülal Yalçın,+905466092294,Diyetisyen
Diyetisyen Buse Çapraz Özer,+905458437877,Diyetisyen
Dilara Koçak,+902122401510,Diyetisyen
Begüm ORDU Beslenme Danışmanlığı,+905457863503,Diyetisyen
Beşiktaş Diyet Merkezi,+905538348067,Diyetisyen
Diyetisyen Beyza Erdoğan,+905431141523,Diyetisyen
Diyetisyen Canan Aksoy,+905462145758,Diyetisyen
Diyetisyen Gözde Karaca Kayan,+908508051415,Diyetisyen
Dyt. Burcu Üstad Arda | Bostancı Diyetisyen,+905510039597,Diyetisyen
"Uzman Diyetisyen Esra Şen, Diyetisyen",+905397086928,Diyetisyen
Diyetisyen Yasemin gün,+905324951190,Diyetisyen
Uzman Diyetisyen Okan Gül,+905364720840,Diyetisyen
Uzman Diyetisyen Müge Aksu,+902123450218,Diyetisyen
Uzman Diyetisyen Ayşegül Yağız,+905301120515,Diyetisyen
Diyetisyen Serenay Bender,+905411032322,Diyetisyen
Uzman Diyetisyen Feyza Akbulut Çadırcı,+905345886979,Diyetisyen
DİYETEMA İSTANBUL BESLENME VE DİYET DANIŞMANLIK MERKEZİ UZMAN DİYETİSYEN ELİF MELEK AVCİ DURSUN,+905550762306,Psikolog / Terapist
Diyetisyen Şeyma Özkan,+902129126347,Diyetisyen
Uzman Diyetisyen Merve Yüksek,+905424231626,Diyetisyen
Öykü Kaçar,+905528962995,Diyetisyen
Sernaz Çakır Ercil Beslenme ve Diyet Danışmanlık Merkezi,+905435631616,Psikolog / Terapist
Nil Diyet Nişantaşı,+902122477385,Diyetisyen
Uzman Diyetisyen Arzu Menekşe,+905325622020,Diyetisyen
Diyetisyen İbrahim Halil Tay (Sporcudiyetisyeni),+905515974147,Diyetisyen
Diyetisyen Damla Türkay,+905301307933,Diyetisyen
Diyetisyen Nil Yurtbay,+905436270527,Diyetisyen
Diyetisyen Ayşegül Saroğlu,+905383346093,Diyetisyen
Uzm. Dyt. Hanse Nur Özyurt Beslenme ve Fitoterapi Merkezi,+905524400366,Psikolog / Terapist
Sabriye Akdeniz Pilates Studio,+905326227912,Pilates / Yoga
Sakura Pilates Beşiktaş,+905377440757,Pilates / Yoga
Beşiktaş Ota Pilates,+905323146897,Pilates / Yoga
His Pilates,+905348496677,Pilates / Yoga
Bloom Pilates,+902122362016,Pilates / Yoga
Beform Pilates Studio Levent,+905431549836,Pilates / Yoga
Pilates Evinizde,+905384901902,Pilates / Yoga
Fit Check Pilates Studio,+905345656642,Pilates / Yoga
Simple Pilates Stüdyo,+905434835150,Pilates / Yoga
Upgrade Studio Pilates Beşiktaş,+905304490501,Pilates / Yoga
Marven Pilates & Yoga Studio | Barbaros,+905415539753,Pilates / Yoga
Hi Pilates and Personal Training,+905366229366,Pilates / Yoga
FOR LIFE STUDIO,+905340864699,Kuaför / Berber
Deer Pilates Studio,+905352221457,Pilates / Yoga
PLTS CLUB,+905525891000,Pilates / Yoga
Nefes Pilates,+905376083107,Pilates / Yoga
Triangle Workout Studio,+905342998874,Kuaför / Berber
No.18 Pilates & Yoga Studio,+905320583543,Pilates / Yoga
EVOLVE PİLATES,+902122575145,Pilates / Yoga
Fulya Pilates Studio,+905323902437,Pilates / Yoga
Nora Pilates,+905321568319,Pilates / Yoga
Ulus Pilates,+905335800190,Pilates / Yoga
Fizyo Ays Egzersiz Danışmanlık Merkezi,+905452946141,Psikolog / Terapist
Pilatist,+905333720231,Pilates / Yoga
Espilates Beşiktaş Pilates Stüdyosu,+905466536079,Pilates / Yoga
Nova Pilates Levent,+905458853441,Pilates / Yoga
Ece Pilates & Yoga / 4.Levent,+905438207454,Pilates / Yoga
Nispetiye form,+905324505539,Pilates / Yoga
Private Training Studio Etiler,+905327791868,Pilates / Yoga
Just Pilates,+905373823645,Pilates / Yoga
CURE Pilates,+905352601584,Pilates / Yoga
Interval45,+905330630145,Kuaför / Berber
Leyna Pilates Welness,+905456901145,Pilates / Yoga
Palmiye pilates,+902122730099,Pilates / Yoga
Ortaköy Pilates Studio,+905078086533,Pilates / Yoga
PiYO House | Fitness - Pilates - Reformer - Fonksiyonel Antreman,+905551989819,Pilates / Yoga
Ortaköy Lotus Pilates Stüdyo,+905363133490,Pilates / Yoga
the power pilates,+905372576272,Pilates / Yoga
Simyfit Pilates ve Hamak Yogası,+905323793815,Pilates / Yoga
Lotus Pilates 4. Levent,+902128060533,Pilates / Yoga
Flexy Pilates ve Yoga Stüdyosu,+905301181453,Pilates / Yoga
Body Arts Pilates Studio,+902122637507,Pilates / Yoga
GYM WORKS,+902122589000,Kuaför / Berber
Gym Rat's Lab,+902123510475,Kuaför / Berber
FizyoFactory Fizyoterapi ve Pilates,+905013334834,Psikolog / Terapist
Move On Private Pilates Studio,+905454294453,Pilates / Yoga
Body Map Personal Training Studio,+905325221503,Kuaför / Berber
Di Pilates Studio,+905356382598,Pilates / Yoga
Polat Boks Necmi Polat,+902122653845,Kuaför / Berber
T-fit Pilates studio,+905357190292,Pilates / Yoga
Fit Corner Etiler,+902122638699,Kuaför / Berber
Korukent GYM,+902122759975,Kuaför / Berber
ARMYCOACH Fitness & Pilates,+905396370505,Pilates / Yoga
MAC/One Zorlu Center,+908502413000,Kuaför / Berber
Polestar Pilates Levent İş Kuleleri,+905324457418,Pilates / Yoga
Sukha Pilates,+905385882022,Pilates / Yoga
Etiler Pilates,+902123527046,Pilates / Yoga
BYS Pilates Studio,+905416339870,Pilates / Yoga
Therapy All | Pilates Studio,+905073880001,Pilates / Yoga
Body Arts Personal Training Studio,+905536391312,Kuaför / Berber
JOVA Pilates Studio,+902122682973,Pilates / Yoga
Pilates Studio Bebek,+902122295757,Pilates / Yoga
Bi training,+905543693254,Pilates / Yoga
Etilerform,+905421379983,Pilates / Yoga
Ela Emekli Pilates Studio Etiler,+905427643674,Pilates / Yoga
Pilates Therapy Performance,+905302857950,Pilates / Yoga
Thor Pilates Studio - Levent Location- Aletli Pilates Salonu -,+905374903037,Pilates / Yoga
Repiyo Reiki - Pilates - Yoga,+905302991630,Pilates / Yoga
Neo Fit,+902122803303,Kuaför / Berber
S.E.T.S Levent - Sportif Gelişim ve Sağlıklı Yaşam Merkezi,+902122787387,Kuaför / Berber
Voila Pilates By Melek,+905342917989,Pilates / Yoga
VOYAGE Pilates - Etiler,+902123511113,Pilates / Yoga
Mi Estilo Spor Merkezi,+905467428700,Kuaför / Berber
BEYOND PİLATES,+905443137015,Pilates / Yoga
Beşiktaş United Gym Fitness Yüzme Havuzu Sauna,+905331216887,Kuaför / Berber
G Yoga Caddebostan,+905052706050,Pilates / Yoga
Akademifit Personal Training Studio,+905552151454,Kuaför / Berber
Fit İstanbul,+902123524856,Kuaför / Berber
The GoldenBridge Studio,+905530527095,Kuaför / Berber
Circle Pilates Studio,+905354111891,Pilates / Yoga
pt ulus,+905353302214,Kuaför / Berber
Fit AF Etiler Personal Trainer,+905353147686,Kuaför / Berber
BJK Süleyman Seba Spor Salonu,+902122616319,Kuaför / Berber
Train Garage,+905425217008,Kuaför / Berber
Super Slow Zone Etiler,+902122828687,Kuaför / Berber
Uğur Kara Spor Merkezi - Beşiktaş,+905416799794,Kuaför / Berber
Le Ciel Wellness Club,+902122177719,Diğer (Sağlık & Bakım)
Bodyography Studio,+905334516413,Kuaför / Berber
Ömer Seçkin Personal Training Studio,+905543693207,Kuaför / Berber
Joy Pilates Etiler,+902123525040,Pilates / Yoga
Tunç Fıtness Club,+902122592299,Kuaför / Berber
sanem pohrenk Pilates Studio,+905064674144,Pilates / Yoga
Ulus 10 Pilates,+905304742302,Pilates / Yoga
L'charme Beauty,+905320680551,Güzellik Salonu
Beylikdüzü NiNa Güzellik Salonu,+905423522222,Güzellik Salonu
Lisa Güzellik Beylikdüzü,+905301667565,Güzellik Salonu
Mabel Beylikdüzü Güzellik Salonu - Lazer Epilasyon - Cilt Bakımı - Protez Tırnak - İpek Kirpik Hizmetleri,+905078294040,Güzellik Salonu
Quzel Güzellik Salonu | Beylikdüzü Güzellik Merkezi | Buz Lazer Epilasyon | Cilt Bakımı | Bölgesel Zayıflama,+905387760777,Güzellik Salonu
Emsal Doğan Beylikdüzü By Ezgi Şenol,+905539341880,Güzellik Salonu
Carmine Beauty Beylikdüzü Epilasyon Cilt Bakımı,+905324871899,Güzellik Salonu
Mayya Beauty & Aesthetic | Beylikdüzü Kalıcı Makyaj | Beylikdüzü Cilt Bakımı | Beylikdüzü Make Up Artist | Profesyonel Makyaj,+905325030253,Güzellik Salonu
ANKA İSTANBUL GÜZELLİK SALONU,+905395904608,Güzellik Salonu
Esse Life Beylikdüzü Güzellik Merkezi,+905066913434,Güzellik Salonu
Şebnem Beauty Studio / سالن زیبایی شبنم,+905316994465,Güzellik Salonu
DUYGU ADALI GÜZELLİK SALONU,+905356171833,Güzellik Salonu
Sun Love Nail Art & Solarium Studio,+902128536052,Güzellik Salonu
Gülçin Güç Güzellik Merkezi,+905543640997,Güzellik Salonu
"Nevam Güzellik Salonu Beylikdüzü (İğneli ve Cımbızlı Acısız Epilasyon, Medikal ve Profesyonel Cilt Bakımı, Microblading )",+902125522040,Güzellik Salonu
"Beylikdüzü Protez Tırnak, İpek Kirpik Beylikdüzü, Aydora Beauty",+905441579403,Güzellik Salonu
DermaStar,+902128725580,Güzellik Salonu
Elif Cansu Şahin Güzellik Salonu,+905332476462,Güzellik Salonu
Nişantaşı No1 Beylikdüzü,+905434851536,Güzellik Salonu
Eda Öztürk Estetik ve Güzellik Beylikdüzü,+905359565938,Güzellik Salonu
Zeynep Çelebioğlu Güzellik Merkezi - Beylikdüzü Beykent,+905421088278,Güzellik Salonu
DUYGU ÖZKAN BEAUTY GÜZELLİK SALONU,+905382717860,Güzellik Salonu
Bella Beauty Beylikdüzü,+905375645626,Güzellik Salonu
Ezgi Nur Yüksel Güzellik,+905538759425,Güzellik Salonu
Bade Güldağ Beauty Zone,+902128711990,Güzellik Salonu
Fema Flora Beauty Center,+905075073362,Güzellik Salonu
Vista Beauty & Aesthetic Beylikdüzü,+905439604782,Güzellik Salonu
Diamond Güzellik Beykent,+905309208019,Güzellik Salonu
Beylikdüzü jel protez tırnak,+905446674022,Güzellik Salonu
Queen's Güzellik Salonu,+905332751367,Güzellik Salonu
EA Beauty Beylikdüzü Protez Tırnak - İpek Kirpik - Mikro Saç Kaynak Uygulama ve Toptan Mikro Kaynak Satış & Güzellik Salonu,+905353197058,Güzellik Salonu
Beylikdüzü Güzellik Merkezi,+905530813303,Güzellik Salonu
Lotus Beauty,+905523580978,Güzellik Salonu
TUAL GÜZELLİK,+905306449496,Güzellik Salonu
Life Kuaför ve Güzellik,+902128555262,Güzellik Salonu
Sevim Alan Beylikdüzü,+905446126858,Güzellik Salonu
HAIR SETUP BAYAN KUAFÖR VE GÜZELLİK SALONU,+905415985798,Güzellik Salonu
MİYU GÜZELLİK SALONU,+905063451220,Güzellik Salonu
Selin Beauty Center Beylikdüzü,+905307050808,Güzellik Salonu
Bihter İlhan Güzellik,+905421204464,Güzellik Salonu
Mijo Beauty,+905435502203,Güzellik Salonu
Beautopia Güzellik Merkezi,+902128779759,Güzellik Salonu
Lavinya Güzellik Salonu,+905552451255,Güzellik Salonu
DELUXE LİFE GÜZELLİK MERKEZİ,+905301806334,Güzellik Salonu
Glow Up Güzellik Merkezi,+902128560089,Güzellik Salonu
Beykent Beylikdüzü Protez Tırnak Labons Beauty Club,+902128551556,Güzellik Salonu
Beylikdüzü Bloom Spa ve Masaj Salonu,+905300973424,Kuaför / Berber
Farah güzellik salonu,+905342259298,Güzellik Salonu
Gizza Beauty Nail ve Güzellik Merkezi,+905313344992,Güzellik Salonu
Estella Güzellik Salonu,+905395429411,Güzellik Salonu
Aslı Öztürk Güzellik Salonu,+905362688181,Güzellik Salonu
Royal Bay & Bayan Kuaför Beylikdüzü,+905333997143,Kuaför / Berber
NN LOVE Güzellik Merkezi,+905441300404,Güzellik Salonu
ZeYe’s beauty,+905536405333,Güzellik Salonu
Esteporta Beylikdüzü Solaryum Ve Güzellik Merkezi,+905335922898,Güzellik Salonu
Besibiyerde Beauty,+905418340901,Güzellik Salonu
Fatma Doğan Güzellik Salonu,+905412649074,Güzellik Salonu
Neslim Güngen Beylikdüzü,+905528018150,Güzellik Salonu
Dilan Polat Beylikdüzü Güzellik Merkezi,+905302633057,Güzellik Salonu
Mehmet Tatlı Beylikdüzü,+902128520107,Kuaför / Berber
Mira Güzellik Salonu | Beylikdüzü,+905330674234,Güzellik Salonu
Beylikdüzü ipek kirpik,+905075660415,Güzellik Salonu
Casta Hair&Makeup Studio,+902129245500,Güzellik Salonu
İCLAL GÜZELLİK SALONU,+905370404206,Güzellik Salonu
Seda Dinçer Güzellik Salonu,+905309455144,Güzellik Salonu
BEBEAUTY,+902128737350,Güzellik Salonu
Mehmet Güzellik Salonları,+902128521559,Güzellik Salonu
The Most Beylikdüzü,+905304507730,Kuaför / Berber
Asya Bayan Kuaförü,+905070062176,Kuaför / Berber
ES Bay & Bayan Güzellik Salonu,+902128792695,Güzellik Salonu
Beylikdüzü Sunlife Solarium Beykent,+902128553161,Kuaför / Berber
Arzu Duran Kuaför Yakuplu Beylikdüzü,+902128792782,Güzellik Salonu
Simirna Güzellik Merkezi,+905334155946,Güzellik Salonu
Meliten Güzellik Dünyası,+902128536863,Güzellik Salonu
Artist Man Hair Lounge Beauty Beylikdüzü,+905321528357,Güzellik Salonu
Kuaför Sema,+902128539717,Kuaför / Berber
Kadir Alkan Beylikdüzü,+905326008263,Kuaför / Berber
Klas Spa ve Masaj Salonu Beylikdüzü,+905319972352,Kuaför / Berber
XBEAUTY▪️PROTEZ TIRNAK MALZEMELERI,+905415547050,Güzellik Salonu
HASRET HÜLAKÜ GÜZELLİK SALONU,+905326165096,Güzellik Salonu
Beylikdüzü Diyetisyen Melisa Sarıbeyoğlu Zayıflama ve Güzellik,+905512469840,Diyetisyen
Salon moda kuaför,+905426572364,Kuaför / Berber
Kübra K beauty güzellik ve bakım merkezi,+905343410912,Güzellik Salonu
VOGUE BAYAN KUAFÖR SALONU,+905301156471,Kuaför / Berber
Zeynebim Kadın Kuaförü,+905522952017,Kuaför / Berber
Hair Glow Coiffure,+905434793301,Güzellik Salonu
My güzellik salonu,+905418016850,Güzellik Salonu
Paris Kuaför,+905325442691,Kuaför / Berber
Serhan Bayraktar Hair Stylist,+905076111984,Kuaför / Berber
Aysa Kuaför Ve Tesettür Salonu,+905469436489,Kuaför / Berber
ADEM YILMAZ KUAFÖR BEYLİKDÜZÜ,+902129990566,Kuaför / Berber
MUSTAFA ÖZCAN HAIR STUDIO | BEYLİKDÜZÜ GELİN BAŞI | BEYLİKDÜZÜ OMBRE | BEYLİKDÜZÜ KUAFÖR | BEYLİKDÜZÜ BAYAN KUAFÖRÜ,+902128764011,Kuaför / Berber
HairİstanBulum By Ali Bulum Beylikdüzü Bayan Kuaförü,+905321322219,Kuaför / Berber
By Mustafa Hair Palace & Beauty Salon,+902128550504,Güzellik Salonu
OSSMAN KUAFOR UNISEX BEYLİKDÜZÜ,+905432597912,Kuaför / Berber
HARUN KAYA HAİR PALACE,+902128126723,Kuaför / Berber
Hair Academy Ali Türk Kuaför Beylikdüzü,+905326785337,Güzellik Salonu
GLAM Hair Studio,+905305751514,Güzellik Salonu
HL onur gülek kuaför,+905467679713,Kuaför / Berber
Naturel Kuaför,+902128543254,Kuaför / Berber
Devran kaya Hair design(DEÇA BAYAN KUAFÖRÜ)Beylikdüzü bayan kuaförü,+905050991722,Kuaför / Berber
Sadık Kuaför anatomik saç kesimi,+905357467939,Kuaför / Berber
SALOON AYNAZ,+905444350889,Güzellik Salonu
"Dr.Ali Aydın|Botoks, Dudak Dolgusu, Gençlik Aşısı, PRP, Mezoterapi",+905050001154,Psikolog / Terapist
"Özel Esteliv Polikliniği/Beylikdüzü | Botoks,Dudak Dolgusu,Gençlik Aşısı,PRP, Saç ve Kaş Ekimi,Epilasyon,Mezoterapi,Kök Hücre",+902128712750,Psikolog / Terapist
Dr. Kıymet Boz. Beylikdüzü Medikal Estetik,+905421826887,Güzellik Salonu
Mediful Güzellik Merkezi,+905441828434,Güzellik Salonu
Verosa,+905333982494,Güzellik Salonu
Özgür Alçın Estetik Kliniği,+905454184397,Güzellik Salonu
Enza Beauty & Aesthetic Beylikdüzü,+905425963692,Güzellik Salonu
Dermatech Beauty,+905525935555,Güzellik Salonu
"Dr. Erman YILMAZ | Botoks, Dudak Dolgusu, Gençlik Aşısı, PRP, Burun Dolgusu",+905366639434,Güzellik Salonu
Dr. Burak DEMİR - Medikal Estetik,+905325675356,Güzellik Salonu
Meditouch Beylikdüzü |Buz Lazer Epilasyon | Soprano Titanium | LPG Alliance | Frozen Face,+905428313266,Güzellik Salonu
Yüksel Psikoloji | İstanbul Beylikdüzü Psikolog | Çift Terapisi - Aile Terapisi,+905422043134,Psikolog / Terapist
Beylikdüzü Psikolog -Uzman Psikolog Tarık Türkmen,+905347993836,Psikolog / Terapist
Beylikdüzü Klinik Psikolog Elif Çelebi,+905511626919,Psikolog / Terapist
Klinik Psikolog Yaren İlayda Korman,+905534104648,Psikolog / Terapist
Beylikdüzü Psikolog - Yenibir Yaşam Psikoloji,+902128738313,Psikolog / Terapist
Beylikdüzü Klinik Psikolog Alper Demir,+905525989484,Psikolog / Terapist
Mida Psikoloji Beylikdüzü Psikolog / Oyun Terapisi / Cinsel Terapi / Çift Terapisi / Baylikdüzü Pedagog,+905421053034,Psikolog / Terapist
Beylikdüzü Psikolog / Klinik Psk. Rukiye Aydın,+905418959519,Psikolog / Terapist
Uzm.Klinik Psikolog-Atakan Yakalı,+905397036742,Psikolog / Terapist
Beylikdüzü Psikolog | Uzman Psikolog Mehmet Keşan,+905339254634,Psikolog / Terapist
Uzm. Klinik Psikolog Melisa Aktürk Asar | Beylikdüzü Psikolog,+905521549191,Psikolog / Terapist
Yaklaşım Eğitim ve Psikolojik Danışmanlık,+905418982474,Psikolog / Terapist
"Beylikdüzü Psikolog, Uzm. Klinik Psikolog Selen Çizmeci",+905425229723,Psikolog / Terapist
Klinik Psikolog Melek Berktaş Turan,+905055394927,Psikolog / Terapist
"Beylikdüzü Kiron Danışmanlık - Psikolog, Pedagog, Oyun ile Danışmanlık",+902128720103,Psikolog / Terapist
Beylikdüzü/Psikolog Ahmet Kütükoğlu,+905307115828,Psikolog / Terapist
Psikolog Fatih Hançer,+905458528734,Psikolog / Terapist
"Beylikdüzü Psikolog, Kaktüs Psikoloji Eğitim ve Danışmanlık & Pedagog",+905054405501,Psikolog / Terapist
Giza Psikolojik Danışmanlık ve Eğitim Merkezi,+905394823863,Psikolog / Terapist
Özbu Psikoloji,+905444892323,Psikolog / Terapist
BEYLİKDÜZÜ KATRE PSİKOLOJİ - Uzman Psikolog Tuba Nur Özer,+905076419909,Psikolog / Terapist
Klinik Psikolog Fatma Gülbahçe,+905305603739,Psikolog / Terapist
Ay Işığı Psikoloji,+905352069479,Psikolog / Terapist
Beylikdüzü psikolog- Kayra Psikolojik Danışma ve Kişisel Gelişim Merkezi,+902128712255,Psikolog / Terapist
Psikolog Semra Ekinci,+905323657398,Psikolog / Terapist
Beylikdüzü An-ki Psikolojik Danışma Merkezi,+905330464986,Psikolog / Terapist
Psikolog Esin Yıldız,+905065939460,Psikolog / Terapist
Senfoni Psikoloji,+905305011889,Psikolog / Terapist
Beylikdüzü Uzman Psikolog Burcu Tepret,+905010398458,Psikolog / Terapist
Uzman Psikolog Burcu Muşdal Çelebi,+902125566629,Psikolog / Terapist
"İz Eğitim ve Danışmanlık (Beylikdüzü Adakent) | Psikolog-Psikoloji (Çocuk, Bireysel, Aile) | Dil Terapi | Enneagram",+905424775995,Psikolog / Terapist
"Beylikdüzü Klinik Psikolog Beyza Gülmez , Lavien Psikoloji",+905310113414,Psikolog / Terapist
Beylikdüzü Psikolog - Panorama Psikoloji,+905331413633,Psikolog / Terapist
Psikolog Burak Çil,+902129126360,Psikolog / Terapist
Güneş Psikoloji ve danışmanlık kliniği,+905344102155,Psikolog / Terapist
Psk. Veysel Demirkol,+905392307177,Psikolog / Terapist
SenSum Psikolog,+905364305056,Psikolog / Terapist
Nova Psikoloji | Uzman Psikolog & Oyun Atölyesi,+905375053928,Psikolog / Terapist
İRSA Psikolojik Danışmanlık Merkezi,+905322264524,Psikolog / Terapist
Mod Psikoloji ve Danışmanlık,+905356676397,Psikolog / Terapist
Beylikdüzü Psikoloji Merkezi,+902128755099,Psikolog / Terapist
Psikohis Psikoloji,+905324508812,Psikolog / Terapist
Psikolog Ecenur Çalışkan,+908504740317,Psikolog / Terapist
"Uzman Psikolog Aslı Altuntaş,Psikoloji",+905396079970,Psikolog / Terapist
İskender Yusuf,+905553165349,Psikolog / Terapist
"Psikolog Simay Güney, Psikoloji",+905074176929,Psikolog / Terapist
Beylikdüzü Psikolog/Psychologist Ebrar Ekinci,+905444389823,Psikolog / Terapist
Klinik Psikolog İlayda Yenigün-Özel Sağlık Meslek Hizmet Birimi,+905332650940,Psikolog / Terapist
Uzman Klinik Psikolog Cansın Arslantaş,+905535620303,Psikolog / Terapist
"Uzm. Kl. Psk. Merve Yiğit, Psikolog",+905378102380,Psikolog / Terapist
İrsa Psikoloji,+902128134044,Psikolog / Terapist
İstanbul - Beylikdüzü Psikolog - Artı Psikoloji,+905412890999,Psikolog / Terapist
Beylikdüzü klinik psikolog Gamze Akbulut,+905377343601,Psikolog / Terapist
Uzm. Kl. Psk. Onur Gümüş,+905415175909,Psikolog / Terapist
Klinik Psikolog Aslı Hilal Çiftçi - Özel Sağlık Meslek Hizmet Birimi,+905357982292,Psikolog / Terapist
Dr Arzu Somay Psikolog,+905079266122,Psikolog / Terapist
Psk. Buket Denkdemir,+905365159975,Psikolog / Terapist
Psikolog Hilal Göksu,+908508116341,Psikolog / Terapist
Psikolog Gaye Demir,+905556701122,Psikolog / Terapist
Klinik Psikolog K. Tuğçe Çolakoğlu,+905012393539,Psikolog / Terapist
Uzman Klinik Psikolog Hilal Can,+905054025143,Psikolog / Terapist
Zeynep Güzel Psikoloji ve Matematik Danışmanlık Merkezi,+905323806646,Psikolog / Terapist
Uzman Psikolojik Danışman Enes ÇELİK,+905549595164,Psikolog / Terapist
Uygun Ücretli Terapi,+905309172590,Psikolog / Terapist
Esnan Ağız ve Diş Sağlığı Merkezi - Beylikdüzü Şubesi,+902128552727,Diş Kliniği
Fi Dent Ağız ve Diş Sağlığı Polikliniği Beylikdüzü,+902128728234,Diş Kliniği
Peradent Ağız Ve Diş Kliniği,+902128808686,Diş Kliniği
Su Klinik Ağız ve Diş Sağlığı Polikliniği,+905455430943,Diş Kliniği
Nova Diş Ağız ve Diş Sağlığı Merkezi,+902128710072,Diş Kliniği
Nöbetçi Dişçi Beylikdüzü | Diş Kliniği Güleryüz Ağız ve Diş Sağlığı Polikliniği,+905416928558,Diş Kliniği
BAŞARAN AĞIZ VE DİŞ SAĞLIĞI POLİKLİNİĞİ BEYLİKDÜZÜ ŞUBESİ,+905015272726,Diş Kliniği
T.C. Sağlık Bakanlığı Beylikdüzü Ağız ve Diş Sağlığı Merkezi,+902128768199,Diş Kliniği
Nil Klinik Ağız ve Diş Sağlığı Polikliniği,+905416342220,Diş Kliniği
Diş Marmara Beylikdüzü Ağız Ve Diş Sağlığı Polikliniği,+902128093130,Diş Kliniği
DST Ağız ve Diş Sağlığı Polikliniği,+905362061480,Diş Kliniği
Özel Reyhan Ağız ve Diş Sağlığı Polikliniği,+905376436455,Diş Kliniği
Özel Beylikdüzü Sistem Ağız ve Diş Sağlığı Polikliniği - İmplant -Estetik Diş Hekimliği - Ortodonti,+902128539676,Diş Kliniği
Uzman Diş Ağız ve Diş Sağlığı Polikliniği,+902128711101,Diş Kliniği
Özel Anı Ağız ve Diş Sağlığı Polikliniği,+905525179193,Diş Kliniği
Glorydent Ağız ve Diş Sağlığı Polikliniği,+905493861010,Diş Kliniği
Beydiş Ağız ve Diş Sağlığı Polikliniği,+905013514611,Diş Kliniği
Kaledent Ağız ve Diş Sağlığı Polikliniği Beylikdüzü,+902125002700,Diş Kliniği
Özel Dalyan Ağız ve Diş Sağlığı Polikliniği,+905335988820,Diş Kliniği
SD-Smile Design Ağız ve Diş Sağlığı Polikliniği,+905323920013,Diş Kliniği
Özel Liva Ağız Ve Diş Sağlığı Polikliniği,+902128550465,Diş Kliniği
ZÜMRÜT DİŞ POLİKLİNİĞİ ORTODONTİ İMPLANT,+905326967400,Diş Kliniği
Rüya Dent / Rüya Ağız ve Diş Sağlığı Polikliniği,+902127414901,Diş Kliniği
Dent Palas Ağız Ve Diş Sağlığı Polikliniği,+902128557257,Diş Kliniği
Diş Kliniği - Dental Clinic Dt. Eren Can Dursun Beylikdüzü Marina,+905400341365,Diş Kliniği
Kulvar Ağız ve Diş Sağlığı Polikliniği,+902128921434,Diş Kliniği
"Beylikdüzü Diş Hekimi Candan Melis Abacıoğlu , ABA , Diş Kliniği , Acil Diş",+905305194120,Diş Kliniği
Dental Clinic Dijident Beylikdüzü,+905538373839,Diş Kliniği
OZZ Clinic - Ağız Ve Diş Sağlığı Polikliniği - Nöbetçi Diş Kliniği,+902128136071,Diş Kliniği
Özel As Marmara Dent Ağız ve Diş Sağlığı Polikliniği,+902128090030,Diş Kliniği
Özel Nesin Ağız ve Diş Sağlığı Polikliniği beylikdüzü,+905062762222,Diş Kliniği
Dentaloji Ağız ve Diş Sağlığı Polikliniği,+905355751010,Diş Kliniği
Özel Beykent Ağız ve Diş Sağlığı Polikliniği,+902128550595,Diş Kliniği
"Açelya Ağız ve Diş Sağlığı Polikliniği (Beylikdüzü Diş Polikliniği, Kavaklı Diş Polikliniği, Nöbetçi Diş Polikliniği)",+905541282450,Diş Kliniği
MEDAY DİŞ Ağız ve Diş Sağlığı Polikliniği,+902128556040,Diş Kliniği
Marin Clinic Ağız Diş Sağlığı Polikliniği,+905073173996,Diş Kliniği
Ada Ağız ve Diş Sağlığı Polikliniği,+905325101250,Diş Kliniği
Rahat Dent Ağız ve Diş Sağlığı Polikliniği,+905411456440,Diş Kliniği
DentalPort Ağız ve Diş Sağlığı Polikliniği,+905448552232,Diş Kliniği
"Dent32 Diş Kliniği | İmplant diş, Zirkonyum Kaplama, Emax, Hollywood gülüşü, Gülüş tasarımı, Emax, Lamine Kaplama",+905550113368,Diş Kliniği
Hospitali Dental Clinic,+905370270837,Diş Kliniği
I Klinik Marina,+905347096500,Diş Kliniği
Özel FAMA Ağız ve Diş Sağlığı Polikliniği,+905513463435,Diş Kliniği
Golden Smile Beylikduzu,+902128559805,Diş Kliniği
Bir Dilek Ağız ve Diş Sağlığı Polikliniği,+902128230820,Diş Kliniği
Diş Hekimi | Dt. Cemal Hanifa - Oral Surgeon Dentist Dr. Cemal Hanifa,+905461095100,Diş Kliniği
Diş Hekimi Derya Konyar,+902128721620,Diş Kliniği
Karaca Ağız ve Diş Tedavisi Merkezi Beykent,+905334016803,Diş Kliniği
Özel Doğa Ağız ve Diş Sağlığı Polikliniği,+905333755605,Diş Kliniği
Özel Ivory Dent Ağız ve Diş Sağlığı Polikliniği,+905313598210,Diş Kliniği
ÖZEL WEISSE ZAHNE AĞIZ VE DİŞ SAĞLIĞI POLİKLİNİĞİ,+905438072032,Diş Kliniği
3D Klinik Ağız ve Diş Sağlığı Polikliniği,+905425346136,Diş Kliniği
Özel Dört Yaprak Ağız ve Diş Sağlığı Polikliniği,+902128232230,Diş Kliniği
Clinic InIstanbul | Dental Clinic In Istanbul,+902128801111,Diş Kliniği
Azur Dental Clinic,+905462923552,Diş Kliniği
Özel Gürpınar Ağız ve Diş Sağlığı Polikliniği,+902128806697,Diş Kliniği
Dişhekimi Dr.Atakan Yontuç,+902128767732,Diş Kliniği
Eren Keser Ağız ve Diş Sağlığı Muayenesi,+905464549510,Diş Kliniği
DREAM ORTODONTİ VE CERRAHİ AĞIZ VE DİŞ SAĞLIĞI POLİKLİNİĞİ,+902128131363,Diş Kliniği
Özel Dent Gardenya Ağız ve Diş Sağlığı Polikliniği,+902128560800,Diş Kliniği
Net Dental Clinic / dr.tanyel,+905330630656,Diş Kliniği
Özel Lena Ağız ve Diş Sağlığı Polikliniği,+905325298498,Diş Kliniği
Özel MG Ağız ve Diş Sağlığı Polikliniği,+905412455931,Diş Kliniği
Osman Çengel Beykent Ağız ve Diş Sağlığı Kliniği,+905523967929,Diş Kliniği
Diş Hekimi Ahmet Yaman,+902128554027,Diş Kliniği
Dr. Dt. Esra Kurt Ortodonti Kliniği,+905073126757,Diş Kliniği
U SMILE,+905312608754,Diş Kliniği
DİŞ HEKİMİ SEVCAN BİÇER,+902128739993,Diş Kliniği
Diş Hekimi Ayşe Gür,+902128720005,Diş Kliniği
Dış Hekimi Nalan Şalva,+902128730597,Diş Kliniği
Beautica Clinic بيوتيكا كلينيك,+905352528955,Diş Kliniği
Diş hekimi Melike Nur Temiz Can,+905059983325,Diş Kliniği
Nurdide Ural Candan Diş Kliniği,+905327648929,Diş Kliniği
Diş Hekimi Yasin Çelik,+905056461488,Diş Kliniği
Mkm Klinik Beykent,+902129244861,Diş Kliniği
Istanbul Ortodonti Ağız ve Diş Sağlığı Polikliniği,+902128560437,Diş Kliniği
Alesta Estetik | Ağız ve Diş Sağlığı Polikliniği,+902128309666,Diş Kliniği
Habibler Clinic,+905494020202,Diş Kliniği
Smile Dent,+905421254621,Diş Kliniği
Diş Hekimi - Salih Şişmanoğlu,+902128724369,Diş Kliniği
Diş Hekimi Nuray Tekeoğlu,+905550893889,Diş Kliniği
Dövme Silme Beylikdüzü,+905467697288,Dövme & Piercing
Beylikdüzü Tattoo,+905419095656,Dövme & Piercing
Berk Beylikduzu Dövme Studyosu,+905418451997,Dövme & Piercing
Beylikdüzü Tattoo Mina,+905333549622,Dövme & Piercing
Selfmade INK Tattoo & Piercing,+905392394334,Dövme & Piercing
Marina Tattoo Piercing - Beylikdüzü,+905370140092,Dövme & Piercing
Soulland Studio,+905454724115,Dövme & Piercing
Tual Tattoo & Nails,+905414283628,Dövme & Piercing
3H Tattoo Dövme Sanatları Stüdyosu,+905302213384,Dövme & Piercing
Tattoo Master Academy Beylikdüzü,+905332714978,Dövme & Piercing
Tattoo Şahin,+905424735591,Dövme & Piercing
Şafak tattoo beylikduzu,+905510149849,Dövme & Piercing
Tattoo Studio Ck,+905054510662,Dövme & Piercing
DC Steel Piercing,+905061170759,Dövme & Piercing
The Monkey İnk Beykent,+905336355695,Dövme & Piercing
Moon Tattoo & Piercing / Tuğçe Ay,+905536819396,Dövme & Piercing
Tuana Ekmen Beauty&Tattoo Studio,+905050342499,Dövme & Piercing
Dövme&piercing&dükkanı,+905315599373,Dövme & Piercing
Miki Tattoo,+905330889103,Dövme & Piercing
Esma Saç Tasarım & Güzellik,+905337195380,Güzellik Salonu
Corvos Tattoo,+905436574970,Dövme & Piercing
Kalıcı Makyaj & Tattoo Studyo,+905321625317,Dövme & Piercing
Saoc Tattoo.,+905302845290,Dövme & Piercing
"Beylikdüzü dövme (Piercing, Dövme silme)",+905468801127,Dövme & Piercing
Ezotto.ink Tattoo & Piercing Studio,+905327641909,Dövme & Piercing
southsideink,+905380615210,Dövme & Piercing
Diyetisyen Saliha Türk,+902129126548,Diyetisyen
Uzman Diyetisyen Gamze Altınay Beslenme ve Danışmanlık Merkezi - Beylikdüzü Diyetisyen,+905448366306,Psikolog / Terapist
Diyetisyen Özlem Erişmiş & Zehra Emiroğlu | Beylikdüzü Diyetisyen,+905413622059,Diyetisyen
Beylikdüzü Diyetisyen Helin Şen,+905365246565,Diyetisyen
Diyetisyen Eslem Güler - Beylikdüzü Diyetisyen,+902128560185,Diyetisyen
Diyetisyen Buse Su Danışmanlık Merkezi,+905316277893,Psikolog / Terapist
Diyetisyen Dilem irkin-Beylikdüzü,+905428905040,Diyetisyen
Beylikdüzü Diyetisyen Büşra Bayram,+905532105002,Diyetisyen
Diyetisyen Şimal TÜRE,+905434299329,Diyetisyen
Uzman Diyetisyen Nur Çaldıran Dağıdır Beylikdüzü Diyetisyen,+905422830799,Diyetisyen
Uzman Diyetisyen Enda Uğurlu Beslenme ve Diyet Danışmanlığı,+905334400284,Diyetisyen
Uzm. Dyt. Elif Ağca | Beylikdüzü Diyetisyen & Zayıflama Uzmanı,+905522744246,Diyetisyen
Diyetisyen Kerem Tulga,+905524047577,Diyetisyen
Diyetisyen Ayla Yüksel,+905346802990,Diyetisyen
Uzman Diyetisyen Murat MERCAN,+905427631301,Diyetisyen
Medita Beslenme Ve Diyet Danışmanlık,+902128303535,Psikolog / Terapist
Diyetisyen Arefe Kumtepe Benli Beslenme ve Diyet Danışmanlığı,+905536151244,Diyetisyen
Yonca Diyet Ve Beslenme Danışmanlığı,+905423240361,Diyetisyen
Beylikdüzü Diyetisyen Merkezi,+902128727271,Diyetisyen
Uzman Diyetisyen Melisa Özdoğan,+905514431797,Diyetisyen
İPEK TOPRAKÇI STUDIO,+905343103034,Diyetisyen
Dyt. Şevval Maciter,+905372656200,Diyetisyen
Beylikdüzü Diyetisyen Esra Aslan,+905387060735,Diyetisyen
Diyetisyen Nisa Berra Pirhan,+905350135560,Diyetisyen
Uzman Diyetisyen Fatma Feyzan Aydın Beslenme Danışmanlığı,+905451777970,Diyetisyen
DİYETİSYEN ALİ KELEŞ,+905364854505,Diyetisyen
FİDAYET KOÇARSLAN PİLATES STUDİO,+905464318390,Pilates / Yoga
Beylikdüzü Diyetisyen Özlem Baltacı,+905316838436,Diyetisyen
STUDIO N98,+905385950598,Pilates / Yoga
Fitamine Beylikdüzü,+905443772525,Kuaför / Berber
DİYETİSYEN BERİN KARA SAĞLIKLI YAŞAM MERKEZİ,+905323591790,Diyetisyen
Diyetisyen Eda Aygan Sağlıklı Yaşam Merkezi,+905347484441,Diyetisyen
Ortofizyo,+905395150888,Diğer (Sağlık & Bakım)
Nefis Beslenme Ve Diyet Danışmanlığı,+902128769314,Diyetisyen
Diyetisyen Sena Altunsoy & Büyükçekmece Beslenme ve Diyet Danışmanlığı,+905434404341,Diyetisyen
Uzman Diyetisyen Seminur Fındıkcı,+905346681847,Diyetisyen
Uzman Diyetisyen Duygu PINARCI,+905058662768,Diyetisyen
Diyetisyen İclal ÖZDURNA,+905342282613,Diyetisyen
Diyetisyen Gülbanu Yumuşak,+905053986033,Diyetisyen
Diyetisyen Kübra Aykut,+905542347171,Diyetisyen
Diyetisyen Sena Özbek,+905454346292,Diyetisyen
FizyoKA Sağlıklı Yaşam Merkezi,+905346950474,Psikolog / Terapist
diyetisyen semra uysal,+905421588015,Diyetisyen
Diyetisyen Başak (Günay) Gelmez,+905541389579,Diyetisyen
Beslenmerehberin,+905445844470,Diyetisyen
Fizyoestet,+902128092860,Diğer (Sağlık & Bakım)
Diyetisyen Hicran Önal,+902128066710,Diyetisyen
Fizyotay Beykent Bireysel Egzersiz & Pilates Studio,+905325499137,Pilates / Yoga
Best Body beylikdüzü pilates,+905445337908,Pilates / Yoga
"Mercan Clinic - Zehra MERCAN (Çocuk Gelişim, Uzman Öğretici)",+905010107117,Diğer (Sağlık & Bakım)
Dr. Veysel Umut Sadıkoğlu,+905525757421,Diğer (Sağlık & Bakım)
Beylikdüzü Vista Diyet,+905325258380,Diyetisyen
EVO Fitness Özel Ders Salonu (Personal Training),+905378848436,Kuaför / Berber
Mixfit stüdyo,+905311610579,Kuaför / Berber
RE-SHAPE GYM CLUB,+905441346135,Kuaför / Berber
Aris Ezgi Doğan Beylikdüzü VIP Güzellik Merkezi,+905330736102,Güzellik Salonu
The PAP Studio,+905412475497,Pilates / Yoga
CT Diyet & Pilates Studio | Beylikdüzü Pilates - Zumba - Yoga - Diyetisyen,+905335939643,Diyetisyen
Swiss FitClub,+905520346777,Kuaför / Berber
Beylikdüzü İstanbul kardeşler sk,+905015662014,Pilates / Yoga
ALFA ONE GYM Beylikdüzü Beykent Spor Salonu,+905448529905,Kuaför / Berber
Avrupa Pilates Stüdyosu,+905334768077,Pilates / Yoga
Balance Up Pilates Studio,+905527452837,Pilates / Yoga
Muscle Gym,+902128808788,Kuaför / Berber
Fitpark Fitness & Spa,+905411182525,Kuaför / Berber
EMS Line Beylikdüzü,+905431380305,Kuaför / Berber
Akın Gym/Fitness Spor Salonu,+905465004496,Kuaför / Berber
FERRUM GYM,+902128710500,Kuaför / Berber
Momboysjoy Pilates,+905315625253,Pilates / Yoga
MCS Fitness,+905369719449,Kuaför / Berber
Big Fit Studio,+905323541192,Kuaför / Berber
Banze Training Club,+905373222693,Kuaför / Berber
Krios Athletics,+905353612272,Kuaför / Berber
Orion Gym,+905312354700,Kuaför / Berber
Power Pump Station BEYKENT SPOR SALONU,+905347693413,Kuaför / Berber
Spine Align Private Studio,+905423837291,Pilates / Yoga
Spine Pilates Studio,+905531032304,Pilates / Yoga
Beylikdüzü Spa Ve Fitness Merkezi,+905327839960,Kuaför / Berber
Beylikdüzü Zafer Spor Kulübü,+905546983111,Kuaför / Berber
Just Pilates,+905335503583,Pilates / Yoga
Kangoo Club Beylikdüzü,+902128711211,Kuaför / Berber
Yeny Gym Fitness,+905330853943,Kuaför / Berber
Flamingo Pilates,+905324975610,Pilates / Yoga
Let's Gym,+902128728818,Kuaför / Berber
"Panax Pro Gym - Yakuplu, Beylikdüzü Spor Salonu",+905396519044,Kuaför / Berber
Beylikdüzü Beykent Güneş Pilates,+905375471498,Pilates / Yoga
Beylikdüzü Lotus Pilates Studio,+905322904203,Pilates / Yoga
Pamelia Pilates Stüdyo,+905434582207,Pilates / Yoga
Pilates Studio Pınar,+905308475039,Pilates / Yoga
Fizyolo Beylikdüzü,+905551725394,Pilates / Yoga
Geps Garden Pilates Beylikdüzü,+905322123075,Pilates / Yoga
Therapyfit Pilates - Beylikdüzü Pilates,+905343678527,Pilates / Yoga
Flex Pilates,+905396993720,Pilates / Yoga
Pilates Akademi Beylikdüzü,+905071342905,Pilates / Yoga
Pisa Pilates,+905449178488,Pilates / Yoga
Beylikdüzü My Control Pilates,+905054340911,Pilates / Yoga
Şahna Pilates,+902128556262,Pilates / Yoga
Moonlight Pilates Studio Beylikdüzü,+905451510698,Pilates / Yoga
MARİN GYM & PİLATES,+905340578588,Pilates / Yoga
SEVGİ KILIÇ STÜDYO,+905449101933,Pilates / Yoga
olea pilates studio,+905079705006,Pilates / Yoga
Panax Pro Gym Kavaklı,+905333556692,Kuaför / Berber
Pole2Fit Training Center,+905359243896,Kuaför / Berber
City Cyclers,+905462621222,Kuaför / Berber
Beylikdüzü Turkuaz Akademi (Baynaz) Spor Kulübü,+905326860579,Kuaför / Berber
Senjutsu Dojo Savunma Sanatları Akademisi,+905424160919,Kuaför / Berber
Stüdyo J Pilates,+905362180340,Pilates / Yoga
B FİT BEYLİKDÜZÜ ADNAN KAHVECİ PİLATES VE SPOR SALONU,+905053696929,Pilates / Yoga
Mind And Body Stüdyo,+905372803853,Pilates / Yoga
Oya Pilates Beylikdüzü,+905325405597,Pilates / Yoga
UpLift EMS & Pilates Studio Beylikdüzü,+902128724882,Pilates / Yoga
Loya Pilates,+905372065415,Pilates / Yoga
Pilates Orion,+905373478568,Pilates / Yoga
Orjin Life Club Perlavista,+902128730351,Kuaför / Berber
Loya Studio,+905337115692,Pilates / Yoga
Fizyo Balance Pilates Studio,+905528545664,Pilates / Yoga
LAGOM Pilates & Training Studio,+905058765534,Pilates / Yoga
By OKTAY ASLAN Fitness Pilates academy,+905432280726,Pilates / Yoga
She Club Beylikdüzü Bayanlara Özel Spor Salonu,+902128524667,Kuaför / Berber
Beylikdüzü Soho Pilates & Traning Spor Salonu Gym Center Studio,+905453595509,Pilates / Yoga
Soyer Baş Gym & More,+905323527025,Kuaför / Berber
Body Control Pilates Studio Beylikduzu,+905419137063,Pilates / Yoga
FizyoKaps,+905399358793,Pilates / Yoga
Sindy Pilates ve Güzellik Merkezi,+905300402049,Pilates / Yoga
Orjin Fitness Kubist Park,+902128713948,Kuaför / Berber
Beylikdüzü The Pilates Lab.,+905342258799,Pilates / Yoga
Diamond Fitness,+902128902017,Kuaför / Berber
Fit-co Pilates,+905523735474,Pilates / Yoga
MİA ACADEMY,+905326778710,Kuaför / Berber
Merve Küpeli Beauty,+905304575688,Güzellik Salonu
Gözde Barlak Beauty Studio Güzellik ve Bakım Stüdyosu,+905545903642,Güzellik Salonu
Esse Guzellik Salonu,+905531478109,Güzellik Salonu
Mediten,+905050157521,Güzellik Salonu
MV Kuaför ve Güzellik Salonu,+905070212458,Güzellik Salonu
Pınar Arslan Coiffure & Beauty,+902122521317,Güzellik Salonu
Aslı Beauty & Concept,+905314914070,Güzellik Salonu
Sembol Güzellik Salonu,+902122357991,Güzellik Salonu
Anka Beauty ( Güzellik Salonu ve Kuaför ) Beyoğlu,+905319051001,Güzellik Salonu
elena beauty,+905525197243,Güzellik Salonu
ELEGANCE BEAUTY CENTRE,+905010868585,Güzellik Salonu
Queens Nail Studio,+905525223012,Güzellik Salonu
Gönül Güzellik Salonu,+905358614569,Güzellik Salonu
HİLAL GÜZELLİK SALONU,+905070504337,Güzellik Salonu
Maksem Kuaför Women & Men Beauty Saloon,+905356685252,Güzellik Salonu
Beyoğlu Gel Nails & Permanent Makeup Istanbul | Protez Tırnak & Kalıcı Makyaj by DRTU,+905302010938,Güzellik Salonu
Saina Beauty Salon,+905526965752,Güzellik Salonu
May Kuaför 2 | Bay & Bayan Kuaförü,+905330582493,Kuaför / Berber
Cihangir Mini Güzellik Salonu,+905327692665,Güzellik Salonu
Follow Kuafor Taxim Hairdresser,+905537169682,Güzellik Salonu
Sercan Barber s Club,+905415459208,Kuaför / Berber
Zelal Unisex Kuaför,+905373025560,Kuaför / Berber
Makas Cihangir,+902122438911,Kuaför / Berber
Medusa By özlem halatçı,+905414046712,Kuaför / Berber
Düşüm Kuaför,+902122560676,Kuaför / Berber
Alan Kuaför,+905462380908,Kuaför / Berber
Ali Naz,+902128302888,Kuaför / Berber
Zevahir Kuaför,+905393117900,Güzellik Salonu
Nazay Güzellik Salonu,+902122375577,Güzellik Salonu
Galata 10'LA kuaför HairDresser Beauty Salon /Cosmostic,+905326982392,Güzellik Salonu
MEB Özel Hülya Yılmaz Estetik ve Güzellik Akademisi,+902125300033,Güzellik Salonu
May Kuaför 1 | Bay & Bayan Kuaförü,+905323925077,Güzellik Salonu
Epilady Güzellik Salonu,+902122351848,Güzellik Salonu
Vip Kuaför - Man & Woman,+905051345244,Kuaför / Berber
Sertac Kılıç güzellik salonu,+905375424119,Güzellik Salonu
Wo Spa,+905414034336,Diğer (Sağlık & Bakım)
zelish ile güzellik,+905377256546,Güzellik Salonu
Galata Yasin Aydın Beatuy hairdesigner,+905305112319,Kuaför / Berber
Ayşe Güzellik Merkezi,+905456605353,Güzellik Salonu
Gizem Kuaför,+902123617882,Kuaför / Berber
Yavuz Kuaför,+902122442066,Kuaför / Berber
Smile face salon,+905443632889,Diş Kliniği
Maskülen Cihangir kuaför,+905453213455,Kuaför / Berber
Beyoğlu Erkek Kuaförü,+905355089722,Kuaför / Berber
Kuaför Galatalı berber,+905439564234,Kuaför / Berber
Makkas Kuaför İstanbul,+905348842496,Kuaför / Berber
Saray Peruk,+902122389646,Kuaför / Berber
HAZAL ERKEK KUAFÖR,+905415161096,Kuaför / Berber
Kuaför Fevzi Unisex Bay&Bayan,+905325922201,Kuaför / Berber
Beyoğlu Bayan Kuaförü,+905324270335,Kuaför / Berber
Kuaför Seyfi & Kadir,+905316003053,Kuaför / Berber
Msm Kuaför,+902122499189,Kuaför / Berber
Sinyor Hairdresser,+905326002285,Kuaför / Berber
FADE BARBER SHOP ✂️,+905446103155,Kuaför / Berber
MG Fitness Pilates Spa,+905522985858,Pilates / Yoga
Kuaför Bülent Öner,+902122511132,Kuaför / Berber
EMİR YEŞİLLİLER HAIR STYLIST,+905530167778,Kuaför / Berber
Kuaför Soner,+902122561116,Kuaför / Berber
Unisex Kuaför Tekin,+902122973027,Kuaför / Berber
Fi Club Spa&Wellness Piyalepaşa,+902123114300,Diğer (Sağlık & Bakım)
Bu Kafa,+902122922272,Kuaför / Berber
Maça Kızı Erkek Kuaförü Barber Shop,+905354958338,Kuaför / Berber
Este Su Estetik,+905422028800,Güzellik Salonu
Mert Çalışkan Hair Styler,+905535736690,Kuaför / Berber
Emre's Barber Shop Dolapdere İstanbul,+905458300038,Kuaför / Berber
Kıvırcık Kuaför,+905368610650,Kuaför / Berber
newo bayan kuaför,+905316182075,Kuaför / Berber
Oya Tolga Make Up Studio,+902122616875,Güzellik Salonu
Loca Hair Studio (Masum Erkek Kuaförü),+905307487017,Kuaför / Berber
Elysium Spa,+902123114311,Diğer (Sağlık & Bakım)
Yücel kuaför salonu,+905363898088,Kuaför / Berber
Nişans Kuafor ve Guzellik Salonu,+902122190024,Güzellik Salonu
AKIN KUAFÖR,+905352900667,Kuaför / Berber
The Best barber,+905414980013,Kuaför / Berber
Kuaför | Sofitel Hotel | Man & Women Hair and Beauty Salon,+905465338786,Güzellik Salonu
Maxim Coiffeur,+905432422800,Kuaför / Berber
tünel hairdresser / kuaför,+905317010332,Kuaför / Berber
Kuaför SedatKarahan Hairdresser,+905325665018,Kuaför / Berber
LUXUS Galata - Hair | Beauty | Nail Salon,+905322662716,Güzellik Salonu
HAİRDRESSER MUSTİ KUAFOR,+902122497220,Kuaför / Berber
Tülay Çayan Bay & Bayan Kuaför & Güzellik Salonu,+905342392930,Güzellik Salonu
Waterfall Hair Salon for Men and Women,+902122541703,Kuaför / Berber
San Kuaför Karaköy,+905376055001,Kuaför / Berber
Sara Bağdat Bay Bayan Kuaförü,+905317305021,Kuaför / Berber
Kupa Kızı Erkek Kuaförü,+905330549227,Kuaför / Berber
Lamartin Kuaför,+905383713440,Kuaför / Berber
Ar Kuaför,+902122445344,Kuaför / Berber
Brothers Barber Shop,+905312887375,Kuaför / Berber
BARBERSHOP MEDET YÜRE men's barber medet yüre,+905459322163,Kuaför / Berber
Naturel kuaför,+905362436291,Kuaför / Berber
Ar Kuaför 2,+902122526667,Kuaför / Berber
Karaköy Hair Design,+905530614748,Kuaför / Berber
Kuaför İlker since 1950 tarihi berber dükkan,+905443806797,Kuaför / Berber
Yaman Erkek Kuaförü,+902122456394,Kuaför / Berber
Selcuk erkek kuaförü,+905380277652,Kuaför / Berber
Özgür Şahin Saç Tasarım,+902122920066,Kuaför / Berber
Imagine Kuaför,+902122939649,Kuaför / Berber
Ahmet Berber Salonu,+902122450977,Kuaför / Berber
Ömer Berber Salonu,+905355789884,Kuaför / Berber
Nunaat Kuaför,+905432543082,Kuaför / Berber
Ersin Erkek Kuaförü,+905389150056,Kuaför / Berber
Kuaför Cemil,+905389513450,Kuaför / Berber
Yiğit Erkek Kuaförü İstanbul Beyoğlu,+905363301590,Kuaför / Berber
bubi petshop ve Kuaför,+905323058109,Kuaför / Berber
Yunus erkek kuaförü,+905368207447,Kuaför / Berber
BLUE STAR ERKEK KUAFÖRÜ,+902122441289,Kuaför / Berber
Dallas Erkek Kuaförü,+905323832973,Kuaför / Berber
Şükran Kuaför,+902122545843,Kuaför / Berber
Yalçın Erkek Kuaförü,+905373121407,Kuaför / Berber
Kuaför Serkan,+905355534033,Kuaför / Berber
Hair Extension Taxim Wholesale Hair World,+905352401974,Kuaför / Berber
Değişim kuaför,+905345501259,Kuaför / Berber
Baloğlu Erkek Kuaförü,+905337796100,Kuaför / Berber
Hair İstanbul TR,+905380377718,Kuaför / Berber
Duygu Bayan Kuaförü,+902122353262,Kuaför / Berber
Eleven Estetik,+908505322511,Güzellik Salonu
LK Güzellik ve Yaşam Merkezi,+905537592919,Güzellik Salonu
Opr. Dr. Oytun İdil Muayenehanesi | Buz Lazer Nişantaşı - Nişantaşı Lazer Epilasyon - Nişantaşı Cilt Bakımı,+902122963656,Güzellik Salonu
Estetik Dream,+905466864554,Dövme & Piercing
Estemank Estetik,+902165149358,Güzellik Salonu
Özel Okmeydanı Polikliniği,+902122373727,Diğer (Sağlık & Bakım)
Euro Estetik Beauty CENTER,+905521506464,Güzellik Salonu
OTRA Psikoloji Merkezi,+905072519430,Psikolog / Terapist
Psk. Melih Gündeş,+908508118177,Psikolog / Terapist
Psikolog Onur Bal,+905061640605,Psikolog / Terapist
Mozmar Aile Psikolojik Danışmanlık,+905326309725,Psikolog / Terapist
Psk. Behlül K. Doğruer,+908508118816,Psikolog / Terapist
"Aura Psikoterapi, Sanatla Tedavi ve Eğitim Merkezi",+902122516809,Psikolog / Terapist
Lunar Psikoterapi Merkezi,+902122451146,Psikolog / Terapist
Pera Counseling,+905335020525,Psikolog / Terapist
Uzm. Feyza Kutlu Konuk Çocuk Gelişim Merkezi,+905334767404,Diğer (Sağlık & Bakım)
Uzm Kln Psk Şahin Torgut,+905373050098,Psikolog / Terapist
Uzman Psikolog Alanur ÖZALP,+905322639447,Psikolog / Terapist
Nadas Psikolojik Danışmanlık,+902122439447,Psikolog / Terapist
Pozitif Psikoloji Danışmanlık ve Eğitim Merkezi,+905303625564,Psikolog / Terapist
Online Psikolog Selda Yılmaz,+905419237660,Psikolog / Terapist
Uzman Psikolog Şevval YILDIZ,+905379184789,Psikolog / Terapist
analitik perspektif,+905066374927,Psikolog / Terapist
Doç. Dr. Murat Artıran,+905465673420,Psikolog / Terapist
Adapte Psikoloji - Kln. Psk. Dilara Irmak Gaygusuz,+905456768826,Psikolog / Terapist
Klinik Psikolog Tuğçe Turanlar,+905320533992,Psikolog / Terapist
Eutopia Psychotherapy,+905438369782,Psikolog / Terapist
Jungiyen Psikodrama,+905333629311,Psikolog / Terapist
Pegah Ada İpekçi,+905548829583,Psikolog / Terapist
Uzm. Psk. ALKIM SEVEN / Psikoterapist - Nöropsikolog,+905534173748,Psikolog / Terapist
Karaca Klinik Fizyoterapist Alper Karaca Fizyoterapi Manuel Terapi Pilates Yoga,+905418070249,Psikolog / Terapist
İletişim Psikolojik Danışma ve Eğitim Merkezi,+902122519235,Psikolog / Terapist
damla çimen,+905437348083,Psikolog / Terapist
Uzman Psikolog Pınar ERKMEN,+905300811835,Psikolog / Terapist
Yolda Psikoloji,+905369801109,Psikolog / Terapist
"Uzman Klinik Psikolog Sultan Seçkin,",+902122525216,Psikolog / Terapist
Uzman Klinik Psikolog Beste Işıklı,+905057250998,Psikolog / Terapist
Klinik Psikolog Çağla Şen,+902123567676,Psikolog / Terapist
Doktor Hayrettin Kundur İç Hastalıkları Uzmanı,+902122443357,Diğer (Sağlık & Bakım)
Varoluşçu Akademi Galata,+905307845640,Psikolog / Terapist
psycup,+905426480821,Psikolog / Terapist
İstanbul Terapi,+902122926020,Psikolog / Terapist
Klinik Psikolog Büşra Berna Yılmaz,+905445622759,Psikolog / Terapist
"Uzm. Kl. Psk. Ayşenur Yüksel, Psikoloji",+905304823110,Psikolog / Terapist
Psikiyatr - Prof.Dr.Ayhan Kalyoncu,+902122513030,Diğer (Sağlık & Bakım)
Uzman Psikolog Hanife Nur Ergand,+908504747837,Psikolog / Terapist
Mentalift,+905068729313,Psikolog / Terapist
Klinik Psikolog Aleyna Kaloş,+905318201208,Psikolog / Terapist
Uzman Psikolog Gizem Topkara,+905466967978,Psikolog / Terapist
"Uzm. Klinik Psikolog Cansu Yırtar, Psikoloji",+905534701173,Psikolog / Terapist
Gökhan Avcı Hair Studio Man & Woman,+905426405798,Kuaför / Berber
Ayyıldız Kuaför,+902127871998,Kuaför / Berber
Seda KOÇ Kuaför/ Güzellik merkezi,+905305238413,Güzellik Salonu
Sevil TÜZÜN Saç Atölyesi,+902127892624,Kuaför / Berber
Kuaför Zeki Volkan,+902127871119,Kuaför / Berber
İkbal kuafor ve guzellik merkezi,+905464020611,Güzellik Salonu
Capital Hair Studio,+905432196490,Kuaför / Berber
Çınar Kuaför,+902127893801,Kuaför / Berber
Derya Kaya Hair & Makeup Studio,+905453702557,Güzellik Salonu
Bülent Kadir Saç Tasarım,+902127893666,Kuaför / Berber
DIAMOND GÜZELLİK MERKEZİ,+905321798038,Güzellik Salonu
Egemen ozansak hair,+905439511712,Kuaför / Berber
--,+905375233116,Kuaför / Berber
Moon Güzellik Merkezi,+905374098080,Güzellik Salonu
Polo Erkek Kuaförü,+905382287070,Kuaför / Berber
Eren Erkek Kuaförü,+905353569469,Kuaför / Berber
Kestanelik Erkek kuaförü,+905385412338,Kuaför / Berber
Halil Erkek Kuaförü,+905358197923,Kuaför / Berber
FERDİ ÇAM HAİR DESİGN,+905396331246,Kuaför / Berber
Elit Erkek Kuaforu,+905326386950,Kuaför / Berber
Güzel Erkek Kuaförü,+905453120795,Kuaför / Berber
EmrahBarber,+905433765213,Kuaför / Berber
ESRA YAZER GÜZELLİK SALONU,+905433741941,Güzellik Salonu
Çarşı Kuaför,+905444205161,Kuaför / Berber
Seher Koca Beauty Center Çatalca Güzellik Merkezi,+905541861160,Güzellik Salonu
Vanessa Güzellik ve Bakım Stüdyosu,+905435270850,Güzellik Salonu
Saloon Hakan,+905393580138,Kuaför / Berber
Aleyna Beauty Center,+905550735749,Güzellik Salonu
Öznur & Selda Kuaför,+902127892127,Kuaför / Berber
ASLAN BERBER & DUŞ & ÇAMAŞIRHANE,+905544650289,Kuaför / Berber
İlknur Kuaför,+902127891170,Kuaför / Berber
Esin Uzer Güzellik Merkezi,+905011661630,Güzellik Salonu
Eymen Erkek Kuaförü Çatalca,+905349726698,Kuaför / Berber
ÇAKIL BAYANKUAFÖR💇‍♀️ Nilgün filiz,+905337346756,Güzellik Salonu
Gidişoğlu Berber Salonu,+905348953043,Diş Kliniği
Anıl güler Erkek Kuaförü,+905423806617,Kuaför / Berber
Tufan Erkek Kuaförü,+905427760913,Kuaför / Berber
Pınar Çakı Nail Studio,+905434849940,Güzellik Salonu
Plaçka,+905386558668,Kuaför / Berber
Ali erkek kuaförü,+905426803817,Kuaför / Berber
Esse Klinik Güzellik Merkezi,+905443730966,Güzellik Salonu
22 /INK TATTOO STUDIO,+905442590774,Dövme & Piercing
Çatalca Arkadia Kuaför ve Güzellik Salonu,+905301132436,Güzellik Salonu
Dakota Tattoo Gallery,+905355203108,Dövme & Piercing
SİS TATTOO PİERCİNG,+905414264983,Dövme & Piercing
Blacksilvertattoo,+905526049210,Dövme & Piercing
BienArt Tattoo Gallery,+905055124021,Dövme & Piercing
BEYOGLUM TATTOO,+905374001313,Dövme & Piercing
JUST TATTOO INK,+905364750744,Dövme & Piercing
Hat Tattoo pıercıng silver shop,+905309436798,Dövme & Piercing
Tattoo Arjin Tattoo Studio,+905320678918,Dövme & Piercing
Kalıcı Makjay ve Dövme Tattoo Piercing Merkezi,+905325959139,Dövme & Piercing
Fırat Tattoo Studio – Beyoğlu,+905010473669,Dövme & Piercing
FLAP INK,+905063735379,Dövme & Piercing
Black Tattoo Silver,+905452424700,Dövme & Piercing
resul odabaş,+905323221696,Dövme & Piercing
Vors Tattoo Studio,+905302444770,Dövme & Piercing
The grey beautycenter& Tatto,+905386673096,Dövme & Piercing
One & Nıne Tattoo supplyy,+905321602857,Dövme & Piercing
Dövme Stüdyosu ENGİN ŞAHİN,+905545653739,Dövme & Piercing
212 Tattoo&Piercing&Permanent Make-Up,+902122524655,Dövme & Piercing
Urania Tattoo Design,+905346359912,Dövme & Piercing
Andok Çelik Tatto Art,+905060245082,Dövme & Piercing
Ruhsel,+902122528055,Dövme & Piercing
Hygge Skin Art,+905337194678,Dövme & Piercing
Gold Ink Tattoo Piercing,+905321689663,Dövme & Piercing
Antique Tattoo Galata,+905551905895,Dövme & Piercing
Arsin Tattoo,+905010820094,Dövme & Piercing
Tattoo CADU,+905388709228,Dövme & Piercing
Tattoo And Tuğba,+905536099034,Dövme & Piercing
BEYAZITINK,+905414044017,Dövme & Piercing
Elix Tattoo,+905303411938,Dövme & Piercing
tattoo pandaria,+905320574300,Dövme & Piercing
UGUR AVCU TATTOO ART,+905443663349,Dövme & Piercing
byvasovasiko,+905332036740,Dövme & Piercing
Artist Tattoo Studio,+905496392090,Dövme & Piercing
deq tattoo,+905435110686,Dövme & Piercing
Me Tattoo Needle Art Studio,+905346528987,Dövme & Piercing
Geçici_tatto_centre,+905451281119,Dövme & Piercing
Lima Tattoo,+905449280005,Dövme & Piercing
Siiid station,+905522500943,Dövme & Piercing
SPEEDY STUDIO CENTER,+905312933162,Dövme & Piercing
By Şebnem Art Tattoo,+905425995796,Dövme & Piercing
Petra Tatto,+905369733398,Dövme & Piercing
74.CADDE TATTOO,+905343335110,Dövme & Piercing
Demirhan Calda - Dövme Sanatçısı,+905428355440,Dövme & Piercing
INKODA Studio,+905389718052,Dövme & Piercing
Ink Parlour Tattoo&Piercing&Beauty,+905380368018,Dövme & Piercing
HaTtatto,+905334333847,Dövme & Piercing
Permanent Make Up Tattoo,+902122347358,Dövme & Piercing
edovmemalzemesi.com,+902122458863,Dövme & Piercing
Art Stage Tattoo,+905411340010,Dövme & Piercing
DY TATTOO & JEWELLERY,+905550201405,Dövme & Piercing
Diyetisyen Ayşenur İNAN Beyoğlu,+905510785170,Diyetisyen
Dyt. Zeynep Pelin Genç,+905301852206,Diyetisyen
Diyetisyen Esra Günaydın Beslenme ve Diyet Danışma Merkezi,+905063132292,Diyetisyen
Uzman Diyetisyen Şevval Bozkurt Beslenme ve Diyet Danışmanlığı,+905355634938,Diyetisyen
Dilay Yavuz Beslenme ve Diyet Danışmanlığı,+905532323098,Diyetisyen
Tutar'lı Diyet Beslenme Danışmanlık&Yaşam Koçluğu,+902122507698,Psikolog / Terapist
"Dyt. Gökçe Kapçak, Diyetisyen",+902122364003,Diyetisyen
Diyetisyen Dilek Şen,+905313276010,Diyetisyen
Bir Şef Bir Diyetisyen Klinik,+905456035605,Diyetisyen
Diyetisyen Ece Doğan,+905318893356,Diyetisyen
Focus Fitness Sports Center,+905375079600,Kuaför / Berber
Sura Pilates Studio,+905401507550,Pilates / Yoga
Cihangir Pilates,+905336664045,Pilates / Yoga
Pss Pilates Cihangir,+905334105984,Pilates / Yoga
Akira Pilates,+905411499844,Pilates / Yoga
Kriya Pilates Studio,+905061035372,Pilates / Yoga
Studio Mavi Beyaz,+905326258640,Pilates / Yoga
The Corner Pilates,+905421057500,Pilates / Yoga
Pilateshane,+905068175946,Pilates / Yoga
Pilates Room,+902122491338,Pilates / Yoga
Goal Fitness & Pilates,+905411958007,Pilates / Yoga
Baze Gym & Pilates,+905313838693,Pilates / Yoga
Rouma Fitness Pilates,+902122459982,Pilates / Yoga
Ace Of Gym & Pilates,+905322409731,Pilates / Yoga
Bounce Pilates Beyoğlu,+905321727534,Pilates / Yoga
Training House No:4,+905547236545,Pilates / Yoga
XOOM Training Club Piyalepaşa,+908507111171,Kuaför / Berber
Flash Gym,+902122495347,Kuaför / Berber
Pilates Mood,+902122451255,Pilates / Yoga
RU Healthy Cihangir,+905403130173,Diğer (Sağlık & Bakım)
Piyalepaşa Fitness,+905354662511,Kuaför / Berber
NOAGYM,+905303433736,Kuaför / Berber
GYROTONIC Istanbul Center,+902164781768,Kuaför / Berber
FitCat Pilates & Personal Training,+905548482588,Pilates / Yoga
Quake Exercises,+905303901453,Kuaför / Berber
HASKÖY PROPLUS SPOR FİTNESS GYM,+905050988765,Kuaför / Berber
Ft &Fitness,+905423510853,Kuaför / Berber
Spoıum Gym,+902122387170,Kuaför / Berber
Cihangir Yoga,+905317423210,Pilates / Yoga
Spor City,+903488132525,Kuaför / Berber
"Krav Maga, Krav Magen İstanbul",+905354669266,Kuaför / Berber
Defence & Athletics Club Piyalepaşa Şubesi,+905349844878,Kuaför / Berber
Urban Boxing Turkey,+905307674732,Kuaför / Berber
Hasköy Sporium,+905376601373,Kuaför / Berber
İBRAHİM YURDAKUL Kick Boks Spor Salonu,+905535814569,Kuaför / Berber
Qualia Spa & Fitness Radisson Blu hotel Pera ( Massage & Turkish bath hammam ),+905389284659,Diş Kliniği
Jatomi Fitness Demirören,+902129118225,Kuaför / Berber
Herkes İçin Pilates,+905436271463,Pilates / Yoga
Kübra Sülün Beauty,+905368304269,Güzellik Salonu
SEVIMLI GUZELLIK SALONU,+905537046472,Güzellik Salonu
Anıls secret estetik ve güzellik,+905523355667,Güzellik Salonu
Tykhe Beauty Güzellik Merkezi,+902128642574,Güzellik Salonu
Magiclife Güzellik Salonu Büyükçekmece,+905530690306,Güzellik Salonu
Pervin Güzellik Salonu,+905065083434,Güzellik Salonu
Sies Güzellik Salonu,+905330330202,Güzellik Salonu
NÜKHET KUAFÖR & GÜZELLİK SALONU,+905397982350,Güzellik Salonu
Zuhal Çağlar Güzellik Salonu,+905392335490,Güzellik Salonu
BÜŞRA ÖNAL BEAUTY,+905442529001,Güzellik Salonu
Salon Cevdet Eroğlu Bay & Bayan Kuaför,+905413693455,Kuaför / Berber
Blush Beauty İstanbul,+905336732023,Güzellik Salonu
Neli Güzellik Salonu,+905321609950,Güzellik Salonu
Merve Uzun Beauty Cosmetic,+905442981311,Güzellik Salonu
güzellik merkezi,+905383513329,Güzellik Salonu
DG Güzellik Salonu,+905421445365,Güzellik Salonu
EMVY GÜZELLİK MERKEZİ,+902128642414,Güzellik Salonu
Rönesans Büyükçekmece Güzellik Merkezi,+905308336385,Güzellik Salonu
SALON ELİF BAY BAKIM MANİKÜR SALONU (ERKEK MANİKÜR SALONU),+905327925912,Kuaför / Berber
Güven Ayhan Kuaför,+905327664929,Kuaför / Berber
Emre Tunca Bayan Kuaför,+902127415100,Kuaför / Berber
NORTH GÜZELLİK,+902128837676,Güzellik Salonu
Somer Karaz Güzellik Salonu,+902128824245,Güzellik Salonu
Öznur Güzellik salonu,+905309647676,Güzellik Salonu
Este Vizyon - Estetik & Güzellik Epilasyon Batık Tedavisi Lazer Cilt Bakımları Akne Sivilce İzleri Çatlak Selülit Zayıflama 3D Microbloding Kalıcı Makyaj,+902128642636,Güzellik Salonu
MEHMET ERKAN,+902128820712,Kuaför / Berber
Liatris&Mya Güzellik Salonu,+905317227661,Güzellik Salonu
Mesut Altınbaş Güzellik Salonu,+905340680591,Güzellik Salonu
Semra Taniş Güzellik Salonu,+905335148767,Güzellik Salonu
Ceylin&Serdar Bayan kuaförü,+905434984644,Güzellik Salonu
D&G Hair Makeup Studio,+905303062610,Güzellik Salonu
best beauty saloon,+905352246300,Güzellik Salonu
Esse Kuaför Alkent,+902128580318,Kuaför / Berber
Kuaför Beşir Aydin,+905368866047,Kuaför / Berber
E.Didem Toktaş Beauty,+905338994665,Güzellik Salonu
Svitlana Güzellik,+905396838151,Güzellik Salonu
Paris Kuaför,+902128816209,Kuaför / Berber
Büyükçekmece Masaj Salonu,+902128562057,Kuaför / Berber
Eminem & Selçuk Bayan Kuaförü,+902128815898,Kuaför / Berber
Şahin Kuaför,+902128821638,Kuaför / Berber
İnci Oğlak Hair Design Makeup,+905415140617,Güzellik Salonu
BARIŞEFİLOĞLUBARBER'SCLUB,+905078185234,Kuaför / Berber
Turkey Hair Clinic,+902125917291,Güzellik Salonu
Cem Bayan Kuaförü,+905365286412,Kuaför / Berber
Nehir Ulus Güzellik,+905443711426,Güzellik Salonu
ÖMER AKINCI BARBERSHOP,+902128303125,Kuaför / Berber
Zen Premium Fitness & Spa,+905305249103,Diğer (Sağlık & Bakım)
Salon Prestij Erkek Kuaförü,+905327852954,Kuaför / Berber
KUAFÖR YUSUF,+905370576075,Kuaför / Berber
Lucca barber studio,+905356766575,Kuaför / Berber
Adm Erkek Kuaförü,+905363666314,Kuaför / Berber
Sam Saç Dünyası - Doğal Ve Ham Saç Toptan-Perakende Satış,+905411585151,Kuaför / Berber
Lütfiye Oktay Kuaför,+905385012283,Kuaför / Berber
Gülender Berber Club,+905388301964,Kuaför / Berber
Factory Athletic Atirus,+905344397174,Kuaför / Berber
Büyükçekmece Dövme Pınar,+905364824079,Dövme & Piercing
Monalis Sa Hair,+905348984742,Kuaför / Berber
Nagi Bayan Kuaförü,+905456650145,Kuaför / Berber
Vogue Hair Studio Fatih Mestan Kuaför,+905345199818,Güzellik Salonu
HAMZA SARI BAYAN KUAFÖRÜ H&S HAİR STUDİO,+905458252030,Kuaför / Berber
Bangs kuaför güzellik merkezi,+905535828308,Güzellik Salonu
Emrah İlbin Hair Palace,+905326650262,Güzellik Salonu
Beyefendi Kuaför İstanbul,+902128556214,Kuaför / Berber
NAİL KUTMAN BAYAN KUAFÖRÜ,+905396199878,Güzellik Salonu
Hair house,+902128827473,Kuaför / Berber
İmaj Bay ve Bayan Kuaförü,+905305428542,Kuaför / Berber
MEX HAIR STUDIO BAY&BAYAN&ÇOCUK,+905384630151,Kuaför / Berber
Nedim Karalar kuaför,+905542459128,Güzellik Salonu
THOR Kuaför & Güzellik,+905467272656,Güzellik Salonu
İREM BAYAN KUAFÖRÜ,+902128641090,Kuaför / Berber
THE TOLUN BAY BAYAN KUAFÖR,+905464621777,Kuaför / Berber
Elit Bayan Kuaför ve Güzelllik Merkezi,+905422647048,Kuaför / Berber
Ali Kılıçoğlu Bayan Kuaförü,+905427119956,Kuaför / Berber
Salon by Ulaş,+902128812301,Kuaför / Berber
Kılıç Hair Studio,+905431971432,Kuaför / Berber
Mehmet Turgut Saç Tasarım,+905449268088,Kuaför / Berber
Kuaför Süleyman Yavuz,+905356839778,Kuaför / Berber
Belinda Kuaför,+902128810518,Kuaför / Berber
Zeynel Kübra Bayan Kuaförü,+905326553448,Kuaför / Berber
Salon Mac,+902128861222,Kuaför / Berber
SALON GRAVAT,+905321733978,Kuaför / Berber
NEZİHA YAVUZBİLGE BAYAN KUAFÖRÜ,+905064787520,Kuaför / Berber
Makkas Bayan Kuaförü,+905316275779,Kuaför / Berber
Yağmur Bayan Kuaförü,+905537703225,Kuaför / Berber
ALKENT ERKEK KUAFÖRÜ,+905367480757,Kuaför / Berber
Elmas Bayan Kuaförü,+905309647690,Kuaför / Berber
Şahin Hair Palace,+905551709591,Kuaför / Berber
HIRA HAIRDESIGN,+902128830768,Kuaför / Berber
Gölge Bayan Kuaförü,+905352303753,Kuaför / Berber
Viyana Erkek Kuaförü,+905074488098,Kuaför / Berber
Salon Müjgan,+902128825552,Kuaför / Berber
Mesut Özcan Erkek Kuaförü,+905353625622,Kuaför / Berber
PARK PET KUAFÖR & SPA VE PET SHOP,+905303078585,Kuaför / Berber
ALTAY ERKEK KUAFÖRÜ,+905433760647,Kuaför / Berber
By Bora Erkek Kuaförü,+905323863591,Kuaför / Berber
Oba Erkek Kuaförü - Büyükçekmece Erkek Kuaförü,+905370336810,Kuaför / Berber
Gür Erkek Kuaförü,+905359763269,Kuaför / Berber
EMİR KUAFÖR,+905394211978,Kuaför / Berber
Blue White Esra Bayan Kuaförü,+905330354612,Kuaför / Berber
Beylikdüzü beykent serbest bayan kuaförü evlere,+905344088575,Kuaför / Berber
Baysoy Erkek Kuaförü,+905469495604,Kuaför / Berber
Bado Erkek Kuaförü,+905374506249,Kuaför / Berber
Beria Estetik Güzellik,+902128720600,Güzellik Salonu
İnnovation Beykent Güzellik Merkezi,+905451009091,Güzellik Salonu
Clara Güzellik Salonu,+905537105175,Güzellik Salonu
MAYMİRA ZAYIFLAMA VE GÜZELLİK MERKEZİ,+905302666472,Güzellik Salonu
Klinik Psikolog Vedat Demiral,+905325480780,Psikolog / Terapist
Klinik Psikolog Uzman Nergiz Tuba Çağıl,+902129094179,Psikolog / Terapist
Klinik Psikolog Uzman Sevde Türk Göktaş,+905351081088,Psikolog / Terapist
Klinik Psikolog Uzman Ebru SOYDAŞ,+905300825200,Psikolog / Terapist
Klinik Psikolog Selin Turan Altıer,+905398255991,Psikolog / Terapist
Esra Erkişi Psikoloji & Danışmanlık,+905394071050,Psikolog / Terapist
Uzman Psikolog Büşra Üstün,+905421527751,Psikolog / Terapist
Uzman Psikolog Melikşah ÇIKRAK,+905459719956,Psikolog / Terapist
Brain Danışmanlık,+905425412016,Psikolog / Terapist
Klinik Psikolog Necla Tarı - Bireysel Terapiler/Aile ve Çift Terapisti,+905526681663,Psikolog / Terapist
Klinik Psikolog Merve Çiltaş Demirdelen,+905319295158,Psikolog / Terapist
Uzman Klinik Psikolog Saadet Yavuzbilge Bedir,+905424684806,Psikolog / Terapist
Klinik Psikolog Doğukan Terzi,+905011388434,Psikolog / Terapist
Uzm. Psikolog İrem Arslan,+905435412948,Psikolog / Terapist
Klinik Psikolog Merve Koldaş,+905438758883,Psikolog / Terapist
Uzm. Kl. Psk. Nur Eda Kaplan,+905530876004,Psikolog / Terapist
KLİNİK PSİKOLOG KIYMET YAMAN,+902128638898,Psikolog / Terapist
Klinik Psikolog Dilara Pampal,+905323359573,Psikolog / Terapist
HÜMA Psikoloji & Biorezonans - Uzm. Kln. Psk. Asya Kübra Cankara,+905322038009,Psikolog / Terapist
Klinik Psikolog İrem Akkan,+905324032689,Psikolog / Terapist
Uzm. Kl. Psk. Merve Mulcar,+905353638900,Psikolog / Terapist
Klinik Psikolog Selma Boztaş,+905300349087,Psikolog / Terapist
Uzman Klinik Psikolog Yaren İlayda Korman,+905345857101,Psikolog / Terapist
Klinik Psikolog Evin Şen,+905303388564,Psikolog / Terapist
Psikolog Ege Çağın Ziylan,+905356255065,Psikolog / Terapist
Nars Psikoloji Kliniği,+905303504637,Psikolog / Terapist
Cansu Aslankaya Psikoloji Danışma Merkezi/Büyükçekmece EMDR Terapi / Ergen Terapi / Online Terapi / Aile Ve Çift Terapisi,+905468533223,Psikolog / Terapist
Uzm. Kl. Psk. Dilek Memnun,+908504742814,Psikolog / Terapist
Atılım Psikoloji Kliniği,+905056326249,Psikolog / Terapist
KLİNİK PSİKOLOG SOLMAZ ALTUNÇANAK BEYLİKDÜZÜ,+905522019900,Psikolog / Terapist
Psikolog Nur Banu Öz,+908504746757,Psikolog / Terapist
Psikolog Yağmur Kaplan,+905533930520,Psikolog / Terapist
Psk. Hande Gizem Yılmaz,+905415668464,Psikolog / Terapist
Klinik Psikolog Osman BAHÇECİ,+902127710058,Psikolog / Terapist
Karşı Koltuk Psikiyatri,+905467911671,Psikolog / Terapist
روانشناس فارسی,+905348341588,Psikolog / Terapist
Uzm. Klinik Psikolog Serdar Vatansever,+905495801313,Psikolog / Terapist
Klinik Psikolog Başak AKÇA ARSLAN,+905349105198,Psikolog / Terapist
Uzman.Psikolog.Gulten Koç Sanioglu,+905302291141,Psikolog / Terapist
Psikolojiden.com,+905073795937,Psikolog / Terapist
Uzman Klinik Psikolog Tuğçe Gürsoy Çamlıca,+902129126560,Psikolog / Terapist
Klinik Psikolog Nursena Ocak Çiçek,+905525024590,Psikolog / Terapist
Uzm. Kl. Psk. Melike Çapkın,+908504746365,Psikolog / Terapist
Piyodi Studio,+905458659390,Pilates / Yoga
Uzm. Psk. Ayşegül Akgün Sütcü,+905347234340,Psikolog / Terapist
"Kl. Psk. İpek Karğun, Psikoloji",+905315938875,Psikolog / Terapist
Psikolog Zeynep Aksu,+905307834388,Psikolog / Terapist
Prof. Dr. Baha Çelik - Fiziksel Tıp ve Rehabilitasyon Uzmanı & Akupunkturist,+902125431010,Psikolog / Terapist
Vajinismus Tedavisi - Uzman Psikolog Gizem Çelik,+905393738826,Psikolog / Terapist
"Çocuk, Ergen ve Oyun Terapisti Aysel Atalay",+905459560136,Psikolog / Terapist
Psikolog Berfin Eyemen,+905412468773,Psikolog / Terapist
Ceylan Koç Beauty,+905466516139,Güzellik Salonu
ALBATROS Ağız ve Diş Sağlığı Polikliniği,+902128304424,Diş Kliniği
Loradent Ağız Ve Diş Sağlığı Polikliniği,+905469060794,Diş Kliniği
Marinadiş Ağız ve Diş Sağlığı Polikliniği,+902128820802,Diş Kliniği
ElsaDENT Ağız Ve Diş Sağlığı Polikliniği,+905337147010,Diş Kliniği
ÖZEL ASDENT AĞIZ VE DİŞ SAĞLIĞI POLİKLİNiĞi,+902128826982,Diş Kliniği
ASLIDENT AĞIZ VE DİŞ SAĞLIĞI POLİKİLİNİĞİ,+905468815526,Diş Kliniği
Özel Büyükçekmece Ağız ve diş sağlığı polikliniği,+905365171718,Diş Kliniği
Alkent Ağız Ve Diş Sağlığı Polikliniği,+905528827778,Diş Kliniği
özel mine ağız ve diş sağlığı polikliniği,+902128836221,Diş Kliniği
Özel Ersa Ağız ve Diş Sağlığı Polikliniği,+902128560050,Diş Kliniği
Yıldırım Ceylan Dental Klinik,+905323691066,Diş Kliniği
Hakan Aksu Dental Klinik Ağız Ve Diş Sağlığı Polikliniği,+902128643452,Diş Kliniği
AsilDiş Ağız ve Diş Sağlığı Polikliniği,+905070491509,Diş Kliniği
WeDent DİŞ Ağız ve Diş Sağlığı Polikliniği,+905353201010,Diş Kliniği
Nöbetçi dişçi | Büyükçekmece Diş Hekimi Arif Can Kaya,+905522866365,Diş Kliniği
WeDent Tepecik Dişçi Ağız ve Diş Sağlığı Polikliniği,+905365174661,Diş Kliniği
Diş Hekimi Kenan ÇALIŞKANOĞLU,+902128834644,Diş Kliniği
Diş Hekimi Murat Kefkir Diş Kliniği,+905466737738,Diş Kliniği
Dentinart Ağız ve Diş Sağlığı Polikliniği,+902128540467,Diş Kliniği
DİŞ HEKİMİ MERTKAN KARADENİZ,+902128830676,Diş Kliniği
Özel Detay Ağız ve Diş Sağlığı Polikliniği,+902128728562,Diş Kliniği
Dtzirkon ağız ve diş sağlığı polikinliği,+905421499021,Diş Kliniği
Diş Hekimi Eşkan Eminferzane,+905323331504,Diş Kliniği
Everydent Ağız ve diş sağlığı polikliniği,+905549628237,Diş Kliniği
Şebnem Öntürk Dental Klinik,+905312881358,Diş Kliniği
Dt. Murat Kozan,+902128640956,Diş Kliniği
DİŞ HEKİMİ Uğur ALTUNKAYA,+902128814049,Diş Kliniği
Diş Hekimi Emrah Girgin,+905013230192,Diş Kliniği
Diş Hekimi Gülizar Çelik,+902128835382,Diş Kliniği
Diş Hekimi Yıldız Can,+902128633332,Diş Kliniği
Aliv Clinic Dental Implants & Hollywood Smile Istanbul,+905431922792,Diş Kliniği
Melsadent Ağız ve Diş Sağlığı Polikliniği - Tuzla Diş Kliniği,+905461913210,Diş Kliniği
Diş hekimi 6161,+902128610877,Diş Kliniği
Dt. Özlemin Eriçyel,+908508115238,Diş Kliniği
Yeni Huzur Ağız ve Diş Sağlığı Polikliniği,+905528246921,Diş Kliniği
Özel Konuralp Ağız Ve Diş Sağlığı Polikliniği,+905559943551,Diş Kliniği
Özel Kuzey Diş Ağız ve Diş Sağlığı Polikliniği - Üsküdar Diş,+905527478998,Diş Kliniği
Colored Needle Tattoo,+905414169000,Dövme & Piercing
TATTOOPLAY Dövme Stüdyosu,+905362505299,Dövme & Piercing
Zuzink Tattoo,+905393111815,Dövme & Piercing
Elite Ink Tattoo & Piercing Studio Sinanoba,+905411230242,Dövme & Piercing
Black Banner Tattoo Studio,+905453012580,Dövme & Piercing
Engravetattoo91,+905522378290,Dövme & Piercing
TattooHub34,+905453594059,Dövme & Piercing
Tattoo'LGa Studio,+905436285610,Dövme & Piercing
Elif & Ayşe Hair Make-up Studio,+905076300959,Kuaför / Berber
EMRAH ÜNLÜ HAIR DESIGNER,+905616132014,Kuaför / Berber
Des Kuaför,+905319137008,Kuaför / Berber
MODA KUAFÖR,+902126744564,Güzellik Salonu
Ebru Şimşek Studio,+905394507734,Kuaför / Berber
Fuat uykan hair desing,+902126170052,Güzellik Salonu
Birsen Yıldız,+902125785554,Kuaför / Berber
Gökhan Eriş Saç Tasarım,+902124791280,Kuaför / Berber
The Paris Kuaför&Solaryum,+905350418566,Kuaför / Berber
Yasmin Bayan Kuaförü,+905340112304,Kuaför / Berber
Aynur Aygül Hair & Makeup Studio,+905340335938,Güzellik Salonu
Değişim Bayan Kuaför,+902125444796,Kuaför / Berber
By Ali Koçak Kuaför,+905535259013,Kuaför / Berber
Kuaför Murat,+905369365451,Kuaför / Berber
Salon Serkan,+905464045730,Kuaför / Berber
Kuafor SAS,+905352347803,Kuaför / Berber
Women city Bayan Kuaförü,+905070592099,Kuaför / Berber
Kada Kuaför,+905324052227,Kuaför / Berber
Beyaz KUAFÖR,+905327613977,Kuaför / Berber
Murat Aygen Saç Tasarım,+902125671300,Kuaför / Berber
Damla Arı,+902125383637,Kuaför / Berber
Dilber Savuran Hair Make Up Studio,+905436762123,Kuaför / Berber
Berna Bayan Kuaförü,+902126182517,Kuaför / Berber
Prestij Kuaför Men,+905359495268,Kuaför / Berber
Maxim Kuaför,+905384073211,Kuaför / Berber
Ayşegül Bayan Kuaförü,+902125675140,Kuaför / Berber
Hucci Hair Design- BAYAN KUAFÖRÜ,+905364960648,Kuaför / Berber
SALON EYLÜL BAYRAMPAŞA,+905330862210,Kuaför / Berber
Tırnak Kirpik Atölyesi -Delfin bayan kuaförü-Misswolla,+905549741917,Güzellik Salonu
Pınar Demirok Hair & Makeup Studio,+905541356665,Güzellik Salonu
Değişim Bayan Kuaförü,+902126179793,Kuaför / Berber
Mehtap Bayan Kuaförü,+902125380035,Kuaför / Berber
SALON MELİH KARTAL,+905398625234,Kuaför / Berber
Güneş Bayan Kuaförü,+902124370020,Kuaför / Berber
YavuzCan Kuaför Malzemeleri,+905523995148,Kuaför / Berber
Caprise Bayan Kuaförü,+902125650575,Kuaför / Berber
Şükran Kuaför,+902125781016,Kuaför / Berber
gamze bayan kuaförü,+905313663112,Kuaför / Berber
Selami Kuaför,+905323141563,Kuaför / Berber
Fenomen Erkek Kuaförü,+905446982001,Kuaför / Berber
Ali Kuaför,+902125651348,Kuaför / Berber
Kuaför Hayriye,+902125457200,Kuaför / Berber
Diva Kuaför,+905364358101,Kuaför / Berber
My Style Kuaför,+905326515524,Kuaför / Berber
Ebrum Kuaför,+902126745159,Kuaför / Berber
Alâ Moda Evi Ve Kuaför,+905355162828,Kuaför / Berber
Nihat Erkek Kuaförü,+905382332496,Kuaför / Berber
Yeditepe Kuaför Salonu,+905359614297,Kuaför / Berber
Diyetisyen Dilara Çaçan,+905445452581,Diyetisyen
Diyetisyen Sefa Merve Aydın,+905451764961,Diyetisyen
Dyt. Buse Küçükdemir,+905322920244,Diyetisyen
Diyetisyen Ezgi Muşlu,+905377827013,Diyetisyen
Diyetisyen Simay GÜNEY ŞENTÜRK,+905441992633,Diyetisyen
Diyetisyen EMİRE SEZGİN - BÜYÜKÇEKMECE,+905303243396,Diyetisyen
Diyetisyen Bahar İshakoğlu,+905365156151,Diyetisyen
DİYETİSYEN NURTAÇ ZEYNEP KALKAN,+905356640680,Diyetisyen
Diyetisyen Burcu YILDIZ,+902128633438,Diyetisyen
Diyetisyen Melis Ece,+902128636313,Diyetisyen
Diyetisyen Ecenur Bozacı,+905382879590,Diyetisyen
Diyetisyen Sümeyra Kumru,+908508110334,Diyetisyen
Diyetisyen Özge Akçöltekin,+905459583192,Diyetisyen
Diyetisyen Semanur Küçük,+905380125655,Diyetisyen
Diyetisyen İclal ÖZ,+905307371878,Diyetisyen
Diyetisyen Sema Çolak Beslenme ve Diyet Danışmanlığı,+905061507297,Diyetisyen
Wellness Yaşam Merkezi,+905057781146,Diyetisyen
Diyet Merkez / Uzman Diyetisyen Hatice Özer,+905423832408,Diyetisyen
İNLİFE PİLATES,+902128642822,Pilates / Yoga
Pilates House,+905317615543,Pilates / Yoga
Eylemsi Pilates Stüdyosu,+905304724074,Pilates / Yoga
Fit Body Training Pilates Stüdyosu,+905078819570,Pilates / Yoga
TO PİLATES,+905307019371,Pilates / Yoga
Nicely Pilates Studio,+905348945302,Pilates / Yoga
Pelin Tek Studio,+905394958507,Kuaför / Berber
MST Studio Pilates,+905355555942,Pilates / Yoga
Rota Pilates Studio,+905418598626,Pilates / Yoga
Forme Clubhouse,+905333846493,Kuaför / Berber
Joseph's Ladies Pilates Studio Büyükçekmece,+905538686253,Pilates / Yoga
Albatros Fit Stüdyo - Pilates ve Fitness,+905313165363,Pilates / Yoga
AFC Alvina Fit Club Kadınlara Özel Spor Pilates ve Yoga Salonu,+905558584652,Pilates / Yoga
HY Pilates & Yoga,+905308131426,Pilates / Yoga
PRUVA FIT,+905347145095,Kuaför / Berber
im fit pilates & pole studio,+905417923076,Pilates / Yoga
Avenue Pilates Studio,+905394971167,Pilates / Yoga
InPilates,+905451889295,Pilates / Yoga
Clam Fizyoterapi & Pilates – Büyükçekmece,+905550534723,Psikolog / Terapist
MY Pilates Studio - Alkent şube,+905422826248,Pilates / Yoga
ONS PİLATES,+905550317172,Pilates / Yoga
"EMS LINE ( EMS FITNESS, EMS PILATES / REFORMER )",+905063991904,Pilates / Yoga
Luma Fizyoterapi & Pilates – Beylikdüzü,+905335727080,Psikolog / Terapist
STUDIO 2 BUÇUK,+905382400340,Kuaför / Berber
D-Balance Pilates Studio,+905055861538,Pilates / Yoga
Summer Fit Club,+902128680606,Kuaför / Berber
Artı Pilates,+902128640727,Pilates / Yoga
Kintsugi Pilates Büyükçekmece,+905355614675,Pilates / Yoga
MOVE BETTER Fizyoterapi & Fitness & Pilates,+902129126386,Psikolog / Terapist
istanbul olimpik spor kulübü,+905340680612,Kuaför / Berber
GYM YARD CLUB,+902128551728,Kuaför / Berber
Planet Fitness,+905522858212,Kuaför / Berber
Marin34 Fitness Club (VIP),+902129459798,Kuaför / Berber
Chai Fizyoterapi & Pilates,+905415816662,Psikolog / Terapist
MAKEOVER BESLENME VE ESTETİK MERKEZİ,+905369821530,Diyetisyen
Anatolium Vip Çatalca,+905074640434,Güzellik Salonu
Zara Güzellik Salonu,+905319517798,Güzellik Salonu
Cennet güzellik salonu,+902126285253,Güzellik Salonu
Neslim Güngen Esenler,+905309459334,Güzellik Salonu
Arna Bayan Kuaförü Ve Güzellik Salonu,+905459359651,Güzellik Salonu
Emine Arslan Güzellik Estetik,+905523035812,Güzellik Salonu
Magiclife Güzellik Salonu Esenler,+905412719144,Güzellik Salonu
EPİBEYS ESENLER GÜZELLİK SALONU,+902125621617,Güzellik Salonu
Asel Güzellik Merkezi,+905531046111,Güzellik Salonu
Elithrabeauty,+905375592664,Güzellik Salonu
Tubaliss Beauty,+905331324750,Güzellik Salonu
Yeni Dünya Güzellik Salonu,+905056751013,Güzellik Salonu
AYMİRA KOÇAKLI ESENLER,+905338967587,Güzellik Salonu
Zevahir Güzellik salonu,+905433994127,Güzellik Salonu
BONİTA GÜZELLİK,+905334251256,Güzellik Salonu
Rones Güzellik Merkezi,+905333143020,Güzellik Salonu
Hülya Güzellik Merkezi,+902124326646,Güzellik Salonu
Chrıs Güzellik Salonu,+902126111100,Güzellik Salonu
Dessa güzellik,+905057580965,Güzellik Salonu
Fidan Çakmak Güzellik Salonu,+905362400215,Güzellik Salonu
GRİ Bayan Kuaför Salonu,+905531781178,Kuaför / Berber
Eluxe Life Esenler Güzellik Merkezi,+905421566165,Güzellik Salonu
Ecem Güzellik Merkezi,+905524038285,Güzellik Salonu
HD Bayan Kuaförü Esenler,+905359642712,Kuaför / Berber
savva hair club,+902122179751,Güzellik Salonu
Eren Saç Tasarım,+905316705489,Kuaför / Berber
GÖLGE ELLER ERKEK KUAFÖRÜ ŞEHİT AİLELERİNE ÜCRETSİZDİR ESENLER İSTANBUL,+905070828136,Kuaför / Berber
Lüx Life Güzellik Salonu,+905417715023,Güzellik Salonu
Sükse Kuaför Esenler,+902126291382,Güzellik Salonu
ÖMER AKÇAY HAIR PALACE,+905451765515,Kuaför / Berber
Esenler Gelinlik Nurbella & Güzellik Salonu,+905416400155,Güzellik Salonu
Tuğba güzellik salonu,+902124297080,Güzellik Salonu
toućh exclusive HAIR DESIGN GÜZELLİK MERKEZİ,+902128034745,Güzellik Salonu
Sevgi Kuaför,+905550828889,Kuaför / Berber
Emine Pekdemir kuaför ve güzellik salonu,+905423324928,Güzellik Salonu
Ayla Kuaför Salonu,+905454278638,Kuaför / Berber
Merve Genç Saç Tasarım Ve Güzellik Salonu,+905308239628,Güzellik Salonu
Ayfer Timurtaş Güzellik Salonu,+905013664313,Güzellik Salonu
(Şerife Kuaför Eski adı) Taşındı Nihal Alataş Coiffeur&Beauty yeni adı,+902125689447,Güzellik Salonu
Hilal Şirin Güzellik Salonu,+905536860314,Güzellik Salonu
İkizler Bayan kuaförü,+905332765610,Kuaför / Berber
Büşra Karakaş Güzellik ve Bakım,+905421077894,Güzellik Salonu
Canan Bayan Kuaförü,+905310151716,Kuaför / Berber
Uzm. Klinik Psikolog Hande UYSAL GEZEN,+905449618332,Psikolog / Terapist
Klinik Psikolog Berna Özkan,+905469743401,Psikolog / Terapist
Klinik Psikolog Yeşim Işık,+905395732873,Psikolog / Terapist
TERMA SAĞLIK DİŞ POLİKLİNİĞİ,+905327891368,Diş Kliniği
Diş hekimi tolga hilal özsoy,+905327871905,Diş Kliniği
DiS HEKiMi Tarkan İp,+902127894989,Diş Kliniği
Esenler Bayan Kuaförü-Cevdet Genç,+905359632898,Kuaför / Berber
PERA BAYAN KUAFÖRÜ VE MİCROBLADİNG SALONU,+905380249338,Kuaför / Berber
Black & White Kuaför Salonu(BAY)💇🏻‍♂️💇🏻‍♂️,+905376810075,Kuaför / Berber
ORTAÇ BERBERHANE,+905050184488,Kuaför / Berber
Göksu bayan kuaförü,+905511945273,Kuaför / Berber
SALONMUSTAFA BARBERSHOP,+905074422500,Kuaför / Berber
Nes Kuaför Nurcan,+905309726605,Kuaför / Berber
KUAFÖR İSRAFİL ZENGİN (bay ve bayan lazer epilasyon ),+905444746616,Güzellik Salonu
MAADA KUAFÖR,+905465722008,Kuaför / Berber
SALON RÜZGAR ERKEK KUAFÖRÜ,+905456693828,Kuaför / Berber
Prenses Kuaför,+905377018256,Kuaför / Berber
Lina Bayan Kuaförü,+902125680075,Kuaför / Berber
Ahmetçelikhairstudio,+902125690262,Kuaför / Berber
Elit Erkek Kuaför Salonu,+902126454512,Kuaför / Berber
By Lila Kuaför,+905415417728,Kuaför / Berber
Kuaför Tifil,+905425179080,Kuaför / Berber
Kuaför Melek,+902126467576,Kuaför / Berber
Kuaför Hakan,+905423920402,Kuaför / Berber
Diyetisyen Zeynep Türker,+905306824500,Diyetisyen
Diyetisyen Almina Aksu,+905356547770,Diyetisyen
Diyetisyen Büşra Gündoğan,+905333376200,Diyetisyen
Merve Gözlü Beslenme ve Diyet Danışmanlığı,+905447952809,Diyetisyen
Diyetisyen Murat MERİÇ,+905431824325,Diyetisyen
Diyetisyen İpek Patu,+905375160117,Diyetisyen
Diyetisyen Beyza Göksel,+905342109034,Diyetisyen
çatalca sağlıklı yaşam merkezi,+905527392317,Diğer (Sağlık & Bakım)
Diyetisyen Sude Salıcı,+905521807833,Diyetisyen
Diyetisyen Sıla Çağlar,+905334435797,Diyetisyen
Diyetisyen Sena Tepe,+905436608435,Diyetisyen
Diyetisyen Sanem Küçükkılıç,+908508113763,Diyetisyen
Meltem Bilgen,+905345453384,Diyetisyen
ZEM PİLATES ÇATALCA,+905421817822,Pilates / Yoga
Fatma Işık Pilates Studio,+905340144952,Pilates / Yoga
Çiğdem Keskin Pilates,+905422248613,Pilates / Yoga
PİLASİS PİLATES STÜDYO,+905334381317,Pilates / Yoga
Estetik İncim Esenler Ağız ve Diş Sağlığı Polikliniği,+902125683400,Diş Kliniği
Dr Cleanse Güzellik & Sağlıklı Yaşam - Esenler Dörtyol Meydanı,+902126100063,Güzellik Salonu
Gülay Topdemir Güzellik,+905077483880,Güzellik Salonu
Anatolia Güzellik Hizmetleri,+902126102028,Güzellik Salonu
Mona Estetik ve Güzellik Salonu,+905010525940,Güzellik Salonu
BİG BOSS BEAUTY CENTER,+905304324634,Güzellik Salonu
Avicenna Estetik | Rinoplasti | Lipoşaksın,+902124403200,Güzellik Salonu
Medi-kim Tibbi Ve Estetik Cihazlar,+902126597001,Güzellik Salonu
İntime Estetik Merkezi,+905445468575,Güzellik Salonu
Black Star Beauty,+905469064334,Güzellik Salonu
ESENLER ÖZEL IŞILAY AĞIZ VE DİŞ SAĞLIĞI POLİKLİNİĞİ,+905544996706,Diş Kliniği
Özel Emre Ağız Ve Diş Sağlığı Polikliniği,+905323045230,Diş Kliniği
Özel Avicenna Ağız ve Diş Sağlığı Polikliniği,+902125682532,Diş Kliniği
Esnan Ağız ve Diş Sağlığı Merkezi-Esenler Şubesi,+902124310606,Diş Kliniği
e-Diş Esenler Ağız ve Diş Sağlığı Polikliniği,+905068543435,Diş Kliniği
Özel Vera Diş Ağız ve Diş Sağlığı Polikliniği | مستشفى ڤيرا للأسنان,+902126284488,Diş Kliniği
Dent of Istanbul | Turkey’s Leading Dental Clinics,+902124314748,Diş Kliniği
Monolit Ağız ve Diş Sağlığı Polikliniği,+905428467805,Diş Kliniği
Dentagür Ağız Ve Diş Sağlığı Polikliniği,+902125680132,Diş Kliniği
Medicalife Esenler,+902125083080,Diş Kliniği
Safir Ağız ve Diş Sağlığı Polikliniği,+905058037471,Diş Kliniği
DİŞ HEKİMİ RAHMAN YENİTURAN,+902124329394,Diş Kliniği
ARES Ağız ve Diş Sağlığı Polikliniği Esenler,+905010827660,Diş Kliniği
DT AYŞE KÖSE YENİTURAN,+905330407818,Diş Kliniği
Diş Hekimi Dr. Deniz Başaran,+902124381525,Diş Kliniği
Özel 724 Esenler Ağız ve Diş Sağlığı Polikliniği,+905327257724,Diş Kliniği
Özel Avrasya Ağiz ve Diş Sağlığı Polikliniği,+902128030109,Diş Kliniği
Diş Hekimi İnci Topçu,+902126283169,Diş Kliniği
Özel Esenler ağız ve diş sağlığı polikliniği,+905323113061,Diş Kliniği
Diş Hekimi İbrahim Güleç,+902126286633,Diş Kliniği
Diş Hekimi Necati Uç,+902125089333,Diş Kliniği
Dr. Erhan Özgür,+902124315900,Diş Kliniği
Diş Hekimi Rüştü Can,+902125687831,Diş Kliniği
Diş Hekimi Halit Gür,+902124292600,Diş Kliniği
Diş Hekimi Muharrem Efe,+905323201829,Diş Kliniği
Ramazan ÖZTÜRK,+902124291907,Diş Kliniği
Diş Hekimi Mohamed Rahal & Diş Hekimi Mohamad Muzayek,+905551464010,Diş Kliniği
Diş Hekimi Hüseyin Niyazi Kiraz | Diş Hekimi Mustafa Taşkıran Diş Kliniği,+905374080042,Diş Kliniği
Dr. Hüseyin Demirtaş,+902125089993,Diş Kliniği
Diş Hekimi Kadir Koğuk,+905552081032,Diş Kliniği
Diş hekimi Tolga Çetintaş,+905513703451,Diş Kliniği
Diş Hekimi Hasan Göktaş,+902125621471,Diş Kliniği
Diş hekimi Süheyla çakar,+905348713117,Diş Kliniği
Vip Esthetic Dental Clinic,+905551718274,Diş Kliniği
DİŞ HEKİMİ ADEM ANIL AKDEMİR,+902125622700,Diş Kliniği
Diş Hekimi Mehmet Bora Arıcı,+902126111549,Diş Kliniği
Diş Hekimi Büşra Akpınar Maçin,+905524809068,Diş Kliniği
Diş Hakimi Egemen Esen,+905324723319,Diş Kliniği
Avicenna Çocuk Gelişim Merkezi,+902124403232,Diğer (Sağlık & Bakım)
Sevil Usanmaz,+905327416568,Psikolog / Terapist
Bulut Klinik Teknoloji A.Ş. (Ar-Ge),+908507110258,Diğer (Sağlık & Bakım)
Uzman Diyetisyen Rukiye Kaya Beslenme & Diyet Danışmanlığı,+905527408203,Diyetisyen
Faruk Fidan Saç Tasarım Merkezi,+902125026737,Kuaför / Berber
Stella Saç Tasarim,+905356146663,Kuaför / Berber
Yunus Emrah saç tasarım,+905541186501,Kuaför / Berber
mia saç tasarımı,+902125518510,Güzellik Salonu
Hasan Yılmaz Saç Tasarım,+902125545385,Kuaför / Berber
Serdar Bayram Saç Tasarım,+902124420354,Kuaför / Berber
Hatice Şahin hair & beauty salon,+905455828097,Güzellik Salonu
Salon İstanbul Saç tasarım,+902124427899,Kuaför / Berber
Leyla Öztürk KAŞ TASARIM,+905377021933,Kuaför / Berber
LUMORE Hair & Beauty Atelier,+902124415441,Güzellik Salonu
Şerife & Enver Saç Tasarım,+902125554657,Kuaför / Berber
Destina Saç Tasarim Merkezi,+902126439718,Kuaför / Berber
Salon Pera Sac Tasarim,+902125566061,Kuaför / Berber
Merve Odabaşı Saç Tasarım Makeup,+905616101336,Güzellik Salonu
Efruze güzellik saç tasarım,+905531691296,Güzellik Salonu
Ali Asker Görel Hair Studio,+905435706994,Kuaför / Berber
Kuaför By Naci,+902125750690,Kuaför / Berber
Es saç tasarım kaynak merkezi,+902124413111,Kuaför / Berber
Serpil Kılıç Saç Tasarım,+902125027622,Kuaför / Berber
Kadir Alkan Hair Artist,+905354744141,Kuaför / Berber
Kırık Tarak Saç Tasarım,+905372442161,Kuaför / Berber
Burak&Semih Saç Tasarım Merkezi,+902125515980,Kuaför / Berber
SALON BUCKLE SAÇ TASARIM,+905453662621,Kuaför / Berber
coiffeurmehmet,+905448832662,Kuaför / Berber
Salon Ekip Sac Tasarim,+905551935857,Kuaför / Berber
Yasemin Erarslan,+902125546068,Kuaför / Berber
Muzaffer Eysen Saç Tasarım,+905427600351,Kuaför / Berber
SERHAT YURDUNKULU HAİR STUDİO,+905324519969,Kuaför / Berber
Müjde & Zeynep Saç Tasarım,+902126449184,Kuaför / Berber
Ceos Saç Tasarım,+902125066933,Kuaför / Berber
B&A Hair Design,+905347676050,Kuaför / Berber
By cool sac tasarım,+905469538501,Kuaför / Berber
Aşk saç tasarım ve güzellik salonu,+905330188768,Güzellik Salonu
Valentino SaçTasarım Salonu byMustafa kayasöken,+905368821599,Kuaför / Berber
Ufuk Sac tasarim,+905445330556,Kuaför / Berber
SAADET Bayan Kuaförü şirinevler,+902125516059,Kuaför / Berber
SAÇ KAYNAK MİCRO KAYNAK & ALİ ŞEKER,+905380654901,Kuaför / Berber
Hüseyin Yurtseven Saç Tasarım,+905071353675,Güzellik Salonu
MEC | Cüneyt TAŞCIOĞLU,+902124412021,Kuaför / Berber
Salon Maya Saç Tasarım Saç Kaynak Cilt Bakımı ve Güzellik Merkezi,+905447424634,Güzellik Salonu
Protez Tırnak Avcılar,+905369234124,Güzellik Salonu
Avcılar protez tırnak A&A Nailbar Aslı Öztürk,+905071898011,Güzellik Salonu
Avcılar Tırnak Sanatı,+905542361132,Güzellik Salonu
NK Beauty Bar,+905300986316,Güzellik Salonu
Pera Nail & Beauty,+905435950709,Güzellik Salonu
Meva Nail Avcılar,+905542332144,Güzellik Salonu
Avcılar Gulfem Nailart Protez Tırnak Tasarım,+905322874519,Güzellik Salonu
VİOLET NAİL BAR By Ezgi,+905382580408,Güzellik Salonu
Jamala Nail Studio,+905427768779,Güzellik Salonu
Avcılar Madam Nail Center,+905461067716,Güzellik Salonu
Gülçin Maviyıldırım Beauty | Avcılar Protez Tırnak & İpek Kirpik,+905534046219,Güzellik Salonu
Şeker Nail Beauty,+905315672421,Güzellik Salonu
Avcılar Protez Tırnak,+905521541371,Güzellik Salonu
Aslınailsss,+905378571845,Güzellik Salonu
M&G nail studio,+905435770399,Güzellik Salonu
Lune Beauty,+905461340570,Güzellik Salonu
Avrupa Ayak Sağlığı ve Güzellik Enstitüsü,+902126764949,Güzellik Salonu
Kalıcı makyaj & Nail art,+905533661043,Güzellik Salonu
Protez tırnak avcılar ASENA GÜLOĞLU,+905436584123,Güzellik Salonu
Berk Lonca Nail Spa,+905421214843,Güzellik Salonu
Avcilar protez Tırnak,+905374786714,Güzellik Salonu
Gamze Mutlu Beauty Saloon,+905436072158,Güzellik Salonu
BE'Academy Avcılar,+905533838001,Güzellik Salonu
Narinnaillash,+905438486093,Güzellik Salonu
Bekems beauties,+905303425995,Güzellik Salonu
Gürgen Nail Art,+905530864959,Güzellik Salonu
Sare bayan kuaför,+905345160860,Kuaför / Berber
ECEM BAYAN KUAFÖRÜ,+905346314689,Güzellik Salonu
ELİNA BAYAN KUAFÖRÜ,+905301243729,Kuaför / Berber
Dua & Vefa Bayan Kuaförü,+905523549971,Kuaför / Berber
Gülsüm Boz Bayan Kuaförü,+905063652826,Kuaför / Berber
Işıltı Kuaför ve Güzellik Salonu,+905327349660,Güzellik Salonu
Azem Bayan Kuaförü,+905364276343,Kuaför / Berber
Mendi Kuaför ve Güzellik Salonu,+905332530344,Güzellik Salonu
Bayan kuaförü OSMAN,+905464521299,Kuaför / Berber
MOOMİ BAY BAYAN KUAFÖR BERBER VE GÜZELLİK MERKEZİ ve SALONU,+905419298330,Güzellik Salonu
Rüya Bayan Kuaförü,+905356679662,Kuaför / Berber
G Hair Bahçeşehir Bayan Kuaför ve Güzellik Merkezi,+905419060243,Güzellik Salonu
YILDIZ KUAFÖR&GÜZELLİK MERKEZİ,+905322758631,Güzellik Salonu
Melek & Murat Bayan Kuaförü,+902126072007,Kuaför / Berber
Yüzgüleç Kuaför,+905010154765,Kuaför / Berber
MB BAYAN KUAFÖRÜ - GÜZELLİK SALONU,+905050221565,Güzellik Salonu
Lilyum Bayan Kuaförü,+905542999526,Kuaför / Berber
Gökhan Ünlü Bayan Kuaförü,+905359319356,Kuaför / Berber
Es Bayan Kuaförü,+905417434283,Kuaför / Berber
Mesken Kuaför,+905324352897,Kuaför / Berber
hatice kütükçü bayan kuaförü,+905531100416,Kuaför / Berber
Kadir yıldız bayan kuaförü,+905378395083,Kuaför / Berber
Kral barber,+905526878710,Kuaför / Berber
By Patron BERBER SALONU,+905443535880,Kuaför / Berber
YILDIRIM ERKEK KUAFÖRÜ,+905327479135,Kuaför / Berber
SAÇ TASARIM SALONU RECEP KEYDAL,+905336243893,Kuaför / Berber
💈KUAFÖR_RAMAZAN 💈✂️,+905350394450,Kuaför / Berber
Devlet Bedir Hair studio,+905332321287,Kuaför / Berber
ENES ÇELİK ERKEK KUAFÖRÜ,+905452856345,Kuaför / Berber
İLGAR BARBERSHOP,+905302700338,Kuaför / Berber
Black erkek kuaförü,+905370509303,Kuaför / Berber
SALON TEK,+905333103452,Kuaför / Berber
EMRE KARATAS HAIR STUDIO,+905377871490,Kuaför / Berber
LEVENT ERKEK KUAFÖRÜ,+905525881413,Kuaför / Berber
KERİMOĞLU kUAFÖR,+905322191743,Kuaför / Berber
Recep ATLI (Barber Shop),+905533323439,Kuaför / Berber
Favori Erkek Kuaförü,+905426295868,Kuaför / Berber
Salon ERTAN,+905419722605,Kuaför / Berber
KAMİL EZER Barber Shop,+905423913431,Kuaför / Berber
Gökhan Erkek Kuaförü,+905308745535,Kuaför / Berber
Berber Adil,+902122631851,Kuaför / Berber
Aksakallı Kuaför,+905078211925,Kuaför / Berber
Oğuz Kaan Hair Designer,+905380559602,Kuaför / Berber
korkmaz kuaför,+905427943494,Kuaför / Berber
Arnavutköy erkek kuaförü,+905520851179,Güzellik Salonu
Hadımköy Erkek Kuaförü,+905375532622,Kuaför / Berber
AYDIN ERKEK KUAFÖRÜ,+905321776956,Kuaför / Berber
Kuaför Hasan Yılmaz / Bolluca,+905377121956,Kuaför / Berber
Berat Erkek Kuaförü,+905315500747,Kuaför / Berber
DENİZ KUAFÖR,+905344603625,Kuaför / Berber
Moda Erkek Kuaförü,+905550675290,Kuaför / Berber
Murat Berber,+905423113478,Kuaför / Berber
BY UMUT KUAFÖR,+905063848421,Kuaför / Berber
Kuaför islam,+905349891193,Kuaför / Berber
barber shop,+905325790245,Kuaför / Berber
Çarşı erkek kuaförü,+905321734300,Kuaför / Berber
Barber NUMBER ONE,+905554442211,Kuaför / Berber
Kuaför Kemal,+905353420255,Kuaför / Berber
R&H Berber,+905319199334,Kuaför / Berber
Tolga Erkek Kuaförü,+905496075601,Kuaför / Berber
DURSUN ERKEK KUAFÖRÜ,+905398568168,Kuaför / Berber
Moda Erkek Kuaförü,+905515996061,Kuaför / Berber
ALKAN ERKEK KUAFÖRÜ,+905343890863,Kuaför / Berber
MEHMET BAYIR ERKEK KUAFÖR'Ü,+905347283972,Kuaför / Berber
MURAT ERKEK KUAFÖRÜ,+905442026998,Kuaför / Berber
Yalçın erkek kuaförü,+905380907834,Kuaför / Berber
STİL ERKEK KUAFÖRÜ,+905386441460,Kuaför / Berber
ZK Zekeriya Süzen Erkek Kuaförü,+905386493700,Kuaför / Berber
STİL ERKEK KUAFÖRÜ,+905457739157,Kuaför / Berber
Gökhan Kuruçay Hair artist erkek kuaförü,+905387819858,Kuaför / Berber
Mansur erkek kuaförü,+905350586056,Kuaför / Berber
Hüsamettin erkek kuaför صالون حسام الدين,+905383734567,Kuaför / Berber
ORHAN ERKEK KUAFÖRÜ,+905374677327,Kuaför / Berber
By.Serdar Gelen Erkek Kuaförü,+905395014043,Kuaför / Berber
sheMedworld Güzellik Merkezi Sultangazi,+905461090899,Güzellik Salonu
Fatma Kara Beauty,+905318397269,Güzellik Salonu
Enza Güzellik Merkezi Başakşehir,+905304709210,Güzellik Salonu
Manifest Nail Studio,+905061706004,Güzellik Salonu
ARNAVUTKÖY PROTEZ TIRNAK MAKYAJ TASARIM BEAUTY GÜZELLİK MERKEZİ,+905469516290,Güzellik Salonu
Arnavutköy Protez Tırnak Nailist Yüşra Yılmaz,+905301156354,Güzellik Salonu
Asr’ı Ala Gelinlik Kuaför,+905349866047,Kuaför / Berber
Zilan Ok Beauty,+905350782690,Güzellik Salonu
Derya kuaför salonu,+905317409412,Kuaför / Berber
DİLAN KUAFÖR,+905399234401,Kuaför / Berber
Şükran Şahin Saç ve Türban Tasarım Salonu,+905327691744,Kuaför / Berber
(Özlem Asan) Miray Bayan kuaförü,+905541997212,Kuaför / Berber
Ömer Akyol Haır Studio,+905527193460,Kuaför / Berber
Servet Ekmekçi Hair Artist,+905380879057,Kuaför / Berber
Barbaros Kuaför,+905357489173,Kuaför / Berber
Salon Şafak düğün salonu,+902125970737,Kuaför / Berber
Roser Beauty saloon,+905431409705,Güzellik Salonu
Çakır Düğün Salonu,+905357675626,Kuaför / Berber
Grand akyol düğün davet,+905524756057,Kuaför / Berber
Deniz Davet Düğün Salonu,+905300328656,Kuaför / Berber
ENKA HAIR STUDIO,+902126620030,Kuaför / Berber
Zeyna Beauty,+905435833820,Güzellik Salonu
Aymira Koçaklı Arnavutköy,+905415330803,Güzellik Salonu
Ahenk güzellik merkezi,+905522906757,Güzellik Salonu
ATLANTİS SOLARYUM,+902125903315,Kuaför / Berber
Dermolinica Güzellik Merkezi,+905545989801,Güzellik Salonu
Serpilin Güzellik Salonu,+905415317615,Güzellik Salonu
Ay-Ze Saç & Güzellik Merkezi,+905425341539,Güzellik Salonu
Hülya bayan kuaförü,+905452574082,Güzellik Salonu
Nesrin Bayan Kuaförü,+905349779090,Kuaför / Berber
MeRey Bayan Kuaförü,+905315538269,Kuaför / Berber
Gamze Bayan Kuaförü,+905465265505,Kuaför / Berber
İnanna Bayan Kuaförü,+905301293743,Kuaför / Berber
Kardeşler Bayan Kuaförü,+902125934242,Kuaför / Berber
CANSS BAYAN KUAFÖRÜ 2,+902124287061,Kuaför / Berber
Nergis Bayan Kuaförü,+905350609679,Kuaför / Berber
Ayser Bayan Kuaför,+902126953438,Kuaför / Berber
Platin Bayan Kuaförü,+902125093082,Kuaför / Berber
Hayri & Betül Bayan Kuaförü,+905412234991,Kuaför / Berber
Özlem bayan kuaför,+905315213066,Güzellik Salonu
Rose Bayan Kuaförü,+902125937502,Kuaför / Berber
İsmail küçük hair studio,+905350751912,Kuaför / Berber
Ogün Patan Bayan Kuaförü,+905412246747,Güzellik Salonu
Yurdanur Bayan Kuaförü,+905352760636,Kuaför / Berber
AY IŞIĞI BAYAN KUAFÖRÜ,+902126909242,Güzellik Salonu
Gamze Söğüt Bay ve Bayan Kuaför,+902128014748,Kuaför / Berber
Naturelle Kuaför,+902125099573,Kuaför / Berber
Elmas bayan kuaförü,+905312694672,Kuaför / Berber
Ceren 2 Bayan Kuaförü,+905350571541,Kuaför / Berber
Bediha Bayan Kuaförü,+905319918510,Kuaför / Berber
BG Tarzz Bayan Kuaför,+905395994115,Kuaför / Berber
Ayşegûl Elmina Bayan Kuaför,+902125919953,Kuaför / Berber
Hasan Atalay Men Coiffeure,+905367035836,Kuaför / Berber
Kuaförüm Ahmet Aslan,+905323004851,Kuaför / Berber
İBRAHİM KORKUT HAIR ARTIST,+905340407959,Kuaför / Berber
BY UFUK MİNGAN ERKEK KUAFÖRÜ,+905318987967,Kuaför / Berber
Barber Shop By Soner,+905442875405,Kuaför / Berber
Saloon By Mahmut,+905380858259,Kuaför / Berber
Ahmet berber,+905393532600,Kuaför / Berber
Berber levent,+905525325947,Kuaför / Berber
stil,+905550919637,Kuaför / Berber
HAKAN ÖZ BERBER,+905367802289,Kuaför / Berber
Berber Shop By.Mustafa Çelik,+905076225522,Kuaför / Berber
Hair Club Erkek Kuaförü,+905367992972,Kuaför / Berber
Gürz Erkek Kuaförü,+905308741275,Kuaför / Berber
İmaj Erkek Kuaförü Murat,+905359516271,Kuaför / Berber
Gürhan Erkek Kuaförü,+905352910415,Kuaför / Berber
Salon By Makkas Erkek Kuaförü,+905374461507,Kuaför / Berber
Osmanli Erkek Kuaförü,+905074488134,Kuaför / Berber
Kafa Berber Parseller Şubesi,+902124281443,Kuaför / Berber
ISPARTAKULE Berber Bünyamin Koç Club,+905538338218,Kuaför / Berber
BERBER-HAN ERKEK KUAFÖRÜ,+905431130164,Güzellik Salonu
The Barber,+905353202523,Kuaför / Berber
Zeynel TOKER ERKEK KUAFÖRÜ,+905315551987,Kuaför / Berber
İbrahim Taşdemir Erkek Kuaförü,+905355503825,Kuaför / Berber
LİNE UP HAİR STUDİO,+905431878213,Kuaför / Berber
Abo Hassan Barber Shop,+905382605895,Kuaför / Berber
DORUK ERKEK KUAFÖRÜ,+905469333318,Kuaför / Berber
Muhammed Erkek Kuaförü,+905392083961,Kuaför / Berber
Es Es Erkek Kuaförü,+905327691223,Kuaför / Berber
Palandöken Erkek Kuaförü,+905317205659,Kuaför / Berber
Hasan Bozkurt,+905352927358,Kuaför / Berber
Servet Eroğlu Hair Studio,+905419079342,Kuaför / Berber
öztürk karahan aydeniz berberi,+905050807068,Kuaför / Berber
BEST OF ERKEK KUAFÖRÜ,+905326991061,Kuaför / Berber
MAN HAIR STUDIO Barber Club & Academy,+905357731713,Kuaför / Berber
İsmail Erkek Kuaforü,+905375766145,Kuaför / Berber
Göksel Erkek Kuaförü,+905365736802,Kuaför / Berber
Burhan Erkek Kuaförü klasik ve güncel model kesimleri yapılır,+905355026971,Kuaför / Berber
AYHAN ERKEK KUAFÖRÜ,+905387381842,Kuaför / Berber
Altın Makas Erkek Kuaförü,+905416991817,Kuaför / Berber
Klassis Erkek Kuaförü,+905369322994,Kuaför / Berber
Samet Karagüzel Haır Studıo,+905354657864,Kuaför / Berber
Melikcan Altay Haır studıo,+905432655902,Kuaför / Berber
Berber Keyff - Erkek Kuaförü,+905372311110,Kuaför / Berber
Serkan Erkek Kuaförü,+905384085298,Kuaför / Berber
Beyefendi Erkek kuaför,+905373508958,Kuaför / Berber
Sarıoğlu Erkek Kuaförü,+905365619825,Kuaför / Berber
Ruby erkek kuaförü,+905526443344,Kuaför / Berber
Kafa Berber Reşitpaşa Şubesi,+902126260101,Kuaför / Berber
Dinç erkek kuaförü,+905301459663,Kuaför / Berber
BERBER MUHAMMET MAYDA,+905396670165,Kuaför / Berber
Stil Erkek Kuaförü,+905063467738,Kuaför / Berber
صالون غيث للحلاقة الرجالية Gais erkek kuaför,+905345824221,Kuaför / Berber
Kılıç erkek kuaförü,+905528513865,Kuaför / Berber
M&T Erkek Kuaförü,+905469707320,Kuaför / Berber
Ekici Erkek Kuaförü,+905455093770,Kuaför / Berber
Beyoğlu Erkek Kuaförü,+905364403883,Kuaför / Berber
Salon Eray Erkek Kuaförü,+905464798304,Kuaför / Berber
Müslüm Erkek Kuaförü,+905063040763,Kuaför / Berber
STILLMEN ERKEK KUAFÖRÜ (AVCILAR),+905414884757,Kuaför / Berber
Şanlı Erkek Kuaförü,+905419363506,Kuaför / Berber
Han Erkek Kuaforu,+905075025600,Kuaför / Berber
Serkan Erkek Kuaförü,+905352894790,Kuaför / Berber
Orient erkek kuaförü,+905411473261,Kuaför / Berber
Ismail Erkek Kuaförü,+905365534810,Kuaför / Berber
Kemal Erkek Kuaföru,+905327359013,Kuaför / Berber
Doğan Erkek Kuaförü,+905462357960,Kuaför / Berber
Yaman Erkek Kuaförü,+905340152037,Kuaför / Berber
SAMET ERKEK KUAFÖRÜ,+905374886620,Kuaför / Berber
Kuaför Şener (Erkek Kuaförü),+902125092454,Kuaför / Berber
Günay erkek kuaförü,+905324312536,Kuaför / Berber
Odesa Kozmetik Berber ve Kuaför Mobilyaları Üretimi,+905305210520,Kuaför / Berber
Ersan erkek kuaförü,+905523015581,Kuaför / Berber
Akademi erkek kuaförü,+905373582263,Kuaför / Berber
Ramazan Erkek Kuaförü,+905414268363,Kuaför / Berber
Deniz Erkek Kuaförü,+905422584323,Kuaför / Berber
Gençlik Erkek Kuaförü,+905319275492,Kuaför / Berber
VEDAT&EMRE ERKEK KUAFÖRÜ,+905434133692,Kuaför / Berber
Medya Erkek Kuaförü,+905386198136,Kuaför / Berber
Era Erkek Kuaförü,+905412216494,Kuaför / Berber
Kayhan Erkek Kuaför Salonu,+902122568222,Kuaför / Berber
no 58 beauty house,+905377887158,Güzellik Salonu
ES Viaderm Lazer Epilasyon ve Güzellik Merkezi,+905338190863,Güzellik Salonu
SCK İĞNELİ EPİLASYON,+905362272810,Güzellik Salonu
Aymira Koçaklı Avcılar E5,+905355535434,Güzellik Salonu
BUZ LAZER EPİLASYON AVCILAR AHENK GÜZELLİK,+905416942304,Güzellik Salonu
Cansellaa güzellik,+905305951214,Güzellik Salonu
BBS Beauty Center,+905326388683,Güzellik Salonu
Demet Özen Güzellik,+905422248134,Güzellik Salonu
Duygu Soylu Kurt Beauty,+905464362805,Güzellik Salonu
Arzu Durak,+905526993600,Güzellik Salonu
Göz estetiği İstanbul,+905072276300,Güzellik Salonu
Aylin&Tuğçe Güzellik Salonu Ispartakule,+905377809404,Güzellik Salonu
She Boss,+905421093286,Güzellik Salonu
İlknur Güzellik ve Bakım Salonu,+905445115955,Güzellik Salonu
Özge Aktaş Beauty,+905306848146,Güzellik Salonu
AKTech Lazer,+905415706516,Güzellik Salonu
Gesy Atakent VIP Güzellik Salonu | Atakent Lazer Epilasyon - Jordi Shape - LPG INFINITY - Cilt Bakımı - Bölgesel Zayıflama,+905326005370,Güzellik Salonu
Lena Beauty Akademi,+905074202490,Güzellik Salonu
Elif Serçe Güzellik,+905432135576,Güzellik Salonu
Ahenk Güzellik 2,+902126952304,Güzellik Salonu
FATMA ÇAĞLAR BEAUTY,+905461590237,Güzellik Salonu
Avcılar Mega Marmara Beauty,+905307393074,Güzellik Salonu
Beauty Time Vip Güzellik Merkezi,+905322637953,Güzellik Salonu
FAGU Beauty Factory,+905326685921,Güzellik Salonu
SOFT HAİR MEN KUAFÖR,+905313649940,Kuaför / Berber
"Aura Nova Beauty | Küçükçekmece Güzellik – Kalıcı Oje, Protez Tırnak, Lazer Epilasyon",+905456408847,Güzellik Salonu
Ms Derma Güzellik,+905449726990,Güzellik Salonu
Calista Güzellik Merkezi,+902126953862,Güzellik Salonu
MeliCe Beauty,+905449421777,Güzellik Salonu
Avcılar Protez Tırnak - Kübra Aktaş,+905315248305,Güzellik Salonu
"Avcılar Protez Tırnak, Rojda Beauty",+905547404056,Güzellik Salonu
Avcılar protez tırnak,+905309908430,Güzellik Salonu
Madam Protez Tırnak Malzemeleri,+905524054009,Güzellik Salonu
Avcılar Protez Tırnak Eğitimi,+905441501560,Güzellik Salonu
Levent Ayaz Kuaför,+902126763198,Kuaför / Berber
Nur Yıldız Hair & Make Up,+905540096123,Kuaför / Berber
She Kuaför,+905425130305,Kuaför / Berber
Sabina Beauty & Hair,+905432223490,Güzellik Salonu
Emel Uzun Moda ve Gelinlik,+905354661032,Diğer (Sağlık & Bakım)
Gamze Uğur Hair Studio,+905406767321,Kuaför / Berber
Buse TEKKUŞ Kuaför Hair & Make Up,+905397058209,Kuaför / Berber
Adem Kılıç Kuaför,+905419422914,Kuaför / Berber
SALON IŞIL,+905400797600,Kuaför / Berber
Baler Garden Wedding House Avcılar Kır Düğünü - Avrupa Yakası Kır Bahçesi - Denize Sıfır Kır Düğün Mekanları,+905337420206,Kuaför / Berber
İpek Wedding Balo Davet & Düğün ve Kına Solanları,+905435090424,Kuaför / Berber
MOON GARDEN DAVET,+905372490460,Kuaför / Berber
barış hairstudio&mekaup,+905330451865,Kuaför / Berber
BALABAN KIR BAHÇESİ,+905313887188,Kuaför / Berber
Tuğba tok & Birgül sever beauty center,+905445690159,Güzellik Salonu
Mira Palas,+902124224393,Kuaför / Berber
Ilkay Bayan Kuaförü,+905398338203,Kuaför / Berber
Şevvâl Kına Düğün Davet Organizasyon,+905412113326,Kuaför / Berber
Violet Göl Keyfi Kır Bahçesi Balo & Davet,+905326358124,Kuaför / Berber
Say Hair Studio - Ispartakule,+905309415844,Kuaför / Berber
ekippera,+902128038906,Kuaför / Berber
İsmail Yazıcı Hair Designer,+905366922283,Kuaför / Berber
Dilek Türban Tasarım,+905342916727,Güzellik Salonu
Han Hair Make Up,+905461084828,Kuaför / Berber
kuafor صالون وأكاديمية رانيا المصرية,+905379866811,Kuaför / Berber
Sema Kuaför,+905448381856,Kuaför / Berber
Salon Zeynep Yiğit,+905346175626,Kuaför / Berber
Showtem,+905335592783,Kuaför / Berber
Avşar Kuaför,+905442487172,Kuaför / Berber
Salon Demet,+905078718040,Kuaför / Berber
Saça Saç Tasarım,+905542779202,Kuaför / Berber
Koç Dügün Salonu,+905461897421,Kuaför / Berber
Dgd Atölye,+905067778858,Kuaför / Berber
Skinclinic - Eksozom ve Mezoterapi ile Gençlik ve Anti-Aging Çözümleri,+902124241975,Psikolog / Terapist
Zuzu Güzellik,+905385852485,Güzellik Salonu
Anna cilt bakım/ Анна косметология,+905399662203,Güzellik Salonu
Sihirli Parmaklar Güzellik Merkezi,+905394373421,Güzellik Salonu
Hasan Hair Design,+905365029200,Kuaför / Berber
İNSİDE HAİR & BEAUTY,+905305283717,Güzellik Salonu
Burak Çınar Hair Studio,+905302531834,Kuaför / Berber
Hair Esthetic İstanbul,+905010693234,Güzellik Salonu
Haır garage,+905457178744,Kuaför / Berber
BEST OF Hair Studio,+905452760176,Kuaför / Berber
Salon by Ahmet,+905362717820,Kuaför / Berber
Saloon hair life,+905462123751,Kuaför / Berber
Magic Hair Protez Saç & ERKEK bakım Merkezi,+905384415567,Güzellik Salonu
Davut Şencan hair artist,+905428963405,Kuaför / Berber
__DADA HAİR CLUB__,+902124235509,Kuaför / Berber
Ömer Türk Hair Club,+905302406343,Kuaför / Berber
Eyüp Kadir Parlak HAİRDRESSER,+905515985744,Kuaför / Berber
KİLİNC HAİR DESİGN,+905356108544,Kuaför / Berber
Bertan Erdin Hair Studio,+905415011931,Kuaför / Berber
Mertcan Felek Hair Design,+905300189352,Kuaför / Berber
Emir Ercan Hair | Avcılar,+905421993834,Güzellik Salonu
Velat Çelik Hair Studio,+905395560557,Kuaför / Berber
Attis saç kaynak merkezi,+905339619325,Kuaför / Berber
Kuaför Mehmet,+905468876363,Kuaför / Berber
KEVKEB YAPI KEVKEBYAPİ,+905495743607,Kuaför / Berber
Isilti agda salonu,+905468841488,Kuaför / Berber
Salon Locca Bay Saç Tasarım,+905388876199,Kuaför / Berber
Edda Saç Tasarım,+902125094622,Kuaför / Berber
Semra Saç Tasarım Merkezi,+905357730294,Kuaför / Berber
By Bestami Saç Tasarım Merkezi,+905373838388,Kuaför / Berber
Keoma Saç Tasarım,+902125933823,Kuaför / Berber
Salon Nostalji Saç Tasarım,+905418854338,Kuaför / Berber
By Emre Karacan Saç Tasarım,+905464451900,Kuaför / Berber
La - Row Saç Tasarım,+902126950418,Kuaför / Berber
Taksim Bellezza Nail Art,+905318436947,Güzellik Salonu
Taksim Beauty and Nail Salon & Hairdresser Emsal Doğan International,+905386576962,Güzellik Salonu
NAIL PALACE I PROTEZ TIRNAK- İPEK KİRPİK- CİLT BAKIMI - KALICI KAKYAJ - EPİLASYON - ZAYIFLAMA,+905304339613,Güzellik Salonu
Saba nail studio,+905411047098,Güzellik Salonu
Duygu Protez Tırnak & Nail Art,+905312253454,Güzellik Salonu
Dilya Nail Art Beauty,+905434462829,Güzellik Salonu
Mia Protez Tırnak,+905347925321,Güzellik Salonu
Nail Art By Yadigar,+905551739813,Güzellik Salonu
Part istanbul Nail Art,+905464880731,Güzellik Salonu
Maria Nail House - Şişli Protez Tırnak,+905324993650,Güzellik Salonu
Cansu Cihaner Nail Studio | Protez Tırnak | Kalıcı Oje | Manikür | Pedikür | Nail Art | Kalıcı Makyaj | İpek Kirpik,+905324297887,Güzellik Salonu
Chic Nail Beauty Co I Protez Tırnak I Epilasyon I Kalıcı Makyaj I Cilt Bakımı I Zayıflama I Saç,+902122111134,Güzellik Salonu
TÖRPÜ Nail Bar,+905466298793,Güzellik Salonu
EG Nails - Protez Tırnak Merkezi,+905320680509,Güzellik Salonu
Queen En Paris Protez Tırnak & Nail Studio,+905416915528,Güzellik Salonu
Mono Nails Protez Tırnak ve Kalıcı Oje,+905333643969,Güzellik Salonu
Güneş Nail Bar | Manikür | Pedikür | Protez Tırnak | Kalıcı Oje | Nail Art,+905455650583,Güzellik Salonu
Luxus İstiklal,+905304011087,Kuaför / Berber
Aika Nişantaşı Beauty | Nail | Lashes | Hair | Cilt Bakımı | Protez Tırnak | İpek Kirpik | Kalıcı Makyaj | Kuaför,+905327253250,Güzellik Salonu
ÇİÇEK BEAUTY TAKSİM,+905449063654,Güzellik Salonu
Lili protez tirnak nişantaşi,+905052391000,Güzellik Salonu
MBA Studio | Mecidiyeköy Protez Tırnak,+905327410489,Güzellik Salonu
Günel Nails Beauty - Üsküdar Protez Tırnak,+905408353635,Güzellik Salonu
Limon Nail Bar,+905383316259,Güzellik Salonu
Josso beautybar güzellik ve tırnak merkezi Nişantaşi,+905452001800,Güzellik Salonu
Nailportkarakoy,+905326471404,Güzellik Salonu
Meva Nail,+905071230503,Güzellik Salonu
Merve Özlem Nail House,+905432173007,Güzellik Salonu
Seyma Nail House-manikür pedikür protez tırnak bahçelievler,+905425891381,Güzellik Salonu
Medinail Studio,+905421547534,Güzellik Salonu
HATİCE NAİL STUDİO ŞİRİNEVLER | protez tırnak,+905383416777,Güzellik Salonu
Nez Nail Lounge,+902126439370,Güzellik Salonu
Savanaka Nail art Studıo,+905326472508,Güzellik Salonu
Merjen Nail,+905541501194,Güzellik Salonu
One Nail Art Nivo Ataköy,+905324085890,Güzellik Salonu
Rozali Nail Studio,+905464235834,Güzellik Salonu
Amira Nails,+905399126395,Güzellik Salonu
Eyyo Nail & Beauty,+905414816560,Güzellik Salonu
Naillash Parissa Beauty Center,+905315128747,Güzellik Salonu
Tırnak Işıltısı,+905324191437,Güzellik Salonu
No:9 Güzellik Merkezi - Yenibosna,+905438583939,Güzellik Salonu
Rodi Nail Studio,+905437373335,Güzellik Salonu
Venüs Nail Design,+905451134013,Güzellik Salonu
ZB Nail Studio Ataköy Protez Tırnak,+905340310652,Güzellik Salonu
Fatoş Gamze Beauty Güzellik Merkezi,+905536280406,Güzellik Salonu
Merve Arslan Beauty,+902125536390,Güzellik Salonu
Bia Beauty Güzellik Merkezi,+905366936378,Güzellik Salonu
Muse Beauty Center,+905457261586,Güzellik Salonu
Melis Dönmez Beauty Center,+902124420016,Güzellik Salonu
Luxury beauty zone,+905073808869,Güzellik Salonu
ELİT BEAUTY RAVZA KUAFÖR,+905010896008,Güzellik Salonu
Eda Yeşilçimen Beauty,+905438531010,Güzellik Salonu
Nurşah Tokgöz Beauty Center,+902124418237,Güzellik Salonu
Dilara Demirtas Beauty Studio,+902126035582,Güzellik Salonu
Aysel Arıca Beauty,+905469588488,Güzellik Salonu
Sapiens Güzellik ve Bakım Salonu,+905317927176,Güzellik Salonu
Arzela Beauty Center,+905330565162,Güzellik Salonu
Nova Beauty Salon,+905396314803,Güzellik Salonu
Queens Solaryum & Kozmetik,+905380905365,Kuaför / Berber
Saloon Mode,+902127778951,Güzellik Salonu
Hazal beauty,+905055332213,Güzellik Salonu
Melek Güzellik Merkezi,+905451744419,Güzellik Salonu
Tuğba yılmaz Güzellik salonu,+905536195765,Güzellik Salonu
Makeup Artist GK Bayan Kuaförü,+905070514059,Güzellik Salonu
Saç simülasyonu İstanbul -Abdullah Güngörmez,+905530720107,Güzellik Salonu
Barbie Beauty,+905436805139,Güzellik Salonu
Salam,+905377022820,Güzellik Salonu
Purple Beauty Saloon,+905357438030,Güzellik Salonu
Stay Beautiful Yeşilköy,+902126111717,Güzellik Salonu
Parla Beauty Bakırköy,+905523639062,Güzellik Salonu
Sima Beauty Center,+905319340085,Güzellik Salonu
Fatma İçiren Akademi - Güzellik & Estetisyenlik Kursu İstanbul,+905342760540,Güzellik Salonu
Glitz Nail & Beauty,+905343863172,Güzellik Salonu
MY CHOİCE Beauty Center MARMARAFORUM,+905303188333,Güzellik Salonu
Phimaster Nesrin Karal,+905442893075,Güzellik Salonu
by BARLAS | Garantili Epilasyon,+905320544184,Güzellik Salonu
Vip İstanbul Güzellik Bakırköy,+905324301252,Güzellik Salonu
Tulaydemircibeauty,+902125728836,Güzellik Salonu
Gizem Yalta Academy Bakırköy Şubesi - Güzellik Kursu,+905320509756,Güzellik Salonu
Lola Beaute Studio,+905385577947,Güzellik Salonu
Saçh Bay ve Bayan Kuaför,+905337198991,Kuaför / Berber
Luxcity Hair Saloon - Bakırköy Kadın Kuaför,+902128925251,Kuaför / Berber
Hikmet Fırat Hair Studio,+902125424600,Kuaför / Berber
DENİZ BAYAN KUAFÖR,+902125607689,Güzellik Salonu
Anjelik Bayan Kuaförü,+902125832757,Kuaför / Berber
HAİRLOVE by ERTAÇ İSMAİL,+905374499421,Kuaför / Berber
Lila Kuaför,+902125727914,Kuaför / Berber
Bakırköy Belgin Bayan Kuaförü,+905353700453,Kuaför / Berber
Almira kuaför,+905307289518,Kuaför / Berber
Elegant Bayan Kuaförü,+905323263085,Kuaför / Berber
Salih bayan kuaför,+905529309329,Güzellik Salonu
Tılsım Bayan Kuaforü,+902125727363,Kuaför / Berber
Bellazoom Kuaför,+905362086858,Kuaför / Berber
Alev Bayan Kuaförü,+902125437439,Kuaför / Berber
Hairmania Design,+902125730078,Kuaför / Berber
Hera Bayan Kuaförü,+905315782868,Kuaför / Berber
Mehmet Tatlı Marmara Forum,+902124666370,Kuaför / Berber
Murat Sevınç Bayan Kuaförü,+902126606585,Kuaför / Berber
ADA BAYAN KUAFÖRÜ,+905389853605,Kuaför / Berber
Pınar MAZMAN A Class Bayan Kuaförü,+905537298188,Kuaför / Berber
Joli Kuafö,+902125839499,Kuaför / Berber
Bedri bayan kuaförü,+905545820455,Kuaför / Berber
Ocean Bayan Kuaförü,+902125703484,Kuaför / Berber
Fatma Güler Bayan Kuaförü,+902125603023,Kuaför / Berber
Makkas,+902125708885,Kuaför / Berber
Hani Bayan Kuaför,+905357093186,Kuaför / Berber
Eren's Saç Tasarım,+902125600949,Kuaför / Berber
Bayan Kuaförü By Ali Duman Saç Tasarım Merkezi,+902125598127,Güzellik Salonu
Esinti kuaför,+905327067532,Kuaför / Berber
Nuray ergene,+905323882084,Güzellik Salonu
Tuana Bayan Kuaförü,+905376818902,Kuaför / Berber
M&E Legend Erkek Kuaför,+905352912296,Kuaför / Berber
Lumos Hair Studio - Bakırköy Bayan Kuaför,+905313468749,Kuaför / Berber
The Best Bayan Kuaförü,+902125600103,Kuaför / Berber
E&K KUAFÖR,+902125591900,Kuaför / Berber
Erkek Kuaförü - Bayan kuaförü - Görünmeyen kaynak,+902124244247,Kuaför / Berber
Berber İstanbul erkek kuaförü,+905321755052,Kuaför / Berber
Berber Apo,+905384105711,Kuaför / Berber
By TÖGEL Erkek Kuaförü,+905323463294,Kuaför / Berber
Burak Özüm Hair Studio,+905383177828,Kuaför / Berber
TraşHane,+902129567616,Kuaför / Berber
Sanat Berber Unisex Salon,+905350272570,Kuaför / Berber
MASK ERKEK BERBERİ,+902124665442,Kuaför / Berber
BERBER’S ABDULLAH YAĞCIOĞLU,+905355710181,Kuaför / Berber
Berber Ali Görür,+905384719737,Kuaför / Berber
Men's Choice,+905446839829,Kuaför / Berber
Bay Berber Bakırköy,+905365009592,Kuaför / Berber
MİLKAY HAİR ART,+905306471518,Kuaför / Berber
Salon by Gurkan,+905369426581,Kuaför / Berber
Zeki Erkek Kuaförü,+905358587502,Kuaför / Berber
Bakırköy Marka Erkek Kuaförü,+905313517458,Kuaför / Berber
Berber Dükkanı Bay Mikail,+902128093080,Kuaför / Berber
Berberim Mehmet,+902126614013,Kuaför / Berber
Barber By Harun,+905386686608,Kuaför / Berber
Veysel Aydın Saç Tasarım Atolyesi,+905416600321,Kuaför / Berber
Berber Ramazan Yeşilköy,+905455108170,Kuaför / Berber
Florya Bay Kuaför Mehmet Arslan,+905324463274,Kuaför / Berber
Majör Erkek Kuaförü..... ASKERİ öğrencilere uygun fiyat,+905327937031,Kuaför / Berber
Barba Erkek Saç Tasarım,+902126603863,Kuaför / Berber
BARBER SHOP,+905366412433,Kuaför / Berber
THE BERBER florya arif sarsılmaz,+905384568319,Kuaför / Berber
Şen Kuaför,+905073640439,Kuaför / Berber
"İlyas Öztürk Berber (Kuaför) Bakırköy, İstanbul",+905374521983,Kuaför / Berber
MEF ERKEK KUAFÖRÜ,+905445139255,Kuaför / Berber
Show Salon By YAVUZ,+902125720045,Kuaför / Berber
Erkek kuaforu,+902126604851,Kuaför / Berber
İncirli Erkek Kuaförü,+905345796631,Kuaför / Berber
Barber Shop,+902125594024,Kuaför / Berber
Büşra Esthetic Büşra BERBER,+905354200224,Güzellik Salonu
BERBER ONUR ÇETÎN,+905345970061,Kuaför / Berber
Show Erkek Kuaför,+905396671632,Kuaför / Berber
Salon Hakan Çalışır,+905373839940,Kuaför / Berber
HASAN KÖŞELİ BARBER,+902126636877,Kuaför / Berber
BERBER,+905400632014,Kuaför / Berber
Uğurcan Günel Hair Studio,+905380437595,Kuaför / Berber
Ataköy Erkek Kuaförü,+902125716317,Kuaför / Berber
Volare erkek kuaförü,+905432306634,Kuaför / Berber
Can Berber Oktay,+905359522185,Kuaför / Berber
Acessa erkek kuaforu,+905418571983,Kuaför / Berber
RETRO erkek kuaförü,+902126637641,Kuaför / Berber
Boss Barber Shop,+902125740042,Kuaför / Berber
Barber Shop Erdoğan Erdem,+905538763849,Kuaför / Berber
BY SALON ATAKÖY ERKEK KUAFÖRÜ,+902125590010,Kuaför / Berber
By Turgay Hair Artist Erkek Kuaförü Osmaniye Bakırköy,+905332389664,Kuaför / Berber
İbrahim Erkek Kuaförü / Hair Studio,+905354149045,Kuaför / Berber
Berber Hasan Ercan,+905511495277,Kuaför / Berber
Dinç Erkek Kuaförü Berberi,+905354663141,Kuaför / Berber
Salon Elit Uğur,+905340169017,Kuaför / Berber
Can makas,+905346727809,Kuaför / Berber
SALON REAL Erkek kuaför & berber,+905385503392,Kuaför / Berber
Mehmet süslü,+905302442041,Kuaför / Berber
Ali Yılmaz,+905325615911,Kuaför / Berber
Cengiz Erkek Kuaförü,+905532955562,Kuaför / Berber
Volare Erkek Kuaförü,+902125428055,Kuaför / Berber
Barber Cenk Doğan,+905330312582,Kuaför / Berber
Savaş coşar hayaşa BERBER,+905442060137,Kuaför / Berber
Murat Erkek Kuaförü,+905324004212,Kuaför / Berber
Cevher Çelik Kuaför Mobilyaları,+902125564253,Kuaför / Berber
EMEK erkek kuaförü,+902125611675,Kuaför / Berber
Ersin Erkek Kuaförü,+905380738347,Kuaför / Berber
Salon Mood,+905302487934,Kuaför / Berber
Süleyman Erkek Kuaforu,+902125831523,Kuaför / Berber
M&H Erkek Kuaförü,+905326010650,Kuaför / Berber
Erkan Erkek Kuaförü,+902125706023,Kuaför / Berber
bellisima erkek kuaförü,+905367726027,Kuaför / Berber
BAY KASIM,+905323457641,Kuaför / Berber
Byumuthairdesign,+905304213420,Kuaför / Berber
Salon By Toprak,+905412994277,Kuaför / Berber
Yeşilköy Erkek Kuaförü,+905469151052,Kuaför / Berber
Sports Barber Shop,+902126628635,Kuaför / Berber
Berber Muzaffer,+905337122060,Kuaför / Berber
For-Men,+902125606900,Kuaför / Berber
Sez Baerber,+905422469845,Kuaför / Berber
Tri Color Erkek Kuaförü,+902126602626,Kuaför / Berber
Berber Bayram,+905359510013,Kuaför / Berber
Boy & Man Erkek Kuaförü,+902124268547,Kuaför / Berber
Lordman Erkek Kuaförü,+905353122510,Kuaför / Berber
As Erkek Kuaförü,+905353768523,Kuaför / Berber
Kont Erkek Kuaförü - Bakırköy,+905379465056,Kuaför / Berber
Salon Baran Erkek Kuaförü,+905350589506,Kuaför / Berber
Aydın Erkek Kuaförü,+905364387527,Kuaför / Berber
Erkek Kuaförü Mehmet,+902125423785,Kuaför / Berber
Best Kuaför,+905384296021,Kuaför / Berber
AŞKIN ERKEK KUAFÖRÜ,+902126602698,Kuaför / Berber
Inter Erkek Kuaförü,+902126605653,Kuaför / Berber
Aykut Erkek Kuaförü,+905334598978,Kuaför / Berber
Parev Erkek Kuaförü,+905321530497,Kuaför / Berber
Image+erkek kuaforu,+905323979758,Kuaför / Berber
İnter Erkek Kuaförü,+905362561590,Kuaför / Berber
İmaj Erkek Kuaförü,+902125740204,Kuaför / Berber
Salon Çelik Erkek Kuaförü,+905362295150,Kuaför / Berber
Veli Efendi Erkek Kuaförü,+905321583244,Kuaför / Berber
İmaj Erkek Kuaförü,+905372163650,Kuaför / Berber
Kemal Erkek Kuaförü,+905357219792,Kuaför / Berber
Mustafa Çiçek Erkek Kuaförü,+905375499911,Kuaför / Berber
Stil Erkek Kuaför,+902126624292,Kuaför / Berber
Luniva Güzellik Salonu,+905016703430,Güzellik Salonu
Alamira Lazer Epilasyon,+902125572602,Güzellik Salonu
Dermagen-Aynur Ay,+905413015947,Güzellik Salonu
Laser&Beauty Time,+905457901516,Güzellik Salonu
Medilazer Bakırköy,+902124663055,Güzellik Salonu
Ataderm Beauty,+905065966965,Güzellik Salonu
Este Lumier Beauty Studio,+902123022262,Güzellik Salonu
NISH ESTHETIC by Sibel Düz,+905323691570,Güzellik Salonu
Shahnoza Beauty studio,+905527214362,Güzellik Salonu
Daphne Lazer Epilasyon Bakırköy Şubesi,+905333804243,Güzellik Salonu
Lazer Epilasyon Merkez,+908503020246,Güzellik Salonu
Hatice Aka Beauty - Güzellik Merkezi,+905309031399,Güzellik Salonu
Dr Nilgün Özkahraman,+902124415254,Güzellik Salonu
Secret Nail Bar Beauty,+905077803476,Güzellik Salonu
ESTE BIEN GÜZELLİK VE ESTETİK,+902125722233,Güzellik Salonu
Dermvital,+902125705554,Güzellik Salonu
Selin Ciğerci,+905010549392,Güzellik Salonu
ONE TOUCH BEAUTY CENTER,+905333929350,Güzellik Salonu
Daphne Lazer Epilasyon Yeşilköy Şubesi,+905333803319,Güzellik Salonu
DND Beauty Ataköy,+905300874653,Güzellik Salonu
Nera Clinic,+905441149094,Güzellik Salonu
Lina Beauty Center Florya,+905345456636,Güzellik Salonu
a,+905350000000,Güzellik Salonu
G Nail Prof Studio,+905442200394,Güzellik Salonu
Dudu Nail House - Bakırköy protez tırnak - Bakırköy manikür pedikür salonu,+905382797427,Güzellik Salonu
Bakırköy Protez Tırnak - By İhsan AK,+905354943111,Güzellik Salonu
Nail Time Studio,+905359304094,Güzellik Salonu
Bakırköy protez tırnak Meon Nail Studio,+905332872485,Güzellik Salonu
Başak Nail Studio | Ataköy Protez Tırnak Salonu,+905016644047,Güzellik Salonu
Fanes Nail Bar Bakırköy,+905451410258,Güzellik Salonu
Lila beauty art,+905052511010,Güzellik Salonu
Salih iliğ hair studio,+905357226700,Kuaför / Berber
Suer Hair Lab & Beauty,+905432146930,Güzellik Salonu
Beyaz Yıldırım Hair & Make-up Studio,+905316370925,Kuaför / Berber
Kuafor Ugur (no name bakırkoy),+905438610088,Kuaför / Berber
Salon Majik Bülent,+905465118296,Kuaför / Berber
Kadir Haır Desıgn,+905362909245,Kuaför / Berber
Serkan Hair Studio Profesyonel Saç Bakım & Renk Uzmanlığı,+905415488381,Kuaför / Berber
Nurgül gezer makeup kuaför,+905304813291,Güzellik Salonu
Bilal Gökay Kuaför,+902125710293,Kuaför / Berber
Beste Aydın&Bilge Atlı Make Up Studio,+905334891339,Güzellik Salonu
Roze Kuaför,+902125425062,Kuaför / Berber
Mood Class Hair Repair Studio Bakırköy,+905365083773,Kuaför / Berber
Hakan Çelik Hair Studio,+902128302530,Kuaför / Berber
Kuaför Cevdet,+902126613501,Kuaför / Berber
Microkaynakistanbul,+905366022847,Kuaför / Berber
Pose kuaför - by hakkı can bulut & Ceyhun Karaca,+905428246514,Kuaför / Berber
Nevin Saç Tasarım ve Güzellik Salonu,+905461778547,Güzellik Salonu
Kadir Caymaz hair&makeup,+902125601207,Güzellik Salonu
Orhan Çalışkan Kuaför,+902125733401,Kuaför / Berber
Saloon özlem,+905416753240,Kuaför / Berber
Salon BS - Florya,+905379932745,Kuaför / Berber
Harika Saçlar Atölyesi Oğuz Selçuk,+905415207288,Kuaför / Berber
DİLEK KUAFÖR & MANİKÜR VE PEDÜKÜR,+905357341526,Kuaför / Berber
Fatih Babacan,+905059348615,Kuaför / Berber
ONUR EKER COİFFEUR,+905538277358,Kuaför / Berber
Ms Hair Professional,+902129839600,Kuaför / Berber
Cemil Gündoğdu Bakırköy City,+905337311052,Kuaför / Berber
Yelda İşlekel Moda & Tasarım Evi,+905434416421,Diğer (Sağlık & Bakım)
Saloon ESSA,+902125738129,Kuaför / Berber
Kuaför İsmail Makeup Nazlı,+902125730373,Güzellik Salonu
Erdem Kiramer Aqua Florya,+902125730018,Kuaför / Berber
NEW TREND COIFFEUR,+905351047800,Kuaför / Berber
Salon halit kıyar hair & beauty,+905323715861,Güzellik Salonu
Mami kuaför,+905399132692,Kuaför / Berber
Gizem Yolcu Studio Türban Tasarım & Makyaj,+905325892969,Güzellik Salonu
Ekip Florya,+902126631788,Kuaför / Berber
GÂL by Hüseyin Polat Florya,+908503089929,Kuaför / Berber
Berna Sütlü Cilt Bakım Uzmanı,+905414289889,Güzellik Salonu
Cilt ve çatlak bakım merkezi,+905394175507,Güzellik Salonu
Elifsu Güzellik & Cilt Bakimi,+905336620229,Güzellik Salonu
Sisterlab Beauty,+905437203737,Güzellik Salonu
Simay Özdemir Kalıcı Makyaj Cilt bakım,+905331676218,Güzellik Salonu
2312 Beauty Bar,+905345033912,Güzellik Salonu
Bakırköy Cilt Bakım Merkezi (AybikeTuran Skincare),+905411043340,Güzellik Salonu
Tuğçe Yilmaz Beauty,+905533057233,Güzellik Salonu
WellSi Estetik&Beauty,+905309520822,Güzellik Salonu
Aymira Koçaklı Yaşam Merkezi,+905416109801,Güzellik Salonu
Flora Clinique Florya Güzellik Merkezi,+905323348595,Güzellik Salonu
Zerrin Taşyurt VIP Beauty,+905333708178,Güzellik Salonu
Merve Ermiş Yaşam Merkezi,+905425596980,Güzellik Salonu
Songül Yıldırım Güzellik,+902126515107,Güzellik Salonu
Yeşim Özkalp Güzellik Merkezi,+908502220525,Güzellik Salonu
Phibrows Buse Çal Ataköy,+905075102068,Güzellik Salonu
Gökçe Öztürk Beauty,+905530535363,Güzellik Salonu
Magic Beauty Club,+905352490929,Güzellik Salonu
Florya Beauty Mood - Güzellik Merkezi,+905453354120,Güzellik Salonu
Nobby Glam Beauty Studio,+905462151899,Güzellik Salonu
Arya Esthetic,+905337203687,Güzellik Salonu
Byisikbeauty,+905305548677,Güzellik Salonu
Haırstyletıme,+905308715575,Kuaför / Berber
CEMIL SAY HAİR ARTİST,+905418719681,Kuaför / Berber
Volkan Avcı Hair Studio,+905426613192,Kuaför / Berber
GUAJ Hair Ataköy,+905327345792,Kuaför / Berber
Beauty Hair Şükran & Furkan Tekeli,+905469232993,Güzellik Salonu
Hair Boss Saç Kaynak Merkezi Kadir Poyraz,+905314303640,Güzellik Salonu
Istanbul (Bakırköy),+902125323932,Güzellik Salonu
Atrium Saç Kaynak by Bülent Yılmaz,+902125598585,Kuaför / Berber
MS HAIR DESIGN,+905061724619,Güzellik Salonu
ABRA HAIR DESIGN,+902125734838,Kuaför / Berber
Emre Hair Art,+905425058909,Kuaför / Berber
Semih Sancak Hair Saloon,+905334065610,Kuaför / Berber
Aslan Hüseyin Hair Style Kuaför,+902125606083,Kuaför / Berber
Men Hair Design,+902126624218,Kuaför / Berber
RİCHESS COİFFEUR,+902126635774,Kuaför / Berber
Noire Hair,+905369975828,Kuaför / Berber
AquaFör Hair Design Studio,+902126245656,Kuaför / Berber
Salon İstanbul,+902125808019,Kuaför / Berber
By Eren Hair Stüdyo Design,+905368636131,Kuaför / Berber
Adnan Çalışkan Hair Design,+905367176702,Kuaför / Berber
Salon By Hakan,+902126639387,Kuaför / Berber
Serhat Bayram Hair Stylist & Beauty studio,+905346216046,Güzellik Salonu
Emircan küpeli hair studio,+905070094605,Kuaför / Berber
Can sac tasarım,+905512150324,Kuaför / Berber
Değişim Saç Tasarım,+902125427520,Kuaför / Berber
Mehmet Saç Tasarım,+902125609519,Kuaför / Berber
Serdar Kürnek Saç Tasarım,+905354149113,Kuaför / Berber
Ferdi Saç Tasarım,+902125423051,Kuaför / Berber
Tutku Saç Tasarim Merkezi,+902125434807,Kuaför / Berber
Şirin Saç Tasarım,+902125709744,Kuaför / Berber
Afrika Örgüsü Unicornboxbraids Zerrin Öz,+905300476014,Kuaför / Berber
SalvadordAli Kuaför,+905316335964,Kuaför / Berber
Salon 2Miz Saç Tasarım,+905345000000,Kuaför / Berber
Ejder Gürbüz Saç Tasarım,+902125608180,Kuaför / Berber
Mel's Beauté Florya,+905335545889,Güzellik Salonu
Elif Nail Ataköy,+905346974245,Güzellik Salonu
Nail Bar Elika,+905524056720,Güzellik Salonu
Nail Co. Ataköy Protez Tırnak & Nail Art,+905421397775,Güzellik Salonu
Nailup Beauty Bar,+905356895154,Güzellik Salonu
Huri Nail Lounge,+905011571794,Güzellik Salonu
Logo Bella Nail Studio,+905442505761,Güzellik Salonu
Ezgi & Yeşim'in Tırnakları,+902126605231,Güzellik Salonu
Nunu Nail Art & Manikür / Pedikür Salonu,+905444911303,Güzellik Salonu
Bombshell Nail Beauty,+905441900893,Güzellik Salonu
SPARKLE NAİL by A.R.Ç BEAUTY,+905315689334,Güzellik Salonu
Dilan Oğuz Nail Salon,+905323899523,Güzellik Salonu
SUUS NAİL BAR,+905452980210,Güzellik Salonu
You Nail Studio,+905300778802,Güzellik Salonu
Nail Mate Studio,+905378193500,Güzellik Salonu
Moi Nail Bar,+905411621664,Güzellik Salonu
SLD Nail Care,+905320621186,Güzellik Salonu
Meri Nail Beauty,+905523044764,Güzellik Salonu
NB Beauty,+905342088139,Güzellik Salonu
Rosh Beauty Nail Ataköy Protez Tırnak Stüdyo,+905327476878,Güzellik Salonu
ERKAN MERTOGLU BEAUTY,+905378672595,Güzellik Salonu
Roya Nail & Beauty Studio,+905078309097,Güzellik Salonu
Z Nail Studio,+905334206245,Güzellik Salonu
DENİZ ÖRGÜT NAİL ART,+905307037682,Güzellik Salonu
Şevval Çetin nail beauty,+905312469611,Güzellik Salonu
Nail Vital Bar,+905358783585,Güzellik Salonu
hiva nail,+905421654630,Güzellik Salonu
Didemir Nail Studio,+905349791501,Güzellik Salonu
Carmenta Nail Art Studio,+902125432916,Güzellik Salonu
Ariana nail studio,+905304744409,Güzellik Salonu
SEMRA KOZAN EL & AYAK BAKIM SALONU(BAY-BAYAN),+905426813571,Güzellik Salonu
Lux Trend Nails,+905054224528,Güzellik Salonu
Eylül Öztürk Nail SPA Ataköy,+905322562563,Güzellik Salonu
FIRCHA NAİL ART,+905050149538,Güzellik Salonu
Merve Ermiş & Seda Kaya Nail Studio,+905307602307,Güzellik Salonu
Terzi Nail,+902126601587,Güzellik Salonu
Sefaköy Protez Tırnak -Kraft Nail Studio,+905308483034,Güzellik Salonu
911 BEAUTY,+905346597208,Güzellik Salonu
dio_studyo,+905055334040,Kuaför / Berber
DİDEM DİLAVERLER BEAUTY,+902125711848,Güzellik Salonu
The Beauty Box - Aqua Florya,+905325990611,Güzellik Salonu
Sanch Beauty,+905333598787,Güzellik Salonu
Nail Studio By Karahan,+902125731710,Güzellik Salonu
Nails Enesh Studio,+905527200608,Güzellik Salonu
Su Aydın Beauty Center,+905333133594,Güzellik Salonu
Pars Beauty Center,+905383660103,Güzellik Salonu
Nails Beauty Bar Florya,+905334787342,Güzellik Salonu
Yelda Yılmaz Beauty & Brow Specialist,+905325604912,Güzellik Salonu
NURŞAH AKPINAR BEAUTY,+902125724010,Güzellik Salonu
Glowst Hair Nail Beauty,+905468840124,Güzellik Salonu
Sevara Ergün Nail,+905349787885,Güzellik Salonu
Goose Beauty Center & Nail Bar,+905394280558,Güzellik Salonu
BOYAHANE KUAFÖR VE SAÇ KAYNAK MERKEZİ,+902129836288,Kuaför / Berber
SEDA ARK BEAUTY,+905336365581,Güzellik Salonu
BeU Beauty Güzellik Merkezi,+905475435343,Güzellik Salonu
triab Nail Art Production,+905412458100,Güzellik Salonu
Saadet & Bircan Beauty,+905013378286,Güzellik Salonu
San Beauty Bakırköy,+905324247015,Güzellik Salonu
Tuğba Çiçekyurt Ateşoğlu Beauty Center,+905317722029,Güzellik Salonu
BBbyB Beauty Boutique by Burcu,+905073338712,Güzellik Salonu
Concept Beauty By Ocean,+905398310000,Güzellik Salonu
DİDEM YELİ BEAUTY,+905307719334,Güzellik Salonu
Nilay Yavuz Beauty Bakırköy,+905330247799,Güzellik Salonu
De & De Beauty,+905335071222,Güzellik Salonu
Emine Akbay Beauty,+905423392192,Güzellik Salonu
Gülcan Engintepe Beauty Home,+905445443469,Güzellik Salonu
MIRACLE BEAUTY ️VIP ️,+905305687047,Güzellik Salonu
Marinna Beauty,+905422587402,Güzellik Salonu
DG BEAUTY,+905386441934,Güzellik Salonu
Sema Kaplan Beauty,+905334647319,Güzellik Salonu
Duygu Nur Beauty,+905421307905,Güzellik Salonu
Aysa Beauty,+905072022602,Güzellik Salonu
Dilek Sultan Beauty,+905072207272,Güzellik Salonu
Şila Byrm Beauty Center,+905412127722,Güzellik Salonu
Nilüfer Ermiş Beauty,+905336353905,Güzellik Salonu
Papillon Beauty Center,+905326597545,Güzellik Salonu
ŞY Beauty House,+905386006505,Güzellik Salonu
Reem Salonu,+902129399914,Güzellik Salonu
Zozan Güzellik Salonu,+905313568943,Güzellik Salonu
Bahçeşehir güzellik salonu,+905309490292,Güzellik Salonu
Newbahar güzelik salonu,+905334992179,Kuaför / Berber
WORKLOG Hair Image Erkek Kuaförü İstanbul Bahçeşehir,+905342170634,Kuaför / Berber
Crea Professional Bahçeşehir,+902126696332,Kuaför / Berber
Huriye Kuaför,+902124871788,Kuaför / Berber
Esse Kuaför Bahçeşehir,+902126696165,Kuaför / Berber
Sunrıse Bayan Kuaforu,+905323202538,Kuaför / Berber
Bayan Kuaförü Ahmet çam,+905355709919,Kuaför / Berber
Yusuf Güler,+902126694759,Kuaför / Berber
ASİYE BAYAN KUAFÖRÜ,+905335082125,Kuaför / Berber
İREM KUAFÖR,+905314299340,Kuaför / Berber
H & A Mirsa Kuaför ve Güzellik Salonu,+905516512204,Güzellik Salonu
Ínci Kuaför ve güzellik Salonu,+905059682686,Güzellik Salonu
ORÇUN EKİZ COİFFEUR,+902126690181,Kuaför / Berber
Naz Coıffure,+905334900878,Kuaför / Berber
Aslı & Burcu Bayan Kuaförü & Tesettür Tasarım/Profesyonel Makyaj,+905374685651,Güzellik Salonu
Afrodit Kuafor,+902126070003,Kuaför / Berber
Yasemin_altuntaş_beauty,+905367797676,Güzellik Salonu
Hira Kuaför Epilasyon,+905315789963,Güzellik Salonu
Şener Yılmaz bayan kuaförü,+905367313749,Kuaför / Berber
İlayda sorucu bayan kuaförü,+905516354793,Kuaför / Berber
Kovan Bayan Kuaförü,+905465403480,Kuaför / Berber
Merinays Kuaför,+905056226773,Güzellik Salonu
Ceylan Bayan Kuaförü,+905384511412,Kuaför / Berber
Paradise Kuaför,+902128091027,Diş Kliniği
Bahçeşehir Mehmet Tatlı Kuaför,+902126622086,Güzellik Salonu
KORHAN SAY BAYAN KUAFÖRÜ,+905455150089,Kuaför / Berber
Ahmet Tunbul Kuaför,+905327416331,Kuaför / Berber
Açelya Kara Hairdresser Kuaförlük Hizmetleri,+905335512126,Kuaför / Berber
Buse Bayan Kuaförü & Gelinlik,+902126877980,Kuaför / Berber
Nurgül özbayrak bayan kuaförü,+905412903262,Kuaför / Berber
Merkez Bay& Bayan Kuaförü Güzellik Merkezi,+905423631783,Güzellik Salonu
MOOD CLASS Hair Repair Studio,+905312160112,Kuaför / Berber
Kuaför Reşat,+902126696705,Kuaför / Berber
SALON SONGÜL HATUN,+905386749456,Kuaför / Berber
Duru Bayan Kuaförü,+905531220025,Kuaför / Berber
Muson Başakşehir Hair&Makeup,+905520816716,Güzellik Salonu
Orçun Ekiz Coiffeur Premium | Bahçeşehir Bayan Kuaförü,+905402708080,Kuaför / Berber
SALON BAY DGN ERKEK KUAFÖRÜ,+905422700034,Kuaför / Berber
Pnr Beauty Studio,+905516815624,Güzellik Salonu
Adnan kuaför,+905426298456,Kuaför / Berber
QUENN'S BAYAN KUAFÖRÜ,+905382934318,Kuaför / Berber
Beauty Time Secret,+902128122829,Güzellik Salonu
Riva Bayan Kuaförü,+905076101975,Kuaför / Berber
Gold Hair Bayan Kuaförü,+905320561518,Kuaför / Berber
Murat & Yusuf Bayan Kuaförü Vaditepe,+905310140592,Kuaför / Berber
Esra Bayan Kuaförü,+902126072037,Kuaför / Berber
Yakup Minaz Kuaför Bahçeşehir,+902126690695,Kuaför / Berber
BLVCK BARBER,+905540084400,Kuaför / Berber
SEDAT KALYONCU ERKEK BAKIM MERKEZİ,+905534069903,Kuaför / Berber
PERFECT BARBER,+905343763914,Kuaför / Berber
Villa Barber's Club,+905518281302,Kuaför / Berber
ÖMER BAYRAM BERBER,+905459582124,Kuaför / Berber
Salon Ferdi Metrokent,+905050094383,Kuaför / Berber
Salon Öztürk başakşehir,+905354780821,Kuaför / Berber
Berber Kemal YÜCETEPE,+905352545661,Kuaför / Berber
Cio hair stüdıo,+905011003714,Kuaför / Berber
Kandemir Hair Studio,+905384736513,Kuaför / Berber
Enva Erkek Kuaförü,+905459226354,Kuaför / Berber
BERBER LAB,+905555580085,Kuaför / Berber
‏KEREM ERKEK KUAFÖRÜ صالون حلاقة كرم,+905385155178,Kuaför / Berber
By Ali Tuncel Erkek Kuaförü,+905303157052,Kuaför / Berber
Berberim Bayram,+902124875787,Kuaför / Berber
Clasman ERKEK BERBER'İ,+905541890655,Kuaför / Berber
Kuaför Zafer Ekinci,+905512137645,Kuaför / Berber
Kuaför Köksal,+905424674048,Kuaför / Berber
BARBER SHOP,+905372069471,Kuaför / Berber
Berberim Musa,+905373891866,Kuaför / Berber
Bey Berber Vahit,+905324671558,Kuaför / Berber
LIVAR BERBER,+905359439774,Kuaför / Berber
My Cadde Erkek Kuaförü,+905432123175,Kuaför / Berber
Elit Erkek Kuaförü-Berber,+905393678783,Kuaför / Berber
Köroğlu erkek kuaförü,+905327986444,Kuaför / Berber
NOX BARBER,+905308703813,Kuaför / Berber
Kuaför Yusuf ok,+905426573985,Kuaför / Berber
Uzr Erkek Kuaför,+905350577413,Kuaför / Berber
Star Erkek Kuaförü,+902126711717,Kuaför / Berber
Orçun Akpınar HairStyles protez saç,+905325792934,Kuaför / Berber
Altın Makas Erkek Kuaförü,+905424498149,Kuaför / Berber
Golden Berber,+905510762583,Kuaför / Berber
Elit Erkek Kuaförü,+905393878783,Kuaför / Berber
Berber Fatih,+905373556496,Kuaför / Berber
Park Mavera Erkek Kuaförü,+905377240132,Kuaför / Berber
Voys Berber Salonu,+905533432849,Kuaför / Berber
Butik Berber - Yücel Çetinkaya,+905372511913,Kuaför / Berber
BERBERMALZEMECİM KUAFÖR MOBİLYALARI,+905426885945,Kuaför / Berber
KUAFÖR SERKAN,+905414649129,Kuaför / Berber
Mohammed Barber,+905312378791,Kuaför / Berber
Selman-ı Pak Erkek Kuaför/Berber,+905457613458,Kuaför / Berber
Berber Efe,+905330243622,Kuaför / Berber
Beytullah Çival Hair Artist,+905302461263,Kuaför / Berber
Zaher kuaför صالون حلاقة رجالي,+905373331819,Kuaför / Berber
YIOS HAIR DESIGN,+905459670233,Kuaför / Berber
صالون J&D VIPMEN BARBER فرع 1,+905551564000,Kuaför / Berber
MYC KOZMETİK VE KUAFÖR MOBİLYALARI,+905353875748,Kuaför / Berber
Traş dünyası,+905346280095,Kuaför / Berber
Berber adnan,+905468585148,Kuaför / Berber
Berber Metin,+905369205945,Kuaför / Berber
By Davut,+905352877009,Kuaför / Berber
MAMİ-VİP HAİR ARTİST,+905524419504,Kuaför / Berber
Man’s world,+905415432096,Kuaför / Berber
Majd Erkek kuaförü,+905523881456,Kuaför / Berber
Salon Asaf -Erkek kuaförü,+905457475002,Kuaför / Berber
Altuğ Erkek Kuaförü 3 Şube,+905366823350,Kuaför / Berber
By Şehir Erkek Kuaför,+905531990557,Kuaför / Berber
Yeni şehir erkek Kuaför,+905318738111,Kuaför / Berber
Salon İlker Erkek Kuaförü,+905326801180,Kuaför / Berber
VADİTEPE ERKEK KUAFÖRÜÜ,+905413153606,Kuaför / Berber
Mehmet Tunbul,+905340573431,Kuaför / Berber
Glowzcan erkek kuaförü,+905452566397,Kuaför / Berber
Star Erkek Kuaförü,+902126692337,Kuaför / Berber
Nezih Erkek Kuaförü,+902124857677,Kuaför / Berber
By Fatih & By Yusuf NO25 ERKEK KUAFÖRÜ,+905378269624,Kuaför / Berber
Armina Erkek Kuaförü,+905335945678,Kuaför / Berber
POYRAZ ERKEK KUAFÖRÜ,+905427711265,Kuaför / Berber
Blue Erkek Kuaförü,+905364758276,Kuaför / Berber
Salon Milano Erkek Kuaförü,+905352348876,Kuaför / Berber
İbo Show Erkek Kuaför,+905377884662,Kuaför / Berber
paris erkek kuaförü,+905549605435,Kuaför / Berber
Orhan KOTAN ERKEK KUAFÖRÜ,+905370517606,Kuaför / Berber
Ekol Erkek Kuaför,+905437724385,Kuaför / Berber
CENGİZ ERKEK KUAFÖRÜ,+905417146721,Kuaför / Berber
MEYDAN ERKEK KUAFÖRÜ,+905363293537,Kuaför / Berber
Bedri Tugay Erkek Kuaförü,+905330970784,Kuaför / Berber
Kristal Erkek Kuaförü,+905389549653,Kuaför / Berber
Aslan Reis Kuafor Salonu,+905457845651,Kuaför / Berber
Özen Erkek Kuaförü,+905365700559,Kuaför / Berber
Eren Erkek Kuaförü,+905324551019,Kuaför / Berber
İkizler Erkek Kuaförü,+905454734301,Kuaför / Berber
Yunus Erkek Kuaförü,+905070445904,Kuaför / Berber
Site Erkek Kuaförü,+905367764640,Kuaför / Berber
STYLISH Erkek Kuaförü,+905362782448,Kuaför / Berber
TUSE Güzellik & Lazer Epilasyon Başakşehir,+905312478872,Güzellik Salonu
Başakşehir Kayaşehir iğneli epilasyon,+905383752862,Güzellik Salonu
Nova Güzellik Başakşehir,+905536147103,Güzellik Salonu
DİDEM AR BEAUTY GÜZELLİK,+905366382899,Güzellik Salonu
LAZERMED Epilasyon,+905550862722,Güzellik Salonu
The Grace Güzellik ve Kuaför Salonu,+905336197434,Güzellik Salonu
Pınar Doğan Güzellik Merkezi | Cilt Bakımı | Lazer Epilasyon | Bölgesel İncelme | Nail Art,+905518752494,Güzellik Salonu
Mamizu spa Bahçeşehir güzellik merkezi,+905319908707,Güzellik Salonu
Cansu Güler Beauty Center | Güzellik Merkezi | Lazer Epilasyon | Hydrafacial| Bölgesel Zayıflama | G5 Masajı | G8 | EMS,+905442998757,Güzellik Salonu
Sky Güzellik,+902126697379,Güzellik Salonu
Nursena Nuroglu Beauty,+905308786134,Güzellik Salonu
Asu Çakmak Güzellik Salonu,+905349618172,Güzellik Salonu
Totaa Beauty center,+905079808864,Güzellik Salonu
Estesline Başakşehir,+902128132932,Güzellik Salonu
Masal Güzellik Merkezi,+905301829726,Güzellik Salonu
Serpil Öztürk Güzellik Salonu,+905300400218,Güzellik Salonu
Nilüfer Yıldız Güzellik Salonu,+905418758645,Güzellik Salonu
YILDIZ ÇOBAN BEAUTY SAĞLIK VE GÜZELLİK MERKEZİ,+905325219940,Güzellik Salonu
Este Linda Güzellik Merkezi,+905332356878,Güzellik Salonu
Zerafet Güzellik & Kuaför,+905319188188,Güzellik Salonu
Suna Dumankaya Bahçeşehir,+902126080980,Güzellik Salonu
Protez Tırnak&ipek kirpik Başakşehir,+905433374937,Güzellik Salonu
SEA NAIL Tırnak Merkezi,+905525826767,Güzellik Salonu
Protez tırnak kalcı oje,+905334198452,Güzellik Salonu
Miel Beauty,+905455618201,Güzellik Salonu
Ferdi Karatay Hair Studio,+905551578055,Kuaför / Berber
Eren Çiko Hair Design,+905454911168,Kuaför / Berber
FOR YOU HAIR MAKEUP,+905424534009,Güzellik Salonu
Özlem Hair&Makeup Stylist,+905385996924,Güzellik Salonu
Amine korkmaz Hair and makeup,+905459705041,Güzellik Salonu
EFRA GELİNLİK Haute Couture,+905331348087,Diğer (Sağlık & Bakım)
EbruZem Gelinlik Tasarım Evi,+905304884922,Diğer (Sağlık & Bakım)
Gold Trio Hair Point,+902126690683,Kuaför / Berber
ERDAL ALP KUAFÖR,+902126697739,Kuaför / Berber
Dias Coiffeur,+902126697751,Kuaför / Berber
Konistan,+902124876060,Kuaför / Berber
Sakura Davet Salonu Başakşehir,+905550902515,Kuaför / Berber
Lamore Davet,+905306445008,Kuaför / Berber
Beautyyy,+905364942609,Güzellik Salonu
ŞB BEAUTY & MASSAGE,+905072415696,Güzellik Salonu
"Başak Balım Beauty Protez Tırnak , Cilt Bakımı , Lazer , Bölgesel Zayıflama , Manikür Pedikür , Kaş Bahçeşehir Başakşehir",+905308692166,Güzellik Salonu
İstanbul Polli Başakşehir Şubesi,+905416056807,Güzellik Salonu
Filiz Kanat Güzellik Salonu,+902126694431,Güzellik Salonu
Osmanlı Davet Sarayları,+905324055900,Kuaför / Berber
Başak Salon,+905075410477,Kuaför / Berber
İNCİ DAVET SALONLARI,+905331347217,Kuaför / Berber
Salon Prestij M&D,+905354205195,Kuaför / Berber
Hairpar,+905321740336,Kuaför / Berber
merve tan hair beauty,+902124871192,Güzellik Salonu
Hairoz,+902125549715,Kuaför / Berber
Sahra Düğün Davet ve Balo Salonları,+905331448200,Kuaför / Berber
Manu Beauty by Leyla İnanır,+905425634511,Güzellik Salonu
Seda Yıldız Beauty Başakşehir,+905395569693,Güzellik Salonu
Zahra Esans شركة زهرة كوزمتك عطورات جملة تركيا,+905538806169,Güzellik Salonu
Enerji Fitness,+902127774879,Kuaför / Berber
Melinda Saç Tasarım,+905383215767,Kuaför / Berber
Gulcem guzellik salonu ve sac tasarim,+905306408979,Güzellik Salonu
ARUS Studio,+905533494468,Güzellik Salonu
Ahmet Ekinci Hair Studio,+905432404472,Kuaför / Berber
The Most Men / Women Beauty Bahçeşehir,+905377892208,Güzellik Salonu
Rana Gelinlik Evi Saç ve Türban Tasarımı,+905302153949,Kuaför / Berber
Melody Beauty Bahçeşehir,+905367995847,Güzellik Salonu
Lime Manikür Pedikür Başakşehir,+905550721055,Güzellik Salonu
Nail art,+905556338769,Güzellik Salonu
NUR ÖZBAYSAR KAŞ TASARIM,+905340144364,Kuaför / Berber
Yuu Nail & Beauty,+905336036222,Güzellik Salonu
Shima Nail Bar,+905465899697,Güzellik Salonu
Rose Blanche Beauté,+905541199357,Güzellik Salonu
On Beauty Clinic,+905457478537,Güzellik Salonu
Beauty Nur,+905458748454,Güzellik Salonu
gg kuafor beauty center,+905551719282,Güzellik Salonu
Aura Lotus Beauty & Spa,+905398792107,Güzellik Salonu
DY GLOW Beauty,+905529403952,Güzellik Salonu
HAZEL & KÜBRA BEAUTY CENTER,+905414067805,Güzellik Salonu
Bar,+905306156630,Kuaför / Berber
Esra Nail Beauty,+905520731811,Güzellik Salonu
My Choice Beauty Center FORUM İSTANBUL AVM,+905013330600,Güzellik Salonu
Elif Okur Kuaför,+905359321443,Güzellik Salonu
Gratıs,+908502106900,Güzellik Salonu
Murat Bayan Kuaförü,+902126136991,Kuaför / Berber
Femvibe Hair & Make-up Studio,+905015735961,Kuaför / Berber
Tülay Kuaför Ve Güzellik Merkezi,+905072309492,Güzellik Salonu
Hair Frida Bayan Kuaförü,+905446845516,Kuaför / Berber
Emby's Bayan Kuaförü,+905459207007,Kuaför / Berber
Hair Boss Bayan Kuaförü,+902125385267,Kuaför / Berber
ALİ NAZ,+902128013290,Kuaför / Berber
Ayla Sadıker Kuaför ve Güzellik Salonu,+905354339773,Güzellik Salonu
Berrin Bayan Kuaförü,+905448274501,Kuaför / Berber
Belgin Kuaför,+902125374441,Kuaför / Berber
Kader genç bayan kuaförü,+905342517567,Kuaför / Berber
Gürcan Bay Bayan Kuaförü,+902125773455,Kuaför / Berber
Bosna Kuaför,+905356278027,Kuaför / Berber
Candan Bayan Kuaförü,+905326884056,Kuaför / Berber
SALOON ÜN BAYAN KUAFÖRÜ,+905395887888,Kuaför / Berber
Salon_muratyilmaz,+902125648860,Güzellik Salonu
Saloon My Star,+905336613737,Kuaför / Berber
Mustafa Ertürk Bayan Kuaför,+905442282586,Kuaför / Berber
Kuaför BOZOK,+905332022928,Kuaför / Berber
Vegas bayan kuaförü,+905539268402,Kuaför / Berber
BERBERİMK,+905347660350,Kuaför / Berber
Barbershop Recep OK,+905524791243,Kuaför / Berber
Enes Abik Barber's Clup,+905365912244,Kuaför / Berber
Barber Erkek Kuaförü - Bayrampaşa Erkek Kuaförü,+905365818399,Güzellik Salonu
By İmaj Kuaför,+905323927155,Kuaför / Berber
Murat Berber,+905356139660,Kuaför / Berber
Tual Barber Shop,+905447752805,Kuaför / Berber
Hasan Berber,+905375931010,Kuaför / Berber
Barber Shop by Şahin,+905335155360,Kuaför / Berber
Kauför Riba,+905342903504,Kuaför / Berber
FADE ROOM,+905348273418,Kuaför / Berber
Berber Orhan,+905323040406,Kuaför / Berber
Berber Orhan,+905389578392,Kuaför / Berber
Öz erkek kuaförü Habil öz,+905353555248,Kuaför / Berber
Berber Müslüm,+905323513918,Kuaför / Berber
NostajiBarber,+905392920536,Kuaför / Berber
Stil Berber & Kuaför -Kasım Bayrak,+905322273631,Kuaför / Berber
Şamata Berber Shop,+905353333848,Kuaför / Berber
Kuaför ALAATTİN.,+905306004312,Kuaför / Berber
Salon Vizyon Erkek Kuaförü,+905372142085,Kuaför / Berber
Star Erkek Kuaförü,+905327911755,Kuaför / Berber
ByKadirORUÇ,+905325888694,Kuaför / Berber
Bilâl YILMAZ Tattoo & Hair Designer,+905432036134,Dövme & Piercing
PLATİN ERKEK KUAFÖRÜ,+905356626351,Kuaför / Berber
BY SALİH SADE,+905442543463,Kuaför / Berber
Karizma Erkek Kuaförü,+902126166445,Kuaför / Berber
ck salon,+905367848769,Kuaför / Berber
Atılgan erkek kuafōrü,+905432275420,Kuaför / Berber
Emrah Erkek Kuaförü,+905393851151,Kuaför / Berber
Metin Mehmet Salih Kuaför,+902126139013,Kuaför / Berber
onbironbir erkek kuaförü,+902124371300,Kuaför / Berber
Msm Berber,+905358414442,Kuaför / Berber
Salon Loca HAİR DESİNG,+905378990724,Kuaför / Berber
Fatih Sina Erkek Kuaförü,+905308493013,Kuaför / Berber
ALİX ERKEK KUAFÖRÜ,+905425382413,Kuaför / Berber
Orjinal Kuaför,+902125440771,Kuaför / Berber
Damat Erkek Kuaförü,+902125636416,Kuaför / Berber
Efsane Erkek Kuaförü,+902126583692,Kuaför / Berber
Berber,+905377997876,Kuaför / Berber
Gold hands Erkek Kuaförü,+905321512831,Kuaför / Berber
Ömür erkek Kuaför,+905435354048,Kuaför / Berber
Huzur Erkek Kuaförü,+905376777271,Kuaför / Berber
Enes Tuzalan Erkek Kuaförü,+905331451105,Kuaför / Berber
Big Boss Kuaför,+905070097048,Kuaför / Berber
Kral Erkek Kuaförü,+905335412957,Kuaför / Berber
صالون شادي الجديد للحلاقه الرجاليه,+905383150170,Kuaför / Berber
ADRES ERKEK KUAFÖRÜ,+905315720337,Kuaför / Berber
Murat Kuaför,+905077794910,Kuaför / Berber
Md Erkek Kuaförü,+902124933224,Kuaför / Berber
Salon İlyas,+902126175865,Kuaför / Berber
Türkmen İş Hanı Berber Recep,+905334788785,Kuaför / Berber
Şadi Gokdoğan Erkek Kuaförü,+905369359095,Kuaför / Berber
Star Erkek Kuaförü,+905356562332,Kuaför / Berber
Mega erkek kuaförü,+905383375857,Kuaför / Berber
SALON ARTI Erkek Kuaförü,+905541940374,Kuaför / Berber
Özkan Erkek Kuaförü,+905393899950,Kuaför / Berber
Mert Erdoğan Hair Artist,+905392513501,Kuaför / Berber
OZZY ERKEK KUAFÖRÜ,+905444293692,Güzellik Salonu
Andaç Erkek Kuaförü,+905356175000,Kuaför / Berber
Şirin Erkek Kuaförü ŞABAN ÇAKIN,+905384550105,Kuaför / Berber
ERKEK KUAFÖR OKTAY AYKULTELİ,+905363296766,Kuaför / Berber
Salon İmaj Erkek Kuaförü,+905388134542,Kuaför / Berber
Berr Erkek Kuaförü Bay-Bayan Solaryum,+902126749469,Güzellik Salonu
Güler Erkek Kuaförü,+905382071328,Kuaför / Berber
Onur Erkek Kuaförü,+905073565401,Kuaför / Berber
Yılmaz Erkek Kuaförü,+905439187173,Kuaför / Berber
Boss Erkek Kuaförü,+905379255051,Kuaför / Berber
Yakamoz Erkek Kuaförü,+905367295516,Kuaför / Berber
Andromeda Erkek Kuaförü,+905385002025,Kuaför / Berber
Samet Erkek Kuaför,+905061789881,Kuaför / Berber
ALDA SAÇ TASARIM,+905303864634,Kuaför / Berber
Trraş Erkek Kuaförü,+902125650098,Kuaför / Berber
Beba Beauty,+905304803518,Güzellik Salonu
Nurgül Şahin Güzellik Salonu,+905416347534,Güzellik Salonu
DG HAİR BEAUTY GİZEM ALBAYRAK,+905300277144,Güzellik Salonu
BY EPİLASYON SALONU,+905346012591,Güzellik Salonu
"Miray Terapi ve Güzellik Salonu Fatih Buz Lazer Epilasyon, Kirpik Lifting, Meridyen Terapi, Medikal Masaj, Refleksoloji",+905331939926,Psikolog / Terapist
Abel Beauty,+905411990808,Güzellik Salonu
Kumsal beauty - Makeup & Türban Tasarım,+905306246827,Güzellik Salonu
Saye Nail Bar Güzellik Merkezi,+905342742884,Güzellik Salonu
"Esenler Protez Tırnak, Cicos Nail Bar",+905054091336,Güzellik Salonu
Aleyna nail salon,+905304427296,Güzellik Salonu
NB HAİR BEAUTY STUDİO,+905315984247,Güzellik Salonu
Malika Nailart stüdyo,+905524472587,Güzellik Salonu
E&S Beauty Bar,+905418321807,Güzellik Salonu
Sevgi Nail art Studio,+905350718434,Güzellik Salonu
Femina Beauty Studio,+905454575107,Güzellik Salonu
Titanailart,+905444235547,Güzellik Salonu
Efay Protez Tırnak,+905389200059,Güzellik Salonu
Hatice Dinler Güzellik Salonu,+905523848501,Güzellik Salonu
Daisy Nail Art,+905434273610,Güzellik Salonu
Liliana Protez Tırnak Merkezi,+905372391316,Güzellik Salonu
Simli Nail Home Studio (Protez Tırnak ve Nail Art),+905556516767,Güzellik Salonu
Estemol Akademi Estetisyenlik ve Makyaj Akademisi,+905428091717,Güzellik Salonu
Baronessa Nail Club,+905449671177,Güzellik Salonu
"Bağcılar Protez Tırnak, Fatma Coşkun Beauty",+905061897525,Güzellik Salonu
OD Premium Beauty Center | Nail Art | Protez Tırnak | İpek Kirpik | Pedikür,+905462010691,Güzellik Salonu
İlayda hasanli beauty studio,+905362194742,Güzellik Salonu
Nail X Studio,+905469705531,Güzellik Salonu
Serenay Çakmak Beauty,+905013568458,Güzellik Salonu
Sedef Çetiner House Beauty İstanbul,+905532094173,Güzellik Salonu
Cansu Doğruel Beauty / Güneşli Protez Tırnak,+905468452119,Güzellik Salonu
Elithrabeauty,+905070889350,Güzellik Salonu
Protez Tırnak İstanbul,+905379390100,Güzellik Salonu
CAPİTAL ACADEMY- Güzellik Uzmanlığı - Protez Tırnak - Kalıcı Makyaj Kursu,+905322901160,Güzellik Salonu
Yelinda Nail Studio | Esenler Bağcılar Protez Tırnak,+905521763787,Güzellik Salonu
Gülçin Balcı Güzellik Salonu /// Protez tırnak / İpek Kirpik / Kalıcı Makyaj,+905353766947,Güzellik Salonu
Neşe yıldız hair makeup studio,+905400035888,Güzellik Salonu
İnce Saç Tasarım,+905449767123,Kuaför / Berber
Fatma Çakır HAİR&MAKEUP Studio,+905332579118,Güzellik Salonu
Aleyna Güneş Hair&Makeup Studio,+905011273107,Güzellik Salonu
Aslı Yakan Studio,+905376561716,Kuaför / Berber
Merve Erkılıç Hair & Makeup Saloon,+905332031195,Güzellik Salonu
Nuse Moda Evi,+902126129598,Diğer (Sağlık & Bakım)
Lalezar Gelinlik,+905454172080,Diğer (Sağlık & Bakım)
SEVDA KUAFÖR,+905525951522,Kuaför / Berber
SalonÖzgülSarıkaya,+905358206521,Güzellik Salonu
Metin Kodak hair design studio,+905468613188,Kuaför / Berber
Çiğdem BODUROĞLU kuaför,+905380717273,Kuaför / Berber
Hülya Baş Kuaför Salonu,+905342964501,Kuaför / Berber
Alize Düğün Ve Davet Salonu,+902124772512,Kuaför / Berber
By Beauty,+905425350319,Güzellik Salonu
Salon Kader Saç Tasarım,+905304358714,Kuaför / Berber
ROYAL DAVET BAYRAMPAŞA,+905357828788,Kuaför / Berber
Hairmakeupsedef,+905355274727,Güzellik Salonu
EsKa♾️Nailart & Beauty,+905071502212,Güzellik Salonu
Salon Pelin,+905418579984,Kuaför / Berber
New Life GÜZELLİK MERKEZİ,+905354603992,Güzellik Salonu
Alman Center,+905551762154,Güzellik Salonu
Leyla güzelik salonu,+905353585381,Güzellik Salonu
MC Hair Design (By Murat Coşkun),+905365060815,Kuaför / Berber
Ebru Açıkgöz Bayrampaşa - Saç Makyaj & Hair Makeup,+905313816744,Güzellik Salonu
By Hair,+905530031516,Kuaför / Berber
Hairwaves Style Studio,+902126403837,Kuaför / Berber
Hair Desingner,+902125447171,Kuaför / Berber
Salon Ertürk,+905325720166,Kuaför / Berber
NURİ KURT HAİR LOUNGE,+905413382031,Kuaför / Berber
Salon O Ben,+905335135673,Kuaför / Berber
Beyour Beyza Dzindzioski Hair Makeup & Beauty Studio,+902125656615,Güzellik Salonu
Zettina Düğün Davet Balo Salonu,+902126166494,Kuaför / Berber
Salon Mahmut,+905382971809,Kuaför / Berber
Ömer Arman Hair Studio,+905346722554,Kuaför / Berber
Berna Sağlam Beauty,+905333538573,Güzellik Salonu
Therapy beauty saloon,+905549879379,Güzellik Salonu
SALON ETKİ - KENAN İŞGÖREN,+905369720392,Kuaför / Berber
Sz Salon Zafer,+905324719151,Kuaför / Berber
Saloon Rosse,+902124933182,Kuaför / Berber
Makas Eller Saç Tasarım,+905456105795,Kuaför / Berber
MURAT TABAN - İsa YILMAZ - SAÇ TASARIM VE BAKIM HİZMETLERI,+905335902906,Kuaför / Berber
Barış saç tasarım,+905537255033,Kuaför / Berber
Mesut Saç Tasarim,+905325734466,Kuaför / Berber
Kardelen Kuaför Bayan Saç Tasarım,+905340852725,Kuaför / Berber
Zea Nail Studio,+905054276995,Güzellik Salonu
Divine Nail Retreat,+902124431839,Güzellik Salonu
Sümeyye Beauty,+905349768236,Güzellik Salonu
My beauty,+905411242439,Güzellik Salonu
Sevda Eryüz Beauty,+905322561215,Güzellik Salonu
Nilüfer beauty hause,+905061010047,Güzellik Salonu
Alessandro’s Beauty Salon’a,+902127022172,Güzellik Salonu
Beauty House İstanbul,+905013655655,Güzellik Salonu
SENA BEAUTY LOUNGE,+905458672617,Güzellik Salonu
Global Güzellik Merkezi,+905427862646,Güzellik Salonu
BeautyLab İstanbul,+905529000010,Güzellik Salonu
Gold Queen Beauty,+905306211785,Güzellik Salonu
Estetik ve Plastik Cerrahi Merkezi - Esteaura,+905304426099,Güzellik Salonu
Ahmet Yıldırım Stüdyo,+902122845400,Güzellik Salonu
İbrahim Çokal Art Up,+905382005930,Kuaför / Berber
Kuaför Mustafa,+902122618038,Kuaför / Berber
Beşiktaş Taksim5 kadın kuaförü,+905458860053,Kuaför / Berber
Z&S Bayan Kuaförü,+905317658755,Kuaför / Berber
Energy Bayan Kuaförü,+902122792250,Kuaför / Berber
Who Hair House,+905373177734,Kuaför / Berber
Vip Hair Art Salon-Vip Kuaför,+902123517089,Kuaför / Berber
Ersans hair studio,+905322202001,Kuaför / Berber
Helsum Bayan Kuaförü,+902122274653,Kuaför / Berber
Ethem Akçelik,+902122849896,Kuaför / Berber
MB Bayan Kuaför,+902122592002,Kuaför / Berber
Hair Soul,+902122792500,Kuaför / Berber
Okyanus Bayan Kuaförü,+902122580883,Kuaför / Berber
Diba kuaför etiler,+902122570824,Kuaför / Berber
Avşar Bayan Kuaförü,+902122616864,Kuaför / Berber
Erse Kuaför,+902123520793,Kuaför / Berber
3 adam woman haır desıgn,+902123513894,Kuaför / Berber
Golden Hair Göksen,+905337702590,Kuaför / Berber
Danışman Kuaför,+902122814124,Kuaför / Berber
Vanessa Bayan Kuaförü,+902129726595,Kuaför / Berber
Yıldırım Özdemir,+902122872173,Güzellik Salonu
N.E.S BAYAN KUAFÖRÜ,+905393831460,Güzellik Salonu
Es Hair Studio,+902122637323,Kuaför / Berber
Fikret Özyurt Kuaför,+902122802848,Kuaför / Berber
Butik Kuaför,+905055191488,Kuaför / Berber
ERHAN DELEN HAIR DESIGNER,+902122576407,Kuaför / Berber
Kuaför Gürkan,+902122657477,Kuaför / Berber
Aura Kuaför,+902123522460,Kuaför / Berber
Jutoma Bay & Bayan Kuaför Salonu,+902122675303,Kuaför / Berber
4. Levent Bayan Kuaförü - Es Fön Kuaför,+902122642733,Kuaför / Berber
Rose Kuaför,+902123241048,Kuaför / Berber
Habip Topal,+902122635882,Kuaför / Berber
Blacksalonn,+905302598040,Kuaför / Berber
By Metin Aksoy Etiler (Barber Shop),+905344123870,Kuaför / Berber
Esse Kuaför Etiler,+902126273773,Kuaför / Berber
Remse Kuaför,+905333511042,Kuaför / Berber
Hakan Köse,+902122574640,Kuaför / Berber
JUJU GUZELLIK,+902122878834,Güzellik Salonu
Ali&Şefik&Erdal Hair Design,+902122879235,Kuaför / Berber
Ali Mevlüt Abdullah Kuaför,+902122579071,Kuaför / Berber
SunShine Bayan Kuaförü,+905422972347,Kuaför / Berber
Seval Bayan Kuaförü,+902122874960,Kuaför / Berber
Metin Demir Akaretler Hairdresser,+905325673008,Kuaför / Berber
Kuaför Bülent,+902123527132,Kuaför / Berber
Hair games by EMRE by MESUT,+905385625123,Kuaför / Berber
Şafak & Yavuz Kuaför,+902122780336,Kuaför / Berber
Crazy Kuaför,+902122702862,Kuaför / Berber
Ramazan öz kuaför,+905324580095,Kuaför / Berber
For Kids Hair - Kanyon AVM,+902123531323,Kuaför / Berber
ORTAKÖY SHE'S KUAFÖR,+902122607806,Kuaför / Berber
Erdem Kıramer Etiler,+905311054290,Kuaför / Berber
Kuaför Enginyucel-saçtasarım ve kaynak merkezi,+905384491965,Kuaför / Berber
ROJDAN's BARBER,+905345017039,Kuaför / Berber
Zanaat Berber,+905434333428,Kuaför / Berber
Beşiktaş berber/BMU Murat Uçar Barbershop,+905424745234,Kuaför / Berber
The Fade - Gentleman & Barbershop,+905384176767,Kuaför / Berber
YK Barber 073 BEŞİKTAŞ,+905525353451,Kuaför / Berber
Emin Çevik Barber Club,+902122589351,Kuaför / Berber
Ottoman Barbershop Beşiktaş,+905346166921,Kuaför / Berber
By Tolga,+905050652799,Kuaför / Berber
Levent Berberi,+902122684513,Kuaför / Berber
Muhammet Aras Erkek Kuaförü,+905388175476,Kuaför / Berber
Barber Shop Sezer,+905422675234,Kuaför / Berber
Young Hair Studio,+905415712044,Kuaför / Berber
Berber Mustafa,+905423287028,Kuaför / Berber
Ali Turan Barber Shop Etiler,+905324787595,Kuaför / Berber
Kuzey Barber Shop,+905551846933,Kuaför / Berber
Yusuf Erkek Kuaförü,+905352990005,Kuaför / Berber
Berber Fesih & Solaryum & Manikür Pedikür,+905364338461,Kuaför / Berber
Berber Mustafa,+905372204004,Kuaför / Berber
Monarch Coiffeur,+905358546097,Kuaför / Berber
Berber İshak,+902122843426,Kuaför / Berber
UNDERCUT BARBER SHOP,+905397372459,Kuaför / Berber
The barber’s,+905456408958,Kuaför / Berber
Atölye Berber,+905393352098,Kuaför / Berber
Hakan Akyüz,+905396068005,Kuaför / Berber
OSMAN Barber Shop,+905348824524,Kuaför / Berber
The Men's Barber Shop,+905052077296,Kuaför / Berber
MAS Berber Shop,+902123511050,Kuaför / Berber
Kürşat Işık Barber Studio,+902122304034,Kuaför / Berber
Berber Naif,+902122819092,Kuaför / Berber
The Barber Shop,+905353851527,Kuaför / Berber
İBRAHİM CİNGÖZ BERBER,+905423312292,Kuaför / Berber
Erhan Mengel Shaves&Trims Erkek Kuaförü,+902122695069,Kuaför / Berber
Şükrü Dudu Barber's Club,+902122809808,Kuaför / Berber
Studıo Berber Mesut Yılmaz,+905327826017,Kuaför / Berber
MAXER ERKEK KUAFÖRÜ VE SOLARYUM,+902122759329,Kuaför / Berber
BERBER HASAN(İstanbul Besiktas BARBER),+905327177822,Kuaför / Berber
Kenan Kesim Barbershop,+905325038656,Kuaför / Berber
Berber Burhan Erkek Kuaförü,+905327026565,Kuaför / Berber
Tıvolı's Men Hair Art,+905323698345,Kuaför / Berber
SALON ASMEN BARBER SHOP,+902123526715,Kuaför / Berber
Ercan erkek kuaforu,+905359412634,Kuaför / Berber
Narin Berber,+905464632574,Kuaför / Berber
Berber Salon Hamza(Barber),+905439040793,Kuaför / Berber
Salon Yusuf,+902123471872,Kuaför / Berber
Berber Vedat,+902122645607,Kuaför / Berber
the barber Aşkın,+905322348207,Kuaför / Berber
Formen Kuaför Gayrettepe,+905362117566,Kuaför / Berber
Yusuf Yılmaz Saç Tasarım,+902122848531,Kuaför / Berber
World class erkek kuaförü,+902122604010,Kuaför / Berber
Alen Erkek Kuaförü,+902122743966,Kuaför / Berber
Berber Kadem (Kadem Erkek Kuaförü / Beşiktaş),+905326178495,Kuaför / Berber
VEHBİ BEY BERBER SALONU,+902123242687,Kuaför / Berber
Berber Ömer ve Şükrü,+902122669801,Kuaför / Berber
Demir Berber,+905337140367,Kuaför / Berber
Berber Emrah,+905326442143,Kuaför / Berber
Ergin Erkek Kuaförü,+902122755116,Kuaför / Berber
ADEM TERZİ BARBER'S CLUB,+902122637513,Güzellik Salonu
Seçkin Erkek Kuaförü,+905366703364,Kuaför / Berber
Nuri berber,+905050360711,Kuaför / Berber
ERKEK KUAFÖRÜ AHMET KARAARSLAN,+902123471990,Kuaför / Berber
Kuaför Sami Hancı / Barber Shop,+905303475216,Kuaför / Berber
Berber İsa Şenel,+902122801045,Kuaför / Berber
Eyüp Barber Shop,+902123528687,Kuaför / Berber
Barber 1951,+902122609027,Kuaför / Berber
BERBER SANATI RAHMİ TELEK,+905324335246,Kuaför / Berber
Hairport Berber,+905336694291,Kuaför / Berber
Oxvo Erkek Kuaförü,+905382122012,Kuaför / Berber
Spor Erkek Kuaförü,+905436723590,Kuaför / Berber
Berber veli,+905324517929,Kuaför / Berber
Çırağan Erkek Kuaförü,+905385983519,Kuaför / Berber
Metin&Emre Erkek Kuaförü,+902122586431,Kuaför / Berber
SANAT ERKEK KUAFÖRÜ,+905461902191,Kuaför / Berber
Stil Erkek Kuaförü,+902123274736,Kuaför / Berber
Nispetiye Erkek Kuaförü,+905339691477,Kuaför / Berber
Adem Erkek Kuaförü,+902122589094,Kuaför / Berber
Asil Erkek Kuaförü,+902122681650,Kuaför / Berber
Maestro barbers,+902123515712,Kuaför / Berber
Şükrü Erkek Kuaförü,+902122590676,Kuaför / Berber
Tivoli’s Davut Erkek Kuaförü,+905326818150,Kuaför / Berber
Ihlamur Erkek Kuaförü,+902122618031,Kuaför / Berber
Bulvar Erkek Kuaförü,+905558446060,Kuaför / Berber
Kuaför Recai Ortaköy Erkek Berberi,+902122603496,Kuaför / Berber
Zeren Erkek Kuaförü,+905362280338,Kuaför / Berber
Yap Boz,+902122582278,Kuaför / Berber
ERKEK KUAFÖRÜ ZAFER SÜLÜN,+905350451976,Kuaför / Berber
ARTWORK ERKEK KUAFÖRÜ,+905304264806,Kuaför / Berber
BERBERİM.Man's Hairdresser.,+905354198323,Kuaför / Berber
Akatlar Erkek Kuaförü,+902123520135,Kuaför / Berber
Bebek Erkek Kuaforu,+905363183808,Kuaför / Berber
Kuaför Hakim,+905322014343,Kuaför / Berber
Selo Barber Shop,+905384368034,Kuaför / Berber
delosbeauty,+902124747070,Güzellik Salonu
Tırnak Sanatı Beşiktaş by Meltem Gören,+905384950110,Güzellik Salonu
"Nailcilik - Protez Tırnak, Kalıcı Oje, Manikür, Pedikür, Jel Tırnak, nailart.",+905385589292,Güzellik Salonu
HOUSE OF PRO NAİL,+905464899207,Güzellik Salonu
Rainailbar Beşiktaş,+905433080161,Güzellik Salonu
Melikür Nail Studio,+905404878585,Güzellik Salonu
NAILLAB BEŞİKTAŞ,+905432620131,Güzellik Salonu
Craft Nail,+905397031840,Güzellik Salonu
Wetra Nail House,+905421442253,Güzellik Salonu
Protez tırnak mey,+905413432955,Güzellik Salonu
Lustranailsbeşiktaş,+905057417538,Güzellik Salonu
PROTEZ TIRNAK ETİLER LEVENT - Nail Art - Jel Tırnak - Akrilik Tırnak,+902129444353,Güzellik Salonu
As. Nail studio,+905421594948,Güzellik Salonu
Big Bang Nail,+905437738733,Güzellik Salonu
Deep Nail and Beauty,+902128305382,Güzellik Salonu
Glossy Nails Beşiktaş,+905345739344,Güzellik Salonu
Nail Trendy,+905323011779,Güzellik Salonu
İs More Beauty,+905412419799,Güzellik Salonu
Nevin Birinci Beauty Center Etiler,+905356431918,Güzellik Salonu
Maj Nail & Beauty,+905307075295,Güzellik Salonu
Farida Nail Studio,+905331332814,Güzellik Salonu
FRAY Beauty Bebek,+905324803729,Güzellik Salonu
Mare Nail Bar,+905337370520,Güzellik Salonu
The Nail Art,+905305540446,Güzellik Salonu
Navy Beaute Beşiktaş,+905417953669,Güzellik Salonu
"Ezgi Öztürk Beauty Etiler - Cilt Bakımı, İpek Kirpik, Protez Tırnak, Manikür, Kirpik Laminasyon, Kirpik Lifting",+905378954118,Güzellik Salonu
Pronail,+905449291149,Güzellik Salonu
Büşra Turan Beauty,+905393247306,Güzellik Salonu
Ay Hair Nail,+905545646826,Güzellik Salonu
Ariana Beauty Center&Clinic,+905451144040,Güzellik Salonu
Lezgin Selimoğlu Hair Salon ETİLER,+902123522134,Kuaför / Berber
Zorlu Beauty Istanbul,+905449789746,Güzellik Salonu
Vodolia Beauty,+905318867676,Güzellik Salonu
Şems Arslan Cilt Uzmanı,+902122572333,Güzellik Salonu
HYDRAPOWER,+902122731360,Güzellik Salonu
Handan Yücel Beauty,+905518469727,Güzellik Salonu
BEAUTY BY DİANA BELYAKOVA,+905521577252,Güzellik Salonu
Dermamed Güzellik Merkezleri,+902122870468,Güzellik Salonu
Merve Akkaya Beauty Institute,+905332639824,Güzellik Salonu
Abı Hyat Beauty,+905510742370,Güzellik Salonu
Nani Beauty Etiler,+902122653232,Güzellik Salonu
Ergül Keskin Conture Make-Up,+902128015750,Güzellik Salonu
Cilt Bakım Merkezi Hydrafacial İstanbul,+902122325192,Güzellik Salonu
Funda Zeytun Beauty,+902122131005,Güzellik Salonu
Muse Beauty Güzellik,+905321348569,Güzellik Salonu
Fit & Beauty Club,+905330754460,Güzellik Salonu
Hydralife Beauty,+902123259697,Güzellik Salonu
Emine Saraç Etiler,+902123517351,Güzellik Salonu
Bahar Beauty,+905352020278,Güzellik Salonu
Meya Beauty,+905363152424,Güzellik Salonu
Tugba Sasmaz Body Beauty,+905307063876,Güzellik Salonu
Elif Dağcı Beauty,+905323921130,Güzellik Salonu
Makas Bliss Nişantaşı,+905011452032,Kuaför / Berber
Reset Hair Salon / Etiler,+905464028658,Kuaför / Berber
Kıvırcık Saç Kesim Atölyesi by İzzet Tabak,+905386962975,Kuaför / Berber
E.K SAÇ TASARİM,+902122362414,Kuaför / Berber
I LOVE HAIR-ETİLER KUAFÖR | Balyaj | Röfle | Ombre | Sombre | Brushlıght | Brezilya Fönü | Saç Botoksu | Saç Kesim | Keratin,+905413506868,Güzellik Salonu
Saç Tasarım Serhat Morkoç,+902122483808,Kuaför / Berber
ETİLER SAÇ TASARIM,+902123516686,Kuaför / Berber
Root hair studio,+905372260670,Kuaför / Berber
hairbucks saç tasarım,+902122122362,Kuaför / Berber
333 Hair Art,+902122691516,Kuaför / Berber
Different Hair,+902122803098,Kuaför / Berber
Eta Saç Tasarım Ve Kaynak Merkezi,+902123521001,Kuaför / Berber
MAAG saç&sanat,+902122706224,Kuaför / Berber
Bobs Etiler,+902122842294,Kuaför / Berber
Studio Dens & Hair,+902122690314,Güzellik Salonu
Yamaç Kazıcı,+902122277397,Kuaför / Berber
La Perle Coiffeur,+902122706080,Kuaför / Berber
Engin Çam HairDresser,+905075177655,Güzellik Salonu
VARLIK OKUTAN HAİR DESIGNER,+905359274977,Kuaför / Berber
Özlem & Hakan Kuaför,+905343200365,Kuaför / Berber
Salon Bed Saç Tasarım,+902123241000,Kuaför / Berber
Efkan Elönü Hair Studio,+905353558730,Kuaför / Berber
d_crafthairstylist,+905337123542,Kuaför / Berber
Bebek Mos Kuaför,+902122576767,Kuaför / Berber
Dilay Çınar Hair Studio,+905330494894,Kuaför / Berber
Protez Saç(Akua Protez Saç Merkezi),+905353525184,Kuaför / Berber
makas bebek,+902122575700,Güzellik Salonu
Fy Olga Nail Studio,+905451702347,Güzellik Salonu
SOPHIA EXCLUSIVE Nail & Lash Studio,+905525138000,Güzellik Salonu
mersan nail,+905453977037,Güzellik Salonu
Loli Nail Studio,+905415774023,Güzellik Salonu
Pretty Please Nail&Makeup,+905443059503,Güzellik Salonu
VOMA NAİL,+905013242799,Güzellik Salonu
Aje Nail & Beauty,+905422203822,Güzellik Salonu
Rosa Nails Art,+905368359095,Güzellik Salonu
Gül & Sinem Manikür Salonu,+902122758011,Güzellik Salonu
Kız Neşesi Nail Art,+905313615404,Güzellik Salonu
BRC Beauty & Nail,+905307345222,Güzellik Salonu
Mila Nails & Beauty Lab,+905541548923,Güzellik Salonu
Tria Manikür & Pedikür Salonu,+905422803405,Kuaför / Berber
Tila Nail Studio,+905050060208,Güzellik Salonu
Belezza Beauty,+905452092708,Güzellik Salonu
Ebru Bal Cosmetics & Beauty,+905345891390,Güzellik Salonu
Bouquet Beauty Lab,+905427142020,Güzellik Salonu
Minail Beauty,+905348891734,Güzellik Salonu
TOP by Şengör Beauty,+905403514666,Güzellik Salonu
Lua Beauty,+902122691233,Güzellik Salonu
Estetica Restore Beauty Saloon,+902122701970,Güzellik Salonu
The Ritual of Beauty Etiler,+905496298178,Güzellik Salonu
Venus Luna Beauty,+905373602870,Güzellik Salonu
Fa. BEAUTY STUDIO,+905320592737,Güzellik Salonu
İstanbul Beauty Akademi,+902122611905,Güzellik Salonu
Sanita beauty Istanbul,+905540218880,Güzellik Salonu
A Beauty İstanbul,+905325413030,Güzellik Salonu
Ysabel - Beauty Center,+902123548016,Güzellik Salonu
Beauty Station Etiler,+905302011070,Güzellik Salonu
SENA BEAUTY SALOON,+905407353461,Güzellik Salonu
İana Beauty Lounge,+902122705595,Güzellik Salonu
Maison Soleil - Beauty,+905414304848,Güzellik Salonu
CANSU AKMAN BEAUTY,+905321763146,Güzellik Salonu
EDA GÜNEŞ BEAUTY CARE CENTER,+905538583738,Güzellik Salonu
Sueva Beauty Center,+905413451212,Güzellik Salonu
Jonat’s Beauty House,+905372653088,Güzellik Salonu
beautysecret,+905312345846,Güzellik Salonu
Melis Kaya Beauty,+905343064702,Güzellik Salonu
Demet's Line Plus Beauty Center,+905426961303,Güzellik Salonu
Pink Art,+902126630060,Güzellik Salonu
Zehra Polat Beauty Studio,+905326909726,Güzellik Salonu
Lumen Nailcare & Beauty,+905515305308,Güzellik Salonu
Semin Beauty,+905334611834,Güzellik Salonu
Melsy Beauty Etiler,+905467494143,Güzellik Salonu
Elsa Beauty,+905300652510,Güzellik Salonu
BZ BEAUTY STUDIO,+905301530996,Güzellik Salonu
Oksana Beauty,+905304083114,Güzellik Salonu
NR Bloom Beauty,+905399443333,Güzellik Salonu
Ysabel - Beauty Center,+905444498544,Güzellik Salonu
Ego Prive Beauty,+905302743647,Güzellik Salonu
Değişim Kuaför Beylikdüzü Beycity Avm,+905322369491,Kuaför / Berber
Beylikdüzü İpek Kirpik (SURE İNCE KİRPİK BUTİK),+905446928748,Güzellik Salonu
HK Nail Studio Beykent Protez Tırnak,+905344075654,Güzellik Salonu
Dorukoğlu Güzellik Beylikdüzü Güzellik Salonu,+905326361029,Güzellik Salonu
Gloss Nail Studio,+905305216801,Güzellik Salonu
Beylikdüzü Lazer Epilasyon,+905324696029,Güzellik Salonu
BAYAN KUAFÖRÜ BEYLİKDÜZÜ,+905356405160,Kuaför / Berber
Sema Bayan Kuaförü,+905416066290,Kuaför / Berber
İZ BAYAN KUAFÖRÜ,+902128762876,Kuaför / Berber
TUBA NEHRİ SAÇ &TÜRBAN TASARIM,+905015722525,Kuaför / Berber
ANGEL BAYAN KUAFÖR VE ESTETİK,+905330913531,Güzellik Salonu
Canan Yıldırım Bayan Kuaförü,+905367872234,Kuaför / Berber
A Plus Bayan Kuaförü,+902128733288,Kuaför / Berber
Mehmet Akın Bayan Kuaför,+905382972990,Kuaför / Berber
Ali kuaför,+902128730293,Kuaför / Berber
Ozzi Kuaför_cocuk kuaförü💇,+905308711122,Kuaför / Berber
Simay Bayan Kuaförü,+905334919788,Kuaför / Berber
OSSMAN KUAFÖR UNISEX BEYKENT,+905433606903,Kuaför / Berber
Kuaför Meral,+902128752338,Kuaför / Berber
Selçuk Bayan Kuaförü,+905358645626,Kuaför / Berber
Ferdi Ertuğrul kuaför,+902128556533,Kuaför / Berber
Rio Saç Tasarım ve Kaynak Merkezi,+905300905287,Kuaför / Berber
Özlem Güdek,+902128553900,Kuaför / Berber
Ünal Kılıç Coiffeur,+905457922707,Kuaför / Berber
Tuana bayan kuaförü,+905396373657,Kuaför / Berber
Yuka İstanbul kadın kuaförü,+905321356087,Kuaför / Berber
NALAN ERHAN BAYAN KUAFÖRÜ,+905335592787,Kuaför / Berber
3K METİN ŞAHİN SAÇ TASARIM,+902128037892,Kuaför / Berber
Cem Kurnaz Bayan Kuaför,+902127777606,Kuaför / Berber
Venüs Kuaför,+902129247903,Kuaför / Berber
Özlem Bayan Kuaförü,+902128551698,Kuaför / Berber
ZOOM KUAFÖR BEYKENT | EMRE ÖZKAN,+905345233236,Kuaför / Berber
Linda Bayan Kuaförü ve Güzellik Salonu,+905013208460,Güzellik Salonu
HAIR CLUP BAYAN KUAFÖRÜ,+905445919192,Kuaför / Berber
Can Hair Studio Bayan Kuaförü,+902128721055,Kuaför / Berber
Viviane bayan kuaförü (esra yılmaz),+905306853782,Kuaför / Berber
Mehmet Topçu Bayan Kuaförü,+902128121838,Kuaför / Berber
Gülay Bayan Kuaförü,+905389303425,Kuaför / Berber
Life Kuaför ve Saç Kaynak merkezi,+905413018511,Kuaför / Berber
OSS - MAN BARBER BEYKENT,+902128731967,Kuaför / Berber
Diva By Mehmet Dağ,+905322448307,Kuaför / Berber
Bomond Bay&Bayan Kuaför,+905370573666,Kuaför / Berber
Ness Bayan Kuaför Salonu,+905368845935,Güzellik Salonu
Elite Bayan Kuaförü,+905333475220,Kuaför / Berber
bayan kuaförü Canan özcan güzellik salonu,+905438191453,Güzellik Salonu
Beylikdüzü Bay Bayan Kuaför ve Güzellik Merkezi,+905303925213,Güzellik Salonu
Show Time Bayan Kuaförü,+905434122019,Kuaför / Berber
Bay Kuaför Uday ÖZEL,+905370576768,Kuaför / Berber
Lounge Marine Kuaför,+905365572900,Kuaför / Berber
zeyno güzellik salonu ve bayan kuaforu,+905427646995,Güzellik Salonu
SULTAN BAYAN KUAFÖRÜ & GÜZELLİK,+905386572376,Güzellik Salonu
The Best Hair Studio Bayan Kuaförü,+902128550543,Kuaför / Berber
Kuaför Emre Dilekci,+902128552434,Kuaför / Berber
Rcp Bayan Kuaförü,+905415200492,Kuaför / Berber
Sabit İkiz Bay&Bayan kuaför,+902128550708,Kuaför / Berber
Lilyum HairDesign,+902129316860,Kuaför / Berber
Ferdi & Yavuz Bayan Kuaförü,+905322808324,Kuaför / Berber
KUAFÖR NİMET & MEHMET,+905548716203,Güzellik Salonu
Kuaför Gülümm&se Saç ve türban,+905444380070,Kuaför / Berber
Salon Diva Uğur Perlevista AVM,+902128730858,Güzellik Salonu
Cold Hair Bayan Kuaförü,+905306090005,Kuaför / Berber
By Sedat Saç Tasarım,+905438557103,Kuaför / Berber
CHEF’S HAİR STUDİO,+905432179208,Kuaför / Berber
Fatma yücel bayan kuaförü,+905352193566,Kuaför / Berber
OĞUZHAN&DİLARA UÇAN BAYAN KUAFÖR SALONU,+905303952714,Kuaför / Berber
Özgür Esen Bay & Bayan Kuaför,+905455032703,Kuaför / Berber
Diva Park Güzellik Salonu,+902123020922,Güzellik Salonu
Salon Erdem Saç tasarım Ve Kaynak Merkezi,+905380869273,Kuaför / Berber
ŞAFAK SERTEL HAİR STUDİO,+905533510251,Kuaför / Berber
Esra Yılmaz Coiffeur,+905369672402,Kuaför / Berber
Elif bayan kuaför,+905072623334,Kuaför / Berber
Salon Narin Bayan Kuaförü,+902128559490,Kuaför / Berber
Kuaför Yıldırım,+902128721000,Kuaför / Berber
Damla UÇAR Beauty & Kuaför ‍ ️Hair,+905464178227,Güzellik Salonu
Diamond Hair Bay Bayan,+905349537337,Kuaför / Berber
Mehtap beauty (Mahtab Beauty),+905524779178,Güzellik Salonu
MAKKAS ERKEK KUAFÖRÜ,+905444349585,Kuaför / Berber
Cacel Erkek Kuaförü,+905393770103,Kuaför / Berber
Salon Black&White (Erkek Kuaför Salonu),+905356248870,Kuaför / Berber
Gökhan Dikmen Barber Shop,+905456542412,Kuaför / Berber
MASKÜLEN ERKEK KUAFÖRÜ,+905312615766,Kuaför / Berber
Cek Cengiz Erkek&Çocuk Kuaförü,+902128767365,Kuaför / Berber
Maskumen Hair Lounge,+905304997300,Kuaför / Berber
V.İ.P ERKEK KUAFORU,+905456142361,Kuaför / Berber
"Beylikdüzü VİP Erkek kuaförü Yakuplu, Selçuk Arda Vip Butik",+905356152902,Kuaför / Berber
Erkek Berberi By Kuaför Tugay,+905343524436,Kuaför / Berber
YASİNESATBERBERSHOP,+905306071416,Kuaför / Berber
421 barbershop,+905376277607,Kuaför / Berber
Erkek Kuafor Ahmet Ezer,+905384150252,Kuaför / Berber
Bizim Berber Erkek Kuaförü,+905433300329,Kuaför / Berber
TIRAŞHANEM | Beylikdüzü Erkek Kuaförü,+905436255559,Kuaför / Berber
RAMBEY ERKEK KUAFÖRÜ BARBERSHOP,+905344528834,Kuaför / Berber
Men's Barber - Beylikdüzü Erkek Kuaförü,+902128560016,Kuaför / Berber
İNTER JR ÖZKAN UÇAR - ERKEK KUAFÖRÜ BEYLİKDÜZÜ - ERKEK CİLT BAKIMI - ERKEK SAÇ BAKIMI,+905324595025,Güzellik Salonu
Levent Torun Men Hairdresser,+905377023777,Kuaför / Berber
Vanguard Hair Studio,+905332444724,Kuaför / Berber
Cem Tun Erkek Kuaförü,+905358823049,Kuaför / Berber
"Sefa Demir Men's Barber | Beylikdüzü Erkek Kuaförü, Beylikdüzü Berber",+905452642156,Kuaför / Berber
Salon Yasin Demircan,+905355978496,Kuaför / Berber
Barber Shop,+905309353152,Kuaför / Berber
DUZKAYA HAİR DESİGN ERKEK KUAFÖRÜ,+905343560217,Kuaför / Berber
Hb Erkek Kuaförü Hasan,+902128764007,Kuaför / Berber
Ömer Hatipoğlu hair artist,+905357679801,Kuaför / Berber
YILDIZ SAÇ TASARIM,+905422448746,Kuaför / Berber
Serkan Ardıç Saç Tasarım,+905353830580,Kuaför / Berber
Sezer Atmaca Erkek Kuaförü,+905315189872,Kuaför / Berber
New boss barber shop,+905331968611,Kuaför / Berber
Deniz Erkek Kuaförü 72,+905431319342,Kuaför / Berber
Kuaför ferdi yolal beylikdüzü,+905350856023,Kuaför / Berber
BEST ERKEK KUAFÖRÜ (Anatomik Saç Kesimi),+905386832747,Kuaför / Berber
SERKAN KİYA HAIR LOUNGE,+905315518241,Kuaför / Berber
Caner Kuaför Salonu,+905363548682,Kuaför / Berber
BeyMakas | Hair Studio,+905312911263,Kuaför / Berber
Aydın Koçak erkek ve çocuk Hair design,+905431634183,Kuaför / Berber
BURAK ÖZTÜRK HAİR MAN,+905380365059,Kuaför / Berber
Can & Cem Erkek Kuaförü,+902128723278,Kuaför / Berber
Oğuz Bostan Erkek Berberi,+905301719328,Kuaför / Berber
Berber Adem/Adem Menteşe Erkek kuaförü,+905060286828,Kuaför / Berber
Erhan Taş Hair Artist,+905398554321,Kuaför / Berber
Paşa Kuaför,+905545791000,Kuaför / Berber
BAY KUAFÖR MEHMET DOLAŞ,+905317211865,Kuaför / Berber
Bay Kuaför Tie,+902128543193,Kuaför / Berber
3Makas Erkek Kuaförü,+905414363383,Kuaför / Berber
OBEN ERKEK KUAFÖRÜ,+905388136725,Kuaför / Berber
Tekin Erkek Kuaförü,+905355086776,Kuaför / Berber
Ali Arda Barbershop,+905396251993,Kuaför / Berber
İMAJ ERKEK KUAFÖRÜ,+905425500754,Kuaför / Berber
Berber Düqqanı,+905349785334,Kuaför / Berber
By kuaför ismail,+905346655055,Kuaför / Berber
Serhat Kuaför,+905395899669,Kuaför / Berber
OSSMAN WOMAN UNISEX KUAFÖR - BARBER VIP,+905539865503,Kuaför / Berber
Kaan Herli & Baran Kaya Barber Shop,+905334642865,Kuaför / Berber
Murat Çalışkan Erkek Kuaför Salonu | Beylikdüzü | İstanbul,+905318607413,Kuaför / Berber
EMRE GÖRMÜŞ hair design,+905386054232,Kuaför / Berber
Mehmet Tatlı Yakuplu,+905324517548,Kuaför / Berber
Erkek Kuaförü,+905336236394,Kuaför / Berber
Miraç Erkek Kuaförü,+905376561283,Kuaför / Berber
Bay Yavuz Erkek Kuaförü,+905067515389,Kuaför / Berber
Emre Çetinkaya Hair Studio,+905320591161,Kuaför / Berber
Salon By Furkan,+905510718785,Kuaför / Berber
Salon Atakent Erkek Kuaförü,+905515905260,Kuaför / Berber
Murat Güzellik Salonları,+902127777137,Güzellik Salonu
Kardeşler Erkek Kuaförü,+905337892404,Kuaför / Berber
Just Men Erkek Kuaförü,+905383641757,Kuaför / Berber
Salon Şahin,+905389145534,Kuaför / Berber
Berber Yunus,+902128792239,Kuaför / Berber
T.E.O erkek kuaför salonu,+905357168338,Kuaför / Berber
ÇARHOĞLU KUAFÖR,+905436088229,Kuaför / Berber
GÜMÜŞ BERBER,+905313663429,Kuaför / Berber
Vip Kuaför,+902128732658,Kuaför / Berber
Salon Fenomen Erkek Kuaförü,+908505825271,Kuaför / Berber
Eyüp Yalçın Haır Design,+905426517934,Kuaför / Berber
Emre Şeker Art Of Elegance,+905435748546,Kuaför / Berber
Beylikdüzü Leo Erkek Kuaförü,+905334707865,Kuaför / Berber
NAS ERKEK KUAFÖRÜ,+905551736255,Kuaför / Berber
By Kuaför Ahmet,+905318744443,Kuaför / Berber
G & D Erkek Kuaförü,+902128726715,Kuaför / Berber
Usta makaslar erkek kuaförü,+905347725961,Kuaför / Berber
Elit Erkek Kuaförü,+905357272119,Kuaför / Berber
Kenan Balcı Erkek Kuaförü,+905415208597,Kuaför / Berber
Selçuk Arda Erkek Kuaförü,+905321793750,Kuaför / Berber
Erdem Erkek kuaförü Beylikdüzü,+905536671260,Kuaför / Berber
Fikret Ergin Erkek Kuaförü,+905382636714,Kuaför / Berber
Uzbay Erkek Kuaförü,+905356159373,Kuaför / Berber
Öztürk Erkek Kuaförü,+905317233217,Kuaför / Berber
By Makas Erkek Kuaförü,+905426692833,Kuaför / Berber
EYÜPOĞLU ERKEK KUAFÖRÜ,+905434843461,Kuaför / Berber
BULUT Erkek Kuaförü,+905322230471,Kuaför / Berber
Edda Erkek Kuaförü,+905313302349,Kuaför / Berber
Marca erkek kuaförü,+905421096490,Kuaför / Berber
Nusret Şensoy (Erkek Kuaförü),+905305647499,Kuaför / Berber
Trend Erkek Kuaför,+905365891048,Kuaför / Berber
Saloons Lema-X Erkek Kuaförü,+902128790996,Kuaför / Berber
Avrupa Erkek Kuaförü,+905433172106,Kuaför / Berber
Barbershop Şerif Erkek Kuaförü,+905446876341,Kuaför / Berber
By Karizma Erkek Kuaförü,+905455434912,Kuaför / Berber
Beylerbeyi Erkek Kuaförü,+905448071334,Kuaför / Berber
Murat kaplan erkek kuaförü - Beylikdüzü yakuplu erkek kuaförü,+905325923948,Kuaför / Berber
Salon Kerem Sönmez Erkek Kuaförü,+905452254378,Kuaför / Berber
FATİH GÜRKAN ERKEK KUAFÖRÜ,+905317394034,Kuaför / Berber
ŞÜKRÜ KAYIŞ ERKEK KUAFÖRÜ,+905456915489,Kuaför / Berber
H&H Man Hair Design,+902128835777,Kuaför / Berber
Cadde Erkek Kuaförü,+905396917493,Kuaför / Berber
Yeşil Kent Erkek Kuaförü,+905446061190,Kuaför / Berber
Bay Han Erkek Kuaförü,+905333186618,Kuaför / Berber
Acunman Erkek Kuaförü İbrahim Acunman,+905422080513,Kuaför / Berber
Lazer Epilasyon,+902128720927,Güzellik Salonu
Evrim Öztürk Beauty,+905322980217,Güzellik Salonu
Paris Lounge Güzellik Salonu,+905416066078,Güzellik Salonu
Pınar Cinali Güzellik,+905337158728,Güzellik Salonu
Esteblue Epilasyon ve Güzellik Merkezi,+902128064909,Güzellik Salonu
By Yağız Erkek Güzellik Salonu,+905427646994,Güzellik Salonu
Adelya Beauty,+905069260037,Güzellik Salonu
Necla Alkan Güzellik Salonu,+905333040134,Güzellik Salonu
The Ays Club By Ayşe Yayla,+905333097398,Güzellik Salonu
ELİZİUM,+902128528282,Güzellik Salonu
Betül Aydın BEAUTY,+905422560878,Güzellik Salonu
Nuray Yıldız Beylikdüzü,+905315655560,Güzellik Salonu
Nil Tellioğlu Beylikdüzü Güzellik Merkezi,+905060438888,Güzellik Salonu
Peri Güzellik Atölyesi,+905388416139,Güzellik Salonu
Pura Vida Güzellik Salonu,+905323572095,Güzellik Salonu
Madam Şüşü Güzellik Salonu,+905063360084,Güzellik Salonu
Semra Demirlenk Güzellik Salonu,+905538693433,Güzellik Salonu
Must Beauty - Must Güzellik Merkezi Beylikdüzü Güzellik Salonu,+905010733053,Güzellik Salonu
Gold Esthetic,+902128555053,Güzellik Salonu
İdil Atman Hair & Beauty Studio,+905536664345,Güzellik Salonu
Estelâl Güzellik,+905076994094,Güzellik Salonu
Auraline Güzellik Merkezi,+905445840434,Güzellik Salonu
Pınar Deniz Güzellik Salonu,+905059413333,Güzellik Salonu
Özlem Başpınar Güzellik,+905339318543,Güzellik Salonu
Aymira Koçaklı Beylikdüzü,+905326994944,Güzellik Salonu
T-SELLA SAÇ VE GÜZELLİK SALONU,+905385282554,Güzellik Salonu
Merve Metin Güzellik Saç Tasarım Salonu,+905521700171,Güzellik Salonu
DERYA KAN GÜZELLİK I Protez Tırnak I Cilt Bakımı I Epilasyon I Bölgesel İncelme,+905334866983,Güzellik Salonu
"Esthestate Health, Beauty & Esthetics",+905457880371,Güzellik Salonu
Lazer Epilasyon Cihazı Teknik Servis - IPL Lamba Değişimi - Lazer Epilasyon Cihazı Kiralama -,+905532950361,Güzellik Salonu
FOX BEAUTY SALON,+905377168029,Güzellik Salonu
ELİF AYDAN GÜZELLİK,+905339211417,Güzellik Salonu
Ferhan Kaçar Güzellik Merkezi,+905536782370,Güzellik Salonu
Macro Beauty Academy,+905398162276,Güzellik Salonu
Naz Beauty Güzellik Merkezi,+905346509699,Güzellik Salonu
Gülşende Güzellik Merkezi I Gülşen Kutlar,+905306797899,Güzellik Salonu
Gizem Ataoğlu Beauty Cilt Bakımı Protez Tırnak Beylikdüzü,+905455083212,Güzellik Salonu
Gia Marin Güzellik Salonu,+905537176997,Güzellik Salonu
Esra yılmaz welness,+905354670224,Güzellik Salonu
Chic & Glow Beylikdüzü,+905332564738,Güzellik Salonu
ZeRa Güzellik Salonu,+905068429995,Güzellik Salonu
Lavantia Beauty,+905326998190,Güzellik Salonu
Elif&Eda Beauty Salon,+905454236314,Güzellik Salonu
Merve Tuna Beauty studıo,+905075330452,Güzellik Salonu
Eylem Dürü Beauty Center,+905309951393,Güzellik Salonu
Pelin Suner Beauty Beylikdüzü Protez Tırnak,+905547703422,Güzellik Salonu
Beylikdüzü Protez Tırnak,+905364278619,Güzellik Salonu
TırnakArtist - Beylikdüzü Protez Tırnak,+905367969801,Güzellik Salonu
BEYLİKDÜZÜ PROTEZ TİRNAK,+905378334904,Güzellik Salonu
Merve Nail Beauty Beylikdüzü Protez Tırnak Salonu,+905011889945,Güzellik Salonu
Togonail Beylikdüzü Protez Jel Tırnak,+905367142535,Güzellik Salonu
Tırnak Sanatı,+905353690556,Güzellik Salonu
Zeliha Aydın,+905324198070,Güzellik Salonu
Beylikdüzü | Şi'ra Tırnak | Nail Elif,+905342319839,Güzellik Salonu
Şeker Nail Studio,+905386262159,Güzellik Salonu
Kuaför( Protez Tırnak ) - Nail Art & Nail Extensions,+905346654996,Güzellik Salonu
Magic Roza Nail Studio,+905342011731,Güzellik Salonu
Beylikdüzü Durak Manikür Pedikür,+905317693744,Kuaför / Berber
PROTEZ TIRNAK MALZEME SATIŞ-UYGULAMA-EĞİTİM MERKEZİ,+905307036991,Güzellik Salonu
SARA DERİN BEYLİKDÜZÜ PROTEZ TIRNAK & GÜZELLİK MERKEZİ,+905387669152,Güzellik Salonu
ZB Nail Beylikdüzü,+905468747536,Güzellik Salonu
Hk Nail Studio,+905331648600,Güzellik Salonu
protez tırnak beylikdüzü,+905334093057,Güzellik Salonu
MuyBien Protez Tırnak & Beauty,+905393758285,Güzellik Salonu
Beylikdüzü Jel Tırnak,+905521541370,Güzellik Salonu
Tuğçe Apak Nail Center İpek kirpik Protez Tırnak Nailart Manikür Pedikür Kalıcı Oje,+905541152704,Güzellik Salonu
Beylikdüzü Gy Nail Studio - Gülhan yılmaz protez tırnak - Manikür Pedikür,+905458248873,Güzellik Salonu
Pınar Kurt Tirnak Evi,+905421349634,Güzellik Salonu
Tırnak Dunya | Protez Tırnak Beylikdüzü,+905364210741,Güzellik Salonu
İnci Nail Studio,+905056795447,Güzellik Salonu
SENEM ATAŞ BEAUTY Nail Studio,+905459486247,Güzellik Salonu
Angels Professional Kalıcı Oje Protez Tırnak,+902129090337,Güzellik Salonu
Hayal Protez Tırnak Kalıcı Makyaj,+905305552504,Güzellik Salonu
Kaira Solaryum & Güzellik,+905322503786,Güzellik Salonu
Sena Gökdağ Beauty,+905301211397,Güzellik Salonu
Seda Demirkaynatan Bakım Stüdyosu,+905324911842,Güzellik Salonu
Beylikdüzü Protez Tınak İrem Nail Studyo,+905395940722,Güzellik Salonu
Eylül Güzellik,+905558802130,Güzellik Salonu
Beauty Queens Nail Studio,+905358847562,Güzellik Salonu
Merve Taşkın Nail Art,+905434430952,Güzellik Salonu
Beylikdüzü Artemika Nail Center,+905055603251,Güzellik Salonu
Büşra Nail Studio,+905343680358,Güzellik Salonu
Ayşegül Dumanlı Beauty,+905426300344,Güzellik Salonu
Platinyum Saç Tasarım ve Protez Tırnak,+905522093462,Güzellik Salonu
GELİNCİK GÜZELLİK SALONU,+905317706785,Güzellik Salonu
Mood Class Beylikdüzü,+905387349395,Kuaför / Berber
sibel sarı beauty,+905067139078,Güzellik Salonu
N.Eda Demirbaş Hair Makeup Studio,+905302862000,Güzellik Salonu
Naturel Hair Design,+905313862397,Kuaför / Berber
Salon Saç Sanat Erol Gönültaş,+905414763438,Kuaför / Berber
Gülsen Hairstyle,+905368962632,Kuaför / Berber
Ahmet yılmaz saç tasarım,+905394530167,Kuaför / Berber
Ferdi Durak Hair Studio,+905305152322,Kuaför / Berber
Sevgikoccoiffuregüzellik,+905417222699,Güzellik Salonu
Engin gülcü hair design,+905464081960,Kuaför / Berber
FLAW HAİR REPAİR STUDİO,+905331317737,Kuaför / Berber
By Soner Güleç,+905414182880,Kuaför / Berber
Burak KESKİN HAİR&MAKEUP,+905358995474,Güzellik Salonu
LEYLA TAN HAİR,+905334994835,Kuaför / Berber
Nuna Saç ve Tesettür Tasarım,+905454287880,Kuaför / Berber
Mehmet Yılmaz,+905079826979,Kuaför / Berber
Aslı Beaute Coiffure,+905316225932,Kuaför / Berber
Beylikdüzü Moda Evi - Gülay Şengün,+905359243704,Diğer (Sağlık & Bakım)
Cefi butik kuaför,+905327180472,Kuaför / Berber
Beylikdüzü Gelinlik,+902128710604,Diğer (Sağlık & Bakım)
WO&MEN Coiffeur,+905075586499,Kuaför / Berber
Kenza kuaför,+905422562965,Kuaför / Berber
Sevil Duman beauty salon,+905309453462,Güzellik Salonu
Nur Çelik Coiffeuse,+905423801795,Kuaför / Berber
Koray çınar & Tuğrul mete SAÇ TASARIM,+905398930803,Kuaför / Berber
ROSS GÜZELLİK SALONU,+905532526227,Güzellik Salonu
Kuaför Seahope,+902128729665,Kuaför / Berber
Çilek Kuaför,+905422531400,Kuaför / Berber
Rukush Beylikdüzü Modaevi Gelinlik,+905357994611,Diğer (Sağlık & Bakım)
Tidy hair nail studyo,+905428290776,Güzellik Salonu
Aykut,+905446818810,Kuaför / Berber
My güzellik salonu,+905318654623,Güzellik Salonu
Freya Beauty Center,+905060480186,Güzellik Salonu
S&D Kuaför Güzellik,+905553291955,Güzellik Salonu
Diamond Palace Wedding,+905322055615,Kuaför / Berber
Busem Bayan Kuaförü,+905511816692,Kuaför / Berber
Blackred bay bayan kuaför,+905380471019,Kuaför / Berber
mehmet songül kuaför salonu,+905366047521,Kuaför / Berber
The Cool Hair saloon,+905510389517,Kuaför / Berber
Kuaför can yazıcı,+905355293825,Kuaför / Berber
The Beauty Paris,+905424126180,Güzellik Salonu
JOJOMAY Beylikdüzü Migros AVM,+902128542728,Güzellik Salonu
Neslim Güngen Yakuplu Marina,+905062820288,Güzellik Salonu
Zoe Beauty Therapy,+905326897199,Güzellik Salonu
Glanz Beauty Hill,+905528218819,Güzellik Salonu
Lawina beauty concept İstanbul,+905466010578,Güzellik Salonu
The Mee Hair Design Studio,+902123303417,Kuaför / Berber
Ali Dikmen Hair center,+905385040165,Kuaför / Berber
Boutique Hair Salon Güzellik Merkezi,+905313145860,Güzellik Salonu
West Coiffure Mikro ve Hayalet Kaynak Merkezi,+905360167489,Kuaför / Berber
Kuaförist,+902128729192,Kuaför / Berber
Ekip İstanbul 34 Hair Concept,+905321629005,Kuaför / Berber
Academy Hair & Beauty,+905541286146,Güzellik Salonu
Yıldız Hair Studio,+902128727986,Kuaför / Berber
Ayhan Güneş HAİR Desing,+905350796539,Kuaför / Berber
Neon Hair Bayan Kuaför,+905331309101,Kuaför / Berber
Gürkan Güney Hair Artist,+902128139342,Kuaför / Berber
The Blond Hair Design Studio,+905395426496,Güzellik Salonu
SALON BEYKENT,+905527835434,Kuaför / Berber
Kadir alkış kuafor,+905369153404,Güzellik Salonu
Boran Ergin,+905348484756,Kuaför / Berber
Hair Boss Güzellik Salonu,+902128729936,Güzellik Salonu
Epiliva Hair and Beauty Saloon,+905465951938,Güzellik Salonu
Marin Beauty Hair Art,+905061311262,Güzellik Salonu
KABASAKAL HAIR DESİGNER,+905445274404,Kuaför / Berber
Değişim Kuaför Beylikdüzü Bizimkent Sitesi,+905324737206,Kuaför / Berber
Mest Saç Tasarım Merkezi,+905524833502,Kuaför / Berber
Mm Saç Tasarım Güzellik Merkezi,+905054346003,Güzellik Salonu
Kübra Savaş Turban Dizayn,+905333998917,Kuaför / Berber
Serkan Karayılan Kuaför,+902128734714,Kuaför / Berber
3K Saç Tasarım,+902128739642,Kuaför / Berber
Altıner Saç Tasarım,+905415027997,Kuaför / Berber
Yunus Emre Erdönmez Saç Tasarım,+902124031046,Kuaför / Berber
Moda Sac Tasarım,+902128559796,Kuaför / Berber
YEŞİM ÇELİK | Güzellik ve Saç Tasarım Merkezi,+905324993495,Güzellik Salonu
Erhan Kaya,+905370509648,Kuaför / Berber
Ibrahim Yildiz,+902128554449,Güzellik Salonu
BEYLİKDÜZÜ MAKYAJ SAÇ TÜRBAN,+905373043443,Güzellik Salonu
İlknur Saç Tasarım,+902128752880,Kuaför / Berber
Metin Kuaför,+902128724788,Kuaför / Berber
By Oğuzhan Hair Design & Erkek Kuaförü,+905318985444,Kuaför / Berber
Saç kaynak uzmanı,+382 68 118 385,Kuaför / Berber
As Saç Tasarım,+905546583433,Kuaför / Berber
Doruk Saç Tasarim Merkezi,+905426130458,Kuaför / Berber
Salon Platinyum,+905538911544,Güzellik Salonu
Fatma Bakır(Saraçoğlu) İstanbul MEB Onaylı Güzellik Uzmanı Kaş tasarımı Dudak renklendirme Kalıcı makyaj | kaş düzeltme |,+905559940977,Güzellik Salonu
Hüseyin Bozkurt Saç Tasarım Merkezi HB,+905426216340,Güzellik Salonu
Kardelen Saç Tasarım,+902128767154,Kuaför / Berber
AY-KA SAÇ TASARIM MAKE UP STUDİO,+905340315898,Güzellik Salonu
Miss Cherry Nail&Beauty,+905340652216,Güzellik Salonu
BEYLİKDÜZÜ FERİİ NAİL STÜDYO,+905468695056,Güzellik Salonu
ESS MANIKUR STUDİO,+905378588110,Kuaför / Berber
nb nail studio beylikdüzü,+905417886806,Güzellik Salonu
Buket Kayvar Nail Beauty,+905535986434,Güzellik Salonu
Natural Nail House Beylikdüzü,+905302900588,Güzellik Salonu
N&N Nail Studio,+905386400929,Güzellik Salonu
Victoria Kuaför ve Güzellik,+905302122500,Güzellik Salonu
Mynail bar,+905424898983,Güzellik Salonu
Kaan Barışkan Hair & Nail,+905320549663,Güzellik Salonu
Meriç Beauty Nail,+905336930773,Güzellik Salonu
Nail terapiroom,+905317852792,Psikolog / Terapist
Seher Nail House Beylikduzu,+905387121367,Güzellik Salonu
ROSALİE NAİL ART,+905368429582,Güzellik Salonu
Sonia Beauty İstanbul,+905551882211,Güzellik Salonu
Value Nail Bar,+905518244919,Güzellik Salonu
TED Nail Art,+905074865044,Güzellik Salonu
Tuba Nail Beauty,+905334863222,Güzellik Salonu
Leyla Tonya Kavaklı,+905348170478,Güzellik Salonu
Coco nail beauty güzellik salonu,+905377658648,Güzellik Salonu
Bella natural nail,+905337318890,Güzellik Salonu
Betül Böçkün Beauty,+905521548052,Güzellik Salonu
Bilge Genc Nail Art Studio,+905416434210,Güzellik Salonu
Nail By Tuğçe Ulukan,+905392841815,Güzellik Salonu
Rasha Beauty,+905306488070,Güzellik Salonu
HO'LA Beauty Bar,+905301486536,Güzellik Salonu
Ladies Beauty Center,+902128231155,Güzellik Salonu
Aura Spa & Beauty Beylikdüzü,+905344202339,Güzellik Salonu
Ceren Değirmenci Beauty,+905454740109,Güzellik Salonu
Beauty Kent Güzellik & Bakım Merkezi,+902128554544,Güzellik Salonu
MEDİHAN BEAUTY,+905305154485,Güzellik Salonu
Seville Beauty Studio,+905375035023,Güzellik Salonu
Glowy Beauty,+905393522727,Güzellik Salonu
Behnaz beauty,+905347179484,Güzellik Salonu
Şahnaz Kula Beauty Co. Beylikdüzü,+902128556535,Güzellik Salonu
Dilan Şimşek Beauty,+905302923463,Güzellik Salonu
Beauty Pearl,+905547507534,Güzellik Salonu
Seventone beauty service,+905354778410,Güzellik Salonu
Taksim Kuaför ve Güzellik Salonu,+905322777158,Güzellik Salonu
Catwalk Beauty Studio,+905457220836,Güzellik Salonu
RAS Coiffure & Beauty Taksim,+905388490260,Güzellik Salonu
Beauty Taksim Kuaför,+905379126678,Güzellik Salonu
Taksim Pera Beaute- Taksim Güzellik Merkezi,+905422504186,Güzellik Salonu
Taksim Beauty Center,+905078477722,Güzellik Salonu
"Ersin Hair Salon / Hairdresser / Hair Extensions Taksim, İstanbul",+905546641010,Kuaför / Berber
Free Kuaför Taksim | Hair & Beauty Salon,+902122432888,Güzellik Salonu
360 Noa Kuaför Men/Women - Taksim,+905413485339,Kuaför / Berber
Babyface Hair Salon - Ladies Hairdresser Taksim,+905303148414,Kuaför / Berber
hakan güzellik salonu,+7 965 400-68-77,Güzellik Salonu
HALİT CEYLAN Men’s hair stylıst TAKSİM,+905300147900,Kuaför / Berber
Divan Güzellik Ve Kuaför,+902122934231,Güzellik Salonu
Ercan İncirkuş Berber Dükkanı,+902123612828,Kuaför / Berber
NURİ BALBAY Hairdresser,+905452801631,Kuaför / Berber
HairDresser Cem Taşkan & Nail Studio taksim Cihangir bayan kuaförü,+905326646241,Güzellik Salonu
HAIR ŞHOW BAYAN KUAFÖRÜ,+905458069454,Kuaför / Berber
Nurcan's Bayan Kuaförü,+905376978783,Kuaför / Berber
ŞARA BAYAN KUAFöRÜ,+902122438688,Kuaför / Berber
Erdoğan Erse Kuaför,+905354747749,Kuaför / Berber
Bronz Kuaför,+905326159558,Kuaför / Berber
Suna Bayan Kuaförü,+905536460808,Kuaför / Berber
Mehmet Rose Barber's Club,+905425423557,Kuaför / Berber
Elele Bayan Kuaförü,+905383238845,Kuaför / Berber
Kuaför Salim,+905353850268,Kuaför / Berber
Tülay Kuaför,+905355442465,Kuaför / Berber
Kuaför Murat,+905398521334,Kuaför / Berber
By Ozyy Kuaför,+905330904800,Kuaför / Berber
Taşkın Bayan Kuaförü,+902122549337,Kuaför / Berber
Gürsel Meryem,+905385913128,Kuaför / Berber
Bayan Kuaförü Gülçin & İsmail,+905377319041,Kuaför / Berber
Hira Bayan Kuaförü,+905314628012,Kuaför / Berber
Okmeydanı Nursen Bayan Kuaförü,+905439241524,Kuaför / Berber
Sitem Işık Kuaför ve Güzellik Merkezi,+905435433867,Güzellik Salonu
Blond İstanbul,+905330135512,Kuaför / Berber
ELİT'S HAİR DESİGN,+905310850780,Kuaför / Berber
Gençler Kuaför,+902122499800,Kuaför / Berber
Barbershop FreshCut💈,+905427416285,Kuaför / Berber
2.a.berber barbershop manicure-pedicure,+905323977073,Kuaför / Berber
Buse Piri Makeup&Hair Studio,+905316641304,Güzellik Salonu
Nur Güzellik Salonu (BADEMLİK) watsap tan daha rahat ulasabilirsiniz,+905350366800,Güzellik Salonu
Doğa Kuaför,+902122385875,Kuaför / Berber
ŞİFA GÜZELLİK SALONU,+902123695670,Güzellik Salonu
ARZUM BAYAN KUAFÖRÜ,+902122560669,Güzellik Salonu
Selçuk Efe Hair Design,+902122508402,Kuaför / Berber
BARBER EMRAH / TAKSİM,+905349142553,Kuaför / Berber
Pera Barber Shop,+905396377785,Kuaför / Berber
Taksim barbershop,+905538402172,Kuaför / Berber
Traditional Turkish Barber,+905337943439,Kuaför / Berber
BERBER YASİN ÖZTÜRK TAKSİM,+905524042792,Kuaför / Berber
Sukker Barber - صالون حلاقةعربي ..Men barber,+905385654367,Kuaför / Berber
Berber Süleyman,+902122495566,Kuaför / Berber
Pera Erkek Kuaförü Bay Barber,+905352682962,Kuaför / Berber
BERBER BİROL,+905337799735,Kuaför / Berber
Mey Men Hair Cut,+905324532891,Kuaför / Berber
Usta Berber,+905318690355,Kuaför / Berber
By yılmaz (barber Shop),+905334277526,Kuaför / Berber
Yusuf Hairdresser BARBER,+905445195659,Kuaför / Berber
Erol Şenel Barber & Styling,+905534834359,Kuaför / Berber
Barber Uğur Karabıyık,+905304427894,Kuaför / Berber
Yaşar kuaför,+905333698326,Kuaför / Berber
FADI BARBER,+905313726301,Kuaför / Berber
Özçelik Kuaför,+905365898986,Kuaför / Berber
Berber1974,+905359519846,Kuaför / Berber
Cihangir Erkek Kuaförü,+902122511660,Kuaför / Berber
Murathe Barber,+905346768722,Kuaför / Berber
new look kuaför صالون العرب,+905360233020,Kuaför / Berber
Berber İSTANBUL Erkek Kuaförü,+905052113837,Kuaför / Berber
Temel Berber Salonu,+902122499177,Kuaför / Berber
As berber salonu,+905369156522,Kuaför / Berber
Efendy Erkek Kuaförü,+905442542571,Kuaför / Berber
Samet Davani Hair Artist,+905551446839,Kuaför / Berber
Barber Shop,+905367769670,Kuaför / Berber
Class Erkek Kuaförü,+905326737475,Kuaför / Berber
Boss Erkek kuaförü,+905443047212,Kuaför / Berber
Perükâr İslambol berber,+905357963317,Kuaför / Berber
Hotel & Home Haircut – Istanbul Mobile Barber”,+905464490737,Kuaför / Berber
Hüseyin Erkek Kuaförü,+902122436515,Kuaför / Berber
Muhteşem erkek kuaförü,+905545907177,Kuaför / Berber
By Salon Zeynel,+905447620597,Kuaför / Berber
Yeni Galata Erkek Kuaförü,+905326242384,Kuaför / Berber
Kardeşler Erkek Kuaförü,+905372957161,Kuaför / Berber
Makas Eller Barbers Club,+902122497724,Kuaför / Berber
Tarihi Berber Salonu,+902122454364,Kuaför / Berber
Formen Erkek Kuaförü,+905374290872,Kuaför / Berber
Can Erkek Kuaförü,+905349796288,Kuaför / Berber
1Barbers,+905302394005,Kuaför / Berber
ŞE-FE Erkek Kuaförü,+905366635459,Kuaför / Berber
25m2barbershop,+905354005414,Kuaför / Berber
7 October,+905427703321,Kuaför / Berber
Fenomen erkek kuaför,+905342061130,Kuaför / Berber
Cornedor Kuaför,+905465362075,Kuaför / Berber
Ankara Berber Salonu,+902122511135,Kuaför / Berber
Berber Sadullah,+905358581541,Kuaför / Berber
Galatasaray Erkek Kuaförü,+902122442226,Kuaför / Berber
Selman Erkek Kuaförü,+902122443799,Kuaför / Berber
Ömer Ceylan Erkek Kuaförü,+905413236051,Kuaför / Berber
حلاق رجالي عربي barber shop CLASS,+905015711203,Kuaför / Berber
By Güngör Erkek Kuaförü,+905358503832,Kuaför / Berber
Kabataş Erkek Kuaförü( mahmut),+905364792355,Kuaför / Berber
حلاق عربي barbershop Ali Yasin,+905375401668,Kuaför / Berber
Barış Erkek Kuaförü,+905363930744,Kuaför / Berber
Bademlik Erkek Kuaförü,+905322279670,Kuaför / Berber
Yüksel Erkek Kuaför Salonu,+902122553721,Kuaför / Berber
Murat erkek kuaförü,+905356186874,Kuaför / Berber
Saloon Moda Erkek Kuaförü,+905319167899,Kuaför / Berber
Kardeşler Erkek Kuaförü,+905455172583,Kuaför / Berber
KOMO ERKEK KUAFÖRÜ,+905452213108,Kuaför / Berber
Sümer Erkek Kuaförü,+905318930388,Kuaför / Berber
Erkek Kuaförü,+905375605870,Kuaför / Berber
Gül Erkek Kuaförü,+905374936066,Kuaför / Berber
Akar Erkek Kuaförü,+905348213385,Kuaför / Berber
Kalite Erkek Kuaförü,+905324630086,Kuaför / Berber
Yakamoz Erkek Kuaförü,+902122375238,Kuaför / Berber
ATİ ERKEK KUAFÖRÜ,+905343097204,Kuaför / Berber
H&H Erkek Kuaförü,+905369536399,Kuaför / Berber
Dönüşüm Erkek Kuaförü,+902123610004,Kuaför / Berber
Epiyes Erkek Lazer Epilasyon,+905323467465,Güzellik Salonu
First Class Beauty Centre,+905443765347,Güzellik Salonu
Esteasil Alexandrite Lazer Epilasyon Okmeydanı Şubesi,+905333291888,Güzellik Salonu
EPİTEN,+905443748364,Güzellik Salonu
Lazer Epilasyon İstanbul,+902122967341,Güzellik Salonu
MH Güzellik Lazer Epilasyon-Microblading Kıl Tekniği,+905314087887,Güzellik Salonu
Mass beauty & more,+905339274454,Güzellik Salonu
Pervin Dinçer | Nişantaşı - Lazer Epilasyon - Cilt Bakımı - Hydrafacial - Buz Lazer,+905063626204,Güzellik Salonu
Leyla Özer Health and Beauty,+905441064020,Güzellik Salonu
Regnum Güzellik Merkezi,+905077810758,Güzellik Salonu
EPİART,+902122195665,Güzellik Salonu
Epitrend | İstanbul Erkek Epilasyon,+905334270755,Güzellik Salonu
Yellow Moon Lazer Epilasyon Merkezi,+902125225665,Güzellik Salonu
Zeynep Polat İğneli Epilasyon,+902122674333,Güzellik Salonu
Esthe Deluxe Clinic Nişantaşı,+905330778835,Güzellik Salonu
ArtClinique,+905323956403,Güzellik Salonu
Narin Novruz Beauty / MakeUp / Microblading/ Permanent makeup / Browdesing /,+905060972252,Güzellik Salonu
Amira Güzellik,+905335177099,Güzellik Salonu
Lazer Epilasyon Cihazı Satış Teknik Servis,+905457271097,Güzellik Salonu
Emface I Exion I BBL Lazer I Ameliyatsız Yüz Germe I Emtone I Selülit I Sıklaşma I Lazer Epilasyon I Fraksiyonel laser I,+905356694069,Güzellik Salonu
Asil Buz Lazer Epilasyon Merkezi,+905527358584,Güzellik Salonu
Beauty Flagman,+905526113882,Güzellik Salonu
MOROCCO SALON,+905312300940,Güzellik Salonu
Op. Dr. Yavuz Arıcı | Dolgu | Botoks | Cilt Bakımı | Lazer Epilasyon | Saç Tedavileri | Cilt Tedavileri | Medikal Estetik,+905013647210,Güzellik Salonu
Buz Lazer Epilasyon | Soprano Titanium Special | Soprano Ice Platinum,+905443482826,Güzellik Salonu
Sesil Arslan Beauty,+905057480092,Güzellik Salonu
Daphne Lazer Epilasyon Fulya Şubesi,+905333803379,Güzellik Salonu
BERAY ULUSOY BEAUTY,+905530089470,Güzellik Salonu
Yağmur Koçyiğit Beauty,+905523029558,Güzellik Salonu
Aymir beauty center,+905333292298,Güzellik Salonu
Pınar Öztürk Beauty,+905356588595,Güzellik Salonu
Fiore Beauty,+905370173903,Güzellik Salonu
Ayşe Hair Beauty,+905432410926,Güzellik Salonu
Selim Haır Studio,+905511891617,Kuaför / Berber
Elanazgüzelliksalonu,+905459913028,Güzellik Salonu
centa beauty,+902124384647,Güzellik Salonu
Beauty Istanbul Exhibition,+902122229060,Güzellik Salonu
Madam Flora Beauty,+905443573477,Güzellik Salonu
Ahmet Aras Hair Desing,+905432377959,Kuaför / Berber
Gençbay Erkek Kuafor,+905412550344,Kuaför / Berber
Kübra Beautyyy,+905319421106,Güzellik Salonu
Alper Damdelen Galata Tower,+905316002964,Kuaför / Berber
Hairdresser By Doğan Genç Sheraton Otel,+905388644920,Kuaför / Berber
Nâwall Cilt Bakımı ve Kafa Masajı Stüdyosu,+905327813891,Güzellik Salonu
More Beauty Center Taksim,+905059351801,Güzellik Salonu
ozon clinic,+902125826060,Güzellik Salonu
Berna Şahin Beauty,+902122932254,Güzellik Salonu
Eminem Peruk Saç Kaynak,+902122542437,Kuaför / Berber
Gizem Hair Studio,+905345686090,Kuaför / Berber
AK PERUK Hair Extensions,+905326971072,Kuaför / Berber
Tss Taksim Hairdresser,+905301204818,Güzellik Salonu
Gold Hair,+905367670026,Kuaför / Berber
MERT DEMIR HAIR SALONN,+905305479342,Kuaför / Berber
İstanbul Hair Extensions & Coiffeur,+905322298558,Kuaför / Berber
Trend Hair,+905387915202,Kuaför / Berber
Salon Yakup,+905356585092,Kuaför / Berber
Coıffeur Ali,+902122492942,Kuaför / Berber
SERVET OKTAR HAIR DESIGNER,+905394910449,Kuaför / Berber
Salon İKSV,+902123340700,Kuaför / Berber
SALON İSTANBUL TAKSİM,+905464250039,Güzellik Salonu
Grand Massage & Beauty,+905538002737,Güzellik Salonu
Sç Peruk & Saç Tasarim kozmetik pazarlama,+902123697484,Kuaför / Berber
Magic's Kuaför Saç Tasarım,+905319901257,Kuaför / Berber
Bahri Peruk,+902123610625,Kuaför / Berber
Let's Relax Foot Spa Taksim İstiklal Caddesi,+905305884084,Kuaför / Berber
Nail Art Shila Beauty Habibe Demir,+905375023457,Güzellik Salonu
MARY JANE BEAUTY,+905541444824,Güzellik Salonu
Royal Foot Massage - Taksim,+905343783781,Kuaför / Berber
Bilge Beauty,+905345484303,Güzellik Salonu
Boom Nail Box,+905316332234,Güzellik Salonu
Antes Antik Eser Onarım Atölyesi,+905367143540,Güzellik Salonu
Ebru Manikür Pedikür,+905324616805,Kuaför / Berber
Valery nail studio,+905379148090,Güzellik Salonu
Asya vision,+905428288886,Kuaför / Berber
İDOL BEAUTY,+905323018472,Güzellik Salonu
duygu beauty innpera,+905321545632,Güzellik Salonu
Sephora Taksim Şubesi,+902122929029,Güzellik Salonu
Glam beauty hair salon,+905334540292,Güzellik Salonu
CANSU BEAUTY,+905551786468,Güzellik Salonu
مركز تجميل Ayda beauty,+905051732924,Güzellik Salonu
Manisa Beauty Center,+905457800107,Güzellik Salonu
Tana Clinic | Istanbul Health & Beauty Clinic,+908508508262,Güzellik Salonu
Merve Aksu Beauty Center,+905309587307,Güzellik Salonu
Nail Studio Gülşah Özel- Mimaroba Protez Tırnak,+905383389888,Güzellik Salonu
Fatma Şimşek Beauty,+905063618105,Güzellik Salonu
im fit güzellik,+905405460312,Güzellik Salonu
Didem Güzellik Salonu,+905075090113,Güzellik Salonu
Sİ'BELLE GÜZELLİK SALONU MİMAROBA,+905321345150,Güzellik Salonu
Love yourself by Anastasiya,+905385296388,Güzellik Salonu
Rosalie Beauty Center,+905396038390,Güzellik Salonu
Ross Güzellik Salonu,+902128822323,Güzellik Salonu
Beautyner Mimaroba Protez Tırnak,+905521800195,Güzellik Salonu
Dilek Ergün Güzellik Salonu,+905074098311,Güzellik Salonu
Cihat Bayan Kuaförü,+902128635411,Kuaför / Berber
Efsane,+44 7418 343022,Güzellik Salonu
İrem Bayan Kuaförü - Kumburgaz Şubesi,+905313165968,Güzellik Salonu
Erdoğan bayan kuaförü,+905318351521,Kuaför / Berber
Büyük Çekmece Bayan Kuaförü,+902128813490,Kuaför / Berber
Mustafa kaynak hülya Çelebi APLUS bayan kuaförü,+905322248554,Kuaför / Berber
Bayan Kuaför Yavuz,+905352413827,Kuaför / Berber
Cindy bayan kuaförü kumburgaz,+902128841515,Kuaför / Berber
SALOON BOSS,+905447173525,Kuaför / Berber
Sedat Barber Shop,+905364850357,Kuaför / Berber
By Gani Barber,+905324059570,Kuaför / Berber
Master Man Barbers Club,+902128638970,Kuaför / Berber
Barber Shop Erkek Kuaförü Mimaroba,+905331436734,Kuaför / Berber
NADİR ERKEK KUAFÖRÜ,+905414930963,Kuaför / Berber
Kemal Erdoğan Hair Saloon,+905318822615,Kuaför / Berber
Salon Loca Erkek Kuaförü,+902128064323,Kuaför / Berber
Kuaför Mehmet Kuru,+905325808032,Kuaför / Berber
The Barber BurakBerkay,+905304146009,Kuaför / Berber
BERBERIM MURAT ERKEK KUAFÖRÜ,+902128638803,Kuaför / Berber
Yeşiltepe Erkek Kuaförü,+905353023194,Kuaför / Berber
Papyon Hair Design,+905368307442,Kuaför / Berber
Ömer turan erkek kuaförü,+905358695229,Kuaför / Berber
Saloon Erkan,+905354283094,Kuaför / Berber
Tolga Şen Erkek Kuaförü,+905444215814,Kuaför / Berber
AHMET İLİŞ ERKEK KUAFÖRÜ,+905434873670,Kuaför / Berber
Büyükçekmece Mimaroba Class erkek kuaförü,+905320693964,Kuaför / Berber
Özer Erkek Kuaförü,+905353781450,Kuaför / Berber
Gün hair erkek kuaförü,+905394372744,Kuaför / Berber
Berberim Şenol,+905436751375,Kuaför / Berber
TUTKU ERKEK KUAFÖRÜ,+905546564541,Kuaför / Berber
Taşkın Erkek kuaförü,+905384658611,Kuaför / Berber
DMR ERKEK KUAFÖRÜ,+905549692186,Kuaför / Berber
Resul Ar Bay Kuaför,+905326252100,Kuaför / Berber
Aymerkez avm çağlayan erkek kuaförü,+905347491201,Kuaför / Berber
By emraharslantürk kuaför,+905367673272,Kuaför / Berber
Paris Erkek Kuaförü,+905367248558,Kuaför / Berber
B&B Han Erkek Kuaförü,+905337235694,Kuaför / Berber
Erkek Kuaförü İsa,+905377213096,Kuaför / Berber
Berber Bilal öztürk,+905325972782,Kuaför / Berber
Osman Erkek Kuaförü büyükçekmece albatros,+905436656661,Kuaför / Berber
barber shop,+905367010473,Kuaför / Berber
Mesut Temur Hair Artist,+905348643018,Kuaför / Berber
Kuafor Tek Makas,+905343770768,Kuaför / Berber
Coşkun erkek kuaför,+905313556326,Kuaför / Berber
nct-coiffeur,+905418900776,Kuaför / Berber
Sedat Erkek Kuaförü,+905432822847,Kuaför / Berber
Salon F.S Yıldırım Erkek Kuaförü,+902128643332,Kuaför / Berber
Altın Makas Erkek Kuaförü,+905336188962,Kuaför / Berber
Kuaför Sinan,+905333718393,Kuaför / Berber
Berberim ÖMER % BURAK,+905378377600,Kuaför / Berber
Yunuslar Erkek Kuaförü,+905437726057,Kuaför / Berber
By Emre Ulutaş Erkek Kuaförü,+905305919248,Kuaför / Berber
Işık Erkek Kuaförü,+905427767053,Kuaför / Berber
Subhi Erkek Kuaförü,+905550674522,Kuaför / Berber
yunus34 barbersclup,+905318940865,Kuaför / Berber
Classman Barber's Club,+905320614921,Kuaför / Berber
S&M Erkek Kuaför,+905370515426,Kuaför / Berber
Berber Fiko,+905352338757,Kuaför / Berber
Hair maestro barber,+905396682779,Kuaför / Berber
Eser kuaför berber beykent,+905445471117,Kuaför / Berber
Sinan Tolun Erkek Kuaförü,+905524358659,Kuaför / Berber
Yasin Erkek Kuaförü,+905317391360,Kuaför / Berber
Yurtalan kulgi kuaför,+902128891840,Kuaför / Berber
Afrodit Erkek Kuaförü,+905512172186,Kuaför / Berber
Berber,+905336802458,Kuaför / Berber
Temiz Erkek Kuaförü,+905327893688,Kuaför / Berber
Hakan erkek kuaför,+905362702460,Kuaför / Berber
Mimoza Erkek Kuaförü,+902128810110,Kuaför / Berber
Hana Beauty,+905335485393,Güzellik Salonu
Aydan Nail Beauty,+905530800969,Güzellik Salonu
YU Beauty Studio,+905313118587,Güzellik Salonu
Neslihan & Güner Beauty Studio,+905336157520,Güzellik Salonu
Özlem Çapkanman Güzellik,+905357624333,Güzellik Salonu
Gizem Güzellik Merkezi,+905432904164,Güzellik Salonu
Gönül Coşar Güzellik&Bakım,+905323902696,Güzellik Salonu
ReNail Studio,+905332687080,Güzellik Salonu
Büyüle Güzellik Salonu,+905319400034,Güzellik Salonu
Marina Medikal Estetik,+905352474103,Güzellik Salonu
canser yorulmaz güzellik ve lazer epilasyon merkezi,+905375996133,Güzellik Salonu
Starmax Lazer,+905552617678,Güzellik Salonu
La Mare Dönüşüm Merkezi,+905392630594,Güzellik Salonu
SUNNIVA GÜZELLİK SALONU,+905330215236,Güzellik Salonu
AKASTİ BEAUTY,+905458095619,Güzellik Salonu
Zeynep Alay Beauty 2 Beylikdüzü,+905453126314,Güzellik Salonu
Yasemin Çevik Güzellik& Lazer Epilasyon Merkezi,+905372207937,Güzellik Salonu
Sibel Demir Güzellik Akademisi,+905383771815,Güzellik Salonu
Büşra Kartal Beauty,+905362826405,Güzellik Salonu
Aria Suel Güzellik Salonu,+905316453588,Güzellik Salonu
Masal Beauty Center,+905459403808,Güzellik Salonu
Eflatun Akademi Güzellik Kursu,+905323690542,Güzellik Salonu
Luna Donnes Beauty Studio | Protez Tırnak | İpek Kirpik | Kalıcı Makyaj,+905308174868,Güzellik Salonu
Özlem Yurdam Protez Tırnak,+905379586264,Güzellik Salonu
"Esenyurt Protez Tırnak, Büşra Nail Studio",+905398373878,Güzellik Salonu
AyakSağlığınız-Proteztırnak-Kaş Estetisyen/PodologDevrimDeniz--Relax BeautyStudio Mimaroba,+905417147466,Güzellik Salonu
cosmomila - vv beauty center,+905421946107,Güzellik Salonu
Sedef Doğruluk Beauty,+905534486835,Güzellik Salonu
Esenyurt Protez Tırnak,+905411182208,Güzellik Salonu
Egemen Kozmetik TİC.LTD.ŞTİ.,+905448895005,Güzellik Salonu
Esenyurt Protez Tırnak ( queen nail stüdyo ),+905073952822,Güzellik Salonu
Dundas Türkiye Protez Tırnak Kalıcı Oje,+905363135338,Güzellik Salonu
Aley Beauty,+905365728400,Güzellik Salonu
PROTEZ TIRNAK ESENYURT,+905526679126,Güzellik Salonu
Ck Beauty Bar,+905307024690,Güzellik Salonu
Meltem Korkmaz Academy of Beauty,+905528792220,Güzellik Salonu
Kübra Aydoğan,+905541232234,Güzellik Salonu
Zümrüt & Erdi Hair Studio,+905465340326,Kuaför / Berber
Hanımefendi Kuaför Beauty,+905530734442,Güzellik Salonu
Murat Gözlükcü Bayan Kuaförü,+905454228939,Kuaför / Berber
HAİR BY BATU COUİFFEUR,+905053982602,Kuaför / Berber
ziynet bayan kuaförü,+905399110982,Kuaför / Berber
Salon Hüseyin Kuaför Hizmetleri,+905396443078,Kuaför / Berber
İlayda Beauty Salon,+905315207286,Güzellik Salonu
Yeliz Uğur Bayan Kuaförü,+905334272973,Kuaför / Berber
Ebru Çılgın Bayan Kuaförü,+905370153712,Kuaför / Berber
Saloon Yağmur,+905317490834,Kuaför / Berber
Müjgan Kuaför,+905497144167,Kuaför / Berber
Yurtalan Kulgi - Demir la Vida Şubesi,+902128891849,Kuaför / Berber
Salon İstanbul Pelin,+905305127510,Güzellik Salonu
.,+905077558454,Kuaför / Berber
"Violet Beylikdüzü - Düğün, Kına ve Organizasyon Salonu",+905331425324,Kuaför / Berber
Nail Duman Saç Tasarım,+902128640016,Güzellik Salonu
İlcem güzelik salonu,+905529496229,Kuaför / Berber
Hermanas Hair & MakeUp,+902126630102,Güzellik Salonu
BELLA VİTA BAYAN KUAFÖRÜ,+905549657921,Kuaför / Berber
Salon Gonca Kuaför & Güzellik Merkezi,+905301468671,Güzellik Salonu
OBA MY CLUB KIR DÜĞÜNÜ / HAVUZ,+905525672561,Kuaför / Berber
Ever After By WorldPoint,+905310148280,Kuaför / Berber
Halil Yeşilyurt Hair design,+905367621333,Kuaför / Berber
Zümrüt kuaför,+905334422043,Kuaför / Berber
Hair Club Bayan Kuaförü,+905337387000,Kuaför / Berber
SEVİM İLGÜ TÜRBAN VE SAÇ TASARIM,+905363508857,Kuaför / Berber
Mahsun Nargile ve Cafe,+905344742121,Kuaför / Berber
By Hakan Yalnız Erkek Kuaförü,+905378463904,Kuaför / Berber
Seyhan Akalın Beauty,+905332773228,Güzellik Salonu
Zevs Beauty,+905425058790,Güzellik Salonu
Dermasya Güzellik Salonu,+905475240424,Güzellik Salonu
Louie Beauty Beykent,+905414488993,Güzellik Salonu
Merve Coşar Beauty,+905324202994,Güzellik Salonu
Pearl Beauty Centers,+905013343248,Güzellik Salonu
emine malkoç güzellik,+905457271788,Güzellik Salonu
Aycan Eyel Sağlıklı Yaşam ve Güzellik Merkezi,+905345645995,Güzellik Salonu
Nefes güzellik merkezi,+905465590568,Güzellik Salonu
Master woman,+905454944520,Güzellik Salonu
HAİR STORY,+905348731189,Kuaför / Berber
The Hair Space - Tema İstanbul,+902128908290,Kuaför / Berber
BÜYÜKÇEKMECE DANS AKADEMİ,+905436839764,Kuaför / Berber
Hira Kuaför,+905318202582,Kuaför / Berber
My Hair Studioo 2,+905012126076,Kuaför / Berber
THE MOST FLORYA,+902126622005,Kuaför / Berber
Ayaz Saç Tasarım,+905531622874,Kuaför / Berber
AK saç tamir ve tasarım merkezi,+905494983461,Kuaför / Berber
Saç Atölyesi,+905327603330,Kuaför / Berber
Nurten Yetişir Saç Tasarım Merkezi2,+905310856864,Güzellik Salonu
Ercan Eren Saç Tasarım,+905302001026,Kuaför / Berber
Mehmet Turgut Premium,+905403603330,Güzellik Salonu
Hk Nail Studio Mimaroba,+905331455521,Güzellik Salonu
Nail Art,+905357654020,Güzellik Salonu
Hly beauty studio,+905441121028,Güzellik Salonu
Tuba Beauty Center Güzellik Merkezi,+905461183473,Güzellik Salonu
Yüsra Nail Bar,+905324796302,Güzellik Salonu
Gözde bayan kuaför,+905389806929,Kuaför / Berber
Xbarber_murat,+905334726586,Kuaför / Berber
Berber FERHAT ÇATALCA,+905424762182,Kuaför / Berber
Furkan Erkek Kuaförü,+905304256255,Kuaför / Berber
Göktuğ Erkek Kuaförü,+905350709244,Kuaför / Berber
SALON LOCA ERKEK KUAFÖRÜ,+905551075634,Kuaför / Berber
uğurlu tesisleri,+905375935052,Kuaför / Berber
penci zorno ayak manikür merkezi,+905520685078,Güzellik Salonu
sümeyye coşkun güzellik salonu - kuaför,+905530033309,Güzellik Salonu
Ceylan Kuaför & Guzellik Salonu,+902124317550,Güzellik Salonu
Tuğba Kuaför,+905303858289,Kuaför / Berber
Naile bayan kuaförü,+905325740670,Güzellik Salonu
Ekol Bayan Kuaförü,+905368250955,Kuaför / Berber
Kumsal Bayan Kuaforu,+905365959121,Kuaför / Berber
YILDIZ Bayan Kuaförü,+905394880417,Kuaför / Berber
Manolya Bayan Kuaförü,+902126466546,Kuaför / Berber
Elza Bayan Kuaförü,+905384864898,Kuaför / Berber
Şeri̇fe Kuaför ( TEK ŞUBEMİZ BURASIDIR ),+905319754894,Kuaför / Berber
DOĞANLAR BAY BAYAN KUAFÖR,+905369874629,Kuaför / Berber
EN-ES Bayan kuaförü,+902126107468,Kuaför / Berber
Moda Sima Kuaför,+905071182855,Kuaför / Berber
ÜÇEL DİLAŞ ( Hilal- Erhan ) Bayan Kuaförü,+902125622169,Kuaför / Berber
HÜSNA ÇALIŞKAN BAYAN KUAFÖRÜ,+905518996756,Kuaför / Berber
Hatice Bayan Kuaförü,+905458215302,Kuaför / Berber
Bahar Bayan Kuaförü,+905425461934,Kuaför / Berber
Emrah Hair Studio,+905079449006,Güzellik Salonu
Kader Yücekaya saç tasarım ve güzellik,+905317181434,Güzellik Salonu
Melisa Bayan Kuaför Salonu,+902125680039,Kuaför / Berber
Rose Bayan Kuaförü,+905415311324,Kuaför / Berber
Hakan Erkek Kuaför,+905537013857,Kuaför / Berber
La Bella Moda Evi ve Bayan Kuaförü,+902124611813,Kuaför / Berber
Ferda Kuaför,+905352603716,Kuaför / Berber
Nuray Kuaför & Güzellik Salonu,+905373216317,Güzellik Salonu
Dilara Bayan Kuaförü,+905312467847,Kuaför / Berber
Salon Ali&Na,+905557568524,Kuaför / Berber
Lale Kuaför,+902124833643,Kuaför / Berber
GÖLGE ELLER BAYAN KUAFÖRÜ,+905316624834,Kuaför / Berber
Salon Ravza Bayan Kuaförü,+905530098859,Kuaför / Berber
Mi-Sa Saç Tasarım,+902125089876,Kuaför / Berber
Zülal Bayan Kuaförü,+905372074112,Güzellik Salonu
Gülten Bayan Kuaförü,+905308232747,Kuaför / Berber
صالون الهام İrem bayan kuaförü,+905543499716,Güzellik Salonu
Kuaför Kerem Ortaç Ytü teknopark 🚩,+902124837427,Kuaför / Berber
Melek Bayan Kuaförü,+905344322562,Kuaför / Berber
R & N Kuaför,+905446650036,Kuaför / Berber
Elif Zeynep Gelinlik Kuaför,+905308813319,Kuaför / Berber
Gold Kuaför,+905335787561,Kuaför / Berber
Violet coiffure,+905013725956,Kuaför / Berber
F.Yavuz,+905397485575,Kuaför / Berber
Eren Akburu Erkek Kuaförü,+905362575966,Kuaför / Berber
Mood Kuaför,+905345031841,Kuaför / Berber
Tareq Erkek Kuaförü,+905377953839,Kuaför / Berber
Şerif Erkek Kuaförü,+905397357058,Kuaför / Berber
SEZER ERKEK KUAFÖRÜ,+905327831775,Kuaför / Berber
SALON KALENDER,+905388417394,Kuaför / Berber
Yıldız Erkek Kuaförü.,+905357418909,Kuaför / Berber
Mehmet Erkek Berberi,+905315714220,Kuaför / Berber
X.TRİM KUAFÖR,+905349255693,Kuaför / Berber
MERT ERKEK KUAFÖRÜ,+905346525001,Kuaför / Berber
Gezegen Erkek Kuaförü,+905305243684,Kuaför / Berber
Musti Erkek Kuaförü,+905355649685,Kuaför / Berber
Cihan Erkek Kuaförü,+905375600885,Kuaför / Berber
Berber Murat,+905386004646,Kuaför / Berber
Osmanlı erkek kuaförü,+905340736391,Kuaför / Berber
Elit Erkek Kuaförü.,+905369866752,Kuaför / Berber
BAYMEN HAIR DESIGN,+905318326372,Kuaför / Berber
Berber Shop Oğulcan DEMİR,+905318353543,Kuaför / Berber
by musa kuaför,+905335140414,Kuaför / Berber
Yîğit Erkek Kuaför Salonu.,+905396971137,Kuaför / Berber
BEKİR AVCU Hair Design,+905538664342,Kuaför / Berber
Saray Erkek Kuaförü,+905365400854,Kuaför / Berber
Kuaför Mustafa Topal,+905397327529,Kuaför / Berber
Yıldırım Erkek Kuaförü,+905352525600,Kuaför / Berber
Emrah Kuaför,+905542782222,Kuaför / Berber
Kuaför Yunus Güneş,+905324311021,Kuaför / Berber
Yıldızlar Erkek Kuaförü,+905445617273,Kuaför / Berber
Soner Erkek Kuaför,+905367612115,Kuaför / Berber
SALON ARAS,+905398289896,Kuaför / Berber
ERDEM KUAFOR,+905456620533,Kuaför / Berber
Hatip Saç Tasarım,+905535091776,Kuaför / Berber
Gençlik Erkek Kuaförü,+905352150270,Kuaför / Berber
Mete saç tasarım,+905531496511,Kuaför / Berber
Salon Kerem,+905526888412,Kuaför / Berber
Cesurlar Saç Tasarım Merkezi,+902126110938,Kuaför / Berber
Şeref Demirtaş Hair Design,+905380160846,Kuaför / Berber
Berber İbo,+905325749687,Kuaför / Berber
"FATİH EVİN Barber,s clup",+905413923456,Kuaför / Berber
Samet Aslan,+905366337094,Kuaför / Berber
Manolya Erkek Kuaförü,+905322425850,Kuaför / Berber
Emrah Erkek Kuaförü,+905348847970,Kuaför / Berber
EfeSaçTasarım Erkek kuaförü,+905436975557,Kuaför / Berber
Ozan saç tasarım,+905312082461,Kuaför / Berber
Xtrim erkek kuaförü,+905316728226,Kuaför / Berber
Ömür Erkek Kuaförü,+905398199403,Kuaför / Berber
Demir Kardeşler 1 Erkek Kuaförü,+905356065236,Kuaför / Berber
Formen Erkek Kuaförü,+905357074309,Kuaför / Berber
Kılıç Erkek Kuaförü,+905305241769,Kuaför / Berber
MURAT GÜRLEYEN ERKEK KUAFÖRÜ,+905350281485,Kuaför / Berber
Kardeşler Erkek Kuaförü,+905373799883,Kuaför / Berber
Gümüş Erkek kuaförü,+905415345279,Kuaför / Berber
Hair Salon AYHAN,+905469443802,Kuaför / Berber
Elit Makas Barber's Club,+905528873456,Kuaför / Berber
Şenol & Ali Kuaför Salonu,+905372877578,Kuaför / Berber
Eyüp Erkek Kuaförü,+905356883557,Kuaför / Berber
Salon Eyüp,+905313420872,Kuaför / Berber
Kuaför Munzur,+905070200362,Kuaför / Berber
The Cut Lab,+905455449434,Kuaför / Berber
Dost erkek Kuaförü,+905302003465,Kuaför / Berber
Kuaförüm Ahmet,+905387214324,Kuaför / Berber
Renk Erkek Kuaförü,+905376212347,Kuaför / Berber
Halit Erkek Kuaförü,+905344430034,Kuaför / Berber
DİKMEN ERKEK KUAFÖRÜ,+905374830557,Kuaför / Berber
Ses Erkek Kuaförü,+905428063452,Kuaför / Berber
Prime Hair protez saç & Erkek Kuaförü,+905337851395,Kuaför / Berber
Halis Erkek Kuaför,+902126113277,Kuaför / Berber
Lider Erkek Kuaförü,+905304965212,Kuaför / Berber
Best of Erkek Kuaförü,+905308229523,Kuaför / Berber
Kardelen Erkek Kuaförü,+905432725772,Kuaför / Berber
Onur Erkek Kuaförü,+905467226072,Kuaför / Berber
Golden Shears Erkek Kuaförü,+905457181453,Kuaför / Berber
Huzur Erkek Kuaförü,+905327071435,Kuaför / Berber
YUNUS ERKEK KUAFÖRÜ,+905354557563,Kuaför / Berber
Musti Erkek Kuaförü.,+905432204560,Kuaför / Berber
Akkaya Erkek Kuaförü,+905382205872,Kuaför / Berber
Kardeşler Erkek Kuaförü,+905432168121,Kuaför / Berber
M.Moda Erkek Kuaförü,+905372052231,Kuaför / Berber
Estezen Güzellik Merkezi & Solaryum,+905345405452,Güzellik Salonu
İğneli Epilasyon Merkezi By Hande Saka,+905543846006,Güzellik Salonu
ALEN LUXE GÜZELLİK & KUAFÖR SALONU,+905411384377,Güzellik Salonu
venüsplusbayankuaforü,+905340190910,Güzellik Salonu
Svadba Gölet,+905465776530,Kuaför / Berber
ÜÇEL DİLAŞ ( Hilal-Erhan),+905333442670,Kuaför / Berber
Üçel dilaş adem Baytimur,+905374468841,Kuaför / Berber
Kuaför Leyla Özdemir,+905526903438,Kuaför / Berber
Esenler Düğün Salonu,+902125089239,Kuaför / Berber
Fatma Sevildi Modaevi - Tesettür Gelinlik ve Kınalık,+905469270621,Diğer (Sağlık & Bakım)
Gamze Hairdesign,+905411238256,Kuaför / Berber
Fatime Kuaför,+905367625818,Kuaför / Berber
Nurhan Kılıçlı Türban Tasarımı Ve Gelinbaşı Dizayn,+905533078721,Güzellik Salonu
FATMA YILMAZ GÜZELLİK VE BAKIM,+905541666956,Güzellik Salonu
ZEHRA GÜLEÇ BEAUTY VIP,+905414373243,Güzellik Salonu
sabesgüzelliksalonu,+905332737204,Güzellik Salonu
Cold Arc Pen,+905050762154,Güzellik Salonu
SALON AYLA,+908503047338,Kuaför / Berber
Hair Legall,+905514837540,Kuaför / Berber
Kuaför Adem,+905443978721,Kuaför / Berber
Salon Yunus,+905350203728,Kuaför / Berber
Hhh,+905439515505,Kuaför / Berber
Salon Model-İst Doğan İle Olcay.,+905315453807,Kuaför / Berber
Salon Burak,+905382595947,Kuaför / Berber
Adem henek,+905356038677,Kuaför / Berber
Go Fit Fitness,+902126113739,Kuaför / Berber
R’ASİL Hairdresser’S CLUB,+905530595453,Kuaför / Berber
SALON GÜMÜŞ MAKAS,+905399780210,Kuaför / Berber
Beyazid SÖKMEZ. KUAFÖRU,+905333003043,Kuaför / Berber
Esenler Kültür Merkezi,+905332583400,Kuaför / Berber
Sevim Ütü Makinalari San. Ve Tic. Yedek Parça Aksesuar,+905415581474,Kuaför / Berber
Nemtaş Düğün Sarayı,+905327340148,Kuaför / Berber
GÜL DÜĞÜN DAVET ESENLER,+905053606060,Kuaför / Berber
Kervan 2 Düğün Salonu,+902126468818,Kuaför / Berber
Rabia Meriç Saç & Kaş Tasarım,+902126112838,Güzellik Salonu
SAÇ SANAT KUAFÖR,+905527500306,Kuaför / Berber
Kuka Nail Studio,+905461161161,Güzellik Salonu
Nigalrın makyaj diyarı,+905336115812,Güzellik Salonu
YAĞMUR SAÇTASARIM,+905520206844,Kuaför / Berber
Saç Tasarım Meftun,+905362830937,Kuaför / Berber
Burcu Saç Tasarım,+902124345872,Kuaför / Berber
Salon Gift Bay & Bayan Saç Tasarım,+905530866474,Kuaför / Berber
Katre Saç Tasarım,+905355718027,Kuaför / Berber
Rkol Saç Tasarim,+902124626362,Kuaför / Berber
Lucky Saç Tasarım,+902128909441,Kuaför / Berber
DİLAMED BAĞCILAR (Türban ve Saç Tasarım - Makeup Studio),+905312336174,Güzellik Salonu
Günay saç tasarım merkezi,+905323603530,Kuaför / Berber
Emrah Yıldız Hair Design,+905322060510,Kuaför / Berber
Savaş saç tasarım,+905358602629,Kuaför / Berber
Prenses Saç ve Türban Tasarımı,+902126340595,Kuaför / Berber
BARBER CLUB,+905558309905,Kuaför / Berber
Özgür Kurt Hair Design,+905549478011,Kuaför / Berber
Istanbul Beauty Centre,+905349569048,Güzellik Salonu
Burhan & Yağmur Beauty Salon,+905491443455,Güzellik Salonu
Ahmet Bilem Beauty,+905442620403,Güzellik Salonu
Emis Beauty,+905515106158,Güzellik Salonu
Ness Beauty,+905386051400,Güzellik Salonu
Dilek Demir Beauty,+905386379413,Güzellik Salonu
Çağla yüksel beauty,+905303101209,Güzellik Salonu
Gizem Beauty Palace,+905327041784,Güzellik Salonu
MAG BEAUTY,+905535308644,Güzellik Salonu
Aisha Beauty Space,+902125900290,Güzellik Salonu
MONROE BEAUTY CENTER,+905527533420,Güzellik Salonu
Demet Taşkala Beauty Palace,+905432937690,Güzellik Salonu
Gül Nailart Beauty,+905465671349,Güzellik Salonu
DENİZ GÜZELLİK BEAUTY CENTUR,+905383687899,Güzellik Salonu
Gamze Bakar Beauty,+905323876565,Güzellik Salonu
Gönül Çakmak Beauty Güneşli Güzellik Merkezi,+905389290599,Güzellik Salonu
MERYEM BAYAN KUAFÖRÜ GÜZELLİK SALONU,+905074202275,Güzellik Salonu
T&D COIFFURE MAN WOMAN,+902128900306,Kuaför / Berber
Mavi Köşe Kuaför,+905352291285,Kuaför / Berber
Merkez kuaför,+905348845354,Kuaför / Berber
Hnclifeuyeol,+905442870500,Güzellik Salonu
Çiftlik Moda Bayan Kuaförü,+905339221018,Güzellik Salonu
Dilek Özbek Bayan Kuaför Salonu,+905352395759,Kuaför / Berber
Elegance bayan kuaförü,+905411661604,Kuaför / Berber
Nurcan Bayan Kuaförü,+902126300135,Kuaför / Berber
Yasmin Bayan Kuaförü,+905304628290,Kuaför / Berber
Edanur Bayan Kuaförü,+905010278477,Güzellik Salonu
Trendy Bayan Kuaförü,+902124367417,Kuaför / Berber
Diva Bayan Kuaförü,+902124612004,Kuaför / Berber
Dore Bayan Kuaförü Dilek Tan,+905317029445,Kuaför / Berber
Pınar Bayan Kuaförü,+905377639183,Kuaför / Berber
ONUR ARAS BAYAN KUAFÖRÜ,+905424030536,Kuaför / Berber
Canan Bayan Kuaförü,+905304261665,Kuaför / Berber
Arzu Bayan Kuaförü,+905520333740,Kuaför / Berber
Lounge Paris Bayan Kuaförü,+902124364412,Kuaför / Berber
Şafak Bayan Kuaför,+902124350038,Kuaför / Berber
Hülya bayan kuaförü,+905388689866,Kuaför / Berber
Nazar Bayan Kuaförü,+905337760082,Kuaför / Berber
Ulaş Bayan Kuaförü,+902125154144,Kuaför / Berber
Salon Barış & Bayan Kuaförü,+905395968222,Kuaför / Berber
Altinmakas Bayan Kuaförü,+905352654933,Kuaför / Berber
St3 Bayan Kuaförü Kaynak Merkezi,+902124622327,Kuaför / Berber
Nilgün Bayan Kuaförü,+902126512672,Kuaför / Berber
Birgül Bayan Kuaförü,+905453839816,Kuaför / Berber
Selma Bulut Hair Design,+905316580034,Kuaför / Berber
Erkan Erkek Kuaförü,+905387305879,Kuaför / Berber
Berber Han Erkek Kuaför,+905061064427,Kuaför / Berber
Saloon by REMZİ,+905355992048,Kuaför / Berber
SALON ON ÜÇ,+905533582936,Kuaför / Berber
Kızıl Sakal Erkek Kuaförü,+905306063437,Kuaför / Berber
Salon TEKİN BROTHERS,+905373254502,Kuaför / Berber
Fatih Erkek Kuaförü,+905455382323,Kuaför / Berber
Rıfat&faruk,+905444023769,Kuaför / Berber
Davut & Ziya Erkek Kuaförü,+905307251072,Kuaför / Berber
By Serçe Erkek Kuaförü,+905392660709,Kuaför / Berber
Keskin Erkek Kuaförü,+905324758052,Kuaför / Berber
Saloon Vaveyla,+905365995637,Kuaför / Berber
Erkek Kuaförü Sinan & Kenan,+905352957380,Kuaför / Berber
Erol Erkek Kuaför Salonu,+905336359911,Kuaför / Berber
Gül Erkek Kuaförü,+905446433457,Kuaför / Berber
Yasin Yaman Hair Artist,+905370139605,Güzellik Salonu
Arda erkek kuaförü,+905377362317,Kuaför / Berber
Barber Shop YAVUZ HAKAN,+905459253984,Kuaför / Berber
Bağlar Berber,+905326335999,Kuaför / Berber
Berberim Mustafa,+905373752420,Kuaför / Berber
Barber Shop Start Scisssors,+905060580349,Kuaför / Berber
Enes Demirkol Hair Design Erkek Kuaförü,+902126347578,Kuaför / Berber
SAMET DİNÇ HAİR ARTİST,+905059441858,Kuaför / Berber
BERBER C&F,+905318311967,Kuaför / Berber
Barber Shop Muhammet Emin Erkek Kuaförü,+905348929054,Kuaför / Berber
Barber Mustafa Cemiloğlu,+905537740557,Kuaför / Berber
Aliş Barber,+905378376923,Kuaför / Berber
Yıldız Erkek Kuaförü,+905452591314,Kuaför / Berber
Kadir Elçi Berber Salonu,+905443438369,Kuaför / Berber
Yasin erkek kuaförü,+905536891672,Kuaför / Berber
KUTLUHAN AYAR HAİR ARTİST,+905375405437,Kuaför / Berber
Hair Show Bülent Erkek Kuaförü,+905374278736,Kuaför / Berber
Salon Eyüp,+905354209538,Kuaför / Berber
Berber Life,+905336874376,Kuaför / Berber
Berber Emre,+905383146127,Kuaför / Berber
Salon Hamit Hair Designer,+905377706515,Kuaför / Berber
BARBERSHOP HASAN GÜRSÖZ,+905358325627,Kuaför / Berber
Barber Sezer,+905369502853,Kuaför / Berber
Brothers Kuaför,+905330387658,Kuaför / Berber
Salon Genç Erkek Kuaförü,+905352543403,Kuaför / Berber
Dor Erkek Kuaförü,+905363795347,Kuaför / Berber
MEG Barber Shop,+905455349000,Kuaför / Berber
SALON VOLKAN SERDAR,+905368450969,Kuaför / Berber
NS Güneşli Berber Salonu,+905468456845,Kuaför / Berber
Çaldağ Erkek Kuaförü,+905359520383,Kuaför / Berber
Cadde Erkek Kuaförü,+905342054790,Kuaför / Berber
HAİR GANG BERBER,+905343035121,Kuaför / Berber
Musa Kavak Hair Designer,+905377873402,Kuaför / Berber
Eren Çınar Kuaför,+905374216569,Kuaför / Berber
Hair Luxera,+905319572727,Kuaför / Berber
Rıfat Berber Shop,+905370302473,Kuaför / Berber
SALON BULUT ERKEK KUAFÖRÜ,+905544429260,Kuaför / Berber
Özkan Erkek Kuaforu,+905365157075,Kuaför / Berber
Savaş Erkek Kuaförü,+905384146359,Kuaför / Berber
Onurcan Erkek Kuaförü,+905323853845,Kuaför / Berber
Kismet Berber,+905352225701,Kuaför / Berber
Sinan Erkek Kuaförü,+905383735532,Kuaför / Berber
ISIK KUAFOR,+905309308869,Kuaför / Berber
Hax's Erkek Kuaförü,+905397292818,Kuaför / Berber
Aksu Kuaför,+902126296481,Kuaför / Berber
Titiz Erkek Kuaförü,+905356063102,Kuaför / Berber
Ensber Erkek Kuaförü,+905413900735,Kuaför / Berber
Osman Erkek Kuaförü,+905387311336,Kuaför / Berber
Temel Erkek Kuaförü,+905365206036,Kuaför / Berber
Tan Erkek Kuaförü,+905416008988,Kuaför / Berber
Geylani Erkek Kuaförü,+902126295021,Kuaför / Berber
Işık Erkek Kuaforü,+905362282938,Kuaför / Berber
Efor 2 Erkek Kuaförü,+905374122341,Kuaför / Berber
Salon Kariyer Erkek Kuaförü,+905534257481,Kuaför / Berber
By Makkas Erkek Kuaförü,+902126593434,Kuaför / Berber
Emre Erkek Kuaför Salonu,+905336381897,Kuaför / Berber
Ahmet Erkek Kuaförü,+905323933982,Kuaför / Berber
Şeref Erkek Kuaförü,+905353476875,Kuaför / Berber
KARDELEN ERKEK KUAFÖRÜ,+905557645746,Kuaför / Berber
3 ADAM ERKEK KUAFÖRÜ,+905469771773,Kuaför / Berber
Star Erkek Kuaförü,+905446418274,Kuaför / Berber
Moda Erkek Kuaförü,+905415732828,Kuaför / Berber
Ferdi Baba Erkek Kuaförü,+905467432430,Kuaför / Berber
My Erkek Kuaförü,+905547602249,Kuaför / Berber
Şencan Erkek Kuaförü,+905357187913,Kuaför / Berber
İcon erkek kuaförü,+905319972895,Kuaför / Berber
Bağcılar Erkek Lazer Epilasyon,+905013680112,Güzellik Salonu
Erkek Epilasyon Bağcılar,+905364686703,Güzellik Salonu
Elit Derma Clinic 2,+905323026980,Güzellik Salonu
Hacamat ve Buz lazer Epilasyon Bayan,+905300934734,Güzellik Salonu
Nuray Atay Luxury Beauty,+905405344034,Güzellik Salonu
RheaDerm Güzellik,+902126343432,Güzellik Salonu
Grandboss güzellik ve kuaför salonu,+905336817490,Güzellik Salonu
ŞEYMA KARA BEAUTY,+905330867914,Güzellik Salonu
Madame Rose Vip Beauty,+905056225452,Güzellik Salonu
Nilüfer Güzellik,+905054388977,Güzellik Salonu
YASEMİN PALA KUAFÖR & GÜZELLİK SALONU,+902124295350,Güzellik Salonu
İrem Balık Güzellik,+905414922102,Güzellik Salonu
newmoon beauty,+905526336622,Güzellik Salonu
Naturiz güzellik,+905300975462,Güzellik Salonu
zozan duman beauty,+905340583605,Güzellik Salonu
Zeynep Erçek Güzellik,+905073875597,Güzellik Salonu
M&N Lavin Beauty,+905305403450,Güzellik Salonu
